query_date	before_date	subreddit	submission_author	submission_frequency
03-May-2023	10d	amazonprime	[deleted]	5
03-May-2023	10d	amazonprime	moonbeam127	5
03-May-2023	10d	amazonprime	2Adude	4
03-May-2023	10d	amazonprime	Helpful_Maize1308	4
03-May-2023	10d	amazonprime	Dirtyfactz	4
03-May-2023	10d	amazonprime	Futants_	3
03-May-2023	10d	amazonprime	RomanRoyIsSlimy	3
03-May-2023	10d	amazonprime	MiserableAd7331	3
03-May-2023	10d	amazonprime	Mud_666	3
03-May-2023	10d	amazonprime	detroit_muslim_man_	3
03-May-2023	10d	amazonprime	Anik997	3
03-May-2023	10d	amazonprime	knowthis22	3
03-May-2023	10d	amazonprime	MrsSmiles09	3
03-May-2023	10d	amazonprime	ShipOfOaths	3
03-May-2023	10d	amazonprime	Chart_Legitimate	2
03-May-2023	10d	amazonprime	I-Am_9	2
03-May-2023	10d	amazonprime	Routine-Chemical-981	2
03-May-2023	10d	amazonprime	redditgirlwz	2
03-May-2023	10d	amazonprime	nosleepbrooklynn	2
03-May-2023	10d	amazonprime	danielkotkk	2
03-May-2023	10d	amazonprime	tserv95	2
03-May-2023	10d	amazonprime	Both-Complaint-2536	2
03-May-2023	10d	amazonprime	Alkohal	2
03-May-2023	10d	amazonprime	katehenry4133	2
03-May-2023	10d	amazonprime	JustADesignerDogToy	2
03-May-2023	10d	amazonprime	akool_technology	2
03-May-2023	10d	amazonprime	xncee	2
03-May-2023	10d	amazonprime	Brief_Perception_774	2
03-May-2023	10d	amazonprime	RandomName0413	2
03-May-2023	10d	amazonprime	OnePiglet3249	2
03-May-2023	10d	amazonprime	New-Analysis8054	2
03-May-2023	10d	amazonprime	elcigala20	2
03-May-2023	10d	amazonprime	bobyoung132	2
03-May-2023	10d	amazonprime	norse_torious	2
03-May-2023	10d	amazonprime	Makeupaholicx	2
03-May-2023	10d	amazonprime	Nickvetitoe	2
03-May-2023	10d	amazonprime	louislamore	2
03-May-2023	10d	amazonprime	Sadosamko	2
03-May-2023	10d	amazonprime	gwbraa	2
03-May-2023	10d	amazonprime	johnnyZebra10	2
03-May-2023	10d	amazonprime	BreakfastAgreeable89	2
03-May-2023	10d	amazonprime	nervouslaughterhehe	2
03-May-2023	10d	amazonprime	rabidcoyote345	2
03-May-2023	10d	amazonprime	ibzcnote604	2
03-May-2023	10d	amazonprime	zealousmajor	2
03-May-2023	10d	amazonprime	Ok_Homies_2	2
03-May-2023	10d	amazonprime	Ajdatrizziest	2
03-May-2023	10d	amazonprime	Working_Incident_877	2
03-May-2023	10d	amazonprime	axionic	2
03-May-2023	10d	amazonprime	scrapqueen	2
03-May-2023	10d	amazonprime	VauIt-Tec	2
03-May-2023	10d	amazonprime	deejayv2	2
03-May-2023	10d	amazonprime	b1ackm1st	2
03-May-2023	10d	amazonprime	cabinet_door	2
03-May-2023	10d	amazonprime	mrminutehand	2
03-May-2023	10d	amazonprime	innoswimmer	2
03-May-2023	10d	amazonprime	No-Beach-9981	2
03-May-2023	10d	amazonprime	CakeInTheOcean	1
03-May-2023	10d	amazonprime	roberta_sparrow	1
03-May-2023	10d	amazonprime	invalidatedparking	1
03-May-2023	10d	amazonprime	HellElectricChair	1
03-May-2023	10d	amazonprime	luanaut	1
03-May-2023	10d	amazonprime	VegetableCar9249	1
03-May-2023	10d	amazonprime	katunder-o	1
03-May-2023	10d	amazonprime	drm200	1
03-May-2023	10d	amazonprime	jessfinn6900	1
03-May-2023	10d	amazonprime	charredkale	1
03-May-2023	10d	amazonprime	soclearnow	1
03-May-2023	10d	amazonprime	BrockPlaysFortniteYT	1
03-May-2023	10d	amazonprime	greenyellowbook	1
03-May-2023	10d	amazonprime	BlueberryNo5849	1
03-May-2023	10d	amazonprime	paganinipanini	1
03-May-2023	10d	amazonprime	throwaway424144424	1
03-May-2023	10d	amazonprime	Some_Canadian_Man	1
03-May-2023	10d	amazonprime	rchauhan125	1
03-May-2023	10d	amazonprime	Former-Objective7928	1
03-May-2023	10d	amazonprime	peachringz_	1
03-May-2023	10d	amazonprime	knowy74	1
03-May-2023	10d	amazonprime	r4x	1
03-May-2023	10d	amazonprime	Dhorlin	1
03-May-2023	10d	amazonprime	Imstillalive133	1
03-May-2023	10d	amazonprime	101955Bennu	1
03-May-2023	10d	amazonprime	stopher819	1
03-May-2023	10d	amazonprime	imuglyassin	1
03-May-2023	10d	amazonprime	StunningAd8358	1
03-May-2023	10d	amazonprime	Mayonnaiseistakensad	1
03-May-2023	10d	amazonprime	Genesee420	1
03-May-2023	10d	amazonprime	PublicMacaron4082	1
03-May-2023	10d	amazonprime	Shinra_Luca	1
03-May-2023	10d	amazonprime	MaddCricket	1
03-May-2023	10d	amazonprime	Klutzy-Love-25	1
03-May-2023	10d	amazonprime	tintumonu21	1
03-May-2023	10d	amazonprime	greenappletree	1
03-May-2023	10d	amazonprime	foefas	1
03-May-2023	10d	amazonprime	FreshBuy572	1
03-May-2023	10d	amazonprime	sad_life_of_a_wibu	1
03-May-2023	10d	amazonprime	dryheat122	1
03-May-2023	10d	amazonprime	Capital-Risk5676	1
03-May-2023	10d	amazonprime	PeeB4uGoToBed	1
03-May-2023	10d	amazonprime	Antique-Peach6	1
03-May-2023	10d	amazonprime	getsharked2020	1
03-May-2023	10d	amazonprime	potatoeangrysac	1
03-May-2023	10d	amazonprime	ElectricOyster	1
03-May-2023	10d	amazonprime	bluewings18	1
03-May-2023	10d	amazonprime	dylanrcoyle	1
03-May-2023	10d	amazonprime	Karnakite	1
03-May-2023	10d	amazonprime	BankerCheese	1
03-May-2023	10d	amazonprime	Guccimama1000	1
03-May-2023	10d	amazonprime	RevolutionaryDate829	1
03-May-2023	10d	amazonprime	Meliflu0us_	1
03-May-2023	10d	amazonprime	greenteaandbook	1
03-May-2023	10d	amazonprime	LivingDrive4134	1
03-May-2023	10d	amazonprime	Accomplished_Yard628	1
03-May-2023	10d	amazonprime	EarlOfCockwood	1
03-May-2023	10d	amazonprime	Shelld3r	1
03-May-2023	10d	amazonprime	burialchamber	1
03-May-2023	10d	amazonprime	StormsAndSaints01	1
03-May-2023	10d	amazonprime	erikknovak	1
03-May-2023	10d	amazonprime	newtonn420	1
03-May-2023	10d	amazonprime	Nomar116	1
03-May-2023	10d	amazonprime	Surfer949	1
03-May-2023	10d	amazonprime	crisly02	1
03-May-2023	10d	amazonprime	twotubes	1
03-May-2023	10d	amazonprime	brianddk	1
03-May-2023	10d	amazonprime	Spicymimi42	1
03-May-2023	10d	amazonprime	wearealldoomed69	1
03-May-2023	10d	amazonprime	Typical-Barracuda948	1
03-May-2023	10d	amazonprime	dogeputt	1
03-May-2023	10d	amazonprime	itzyampy	1
03-May-2023	10d	amazonprime	HowitzerZak	1
03-May-2023	10d	amazonprime	iplayonreddit	1
03-May-2023	10d	amazonprime	justiyad	1
03-May-2023	10d	amazonprime	aarav_21	1
03-May-2023	10d	amazonprime	TheZipperDragon	1
03-May-2023	10d	amazonprime	The_Crab_Maestro	1
03-May-2023	10d	amazonprime	Sufficient-Formal292	1
03-May-2023	10d	amazonprime	justhere2getadvice92	1
03-May-2023	10d	amazonprime	darksylveon0	1
03-May-2023	10d	amazonprime	DiligentLibra	1
03-May-2023	10d	amazonprime	ShaneE11183386	1
03-May-2023	10d	amazonprime	sapnapsmain	1
03-May-2023	10d	amazonprime	anxiousdreamer333	1
03-May-2023	10d	amazonprime	Star13104	1
03-May-2023	10d	amazonprime	spiderpuzzle	1
03-May-2023	10d	amazonprime	Lamar_Cooper	1
03-May-2023	10d	amazonprime	1zvx	1
03-May-2023	10d	amazonprime	akzj	1
03-May-2023	10d	amazonprime	Pagan_Owl	1
03-May-2023	10d	amazonprime	CutDapper985	1
03-May-2023	10d	amazonprime	dino568	1
03-May-2023	10d	amazonprime	itsfineimfinee	1
03-May-2023	10d	amazonprime	Routine_Ad6477	1
03-May-2023	10d	amazonprime	9mmNATO	1
03-May-2023	10d	amazonprime	neverfailstodeliver	1
03-May-2023	10d	amazonprime	Special-Resolve-7667	1
03-May-2023	10d	amazonprime	daniramm	1
03-May-2023	10d	amazonprime	TheGermanMarshal	1
03-May-2023	10d	amazonprime	sorryformyquestion	1
03-May-2023	10d	amazonprime	Automatic-Juice8451	1
03-May-2023	10d	amazonprime	NashNobley	1
03-May-2023	10d	amazonprime	brighterblue	1
03-May-2023	10d	amazonprime	AnacharsisIV	1
03-May-2023	10d	amazonprime	Tesseract_512	1
03-May-2023	10d	amazonprime	Hwiggins05	1
03-May-2023	10d	amazonprime	Just_Low_1294	1
03-May-2023	10d	amazonprime	BadWulfGamer	1
03-May-2023	10d	amazonprime	Regal_Begal_100	1
03-May-2023	10d	amazonprime	Alex_Biega	1
03-May-2023	10d	amazonprime	flipped__	1
03-May-2023	10d	amazonprime	erin214	1
03-May-2023	10d	amazonprime	Lauty_6	1
03-May-2023	10d	amazonprime	reddit12jo	1
03-May-2023	10d	amazonprime	forceget	1
03-May-2023	10d	amazonprime	albussyburgers65	1
03-May-2023	10d	amazonprime	SaturnMoloch	1
03-May-2023	10d	amazonprime	StellaKreuz	1
03-May-2023	10d	amazonprime	FluidQuarter9269	1
03-May-2023	10d	amazonprime	stickysamosa	1
03-May-2023	10d	amazonprime	Rude_Willingness5088	1
03-May-2023	10d	amazonprime	OleRoy2023	1
03-May-2023	10d	amazonprime	doguer26	1
03-May-2023	10d	amazonprime	DreamAlice	1
03-May-2023	10d	amazonprime	LucyMor	1
03-May-2023	10d	amazonprime	ChevChance	1
03-May-2023	10d	amazonprime	snapandrew	1
03-May-2023	10d	amazonprime	All_Hale_sqwidward	1
03-May-2023	10d	amazonprime	mkdota	1
03-May-2023	10d	amazonprime	Rdguillen23	1
03-May-2023	10d	amazonprime	noneintherub	1
03-May-2023	10d	amazonprime	Siigari	1
03-May-2023	10d	amazonprime	antwonlevee	1
03-May-2023	10d	amazonprime	SourceAwkward	1
03-May-2023	10d	amazonprime	TheNotBlindman	1
03-May-2023	10d	amazonprime	redvariation	1
03-May-2023	10d	amazonprime	MrRakso	1
03-May-2023	10d	amazonprime	NinoZachetti	1
03-May-2023	10d	amazonprime	FluffyBwear	1
03-May-2023	10d	amazonprime	KoexD	1
03-May-2023	10d	amazonprime	CMic_	1
03-May-2023	10d	amazonprime	Mundane_Woodpecker33	1
03-May-2023	10d	amazonprime	IronFlight7	1
03-May-2023	10d	amazonprime	Bill_r_i	1
03-May-2023	10d	amazonprime	howisaraven	1
03-May-2023	10d	amazonprime	photoman02122	1
03-May-2023	10d	amazonprime	mysweettoaster	1
03-May-2023	10d	amazonprime	FullMetalDegenerate	1
03-May-2023	10d	amazonprime	No_Ambassador_3249	1
03-May-2023	10d	amazonprime	wrestlingchampo	1
03-May-2023	10d	amazonprime	64-Savage	1
03-May-2023	10d	amazonprime	Squzzlebuttt	1
03-May-2023	10d	amazonprime	topographx	1
03-May-2023	10d	amazonprime	Previous-Iron-4165	1
03-May-2023	10d	amazonprime	marshmallowpenguiner	1
03-May-2023	10d	amazonprime	Bomberbob93	1
03-May-2023	10d	amazonprime	xrpreqmaximalist	1
03-May-2023	10d	amazonprime	toughtshunter	1
03-May-2023	10d	amazonprime	BlueWaterGirl	1
03-May-2023	10d	amazonprime	Cinderada	1
03-May-2023	10d	amazonprime	Most_Analysis4037	1
03-May-2023	10d	amazonprime	LightningTF2	1
03-May-2023	10d	amazonprime	vj2828	1
03-May-2023	10d	amazonprime	Chuusem	1
03-May-2023	10d	amazonprime	byeboieie	1
03-May-2023	10d	amazonprime	bkdlays	1
03-May-2023	10d	amazonprime	goodsnpr	1
03-May-2023	10d	amazonprime	kinovi	1
03-May-2023	10d	amazonprime	MammothAngle4970	1
03-May-2023	10d	amazonprime	TechnicalRow9892	1
03-May-2023	10d	amazonprime	Cantbearsedman	1
03-May-2023	10d	amazonprime	Kikketer	1
03-May-2023	10d	amazonprime	PitifulConsequence32	1
03-May-2023	10d	amazonprime	anxikitty	1
03-May-2023	10d	amazonprime	Narrow-Spend-4813	1
03-May-2023	10d	amazonprime	kaleygrrl	1
03-May-2023	10d	amazonprime	aleques-itj	1
03-May-2023	10d	amazonprime	BreadWaste3408	1
03-May-2023	10d	amazonprime	SignificantEchidna	1
03-May-2023	10d	amazonprime	skulderflexator	1
03-May-2023	10d	amazonprime	Aggravating_Egg_6149	1
03-May-2023	10d	amazonprime	Dexdxss_	1
03-May-2023	10d	amazonprime	EpicFuturist	1
03-May-2023	10d	amazonprime	Troyaferd	1
03-May-2023	10d	amazonprime	GiveawaysTodayHooray	1
03-May-2023	10d	amazonprime	TLSOK	1
03-May-2023	10d	amazonprime	Petit_Zapato	1
03-May-2023	10d	amazonprime	Leo1026	1
03-May-2023	10d	amazonprime	YahooAnswersDude	1
03-May-2023	10d	amazonprime	80sPimpNinja	1
03-May-2023	10d	amazonprime	Albard22	1
03-May-2023	10d	amazonprime	fightingirish46jw	1
03-May-2023	10d	amazonprime	Aquarterpastnope	1
03-May-2023	10d	amazonprime	copoboy2	1
03-May-2023	10d	amazonprime	thatautisticguy	1
03-May-2023	10d	amazonprime	Ill_Significance3019	1
03-May-2023	10d	amazonprime	chefbiney	1
03-May-2023	10d	amazonprime	ununonium119	1
03-May-2023	10d	amazonprime	Gigizulini	1
03-May-2023	10d	amazonprime	Error_Space	1
03-May-2023	10d	amazonprime	jpacks2021	1
03-May-2023	10d	amazonprime	heart2pure	1
03-May-2023	10d	amazonprime	AnyDrug	1
03-May-2023	10d	amazonprime	BootFit7606	1
03-May-2023	10d	amazonprime	Username-dumb75	1
03-May-2023	10d	amazonprime	NamaStephie	1
03-May-2023	10d	amazonprime	BowenoftheLore	1
03-May-2023	10d	amazonprime	oxrox88	1
03-May-2023	10d	amazonprime	oiiiprincess	1
03-May-2023	10d	amazonprime	neto333	1
03-May-2023	10d	amazonprime	jtbis	1
03-May-2023	10d	amazonprime	Virendra9	1
03-May-2023	10d	amazonprime	FlounderOk2133	1
03-May-2023	10d	amazonprime	SchonHen	1
03-May-2023	10d	amazonprime	QuirkyTourist1433	1
03-May-2023	10d	amazonprime	Lost-Level-9878	1
03-May-2023	10d	amazonprime	Fibro86	1
03-May-2023	10d	amazonprime	JJ_Koch	1
03-May-2023	10d	amazonprime	nicholas_g	1
03-May-2023	10d	amazonprime	ILove38hz	1
03-May-2023	10d	amazonprime	Glum_Award9379	1
03-May-2023	10d	amazonprime	RoseColoredGirl11	1
03-May-2023	10d	amazonprime	brasscup	1
03-May-2023	10d	amazonprime	cashforsignup	1
03-May-2023	10d	amazonprime	u_POS_fa9	1
03-May-2023	10d	amazonprime	washington_jefferson	1
03-May-2023	10d	amazonprime	InlineSkateAdventure	1
03-May-2023	10d	amazonprime	burnt_out_dev	1
03-May-2023	10d	amazonprime	imjustasking123	1
03-May-2023	10d	amazonprime	EdmundXXIII	1
03-May-2023	10d	amazonprime	cjp1873	1
03-May-2023	10d	amazonprime	Affectionate-Mess904	1
03-May-2023	10d	amazonprime	AgentPastrana	1
03-May-2023	10d	amazonprime	Apprehensive-Hat83	1
03-May-2023	10d	amazonprime	Barvrerice201	1
03-May-2023	10d	amazonprime	stefannnnnd	1
03-May-2023	10d	amazonprime	its_kiddos	1
03-May-2023	10d	amazonprime	Addislad	1
03-May-2023	10d	amazonprime	DreamMighty	1
03-May-2023	10d	amazonprime	Kitchen-Owl8952	1
03-May-2023	10d	amazonprime	bettymarilynsmith	1
03-May-2023	10d	amazonprime	cdelg17	1
03-May-2023	10d	amazonprime	BatFastardRedditor	1
03-May-2023	10d	amazonprime	joannew99	1
03-May-2023	10d	amazonprime	Certain-Drummer8454	1
03-May-2023	10d	amazonprime	MrLakeShow	1
03-May-2023	10d	amazonprime	Traditional-Let-9904	1
03-May-2023	10d	amazonprime	Bully_Maguire420	1
03-May-2023	10d	amazonprime	jackie999999	1
03-May-2023	10d	amazonprime	Just4gmers91	1
03-May-2023	10d	amazonprime	illigal_poptart	1
03-May-2023	10d	amazonprime	Efficient-Jacket7485	1
03-May-2023	10d	amazonprime	DJBR95	1
03-May-2023	10d	amazonprime	EmotionalPresent6880	1
03-May-2023	10d	amazonprime	6thDAY	1
03-May-2023	10d	amazonprime	skyvina	1
03-May-2023	10d	amazonprime	_loveisaplace	1
03-May-2023	10d	amazonprime	skimcpip	1
03-May-2023	10d	amazonprime	dairy666	1
03-May-2023	10d	amazonprime	Hopeful-Operation-38	1
03-May-2023	10d	amazonprime	CloudObjective2985	1
03-May-2023	10d	amazonprime	AKHwyJunkie	1
03-May-2023	10d	amazonprime	AppleSodaC	1
03-May-2023	10d	amazonprime	cugrad16	1
03-May-2023	10d	amazonprime	Blissfullbby	1
03-May-2023	10d	amazonprime	SaltySarcasm7	1
03-May-2023	10d	amazonprime	Inner_Storm_9754	1
03-May-2023	10d	amazonprime	vrnt7p	1
03-May-2023	10d	amazonprime	BokoblinSlayer69235	1
03-May-2023	10d	amazonprime	Nevvermind183	1
03-May-2023	10d	amazonprime	ArashiKageTaro	1
03-May-2023	10d	amazonprime	Pale_Job222	1
03-May-2023	10d	amazonprime	runlikehell20	1
03-May-2023	10d	amazonprime	SymerexTokyo	1
03-May-2023	10d	amazonprime	Habeebr4	1
03-May-2023	10d	amazonprime	RememberTheCoop	1
03-May-2023	10d	amazonprime	Odd_Sleep3990	1
03-May-2023	10d	amazonprime	alexlovesjiujitsu	1
03-May-2023	10d	amazonprime	Denny_Crane_007	1
03-May-2023	10d	amazonprime	batsofburden	1
03-May-2023	10d	amazonprime	NPRjunkieDC	1
03-May-2023	10d	amazonprime	0b4macare	1
03-May-2023	10d	amazonprime	Tandy__Miller	1
03-May-2023	10d	amazonprime	JonSnow_123	1
03-May-2023	10d	amazonprime	GaymerZane94	1
03-May-2023	10d	amazonprime	Puzzleheaded_You_689	1
03-May-2023	10d	amazonprime	Blurzerker	1
03-May-2023	10d	amazonprime	Master-Environment95	1
03-May-2023	10d	amazonprime	Moxley_56	1
03-May-2023	10d	amazonprime	Big-Message-3367	1
03-May-2023	10d	amazonprime	Wreckit-Jon	1
03-May-2023	10d	amazonprime	Loveveggiez	1
03-May-2023	10d	amazonprime	PinkRain87	1
03-May-2023	10d	amazonprime	Ok_Reaction_9773	1
03-May-2023	10d	amazonprime	CeratoGT	1
03-May-2023	10d	amazonprime	Serious-Host5073	1
03-May-2023	10d	amazonprime	bennett7569	1
03-May-2023	10d	amazonprime	The_Don_Papi	1
03-May-2023	10d	amazonprime	traker998	1
03-May-2023	10d	amazonprime	SphinxGames	1
03-May-2023	10d	amazonprime	lildunkydonut	1
03-May-2023	10d	amazonprime	adam_0506	1
03-May-2023	10d	amazonprime	Buttereatsalot	1
03-May-2023	10d	amazonprime	AZPuzzler	1
03-May-2023	10d	amazonprime	afrinbappy6163	1
03-May-2023	10d	amazonprime	Lazy-Sorbet-5999	1
03-May-2023	10d	amazonprime	Cryptoairdop	1
03-May-2023	10d	amazonprime	noinoiio	1
03-May-2023	10d	amazonprime	ST_Boi	1
03-May-2023	10d	amazonprime	PseudomugilLuminatus	1
03-May-2023	10d	amazonprime	102938023813	1
03-May-2023	10d	amazonprime	Matthvin	1
03-May-2023	10d	amazonprime	cupcuppi	1
03-May-2023	10d	amazonprime	PixelDixies	1
03-May-2023	10d	amazonprime	turls	1
03-May-2023	10d	amazonprime	pandaman1339	1
03-May-2023	10d	amazonprime	StebLoL	1
03-May-2023	10d	amazonprime	jabrane007	1
03-May-2023	10d	amazonprime	titsafun	1
03-May-2023	10d	amazonprime	Economy-Respect-7251	1
03-May-2023	10d	amazonprime	johnnycham	1
03-May-2023	10d	amazonprime	Many_Refrigerator684	1
03-May-2023	10d	amazonprime	Etharpee	1
03-May-2023	10d	amazonprime	IJustWorkHereBr0	1
03-May-2023	10d	amazonprime	wizardbby	1
03-May-2023	10d	amazonprime	JennJayBee	1
03-May-2023	10d	amazonprime	samaxe1000	1
03-May-2023	10d	amazonprime	mourning_wood_again	1
03-May-2023	10d	amazonprime	frooburst	1
03-May-2023	10d	amazonprime	TheBeastGamer2507	1
03-May-2023	10d	amazonprime	Unknown_Samurai	1
03-May-2023	10d	amazonprime	WhnOctopiMrgeWithTek	1
03-May-2023	10d	amazonprime	kmhahaha	1
03-May-2023	10d	amazonprime	Lake_Serperior	1
03-May-2023	10d	amazonprime	TurnoverAdmirable632	1
03-May-2023	10d	amazonprime	Vic024	1
03-May-2023	10d	amazonprime	misterrpg	1
03-May-2023	10d	amazonprime	Grabnasty830	1
03-May-2023	10d	amazonprime	TypicalAsian0	1
03-May-2023	10d	amazonprime	KatMagic1977	1
03-May-2023	10d	amazonprime	ShakeItUpNow	1
03-May-2023	10d	amazonprime	CatCat2420	1
03-May-2023	10d	amazonprime	Background_Value9869	1
03-May-2023	10d	amazonprime	HelloSup211	1
03-May-2023	10d	amazonprime	thesurfer_s	1
03-May-2023	10d	amazonprime	Corny-dellife9	1
03-May-2023	10d	amazonprime	serinde_miriel	1
03-May-2023	10d	amazonprime	EmperessOfChaos	1
03-May-2023	10d	amazonprime	ILoveMyPrivacy2023	1
03-May-2023	10d	amazonprime	thesoundsatnight	1
03-May-2023	10d	amazonprime	ILOPPAAIII	1
03-May-2023	10d	amazonprime	FutureHendrixBetter	1
03-May-2023	10d	amazonprime	Exotic_Potential1034	1
03-May-2023	10d	amazonprime	Mylifeisweirdally	1
03-May-2023	10d	amazonprime	Weak-Conclusion475	1
03-May-2023	10d	amazonprime	mennydream	1
03-May-2023	10d	amazonprime	IxionX	1
03-May-2023	10d	amazonprime	everydayforasummer	1
03-May-2023	10d	amazonprime	BankaiShunko	1
03-May-2023	10d	amazonprime	Propdet	1
03-May-2023	10d	amazonprime	BuyAmsoilWholesale	1
03-May-2023	10d	amazonprime	Mindless_Ad_3389	1
03-May-2023	10d	amazonprime	Evening_Secretary191	1
03-May-2023	10d	amazonprime	gwen5102	1
03-May-2023	10d	amazonprime	Mysterious-Resist-56	1
03-May-2023	10d	amazonprime	Sufficient-Bug-9112	1
03-May-2023	10d	amazonprime	Snoozeberry91	1
03-May-2023	10d	amazonprime	kakanunalove	1
03-May-2023	10d	amazonprime	QuantizeCrystallize	1
03-May-2023	10d	amazonprime	knapsackMax	1
03-May-2023	10d	amazonprime	ooohhhwhatchasay	1
03-May-2023	10d	amazonprime	nationkook	1
03-May-2023	10d	amazonprime	flphotog35	1
03-May-2023	10d	amazonprime	GreyNeighbor	1
03-May-2023	10d	amazonprime	Kooky_Glass2995	1
03-May-2023	10d	amazonprime	DoAnythingDan	1
03-May-2023	10d	amazonprime	tktrugby	1
03-May-2023	10d	amazonprime	TruthLifts	1
03-May-2023	10d	amazonprime	serotoninstrawb	1
03-May-2023	10d	amazonprime	HungryTelevision2218	1
03-May-2023	10d	amazonprime	Mr_piggywiggy	1
03-May-2023	10d	amazonprime	whizewhan	1
03-May-2023	10d	amazonprime	AceDenied	1
03-May-2023	10d	amazonprime	jumanjidice	1
03-May-2023	10d	amazonprime	DesignerArmy9495	1
03-May-2023	10d	amazonprime	TheNinjaDC	1
03-May-2023	10d	amazonprime	GibbyDat	1
03-May-2023	10d	amazonprime	Mateatrending90	1
03-May-2023	10d	amazonprime	Ancient-Agency	1
03-May-2023	10d	amazonprime	Kooky-Topic-6879	1
03-May-2023	10d	amazonprime	Loud_Obligation4025	1
03-May-2023	10d	amazonprime	LudwigVan17	1
03-May-2023	10d	amazonprime	kunamyPT	1
03-May-2023	10d	amazonprime	Devid9073	1
03-May-2023	10d	amazonprime	zoraMNR	1
03-May-2023	10d	amazonprime	Csr2000	1
03-May-2023	10d	amazonprime	FrontPorchSittin	1
03-May-2023	10d	amazonprime	TiMELeSS526	1
03-May-2023	10d	amazonprime	hichaam2	1
03-May-2023	10d	amazonprime	luxurynerd	1
03-May-2023	10d	amazonprime	Guillaumerocherone	1
03-May-2023	10d	amazonprime	Zaph_42	1
03-May-2023	10d	amazonprime	yhankhee	1
03-May-2023	10d	amazonprime	Wipeout237	1
03-May-2023	10d	amazonprime	Witn	1
03-May-2023	10d	amazonprime	No_Club_1200	1
03-May-2023	10d	amazonprime	Crowtonseller	1
03-May-2023	10d	amazonprime	caymenpope	1
03-May-2023	10d	amazonprime	LarsAnderson420	1
03-May-2023	10d	amazonprime	Mediocre-Wasabi-314	1
03-May-2023	10d	amazonprime	Hour-Environment4087	1
03-May-2023	10d	amazonprime	Darkzed1	1
03-May-2023	10d	amazonprime	Aggravating_Bet1026	1
03-May-2023	10d	amazonprime	Sensitive_Current_44	1
03-May-2023	10d	amazonprime	Wonderland-Fairy234	1
03-May-2023	10d	amazonprime	twojs1b	1
03-May-2023	10d	amazonprime	IndividualTear7777	1
03-May-2023	10d	amazonprime	No_Manufacturer_6825	1
03-May-2023	10d	amazonprime	Sad_Mind306	1
03-May-2023	10d	amazonprime	Xenocideghost	1
03-May-2023	10d	amazonprime	Calm_Pressure1378	1
03-May-2023	10d	amazonprime	Leojiin	1
03-May-2023	10d	amazonprime	SendPuppyNoodz	1
03-May-2023	10d	amazonprime	isaak1290	1
03-May-2023	10d	amazonprime	Simple-Ninja-8372	1
03-May-2023	10d	amazonprime	THR3EF1RSTNAMES	1
03-May-2023	10d	amazonprime	AmazonUnited	1
03-May-2023	10d	amazonprime	apricotkilla	1
03-May-2023	10d	amazonprime	AveFish	1
03-May-2023	10d	amazonprime	rusinov_	1
03-May-2023	10d	amazonprime	Le_Epic_GodGamer	1
03-May-2023	10d	amazonprime	JuanThicc24v2	1
03-May-2023	10d	amazonprime	Boring-Ad-6755	1
03-May-2023	10d	amazonprime	MrPineApples420	1
03-May-2023	10d	amazonprime	PGDW	1
03-May-2023	10d	amazonprime	wuster17	1
03-May-2023	10d	amazonprime	memento22mori	1
03-May-2023	10d	amazonprime	imagin8zn	1
03-May-2023	10d	amazonprime	Pursel93	1
03-May-2023	10d	amazonprime	appletechgeek	1
03-May-2023	10d	amazonprime	betam4x	1
03-May-2023	10d	amazonprime	therealbnizzy	1
03-May-2023	10d	amazonprime	soleario21	1
03-May-2023	10d	amazonprime	skochko	1
03-May-2023	10d	amazonprime	J-C-G26	1
03-May-2023	10d	amazonprime	cs342	1
03-May-2023	10d	amazonprime	DntSayNtn	1
03-May-2023	10d	amazonprime	mtigerm	1
03-May-2023	10d	amazonprime	NeonWyvern	1
03-May-2023	10d	amazonprime	Wants_to_be_accepted	1
03-May-2023	10d	amazonprime	SussyRedditorBalls	1
03-May-2023	10d	amazonprime	SomedayGuy117	1
03-May-2023	10d	amazonprime	Semibluewater	1
03-May-2023	10d	amazonprime	Screeching_Blanket	1
03-May-2023	10d	amazonprime	another_plebeian	1
03-May-2023	10d	amazonprime	lividfantasia	1
03-May-2023	10d	amazonprime	scanr440	1
03-May-2023	10d	amazonprime	BurtBruh	1
03-May-2023	10d	amazonprime	EE9E456B59E12D2	1
03-May-2023	10d	amazonprime	blankblank	1
03-May-2023	10d	amazonprime	BB8U	1
03-May-2023	10d	amazonprime	Confusedbyeveryone	1
03-May-2023	10d	amazonprime	Consistent-Fish3316	1
03-May-2023	10d	amazonprime	SprayNo4128	1
03-May-2023	10d	amazonprime	Altruistic_Yam_8249	1
03-May-2023	10d	amazonprime	apple120	1
03-May-2023	10d	amazonprime	-Maim-	1
03-May-2023	10d	amazonprime	fatherfarfalle	1
03-May-2023	10d	amazonprime	SashaMitchener	1
03-May-2023	10d	amazonprime	Workeatnsleep	1
03-May-2023	10d	amazonprime	MickeyRipple	1
03-May-2023	10d	amazonprime	aehanken	1
03-May-2023	10d	amazonprime	AnonAmazonHelp	1
03-May-2023	10d	amazonprime	cewcewcaroo	1
03-May-2023	10d	amazonprime	Comedordecasadas96	1
03-May-2023	10d	amazonprime	grantalx	1
03-May-2023	10d	amazonprime	SerendipityOA	1
03-May-2023	10d	amazonprime	jixpixel94	1
03-May-2023	10d	amazonprime	weddingringresize	1
03-May-2023	10d	amazonprime	Funny-Bottle-6585	1
03-May-2023	10d	amazonprime	atmmachine11	1
03-May-2023	10d	amazonprime	KingRemoji	1
03-May-2023	10d	amazonprime	UserNameErrorDisplay	1
03-May-2023	10d	amazonprime	cltben	1
03-May-2023	10d	amazonprime	Alisonjayne	1
03-May-2023	10d	amazonprime	Novel-Owl7963	1
03-May-2023	10d	amazonprime	Watson8008	1
03-May-2023	10d	amazonprime	Outrageous-Ladder-72	1
03-May-2023	10d	amazonprime	Kitchen-Werewolf-691	1
03-May-2023	10d	amazonprime	tmiller9833	1
03-May-2023	10d	amazonprime	GreyhoundsAreFast	1
03-May-2023	10d	amazonprime	sonibaloney	1
03-May-2023	10d	amazonprime	Tyzka	1
03-May-2023	10d	amazonprime	Booyah_7	1
03-May-2023	10d	amazonprime	KaiserSenpaiAckerman	1
03-May-2023	10d	amazonprime	Sharp-Maintenance392	1
03-May-2023	10d	amazonprime	Fabulous_RedHead84	1
03-May-2023	10d	amazonprime	stephikole	1
03-May-2023	10d	amazonprime	cybaexo	1
03-May-2023	10d	amazonprime	HTXTEX98	1
03-May-2023	10d	amazonprime	SpoopySpagooter	1
03-May-2023	10d	amazonprime	AgadhAgadh	1
03-May-2023	10d	amazonprime	big-driq	1
03-May-2023	10d	amazonprime	Automatic-Orange-782	1
03-May-2023	10d	amazonprime	ph_dieter	1
03-May-2023	10d	amazonprime	Bruegemeister	1
03-May-2023	10d	amazonprime	applegatetech	1
03-May-2023	10d	amazonprime	Wallytooters	1
03-May-2023	10d	amazonprime	DustinPooparski	1
03-May-2023	10d	amazonprime	Ubercash	1
03-May-2023	10d	amazonprime	ranch_avocados	1
03-May-2023	10d	amazonprime	razumuzzen	1
03-May-2023	10d	amazonprime	Firm-Finish5582	1
03-May-2023	10d	amazonprime	messyowo	1
03-May-2023	10d	amazonprime	PyreLightMW2	1
03-May-2023	10d	amazonprime	baummer	1
03-May-2023	10d	amazonprime	RazUwU	1
03-May-2023	10d	amazonprime	General_Lee_Anass	1
03-May-2023	10d	amazonprime	Ziggy-Sane	1
03-May-2023	10d	amazonprime	Hercooo_	1
03-May-2023	10d	amazonprime	noxnoctum	1
03-May-2023	10d	amazonprime	sean8877	1
03-May-2023	10d	amazonprime	satellite779	1
03-May-2023	10d	amazonprime	RiekaNA	1
03-May-2023	10d	amazonprime	T2LV	1
03-May-2023	10d	amazonprime	largest_particle	1
03-May-2023	10d	amazonprime	Adalwolf311	1
03-May-2023	10d	amazonprime	XChazzyMX	1
03-May-2023	10d	amazonprime	SoardOfMagnificent	1
03-May-2023	10d	amazonprime	throwaway1335352	1
03-May-2023	10d	amazonprime	btadams1971	1
03-May-2023	10d	amazonprime	destraudo	1
03-May-2023	10d	amazonprime	Cheifs_Cruise	1
03-May-2023	10d	amazonprime	Starstrile	1
03-May-2023	10d	amazonprime	GamingDragon27	1
03-May-2023	10d	amazonprime	Salty-Blueberry5648	1
03-May-2023	10d	amazonprime	Zxhamuaha	1
03-May-2023	10d	amazonprime	AHeroToIdolize	1
03-May-2023	10d	amazonprime	wockheartzz	1
03-May-2023	10d	amazonprime	MonsterRamo	1
03-May-2023	10d	amazonprime	primeevideo	1
03-May-2023	10d	amazonprime	NoAssociation1	1
03-May-2023	10d	amazonprime	MyRedditAcco_unt	1
03-May-2023	10d	amazonprime	lijiawen00	1
03-May-2023	10d	amazonprime	a1mm_	1
03-May-2023	10d	amazonprime	Fine-Sense-595	1
03-May-2023	10d	amazonprime	HCMonk	1
03-May-2023	10d	amazonprime	lanamindy	1
03-May-2023	10d	amazonprime	Fun_Instruction1999	1
03-May-2023	10d	amazonprime	Isssaleo	1
03-May-2023	10d	amazonprime	bucket46	1
03-May-2023	10d	amazonprime	StrawberryKiss2559	1
03-May-2023	10d	amazonprime	bossp123	1
03-May-2023	10d	amazonprime	HunterDude54	1
03-May-2023	10d	amazonprime	astarothdark	1
03-May-2023	10d	amazonprime	RedSoxStormTrooper	1
03-May-2023	10d	amazonprime	IHate2ChooseUserName	1
03-May-2023	10d	amazonprime	ConfusionSuspicious8	1
03-May-2023	10d	amazonprime	smjohnston1	1
03-May-2023	10d	amazonprime	ScumEater	1
03-May-2023	10d	amazonprime	poptart-san	1
03-May-2023	10d	amazonprime	yura2004_	1
03-May-2023	10d	amazonprime	Rainasa	1
03-May-2023	10d	amazonprime	yackychan	1
03-May-2023	10d	amazonprime	biovllun	1
03-May-2023	10d	amazonprime	SwanReal8484	1
03-May-2023	10d	amazonprime	Maleficent-Clock8109	1
03-May-2023	10d	amazonprime	Different_Camp4002	1
03-May-2023	10d	amazonprime	Captain_Correa	1
03-May-2023	10d	amazonprime	BA3Dshop	1
03-May-2023	10d	amazonprime	FoolsandCorpses	1
03-May-2023	10d	amazonprime	BrainzKong	1
03-May-2023	10d	amazonprime	JDRASL	1
03-May-2023	10d	amazonprime	woodchuckernj	1
03-May-2023	10d	amazonprime	Mission-Mud-6685	1
03-May-2023	10d	amazonprime	Burner_Account_4-25	1
03-May-2023	10d	amazonprime	Strict-Winter-2295	1
03-May-2023	10d	amazonprime	LK_photography	1
03-May-2023	10d	amazonprime	SnooDoodles6657	1
03-May-2023	10d	amazonprime	Own-Salamander5392	1
03-May-2023	10d	amazonprime	codelancelot	1
03-May-2023	10d	amazonprime	patricthomas	1
03-May-2023	10d	amazonprime	Kitaz	1
03-May-2023	10d	amazonprime	j_steinbrenner	1
03-May-2023	10d	amazonprime	DeviceAdventurous786	1
03-May-2023	10d	amazonprime	Life_Loan_931	1
03-May-2023	10d	amazonprime	Any_Door1971	1
03-May-2023	10d	amazonprime	Reasonable-Degree-65	1
03-May-2023	10d	amazonprime	sadaharu25	1
03-May-2023	10d	amazonprime	sherril8	1
03-May-2023	10d	amazonprime	commodore-schmidlapp	1
03-May-2023	10d	amazonprime	Beneficial_Piano928	1
03-May-2023	10d	amazonprime	FourWayFork	1
03-May-2023	10d	amazonprime	Meatloafxx	1
03-May-2023	10d	amazonprime	NoFanofThis	1
03-May-2023	10d	amazonprime	thenaeternal	1
03-May-2023	10d	amazonprime	SimoneDS176	1
03-May-2023	10d	amazonprime	makemoneytipsonline	1
03-May-2023	10d	amazonprime	Maleficent-Monk5601	1
03-May-2023	10d	amazonprime	Sylvan-shine	1
03-May-2023	10d	amazonprime	Few_Significance4964	1
03-May-2023	10d	amazonprime	Zealousideal-Wing135	1
03-May-2023	10d	amazonprime	Outrageous_Signal_90	1
03-May-2023	10d	amazonprime	KingRaphion	1
03-May-2023	10d	amazonprime	Major_Start	1
03-May-2023	10d	amazonprime	Dekemyster	1
03-May-2023	10d	amazonprime	flabbobox	1
03-May-2023	10d	amazonprime	syrcular	1
03-May-2023	10d	amazonprime	Agent7619	1
03-May-2023	10d	amazonprime	placebooooo	1
03-May-2023	10d	amazonprime	gtbka	1
03-May-2023	10d	amazonprime	dailyPraise	1
03-May-2023	10d	amazonprime	ThMuchoMan	1
03-May-2023	10d	amazonprime	Boring_Ant_1677	1
03-May-2023	10d	amazonprime	RxStinky	1
03-May-2023	10d	amazonprime	Katiehart2019	1
03-May-2023	10d	amazonprime	Buddersforever907	1
03-May-2023	10d	amazonprime	Arceist_Justin	1
03-May-2023	10d	amazonprime	JoonnooJ	1
03-May-2023	10d	amazonprime	hopelesscase789	1
03-May-2023	10d	amazonprime	Equivalent_Piccolo17	1
03-May-2023	10d	amazonprime	ichristyi	1
03-May-2023	10d	amazonprime	AccordingMushroom215	1
03-May-2023	10d	amazonprime	throwaway9gk0k4k569	1
03-May-2023	10d	amazonprime	neonxaos	1
03-May-2023	10d	amazonprime	Interesting_Tone_258	1
03-May-2023	10d	amazonprime	lolwhatamidoing92	1
03-May-2023	10d	amazonprime	itisadessertwine	1
03-May-2023	10d	amazonprime	GermainDafoe	1
03-May-2023	10d	amazonprime	Jimmy_The_Goat	1
03-May-2023	10d	amazonprime	Gilbert-from-Yharnam	1
03-May-2023	10d	amazonprime	throwaway89-102-3	1
03-May-2023	10d	amazonprime	jasminewlk28	1
03-May-2023	10d	amazonprime	re-kidan	1
03-May-2023	10d	amazonprime	Live-Macaron-2912	1
03-May-2023	10d	amazonprime	Flat-Slice4959	1
03-May-2023	10d	amazonprime	weirddimples	1
03-May-2023	10d	amazonprime	Positive_Bike9457	1
03-May-2023	10d	amazonprime	gabagoolmortadella	1
03-May-2023	10d	amazonprime	Octo-puss	1
03-May-2023	10d	amazonprime	p0ny_b0y	1
03-May-2023	10d	amazonprime	haybarn564	1
03-May-2023	10d	amazonprime	Own-Historian-7557	1
03-May-2023	10d	amazonprime	Dave8889	1
03-May-2023	10d	amazonprime	Swimming-Whereas7182	1
03-May-2023	10d	amazonprime	bootlesscrowfairy	1
03-May-2023	10d	amazonprime	reddituser26383	1
03-May-2023	10d	amazonprime	Legal_Consequence113	1
03-May-2023	10d	amazonprime	smugzuck	1
03-May-2023	10d	amazonprime	Greedy_Visual6710	1
03-May-2023	10d	amazonprime	AmbitiousTax441	1
03-May-2023	10d	amazonprime	daywreckerdiesel	1
03-May-2023	10d	amazonprime	nick124578	1
03-May-2023	10d	amazonprime	Jazz-Noir	1
03-May-2023	10d	amazonprime	agentss1	1
03-May-2023	10d	amazonprime	MediaHaunting8669	1
03-May-2023	10d	amazonprime	Cajin_chan	1
03-May-2023	10d	amazonprime	ethanc6131	1
03-May-2023	10d	amazonprime	X3N0C1DE	1
03-May-2023	10d	amazonprime	m0h1tkumaar	1
03-May-2023	10d	amazonprime	dansiepansie	1
03-May-2023	10d	amazonprime	MannyFresh45	1
03-May-2023	10d	amazonprime	Minute_Log5519	1
03-May-2023	10d	amazonprime	This_Negotiation479	1
03-May-2023	10d	amazonprime	shanareview	1
03-May-2023	10d	amazonprime	Meow2021_isbest	1
03-May-2023	10d	amazonprime	oswell_XIV	1
03-May-2023	10d	amazonprime	LiveBlock8728	1
03-May-2023	10d	amazonprime	Patient-Cupcake2003	1
03-May-2023	10d	amazonprime	ProbablyAnAlt003	1
03-May-2023	10d	amazonprime	AlphaRevenant	1
03-May-2023	10d	amazonprime	WillingnessLazy4064	1
03-May-2023	10d	amazonprime	angoradebs	1
03-May-2023	10d	amazonprime	supercaloebarbadensi	1
03-May-2023	10d	amazonprime	Historical-Remove401	1
03-May-2023	10d	amazonprime	SorrowfulRanger	1
03-May-2023	10d	amazonprime	Quiver_Cat	1
03-May-2023	10d	amazonprime	nicholasyoa86	1
03-May-2023	10d	amazonprime	Traditional_Ad65	1
03-May-2023	10d	amazonprime	ethan_winfield	1
03-May-2023	10d	amazonprime	BabySittingBandit	1
03-May-2023	10d	amazonprime	0Adiemus0	1
03-May-2023	10d	amazonprime	Oneness-	1
03-May-2023	10d	amazonprime	Punk_Polyglot_66	1
03-May-2023	10d	amazonprime	AngrySunshineBandit	1
03-May-2023	10d	amazonprime	bynobodyspecial	1
03-May-2023	10d	amazonprime	Anika225	1
03-May-2023	10d	amazonprime	texas_archer	1
03-May-2023	10d	amazonprime	symmachy	1
03-May-2023	10d	amazonprime	simonea42	1
03-May-2023	10d	amazonprime	extremeelementz	1
03-May-2023	10d	amazonprime	Excellent_Ad_6584	1
03-May-2023	10d	amazonprime	getfuzzy77	1
03-May-2023	10d	amazonprime	nooo82222	1
03-May-2023	10d	amazonprime	Knotraneck41	1
03-May-2023	10d	amazonprime	FloppyToffee	1
03-May-2023	10d	amazonprime	30-50-FeralHogs	1
03-May-2023	10d	amazonprime	Seanblaze3	1
03-May-2023	10d	amazonprime	svenEsven	1
03-May-2023	10d	amazonprime	Embarrassed_Simple27	1
03-May-2023	10d	amazonprime	Psyrecx	1
03-May-2023	10d	amazonprime	happynewyearadam	1
03-May-2023	10d	amazonprime	NArcadia11	1
03-May-2023	10d	amazonprime	chillinginmyhouse	1
03-May-2023	10d	amazonprime	BoboXDGamer	1
03-May-2023	10d	amazonprime	kaleidouu	1
03-May-2023	10d	amazonprime	masturbaiter696969	1
03-May-2023	10d	amazonprime	kingvrage	1
03-May-2023	10d	amazonprime	diezel_dave	1
03-May-2023	10d	amazonprime	applesandshenanigans	1
03-May-2023	10d	amazonprime	Jim-Jam07	1
03-May-2023	10d	amazonprime	cmgysmao	1
03-May-2023	10d	amazonprime	926D	1
03-May-2023	10d	amazonprime	Which_Secretary7039	1
03-May-2023	10d	amazonprime	odobostudio	1
03-May-2023	10d	amazonprime	Snackmouse	1
03-May-2023	10d	amazonprime	Lost_Piccolo_2102	1
03-May-2023	10d	amazonprime	Affectionate-Cook-11	1
03-May-2023	10d	amazonprime	DelaRueeD	1
03-May-2023	10d	amazonprime	FancyLadAboutTown	1
03-May-2023	10d	amazonprime	AnythingFar1505	1
03-May-2023	10d	amazonprime	satanic_penguine	1
03-May-2023	10d	amazonprime	TonedTony	1
03-May-2023	10d	amazonprime	iMogal	1
03-May-2023	10d	amazonprime	J3ST3Rx	1
03-May-2023	10d	amazonprime	dachsdrive	1
03-May-2023	10d	amazonprime	oskarstarry	1
03-May-2023	10d	amazonprime	Lord_Snow98	1
03-May-2023	10d	amazonprime	RainmakerSolutions93	1
03-May-2023	10d	amazonprime	HolyToilet666	1
03-May-2023	10d	amazonprime	storageguard	1
03-May-2023	10d	amazonprime	DreaDaCookieMonsta	1
03-May-2023	10d	amazonprime	FlashySalamander4	1
03-May-2023	10d	amazonprime	Gentleshoe292	1
03-May-2023	10d	amazonprime	requihemi	1
03-May-2023	10d	amazonprime	peachpartie	1
03-May-2023	10d	amazonprime	2BoraBora	1
03-May-2023	10d	amazonprime	Voenker	1
03-May-2023	10d	amazonprime	5kHz	1
03-May-2023	10d	amazonprime	androidusr	1
03-May-2023	10d	amazonprime	New-Ad-3532	1
03-May-2023	10d	amazonprime	stinky_harriet	1
03-May-2023	10d	amazonprime	ImDeadInside12343214	1
03-May-2023	10d	amazonprime	SpiderZX	1
03-May-2023	10d	amazonprime	nonameoftheusername	1
03-May-2023	10d	amazonprime	glitter_confetti	1
03-May-2023	10d	amazonprime	Zvizgonja	1
03-May-2023	10d	amazonprime	liza1029	1
03-May-2023	10d	amazonprime	P_Cakes_84	1
03-May-2023	10d	amazonprime	187penguin	1
03-May-2023	10d	amazonprime	Zjar	1
03-May-2023	10d	amazonprime	Dill_Weed07	1
03-May-2023	10d	amazonprime	Realistic-Motorcycle	1
03-May-2023	10d	amazonprime	imthiazah	1
03-May-2023	10d	amazonprime	SSlide19	1
03-May-2023	10d	amazonprime	Krrygon	1
03-May-2023	10d	amazonprime	Cheap-Acanthaceae-90	1
03-May-2023	10d	amazonprime	XXidefiXX	1
03-May-2023	10d	amazonprime	POPCORN_EATER	1
03-May-2023	10d	amazonprime	Salt_Pipe	1
03-May-2023	10d	amazonprime	BlueMotif	1
03-May-2023	10d	amazonprime	MoonstoneWolf77	1
03-May-2023	10d	amazonprime	Robotman12349	1
03-May-2023	10d	amazonprime	RecognitionEvening98	1
03-May-2023	10d	amazonprime	inquilinekea	1
03-May-2023	10d	amazonprime	blippyz	1
03-May-2023	10d	amazonprime	Infinite_Ad_7069	1
03-May-2023	10d	amazonprime	namkenbi	1
03-May-2023	10d	amazonprime	Responsible_One_6324	1
03-May-2023	10d	amazonprime	ConferenceQuick8068	1
03-May-2023	10d	amazonprime	TabulaRasa5678	1
03-May-2023	10d	amazonprime	mahdy89	1
03-May-2023	10d	amazonprime	Tyteammm	1
03-May-2023	10d	amazonprime	highnrgy	1
03-May-2023	10d	amazonprime	NotMeAgain999	1
03-May-2023	10d	amazonprime	digitalbilly	1
03-May-2023	10d	amazonprime	elvtr_mkhl	1
03-May-2023	10d	amazonprime	Present_Excuse_8924	1
03-May-2023	10d	amazonprime	sharkusilly	1
03-May-2023	10d	amazonprime	new_minimalist1	1
03-May-2023	10d	amazonprime	parapauraque	1
03-May-2023	10d	amazonprime	nosoygamoso1i	1
03-May-2023	10d	amazonprime	captainburp	1
03-May-2023	10d	amazonprime	MarLudKing	1
03-May-2023	10d	amazonprime	BlackSER	1
03-May-2023	10d	amazonprime	furfoxssakes	1
03-May-2023	10d	amazonprime	stars_in_void	1
03-May-2023	10d	amazonprime	slap_a_goat	1
03-May-2023	10d	amazonprime	NotoriousNutJuice	1
03-May-2023	10d	amazonprime	theaamman	1
03-May-2023	10d	amazonprime	some_kid_who_draws	1
03-May-2023	10d	amazonprime	MyMeanBunny	1
03-May-2023	10d	amazonprime	AW2B	1
03-May-2023	10d	amazonprime	Qemz	1
03-May-2023	10d	amazonprime	richwiszard0z	1
03-May-2023	10d	amazonprime	soupbit	1
03-May-2023	10d	amazonprime	ryu4000	1
03-May-2023	10d	amazonprime	anathagenzum	1
03-May-2023	10d	amazonprime	Senseiofmc	1
03-May-2023	10d	amazonprime	Empty_Breadfruit7324	1
03-May-2023	10d	amazonprime	PapiKen7	1
03-May-2023	10d	amazonprime	gboro9	1
03-May-2023	10d	amazonprime	Arouthor	1
03-May-2023	10d	amazonprime	Purpoisely_Anoying_U	1
03-May-2023	10d	amazonprime	ADeshuSloth	1
03-May-2023	10d	amazonprime	perfectingthewheel	1
03-May-2023	10d	amazonprime	TGwonton	1
03-May-2023	10d	amazonprime	helpfuldunk	1
03-May-2023	10d	amazonprime	k3rz0rg	1
03-May-2023	10d	amazonprime	FTPetro	1
03-May-2023	10d	amazonprime	Futureiogaming	1
03-May-2023	10d	amazonprime	goaskalicenow	1
03-May-2023	10d	amazonprime	corinne822	1
03-May-2023	10d	amazonprime	sirapples34	1
03-May-2023	10d	amazonprime	LikelyWeeve	1
03-May-2023	10d	amazonprime	Asuref	1
03-May-2023	10d	amazonprime	Repulsive_Song3238	1
03-May-2023	10d	amazonprime	Fine_Syllabub2534	1
03-May-2023	10d	amazonprime	Electronic-Fix2851	1
03-May-2023	10d	amazonprime	Public_Basil_4416	1
03-May-2023	10d	amazonprime	TDSgame	1
03-May-2023	10d	amazonprime	Gam3rf0rlif3	1
03-May-2023	10d	amazonprime	emoevangelion	1
03-May-2023	10d	amazonprime	singularityindetroit	1
03-May-2023	10d	amazonprime	BitByBitOFCL	1
03-May-2023	10d	amazonprime	OfficialTrident	1
03-May-2023	10d	amazonprime	Pure-Huckleberry8640	1
03-May-2023	10d	amazonprime	pdaphone	1
03-May-2023	10d	amazonprime	MainBumblebee1443	1
03-May-2023	10d	amazonprime	cutestbb	1
03-May-2023	10d	amazonprime	nizarhalimi	1
03-May-2023	10d	amazonprime	0xjustin0xx	1
03-May-2023	10d	amazonprime	AirDmt27	1
03-May-2023	10d	amazonprime	tantam000	1
03-May-2023	10d	amazonprime	grumpyfuzzybumblebee	1
03-May-2023	10d	amazonprime	BroskiNotFound	1
03-May-2023	10d	amazonprime	SweatyNutzx	1
03-May-2023	10d	amazonprime	Nytroman89	1
03-May-2023	10d	amazonprime	Voiromi	1
03-May-2023	10d	amazonprime	processofemotion	1
03-May-2023	10d	amazonprime	obfuskitten	1
03-May-2023	10d	amazonprime	DancingthruDartmouth	1
03-May-2023	10d	amazonprime	Lord_Gwyn21	1
03-May-2023	10d	amazonprime	CohlN	1
03-May-2023	10d	amazonprime	aussielover24	1
03-May-2023	10d	amazonprime	slappie0420	1
03-May-2023	10d	amazonprime	HomeRenoAccount	1
03-May-2023	10d	amazonprime	youcanseethisaccount	1
03-May-2023	10d	amazonprime	phearr	1
03-May-2023	10d	amazonprime	Acidic-Witness	1
03-May-2023	10d	amazonprime	Dramatic-Rooster-978	1
03-May-2023	10d	amazonprime	Wambo74	1
03-May-2023	10d	amazonprime	Gorth1	1
03-May-2023	10d	amazonprime	RecordingWestern18	1
03-May-2023	10d	amazonprime	CptHammer_	1
03-May-2023	10d	amazonprime	Eastern-Counter-3209	1
03-May-2023	10d	amazonprime	larkwahlberg	1
03-May-2023	10d	amazonprime	snailman1999	1
03-May-2023	10d	amazonprime	BriBegg	1
03-May-2023	10d	amazonprime	NoSexAppealNeil	1
03-May-2023	10d	amazonprime	entitled_to_own_fact	1
03-May-2023	10d	amazonprime	Wise-Ad-1718	1
