query_date	before_date	subreddit	submission_author	submission_frequency
03-May-2023	70d	amazonprime	HappyZhaun	10
03-May-2023	70d	amazonprime	[deleted]	9
03-May-2023	70d	amazonprime	moonbeam127	8
03-May-2023	70d	amazonprime	TheNonViolentOne	8
03-May-2023	70d	amazonprime	ShipOfOaths	4
03-May-2023	70d	amazonprime	Famous-Perspective-3	4
03-May-2023	70d	amazonprime	TropicOfCapricorn_	4
03-May-2023	70d	amazonprime	The_Wonderful_Pie	4
03-May-2023	70d	amazonprime	nosleepbrooklynn	3
03-May-2023	70d	amazonprime	MrsSmiles09	3
03-May-2023	70d	amazonprime	diezel_dave	3
03-May-2023	70d	amazonprime	RomanRoyIsSlimy	3
03-May-2023	70d	amazonprime	cabinet_door	3
03-May-2023	70d	amazonprime	0xjustin0xx	3
03-May-2023	70d	amazonprime	phearr	3
03-May-2023	70d	amazonprime	Beneficial-Winner-90	3
03-May-2023	70d	amazonprime	West-Flan2885	3
03-May-2023	70d	amazonprime	Cauliflower_Business	3
03-May-2023	70d	amazonprime	UnderstandingMore887	3
03-May-2023	70d	amazonprime	scrapqueen	2
03-May-2023	70d	amazonprime	Dave8889	2
03-May-2023	70d	amazonprime	VauIt-Tec	2
03-May-2023	70d	amazonprime	deejayv2	2
03-May-2023	70d	amazonprime	b1ackm1st	2
03-May-2023	70d	amazonprime	mahdy89	2
03-May-2023	70d	amazonprime	2Adude	2
03-May-2023	70d	amazonprime	gboro9	2
03-May-2023	70d	amazonprime	corinne822	2
03-May-2023	70d	amazonprime	mrminutehand	2
03-May-2023	70d	amazonprime	knowthis22	2
03-May-2023	70d	amazonprime	MainBumblebee1443	2
03-May-2023	70d	amazonprime	innoswimmer	2
03-May-2023	70d	amazonprime	AirDmt27	2
03-May-2023	70d	amazonprime	No-Beach-9981	2
03-May-2023	70d	amazonprime	Outrageous_Price_553	2
03-May-2023	70d	amazonprime	Pristine-Snow5526	2
03-May-2023	70d	amazonprime	Worth_Smoke_1012	2
03-May-2023	70d	amazonprime	JcWyatt01	2
03-May-2023	70d	amazonprime	iHappyDragneel	2
03-May-2023	70d	amazonprime	DontForgetThisName3	2
03-May-2023	70d	amazonprime	Elitealice	2
03-May-2023	70d	amazonprime	beezle_bubba	2
03-May-2023	70d	amazonprime	tdw-12	2
03-May-2023	70d	amazonprime	Turbulent-Outcome683	2
03-May-2023	70d	amazonprime	Ragnarosky	2
03-May-2023	70d	amazonprime	demadz8	2
03-May-2023	70d	amazonprime	katehenry4133	2
03-May-2023	70d	amazonprime	trumpfamily2020	2
03-May-2023	70d	amazonprime	KNYLJNS	2
03-May-2023	70d	amazonprime	ThunderVamp9	2
03-May-2023	70d	amazonprime	Rimbaldo	2
03-May-2023	70d	amazonprime	LordHamburguesa1	2
03-May-2023	70d	amazonprime	PickMeWhyKnot	2
03-May-2023	70d	amazonprime	HARVY143	2
03-May-2023	70d	amazonprime	Chris-1984	2
03-May-2023	70d	amazonprime	AdamJensen009-1	2
03-May-2023	70d	amazonprime	Kimmy19982923847	2
03-May-2023	70d	amazonprime	Apprehensive-Hat1834	2
03-May-2023	70d	amazonprime	slapmybassdaddy	2
03-May-2023	70d	amazonprime	Select-Tie-610	2
03-May-2023	70d	amazonprime	Negative-Lychee6128	2
03-May-2023	70d	amazonprime	Real_Revolution3650	2
03-May-2023	70d	amazonprime	Positive_Bike9457	1
03-May-2023	70d	amazonprime	gabagoolmortadella	1
03-May-2023	70d	amazonprime	Octo-puss	1
03-May-2023	70d	amazonprime	p0ny_b0y	1
03-May-2023	70d	amazonprime	haybarn564	1
03-May-2023	70d	amazonprime	Own-Historian-7557	1
03-May-2023	70d	amazonprime	Swimming-Whereas7182	1
03-May-2023	70d	amazonprime	bootlesscrowfairy	1
03-May-2023	70d	amazonprime	reddituser26383	1
03-May-2023	70d	amazonprime	Legal_Consequence113	1
03-May-2023	70d	amazonprime	smugzuck	1
03-May-2023	70d	amazonprime	Greedy_Visual6710	1
03-May-2023	70d	amazonprime	AmbitiousTax441	1
03-May-2023	70d	amazonprime	daywreckerdiesel	1
03-May-2023	70d	amazonprime	nick124578	1
03-May-2023	70d	amazonprime	Jazz-Noir	1
03-May-2023	70d	amazonprime	BreakfastAgreeable89	1
03-May-2023	70d	amazonprime	agentss1	1
03-May-2023	70d	amazonprime	MediaHaunting8669	1
03-May-2023	70d	amazonprime	Cajin_chan	1
03-May-2023	70d	amazonprime	ethanc6131	1
03-May-2023	70d	amazonprime	X3N0C1DE	1
03-May-2023	70d	amazonprime	m0h1tkumaar	1
03-May-2023	70d	amazonprime	dansiepansie	1
03-May-2023	70d	amazonprime	MannyFresh45	1
03-May-2023	70d	amazonprime	Minute_Log5519	1
03-May-2023	70d	amazonprime	This_Negotiation479	1
03-May-2023	70d	amazonprime	shanareview	1
03-May-2023	70d	amazonprime	Meow2021_isbest	1
03-May-2023	70d	amazonprime	oswell_XIV	1
03-May-2023	70d	amazonprime	LiveBlock8728	1
03-May-2023	70d	amazonprime	Patient-Cupcake2003	1
03-May-2023	70d	amazonprime	ProbablyAnAlt003	1
03-May-2023	70d	amazonprime	AlphaRevenant	1
03-May-2023	70d	amazonprime	WillingnessLazy4064	1
03-May-2023	70d	amazonprime	angoradebs	1
03-May-2023	70d	amazonprime	supercaloebarbadensi	1
03-May-2023	70d	amazonprime	Historical-Remove401	1
03-May-2023	70d	amazonprime	SorrowfulRanger	1
03-May-2023	70d	amazonprime	RandomName0413	1
03-May-2023	70d	amazonprime	Quiver_Cat	1
03-May-2023	70d	amazonprime	nicholasyoa86	1
03-May-2023	70d	amazonprime	Traditional_Ad65	1
03-May-2023	70d	amazonprime	ethan_winfield	1
03-May-2023	70d	amazonprime	BabySittingBandit	1
03-May-2023	70d	amazonprime	0Adiemus0	1
03-May-2023	70d	amazonprime	Oneness-	1
03-May-2023	70d	amazonprime	Punk_Polyglot_66	1
03-May-2023	70d	amazonprime	AngrySunshineBandit	1
03-May-2023	70d	amazonprime	bynobodyspecial	1
03-May-2023	70d	amazonprime	Anika225	1
03-May-2023	70d	amazonprime	texas_archer	1
03-May-2023	70d	amazonprime	symmachy	1
03-May-2023	70d	amazonprime	simonea42	1
03-May-2023	70d	amazonprime	extremeelementz	1
03-May-2023	70d	amazonprime	Excellent_Ad_6584	1
03-May-2023	70d	amazonprime	getfuzzy77	1
03-May-2023	70d	amazonprime	nooo82222	1
03-May-2023	70d	amazonprime	Knotraneck41	1
03-May-2023	70d	amazonprime	FloppyToffee	1
03-May-2023	70d	amazonprime	30-50-FeralHogs	1
03-May-2023	70d	amazonprime	Seanblaze3	1
03-May-2023	70d	amazonprime	svenEsven	1
03-May-2023	70d	amazonprime	Embarrassed_Simple27	1
03-May-2023	70d	amazonprime	Psyrecx	1
03-May-2023	70d	amazonprime	happynewyearadam	1
03-May-2023	70d	amazonprime	NArcadia11	1
03-May-2023	70d	amazonprime	chillinginmyhouse	1
03-May-2023	70d	amazonprime	BoboXDGamer	1
03-May-2023	70d	amazonprime	kaleidouu	1
03-May-2023	70d	amazonprime	masturbaiter696969	1
03-May-2023	70d	amazonprime	kingvrage	1
03-May-2023	70d	amazonprime	bobyoung132	1
03-May-2023	70d	amazonprime	applesandshenanigans	1
03-May-2023	70d	amazonprime	Jim-Jam07	1
03-May-2023	70d	amazonprime	xncee	1
03-May-2023	70d	amazonprime	cmgysmao	1
03-May-2023	70d	amazonprime	926D	1
03-May-2023	70d	amazonprime	Which_Secretary7039	1
03-May-2023	70d	amazonprime	odobostudio	1
03-May-2023	70d	amazonprime	Snackmouse	1
03-May-2023	70d	amazonprime	Lost_Piccolo_2102	1
03-May-2023	70d	amazonprime	Affectionate-Cook-11	1
03-May-2023	70d	amazonprime	DelaRueeD	1
03-May-2023	70d	amazonprime	FancyLadAboutTown	1
03-May-2023	70d	amazonprime	AnythingFar1505	1
03-May-2023	70d	amazonprime	satanic_penguine	1
03-May-2023	70d	amazonprime	TonedTony	1
03-May-2023	70d	amazonprime	iMogal	1
03-May-2023	70d	amazonprime	J3ST3Rx	1
03-May-2023	70d	amazonprime	dachsdrive	1
03-May-2023	70d	amazonprime	oskarstarry	1
03-May-2023	70d	amazonprime	Lord_Snow98	1
03-May-2023	70d	amazonprime	RainmakerSolutions93	1
03-May-2023	70d	amazonprime	HolyToilet666	1
03-May-2023	70d	amazonprime	storageguard	1
03-May-2023	70d	amazonprime	DreaDaCookieMonsta	1
03-May-2023	70d	amazonprime	FlashySalamander4	1
03-May-2023	70d	amazonprime	Gentleshoe292	1
03-May-2023	70d	amazonprime	requihemi	1
03-May-2023	70d	amazonprime	peachpartie	1
03-May-2023	70d	amazonprime	2BoraBora	1
03-May-2023	70d	amazonprime	Voenker	1
03-May-2023	70d	amazonprime	5kHz	1
03-May-2023	70d	amazonprime	androidusr	1
03-May-2023	70d	amazonprime	New-Ad-3532	1
03-May-2023	70d	amazonprime	stinky_harriet	1
03-May-2023	70d	amazonprime	ImDeadInside12343214	1
03-May-2023	70d	amazonprime	SpiderZX	1
03-May-2023	70d	amazonprime	nonameoftheusername	1
03-May-2023	70d	amazonprime	glitter_confetti	1
03-May-2023	70d	amazonprime	Zvizgonja	1
03-May-2023	70d	amazonprime	liza1029	1
03-May-2023	70d	amazonprime	P_Cakes_84	1
03-May-2023	70d	amazonprime	187penguin	1
03-May-2023	70d	amazonprime	Zjar	1
03-May-2023	70d	amazonprime	Dill_Weed07	1
03-May-2023	70d	amazonprime	Realistic-Motorcycle	1
03-May-2023	70d	amazonprime	imthiazah	1
03-May-2023	70d	amazonprime	SSlide19	1
03-May-2023	70d	amazonprime	Krrygon	1
03-May-2023	70d	amazonprime	Cheap-Acanthaceae-90	1
03-May-2023	70d	amazonprime	XXidefiXX	1
03-May-2023	70d	amazonprime	POPCORN_EATER	1
03-May-2023	70d	amazonprime	Salt_Pipe	1
03-May-2023	70d	amazonprime	BlueMotif	1
03-May-2023	70d	amazonprime	MoonstoneWolf77	1
03-May-2023	70d	amazonprime	Robotman12349	1
03-May-2023	70d	amazonprime	RecognitionEvening98	1
03-May-2023	70d	amazonprime	inquilinekea	1
03-May-2023	70d	amazonprime	blippyz	1
03-May-2023	70d	amazonprime	Infinite_Ad_7069	1
03-May-2023	70d	amazonprime	namkenbi	1
03-May-2023	70d	amazonprime	Responsible_One_6324	1
03-May-2023	70d	amazonprime	ConferenceQuick8068	1
03-May-2023	70d	amazonprime	TabulaRasa5678	1
03-May-2023	70d	amazonprime	Tyteammm	1
03-May-2023	70d	amazonprime	highnrgy	1
03-May-2023	70d	amazonprime	NotMeAgain999	1
03-May-2023	70d	amazonprime	digitalbilly	1
03-May-2023	70d	amazonprime	elvtr_mkhl	1
03-May-2023	70d	amazonprime	Present_Excuse_8924	1
03-May-2023	70d	amazonprime	sharkusilly	1
03-May-2023	70d	amazonprime	new_minimalist1	1
03-May-2023	70d	amazonprime	parapauraque	1
03-May-2023	70d	amazonprime	axionic	1
03-May-2023	70d	amazonprime	nosoygamoso1i	1
03-May-2023	70d	amazonprime	captainburp	1
03-May-2023	70d	amazonprime	MarLudKing	1
03-May-2023	70d	amazonprime	BlackSER	1
03-May-2023	70d	amazonprime	furfoxssakes	1
03-May-2023	70d	amazonprime	stars_in_void	1
03-May-2023	70d	amazonprime	slap_a_goat	1
03-May-2023	70d	amazonprime	NotoriousNutJuice	1
03-May-2023	70d	amazonprime	theaamman	1
03-May-2023	70d	amazonprime	some_kid_who_draws	1
03-May-2023	70d	amazonprime	MyMeanBunny	1
03-May-2023	70d	amazonprime	AW2B	1
03-May-2023	70d	amazonprime	Qemz	1
03-May-2023	70d	amazonprime	richwiszard0z	1
03-May-2023	70d	amazonprime	soupbit	1
03-May-2023	70d	amazonprime	ryu4000	1
03-May-2023	70d	amazonprime	anathagenzum	1
03-May-2023	70d	amazonprime	Senseiofmc	1
03-May-2023	70d	amazonprime	Empty_Breadfruit7324	1
03-May-2023	70d	amazonprime	PapiKen7	1
03-May-2023	70d	amazonprime	Arouthor	1
03-May-2023	70d	amazonprime	Purpoisely_Anoying_U	1
03-May-2023	70d	amazonprime	ADeshuSloth	1
03-May-2023	70d	amazonprime	perfectingthewheel	1
03-May-2023	70d	amazonprime	TGwonton	1
03-May-2023	70d	amazonprime	helpfuldunk	1
03-May-2023	70d	amazonprime	k3rz0rg	1
03-May-2023	70d	amazonprime	FTPetro	1
03-May-2023	70d	amazonprime	Futureiogaming	1
03-May-2023	70d	amazonprime	goaskalicenow	1
03-May-2023	70d	amazonprime	sirapples34	1
03-May-2023	70d	amazonprime	LikelyWeeve	1
03-May-2023	70d	amazonprime	Asuref	1
03-May-2023	70d	amazonprime	Repulsive_Song3238	1
03-May-2023	70d	amazonprime	Fine_Syllabub2534	1
03-May-2023	70d	amazonprime	Electronic-Fix2851	1
03-May-2023	70d	amazonprime	Public_Basil_4416	1
03-May-2023	70d	amazonprime	TDSgame	1
03-May-2023	70d	amazonprime	Gam3rf0rlif3	1
03-May-2023	70d	amazonprime	emoevangelion	1
03-May-2023	70d	amazonprime	singularityindetroit	1
03-May-2023	70d	amazonprime	BitByBitOFCL	1
03-May-2023	70d	amazonprime	OfficialTrident	1
03-May-2023	70d	amazonprime	Pure-Huckleberry8640	1
03-May-2023	70d	amazonprime	pdaphone	1
03-May-2023	70d	amazonprime	cutestbb	1
03-May-2023	70d	amazonprime	nizarhalimi	1
03-May-2023	70d	amazonprime	tantam000	1
03-May-2023	70d	amazonprime	grumpyfuzzybumblebee	1
03-May-2023	70d	amazonprime	BroskiNotFound	1
03-May-2023	70d	amazonprime	SweatyNutzx	1
03-May-2023	70d	amazonprime	Nytroman89	1
03-May-2023	70d	amazonprime	Voiromi	1
03-May-2023	70d	amazonprime	processofemotion	1
03-May-2023	70d	amazonprime	obfuskitten	1
03-May-2023	70d	amazonprime	DancingthruDartmouth	1
03-May-2023	70d	amazonprime	Lord_Gwyn21	1
03-May-2023	70d	amazonprime	CohlN	1
03-May-2023	70d	amazonprime	aussielover24	1
03-May-2023	70d	amazonprime	slappie0420	1
03-May-2023	70d	amazonprime	HomeRenoAccount	1
03-May-2023	70d	amazonprime	youcanseethisaccount	1
03-May-2023	70d	amazonprime	Acidic-Witness	1
03-May-2023	70d	amazonprime	Dramatic-Rooster-978	1
03-May-2023	70d	amazonprime	Wambo74	1
03-May-2023	70d	amazonprime	Gorth1	1
03-May-2023	70d	amazonprime	RecordingWestern18	1
03-May-2023	70d	amazonprime	CptHammer_	1
03-May-2023	70d	amazonprime	Eastern-Counter-3209	1
03-May-2023	70d	amazonprime	larkwahlberg	1
03-May-2023	70d	amazonprime	snailman1999	1
03-May-2023	70d	amazonprime	BriBegg	1
03-May-2023	70d	amazonprime	NoSexAppealNeil	1
03-May-2023	70d	amazonprime	entitled_to_own_fact	1
03-May-2023	70d	amazonprime	Wise-Ad-1718	1
03-May-2023	70d	amazonprime	DankeGlyn	1
03-May-2023	70d	amazonprime	chesslearner	1
03-May-2023	70d	amazonprime	Saltedpotatopancake	1
03-May-2023	70d	amazonprime	IMO2021	1
03-May-2023	70d	amazonprime	katdi3	1
03-May-2023	70d	amazonprime	FuckMyTourettes	1
03-May-2023	70d	amazonprime	mistershifter111	1
03-May-2023	70d	amazonprime	machu_peechute	1
03-May-2023	70d	amazonprime	cozilicious	1
03-May-2023	70d	amazonprime	AvidBlueberrypicker	1
03-May-2023	70d	amazonprime	Illustrious_Air_1438	1
03-May-2023	70d	amazonprime	david-braintree	1
03-May-2023	70d	amazonprime	Bulky_Chemistry9681	1
03-May-2023	70d	amazonprime	littlenuggetlove	1
03-May-2023	70d	amazonprime	rmzalbar	1
03-May-2023	70d	amazonprime	ShhhhhhImAtWork	1
03-May-2023	70d	amazonprime	vic_fic	1
03-May-2023	70d	amazonprime	CJ_Southworth	1
03-May-2023	70d	amazonprime	danickana	1
03-May-2023	70d	amazonprime	chrixar	1
03-May-2023	70d	amazonprime	FlipFoldFlip	1
03-May-2023	70d	amazonprime	Supawoo	1
03-May-2023	70d	amazonprime	worthless325234	1
03-May-2023	70d	amazonprime	Plessie21	1
03-May-2023	70d	amazonprime	Deacon33	1
03-May-2023	70d	amazonprime	emilio911	1
03-May-2023	70d	amazonprime	dolphinkittypirate65	1
03-May-2023	70d	amazonprime	AnonCuriosities	1
03-May-2023	70d	amazonprime	Phydoux	1
03-May-2023	70d	amazonprime	DryAcanthopterygii89	1
03-May-2023	70d	amazonprime	neveragain1337	1
03-May-2023	70d	amazonprime	ShaddyYK	1
03-May-2023	70d	amazonprime	phxdaddy	1
03-May-2023	70d	amazonprime	LamoidZombieDog	1
03-May-2023	70d	amazonprime	anosmiasucks	1
03-May-2023	70d	amazonprime	randombullshit98	1
03-May-2023	70d	amazonprime	Jazzlike_Tennis_7036	1
03-May-2023	70d	amazonprime	DieUmEye	1
03-May-2023	70d	amazonprime	No_Seesaw_7881	1
03-May-2023	70d	amazonprime	wonka88	1
03-May-2023	70d	amazonprime	manicprisoner	1
03-May-2023	70d	amazonprime	mmar2311	1
03-May-2023	70d	amazonprime	ptw86	1
03-May-2023	70d	amazonprime	Throwaway87067	1
03-May-2023	70d	amazonprime	dskzz	1
03-May-2023	70d	amazonprime	beyondtheglobalnews	1
03-May-2023	70d	amazonprime	idonthavexbox	1
03-May-2023	70d	amazonprime	Wherehowwhat	1
03-May-2023	70d	amazonprime	Maleficent_Band1201	1
03-May-2023	70d	amazonprime	loris520_	1
03-May-2023	70d	amazonprime	Able-Ad-8679	1
03-May-2023	70d	amazonprime	khilji1604	1
03-May-2023	70d	amazonprime	Hefty_hampster	1
03-May-2023	70d	amazonprime	Culbrelai	1
03-May-2023	70d	amazonprime	UpsetSky8401	1
03-May-2023	70d	amazonprime	Majestic-Spirit-490	1
03-May-2023	70d	amazonprime	smilinjack96	1
03-May-2023	70d	amazonprime	EvanMcD3	1
03-May-2023	70d	amazonprime	wallstreetamc	1
03-May-2023	70d	amazonprime	houseofjanzen	1
03-May-2023	70d	amazonprime	Smart-Ad-3268	1
03-May-2023	70d	amazonprime	Big-Passenger-1375	1
03-May-2023	70d	amazonprime	ThrowRAIdiotMaestro	1
03-May-2023	70d	amazonprime	Bugadifin0	1
03-May-2023	70d	amazonprime	GhostOf_George_Floyd	1
03-May-2023	70d	amazonprime	Dazeelee	1
03-May-2023	70d	amazonprime	FortyTwoDonkeyBalls	1
03-May-2023	70d	amazonprime	Bitter_Awareness_992	1
03-May-2023	70d	amazonprime	BenjaminWinter	1
03-May-2023	70d	amazonprime	JesseLaces	1
03-May-2023	70d	amazonprime	slartybartvart	1
03-May-2023	70d	amazonprime	Cosmic_Kon	1
03-May-2023	70d	amazonprime	dryheat122	1
03-May-2023	70d	amazonprime	Marchesa-LuisaCasati	1
03-May-2023	70d	amazonprime	AGayFrogParadise	1
03-May-2023	70d	amazonprime	DeanDeanington	1
03-May-2023	70d	amazonprime	plant_protecc	1
03-May-2023	70d	amazonprime	ashtoocean	1
03-May-2023	70d	amazonprime	HairyFilm6942	1
03-May-2023	70d	amazonprime	lyraxinchuan	1
03-May-2023	70d	amazonprime	yeessiir	1
03-May-2023	70d	amazonprime	w_tejada	1
03-May-2023	70d	amazonprime	altysodyssey	1
03-May-2023	70d	amazonprime	PermissionWilling516	1
03-May-2023	70d	amazonprime	soifons	1
03-May-2023	70d	amazonprime	StampinHannah	1
03-May-2023	70d	amazonprime	venagnon	1
03-May-2023	70d	amazonprime	lil_squiddy_	1
03-May-2023	70d	amazonprime	SplishSploosh2000	1
03-May-2023	70d	amazonprime	38563856	1
03-May-2023	70d	amazonprime	justbeplatonic	1
03-May-2023	70d	amazonprime	Common-Donut3225	1
03-May-2023	70d	amazonprime	dennphill	1
03-May-2023	70d	amazonprime	ThMuchoMan	1
03-May-2023	70d	amazonprime	MackzD	1
03-May-2023	70d	amazonprime	flsb	1
03-May-2023	70d	amazonprime	punkdxthrice95	1
03-May-2023	70d	amazonprime	CofTheEast	1
03-May-2023	70d	amazonprime	abelm3404	1
03-May-2023	70d	amazonprime	AZPuzzler	1
03-May-2023	70d	amazonprime	Famous_Coach242	1
03-May-2023	70d	amazonprime	Select-Weekend-1549	1
03-May-2023	70d	amazonprime	SuperHeroesFanatic	1
03-May-2023	70d	amazonprime	UnfilteredFacts	1
03-May-2023	70d	amazonprime	koavf	1
03-May-2023	70d	amazonprime	SomeWeirdJellyfish	1
03-May-2023	70d	amazonprime	The_Rambling_Otter	1
03-May-2023	70d	amazonprime	Civil-Impression1631	1
03-May-2023	70d	amazonprime	maurobuginski	1
03-May-2023	70d	amazonprime	mediocrehomechef	1
03-May-2023	70d	amazonprime	Objectalone	1
03-May-2023	70d	amazonprime	MMcDeer	1
03-May-2023	70d	amazonprime	Extreme-Internet7842	1
03-May-2023	70d	amazonprime	Careful_Lie5532	1
03-May-2023	70d	amazonprime	GusGus6502	1
03-May-2023	70d	amazonprime	fulo009	1
03-May-2023	70d	amazonprime	Charming-Struggle806	1
03-May-2023	70d	amazonprime	user892789	1
03-May-2023	70d	amazonprime	LetsPlayItGrant	1
03-May-2023	70d	amazonprime	BigMacRedneck	1
03-May-2023	70d	amazonprime	Novel_Smell4408	1
03-May-2023	70d	amazonprime	Ozzpala	1
03-May-2023	70d	amazonprime	DancyP123	1
03-May-2023	70d	amazonprime	bumholez	1
03-May-2023	70d	amazonprime	just-kath	1
03-May-2023	70d	amazonprime	Little_Nectarine_355	1
03-May-2023	70d	amazonprime	GasperBaby	1
03-May-2023	70d	amazonprime	XxTh3Unkn0wnxX	1
03-May-2023	70d	amazonprime	LayLowGaming	1
03-May-2023	70d	amazonprime	PattableGreeb	1
03-May-2023	70d	amazonprime	Ok-Warning-5957	1
03-May-2023	70d	amazonprime	PeyoteManning	1
03-May-2023	70d	amazonprime	christinal72	1
03-May-2023	70d	amazonprime	Responsible_Yam9285	1
03-May-2023	70d	amazonprime	TheBaconThief	1
03-May-2023	70d	amazonprime	PartyNo4851	1
03-May-2023	70d	amazonprime	Raghavendra98	1
03-May-2023	70d	amazonprime	twhiting9275	1
03-May-2023	70d	amazonprime	booksherpa	1
03-May-2023	70d	amazonprime	opheodrysaestivus	1
03-May-2023	70d	amazonprime	Large_Film_2284	1
03-May-2023	70d	amazonprime	heatnserve	1
03-May-2023	70d	amazonprime	MI6Section13	1
03-May-2023	70d	amazonprime	JunglistMovement95	1
03-May-2023	70d	amazonprime	cowntiokq	1
03-May-2023	70d	amazonprime	Comfortable-Hope5685	1
03-May-2023	70d	amazonprime	dontautotuneme	1
03-May-2023	70d	amazonprime	RoachedCoach	1
03-May-2023	70d	amazonprime	Jameswood79	1
03-May-2023	70d	amazonprime	ONEMILLIONCUNTS	1
03-May-2023	70d	amazonprime	flphotog35	1
03-May-2023	70d	amazonprime	Tonelessguide	1
03-May-2023	70d	amazonprime	BarZealousideal6727	1
03-May-2023	70d	amazonprime	yolomon420	1
03-May-2023	70d	amazonprime	Erocthundergod	1
03-May-2023	70d	amazonprime	funnadventure93	1
03-May-2023	70d	amazonprime	Lyingmeteor9179	1
03-May-2023	70d	amazonprime	CypherMcAfee	1
03-May-2023	70d	amazonprime	mcdulph	1
03-May-2023	70d	amazonprime	howmanymilesto	1
03-May-2023	70d	amazonprime	FLHCv2	1
03-May-2023	70d	amazonprime	Maximum_Prompt_5431	1
03-May-2023	70d	amazonprime	elusnuga	1
03-May-2023	70d	amazonprime	TheDon2016	1
03-May-2023	70d	amazonprime	DK-Bongos	1
03-May-2023	70d	amazonprime	UniqueWorldliness955	1
03-May-2023	70d	amazonprime	Afraid-Win-5685	1
03-May-2023	70d	amazonprime	Texocereus_yall	1
03-May-2023	70d	amazonprime	xXIISK47IIXx	1
03-May-2023	70d	amazonprime	Verfault	1
03-May-2023	70d	amazonprime	lucillabalmerino	1
03-May-2023	70d	amazonprime	Special_Art_0716	1
03-May-2023	70d	amazonprime	sofakng	1
03-May-2023	70d	amazonprime	Fluid-Pattern5724	1
03-May-2023	70d	amazonprime	purplegenji	1
03-May-2023	70d	amazonprime	JessicaNishe1003	1
03-May-2023	70d	amazonprime	Anubhav4570	1
03-May-2023	70d	amazonprime	ThisQuietLifeOfMine	1
03-May-2023	70d	amazonprime	Spybee007	1
03-May-2023	70d	amazonprime	Wintharrii	1
03-May-2023	70d	amazonprime	virilerogue	1
03-May-2023	70d	amazonprime	foldinthacheese	1
03-May-2023	70d	amazonprime	greatJimFarswell	1
03-May-2023	70d	amazonprime	KonGiann	1
03-May-2023	70d	amazonprime	ChocolateDoozy	1
03-May-2023	70d	amazonprime	-LittleLara-	1
03-May-2023	70d	amazonprime	anonymousguy9001	1
03-May-2023	70d	amazonprime	Anon5839472	1
03-May-2023	70d	amazonprime	jinoti	1
03-May-2023	70d	amazonprime	khadi86	1
03-May-2023	70d	amazonprime	Afraid-Astronomer886	1
03-May-2023	70d	amazonprime	Ugadawgfan70	1
03-May-2023	70d	amazonprime	Agent_Smith_345	1
03-May-2023	70d	amazonprime	Engorged-Rooster	1
03-May-2023	70d	amazonprime	Sabbyorina	1
03-May-2023	70d	amazonprime	mourkiki	1
03-May-2023	70d	amazonprime	lastrollontoilet	1
03-May-2023	70d	amazonprime	Street-Ad-1924	1
03-May-2023	70d	amazonprime	pauliegualtieri2	1
03-May-2023	70d	amazonprime	niyahaz	1
03-May-2023	70d	amazonprime	Riglow_Kun	1
03-May-2023	70d	amazonprime	kb466	1
03-May-2023	70d	amazonprime	BatmanIsAwesome15	1
03-May-2023	70d	amazonprime	Hungry_Jeff	1
03-May-2023	70d	amazonprime	Designer_Flatworm_28	1
03-May-2023	70d	amazonprime	popomopo	1
03-May-2023	70d	amazonprime	SadHome8062	1
03-May-2023	70d	amazonprime	Neat_Response1023	1
03-May-2023	70d	amazonprime	dohzed	1
03-May-2023	70d	amazonprime	savagezelda	1
03-May-2023	70d	amazonprime	BruceTighe	1
03-May-2023	70d	amazonprime	Mottes	1
03-May-2023	70d	amazonprime	MarvelBishUSA42	1
03-May-2023	70d	amazonprime	ApeasedTiger	1
03-May-2023	70d	amazonprime	Ill_Illustrator_4808	1
03-May-2023	70d	amazonprime	chopin09	1
03-May-2023	70d	amazonprime	DoAndroidsDrmOfSheep	1
03-May-2023	70d	amazonprime	VegetableGrapefruit	1
03-May-2023	70d	amazonprime	Poetry-Designer	1
03-May-2023	70d	amazonprime	EnvironmentalWash3	1
03-May-2023	70d	amazonprime	snacktician	1
03-May-2023	70d	amazonprime	----_____--_____----	1
03-May-2023	70d	amazonprime	pigeonsworkforthegov	1
03-May-2023	70d	amazonprime	Anxiousoup	1
03-May-2023	70d	amazonprime	AmongUsBike	1
03-May-2023	70d	amazonprime	Waxy_Tea	1
03-May-2023	70d	amazonprime	sluttttt	1
03-May-2023	70d	amazonprime	DivineBlackness	1
03-May-2023	70d	amazonprime	bomboclawt75	1
03-May-2023	70d	amazonprime	ResidentGuard6855	1
03-May-2023	70d	amazonprime	DarshilGoel	1
03-May-2023	70d	amazonprime	PsychologicalSwing97	1
03-May-2023	70d	amazonprime	birthdaythrowaway127	1
03-May-2023	70d	amazonprime	zekjj	1
03-May-2023	70d	amazonprime	ambarcapoor	1
03-May-2023	70d	amazonprime	marooned222	1
03-May-2023	70d	amazonprime	BeanC0unt3r	1
03-May-2023	70d	amazonprime	Woompa78	1
03-May-2023	70d	amazonprime	johnnyzipper	1
03-May-2023	70d	amazonprime	Turbulent-Owl-8160	1
03-May-2023	70d	amazonprime	DawnInOhio	1
03-May-2023	70d	amazonprime	nannabanana85	1
03-May-2023	70d	amazonprime	Flat-Slice4959	1
03-May-2023	70d	amazonprime	John_4380	1
03-May-2023	70d	amazonprime	GamersBlogX	1
03-May-2023	70d	amazonprime	Ach3r0n-	1
03-May-2023	70d	amazonprime	TheNumber152003	1
03-May-2023	70d	amazonprime	AAPL_CALLS	1
03-May-2023	70d	amazonprime	illlo123	1
03-May-2023	70d	amazonprime	Overall-Childhood-76	1
03-May-2023	70d	amazonprime	Significant-Loan659	1
03-May-2023	70d	amazonprime	actingupastorm	1
03-May-2023	70d	amazonprime	Popular-Exit-9908	1
03-May-2023	70d	amazonprime	Pearlsgalore	1
03-May-2023	70d	amazonprime	CyberGangLeader	1
03-May-2023	70d	amazonprime	gabbiecod	1
03-May-2023	70d	amazonprime	FooSnackBar	1
03-May-2023	70d	amazonprime	catseyesz	1
03-May-2023	70d	amazonprime	Glarus30	1
03-May-2023	70d	amazonprime	adi_188	1
03-May-2023	70d	amazonprime	ice_jjfish	1
03-May-2023	70d	amazonprime	Relative_Bar_8338	1
03-May-2023	70d	amazonprime	goldensurrender	1
03-May-2023	70d	amazonprime	Blofse	1
03-May-2023	70d	amazonprime	fntastk	1
03-May-2023	70d	amazonprime	the_marox	1
03-May-2023	70d	amazonprime	thesandman00	1
03-May-2023	70d	amazonprime	GreyhoundsAreFast	1
03-May-2023	70d	amazonprime	fledgling66	1
03-May-2023	70d	amazonprime	Still_Slifering	1
03-May-2023	70d	amazonprime	gheenuts	1
03-May-2023	70d	amazonprime	KiaBiaBananaFoFia	1
03-May-2023	70d	amazonprime	jamesj015	1
03-May-2023	70d	amazonprime	reallonerkid	1
03-May-2023	70d	amazonprime	alrtight	1
03-May-2023	70d	amazonprime	Pretty_Lingonberry93	1
03-May-2023	70d	amazonprime	shamalamadongola	1
03-May-2023	70d	amazonprime	Jhaasinterviews	1
03-May-2023	70d	amazonprime	SwimmingAd2319	1
03-May-2023	70d	amazonprime	mcdroid	1
03-May-2023	70d	amazonprime	jpuffy2	1
03-May-2023	70d	amazonprime	crkardys	1
03-May-2023	70d	amazonprime	Jestyn	1
03-May-2023	70d	amazonprime	beautyfashionaccount	1
03-May-2023	70d	amazonprime	Henckel17	1
03-May-2023	70d	amazonprime	ArugulaZ	1
03-May-2023	70d	amazonprime	A_PeculiarPeril	1
03-May-2023	70d	amazonprime	Akwing12	1
03-May-2023	70d	amazonprime	secrethottie_997	1
03-May-2023	70d	amazonprime	SpiritOfDest1ny	1
03-May-2023	70d	amazonprime	neverfailstodeliver	1
03-May-2023	70d	amazonprime	camm87	1
03-May-2023	70d	amazonprime	MrSizzem	1
03-May-2023	70d	amazonprime	WINNERMIND	1
03-May-2023	70d	amazonprime	ginny_and_draco	1
03-May-2023	70d	amazonprime	antihero_zero	1
03-May-2023	70d	amazonprime	aponalsoknownasapon	1
03-May-2023	70d	amazonprime	Futants_	1
03-May-2023	70d	amazonprime	Full_Ad_9555	1
03-May-2023	70d	amazonprime	XbazookajoX	1
03-May-2023	70d	amazonprime	imjustagrrll	1
03-May-2023	70d	amazonprime	Zealousideal_Film659	1
03-May-2023	70d	amazonprime	wassimjls	1
03-May-2023	70d	amazonprime	Professional_Use_540	1
03-May-2023	70d	amazonprime	Blueshound24	1
03-May-2023	70d	amazonprime	Wonderful_Water5588	1
03-May-2023	70d	amazonprime	Low_End3261	1
03-May-2023	70d	amazonprime	Oohbunnies	1
03-May-2023	70d	amazonprime	cuzintheboss	1
03-May-2023	70d	amazonprime	ClubFormer6189	1
03-May-2023	70d	amazonprime	Orange_center	1
03-May-2023	70d	amazonprime	Gh0stp3pp3r	1
03-May-2023	70d	amazonprime	Hohoho-you	1
03-May-2023	70d	amazonprime	WisconsinSportsFan12	1
03-May-2023	70d	amazonprime	woniwonu	1
03-May-2023	70d	amazonprime	cbraddy22	1
03-May-2023	70d	amazonprime	Pawlaka123	1
03-May-2023	70d	amazonprime	BrownzillaB	1
03-May-2023	70d	amazonprime	msgravyboat	1
03-May-2023	70d	amazonprime	JustSoHappy	1
03-May-2023	70d	amazonprime	ben_reda	1
03-May-2023	70d	amazonprime	xxxzct	1
03-May-2023	70d	amazonprime	Certain_Produce_6326	1
03-May-2023	70d	amazonprime	jackfrostyre	1
03-May-2023	70d	amazonprime	cheeselikeabrie	1
03-May-2023	70d	amazonprime	PancakeOnYoutube	1
03-May-2023	70d	amazonprime	Kanga_	1
03-May-2023	70d	amazonprime	drboofmaster	1
03-May-2023	70d	amazonprime	Thorfan23	1
03-May-2023	70d	amazonprime	maxiepad15	1
03-May-2023	70d	amazonprime	Poalesed	1
03-May-2023	70d	amazonprime	IcedColdMine	1
03-May-2023	70d	amazonprime	cant_pick_anything	1
03-May-2023	70d	amazonprime	thevillagesoprano	1
03-May-2023	70d	amazonprime	redatola	1
03-May-2023	70d	amazonprime	Rjk711	1
03-May-2023	70d	amazonprime	sganiexty	1
03-May-2023	70d	amazonprime	ReasonableAbility681	1
03-May-2023	70d	amazonprime	South_Safe1955	1
03-May-2023	70d	amazonprime	hotdogwaterbreath	1
03-May-2023	70d	amazonprime	Intrepid-Ebb7112	1
03-May-2023	70d	amazonprime	ozz9742	1
03-May-2023	70d	amazonprime	unhappygounlucky	1
03-May-2023	70d	amazonprime	Idealmonk	1
03-May-2023	70d	amazonprime	iilordd	1
03-May-2023	70d	amazonprime	Due_Satisfaction8567	1
03-May-2023	70d	amazonprime	drivingdisaster	1
03-May-2023	70d	amazonprime	Scared-Property-5717	1
03-May-2023	70d	amazonprime	feelingcoolblue	1
03-May-2023	70d	amazonprime	Ok-Reality-8289	1
03-May-2023	70d	amazonprime	Actual-Barnacle7494	1
03-May-2023	70d	amazonprime	elginjay	1
03-May-2023	70d	amazonprime	SirYeetusYeet	1
03-May-2023	70d	amazonprime	rb1jf1	1
03-May-2023	70d	amazonprime	Ok_Television233	1
03-May-2023	70d	amazonprime	bbgarnett	1
03-May-2023	70d	amazonprime	little_tom_cat	1
03-May-2023	70d	amazonprime	Southern_Fondant8637	1
03-May-2023	70d	amazonprime	Rizz0B	1
03-May-2023	70d	amazonprime	AlbatrossSame4440	1
03-May-2023	70d	amazonprime	Zestyclose_Cycle_126	1
03-May-2023	70d	amazonprime	MrDabbermen	1
03-May-2023	70d	amazonprime	bettyscardiigan	1
03-May-2023	70d	amazonprime	Psychological_Yam655	1
03-May-2023	70d	amazonprime	Minimum_Ad_347	1
03-May-2023	70d	amazonprime	Heisenberg333444	1
03-May-2023	70d	amazonprime	Lacter51	1
03-May-2023	70d	amazonprime	EntertainmentIcy5606	1
03-May-2023	70d	amazonprime	UABSamurai	1
03-May-2023	70d	amazonprime	Substantial-Citron86	1
03-May-2023	70d	amazonprime	Pizza_For_Days	1
03-May-2023	70d	amazonprime	massgain813	1
03-May-2023	70d	amazonprime	Vegetable-Jicama-365	1
03-May-2023	70d	amazonprime	LeadLongjumping797	1
03-May-2023	70d	amazonprime	-cheesymac-	1
03-May-2023	70d	amazonprime	z0mbic	1
03-May-2023	70d	amazonprime	heygoldy	1
03-May-2023	70d	amazonprime	EvolvingCyborg	1
03-May-2023	70d	amazonprime	-kizu-	1
03-May-2023	70d	amazonprime	daweathergirl	1
03-May-2023	70d	amazonprime	needledick_21	1
03-May-2023	70d	amazonprime	EarlOfFunk	1
03-May-2023	70d	amazonprime	Slambo3000	1
03-May-2023	70d	amazonprime	Chart_Legitimate	1
03-May-2023	70d	amazonprime	my4dogz	1
03-May-2023	70d	amazonprime	yourmamabighoe	1
03-May-2023	70d	amazonprime	DescriptionUpbeat327	1
03-May-2023	70d	amazonprime	mecomeback	1
03-May-2023	70d	amazonprime	Adventurousgal987	1
03-May-2023	70d	amazonprime	DweebsUnited	1
03-May-2023	70d	amazonprime	PuzzleMindedO	1
03-May-2023	70d	amazonprime	WholeTaylor	1
03-May-2023	70d	amazonprime	Halo3jumper	1
03-May-2023	70d	amazonprime	Soothsayer102	1
03-May-2023	70d	amazonprime	blue-mune	1
03-May-2023	70d	amazonprime	xampara	1
03-May-2023	70d	amazonprime	Chrisbradley1	1
03-May-2023	70d	amazonprime	seren1754	1
03-May-2023	70d	amazonprime	KatMagic1977	1
03-May-2023	70d	amazonprime	Material_Health4814	1
03-May-2023	70d	amazonprime	Sharrps	1
03-May-2023	70d	amazonprime	Batlantic	1
03-May-2023	70d	amazonprime	foofighters420	1
03-May-2023	70d	amazonprime	NotSoTraumAtiq	1
03-May-2023	70d	amazonprime	trireme32	1
03-May-2023	70d	amazonprime	Rohitbiswas12	1
03-May-2023	70d	amazonprime	maultify	1
03-May-2023	70d	amazonprime	pressFformysanity	1
03-May-2023	70d	amazonprime	callmedamfree	1
03-May-2023	70d	amazonprime	tallCyclone77	1
03-May-2023	70d	amazonprime	VestronVideo	1
03-May-2023	70d	amazonprime	Galore67	1
03-May-2023	70d	amazonprime	fosterlosthope	1
03-May-2023	70d	amazonprime	Im_Charming	1
03-May-2023	70d	amazonprime	femme_fatale2022	1
03-May-2023	70d	amazonprime	KillingThemGingerly	1
03-May-2023	70d	amazonprime	glo_kappo	1
03-May-2023	70d	amazonprime	smoketheevilpipe	1
03-May-2023	70d	amazonprime	MerzakKdp	1
03-May-2023	70d	amazonprime	Neons_Awesome	1
03-May-2023	70d	amazonprime	ruggedddy	1
03-May-2023	70d	amazonprime	nazz299	1
03-May-2023	70d	amazonprime	SHADOW-dragon789	1
03-May-2023	70d	amazonprime	LadyYukiKuran	1
03-May-2023	70d	amazonprime	Habarer	1
03-May-2023	70d	amazonprime	vdldjdgdkdjhfjfkh	1
03-May-2023	70d	amazonprime	PointyToenail	1
03-May-2023	70d	amazonprime	Jonathanwennstroem	1
03-May-2023	70d	amazonprime	sithl666rd	1
03-May-2023	70d	amazonprime	Splash-monkeys	1
03-May-2023	70d	amazonprime	Aceboy2005	1
03-May-2023	70d	amazonprime	ChickenInALocker	1
03-May-2023	70d	amazonprime	OObDaN00b	1
03-May-2023	70d	amazonprime	Ngatsby33	1
03-May-2023	70d	amazonprime	oOBlackRainOo	1
03-May-2023	70d	amazonprime	short_cervix_girlie	1
03-May-2023	70d	amazonprime	Live_Mall2110	1
03-May-2023	70d	amazonprime	Objective_Dot_4301	1
03-May-2023	70d	amazonprime	ochie927	1
03-May-2023	70d	amazonprime	HyperShxdow	1
03-May-2023	70d	amazonprime	stringjumper	1
03-May-2023	70d	amazonprime	eloitay	1
03-May-2023	70d	amazonprime	strawberryry	1
03-May-2023	70d	amazonprime	AdFree677	1
03-May-2023	70d	amazonprime	yuispg	1
03-May-2023	70d	amazonprime	alskdjfhaldsjkf	1
03-May-2023	70d	amazonprime	ZeR00ss	1
03-May-2023	70d	amazonprime	-Trueman-	1
03-May-2023	70d	amazonprime	phoncible	1
03-May-2023	70d	amazonprime	Potential_Scar6043	1
03-May-2023	70d	amazonprime	International-Wind73	1
03-May-2023	70d	amazonprime	Nightmaresituation	1
03-May-2023	70d	amazonprime	Adrianmage14	1
03-May-2023	70d	amazonprime	Ravinoz	1
03-May-2023	70d	amazonprime	AerieNo7337	1
03-May-2023	70d	amazonprime	Icy_Cold7783	1
03-May-2023	70d	amazonprime	TheKiller5860	1
03-May-2023	70d	amazonprime	alienbilly	1
03-May-2023	70d	amazonprime	darlenebeau	1
03-May-2023	70d	amazonprime	cyan000	1
03-May-2023	70d	amazonprime	Detail_Choice	1
03-May-2023	70d	amazonprime	sailormooooooooon	1
03-May-2023	70d	amazonprime	Sea_Survey6580	1
03-May-2023	70d	amazonprime	scoretemple	1
03-May-2023	70d	amazonprime	Jaded-Function	1
03-May-2023	70d	amazonprime	Smeargle-San	1
03-May-2023	70d	amazonprime	Elegant_Bad7488	1
03-May-2023	70d	amazonprime	tb12871287	1
03-May-2023	70d	amazonprime	Open-Air-Dojo	1
03-May-2023	70d	amazonprime	No-Membership-982	1
03-May-2023	70d	amazonprime	Bnred4	1
03-May-2023	70d	amazonprime	Peadmac	1
03-May-2023	70d	amazonprime	ChamPINOY	1
03-May-2023	70d	amazonprime	frenchhusky	1
03-May-2023	70d	amazonprime	Needleman52	1
03-May-2023	70d	amazonprime	Negative_Mushroom_69	1
03-May-2023	70d	amazonprime	zDavzBR	1
03-May-2023	70d	amazonprime	External_Ad8677	1
03-May-2023	70d	amazonprime	wasptube1	1
03-May-2023	70d	amazonprime	StockPractical400	1
03-May-2023	70d	amazonprime	roLkraLKk	1
03-May-2023	70d	amazonprime	tiddles_mcdinger	1
03-May-2023	70d	amazonprime	MrCacciatore1977	1
03-May-2023	70d	amazonprime	Caffeine-tor	1
03-May-2023	70d	amazonprime	m4ri2n0	1
03-May-2023	70d	amazonprime	strumthebuilding	1
03-May-2023	70d	amazonprime	rustyperiscope	1
03-May-2023	70d	amazonprime	WaffleGoat6969	1
03-May-2023	70d	amazonprime	PDXracer555	1
03-May-2023	70d	amazonprime	Puff_25	1
03-May-2023	70d	amazonprime	bknighttt	1
03-May-2023	70d	amazonprime	Generic_Schlub	1
03-May-2023	70d	amazonprime	MarcelTheSeal	1
03-May-2023	70d	amazonprime	bigalxyz	1
03-May-2023	70d	amazonprime	ViVianic	1
03-May-2023	70d	amazonprime	imsharath	1
03-May-2023	70d	amazonprime	SpaceyAndrew	1
03-May-2023	70d	amazonprime	bruv4723	1
03-May-2023	70d	amazonprime	one-eyed-wils	1
03-May-2023	70d	amazonprime	Old_Persimmon9793	1
03-May-2023	70d	amazonprime	AmAnthing	1
03-May-2023	70d	amazonprime	plafratt	1
03-May-2023	70d	amazonprime	hehehebebec	1
03-May-2023	70d	amazonprime	galaxycat7	1
03-May-2023	70d	amazonprime	onedayatatime12357	1
03-May-2023	70d	amazonprime	Haunting_Ad_9486	1
03-May-2023	70d	amazonprime	thiccysticky69	1
03-May-2023	70d	amazonprime	Professional_Fill364	1
03-May-2023	70d	amazonprime	Giroroxk	1
03-May-2023	70d	amazonprime	Marcus4lyfe	1
03-May-2023	70d	amazonprime	iviui2d3i2	1
03-May-2023	70d	amazonprime	Different_Beat_8970	1
03-May-2023	70d	amazonprime	No-Yogurtcloset-993	1
03-May-2023	70d	amazonprime	CloudSquatch	1
03-May-2023	70d	amazonprime	MmaOverSportsball	1
03-May-2023	70d	amazonprime	electronic_docter	1
03-May-2023	70d	amazonprime	miaheat1	1
03-May-2023	70d	amazonprime	Coochiemudlo	1
03-May-2023	70d	amazonprime	bikopolis	1
03-May-2023	70d	amazonprime	actuallyonfuckinfire	1
03-May-2023	70d	amazonprime	ReanuuKeeeves	1
03-May-2023	70d	amazonprime	ProposalSufficient25	1
03-May-2023	70d	amazonprime	JacobDziki	1
03-May-2023	70d	amazonprime	amny0913	1
03-May-2023	70d	amazonprime	PresidentPeterRusso	1
03-May-2023	70d	amazonprime	mtmirror	1
03-May-2023	70d	amazonprime	No-Activity-5936	1
03-May-2023	70d	amazonprime	its_aq	1
03-May-2023	70d	amazonprime	PeppermintPig	1
03-May-2023	70d	amazonprime	funkypandaz	1
03-May-2023	70d	amazonprime	CyberbrainGaming	1
03-May-2023	70d	amazonprime	drdrizzy13	1
03-May-2023	70d	amazonprime	Pepo_POP	1
03-May-2023	70d	amazonprime	Scubaboom	1
03-May-2023	70d	amazonprime	neuikc	1
03-May-2023	70d	amazonprime	GTA5PS3MODS	1
03-May-2023	70d	amazonprime	looker009	1
03-May-2023	70d	amazonprime	mrsgalvezghost	1
03-May-2023	70d	amazonprime	MercuricVenus	1
03-May-2023	70d	amazonprime	nobearpineapples	1
03-May-2023	70d	amazonprime	freddyPowell	1
03-May-2023	70d	amazonprime	Knurlfist83	1
03-May-2023	70d	amazonprime	khaledbi	1
03-May-2023	70d	amazonprime	PickyATX	1
03-May-2023	70d	amazonprime	sebastianmorgenstern	1
03-May-2023	70d	amazonprime	PopeBacon111	1
03-May-2023	70d	amazonprime	jerijmeekins	1
03-May-2023	70d	amazonprime	No_Impression_6519	1
03-May-2023	70d	amazonprime	Joncrew	1
03-May-2023	70d	amazonprime	Jalebdo	1
03-May-2023	70d	amazonprime	DEATH_KILLER5373	1
03-May-2023	70d	amazonprime	speedypoultry	1
03-May-2023	70d	amazonprime	cat-mommy	1
03-May-2023	70d	amazonprime	madumbass	1
03-May-2023	70d	amazonprime	attiyathegreat	1
03-May-2023	70d	amazonprime	adybouzayani	1
03-May-2023	70d	amazonprime	The-War-Life	1
03-May-2023	70d	amazonprime	usulidircotiido	1
03-May-2023	70d	amazonprime	OctoberMutt	1
03-May-2023	70d	amazonprime	Tarek360	1
03-May-2023	70d	amazonprime	Bruwinz06	1
03-May-2023	70d	amazonprime	Medium-Impress-7402	1
03-May-2023	70d	amazonprime	Jonny-Marx	1
03-May-2023	70d	amazonprime	Aerionne	1
03-May-2023	70d	amazonprime	Tsiphon	1
03-May-2023	70d	amazonprime	QuickContribution888	1
03-May-2023	70d	amazonprime	Skogkatt_Rust	1
03-May-2023	70d	amazonprime	weeklypatatas	1
03-May-2023	70d	amazonprime	death_by_options	1
03-May-2023	70d	amazonprime	JudCasper68	1
03-May-2023	70d	amazonprime	emcrl10	1
03-May-2023	70d	amazonprime	toweroflore	1
03-May-2023	70d	amazonprime	trulydrinks	1
03-May-2023	70d	amazonprime	glbltvlr	1
03-May-2023	70d	amazonprime	ChiliGilly	1
03-May-2023	70d	amazonprime	ebagdrofk	1
03-May-2023	70d	amazonprime	FUCKPUTIN2022LOL	1
03-May-2023	70d	amazonprime	pure-gold-baby	1
03-May-2023	70d	amazonprime	TreySoWavvyy	1
03-May-2023	70d	amazonprime	EmployerIll3471	1
03-May-2023	70d	amazonprime	FreedomEagle76	1
03-May-2023	70d	amazonprime	NeckSlitsNChill	1
03-May-2023	70d	amazonprime	tzopjal	1
03-May-2023	70d	amazonprime	koithrowin	1
03-May-2023	70d	amazonprime	jankular	1
03-May-2023	70d	amazonprime	LeatherMaintenance58	1
03-May-2023	70d	amazonprime	obscvne	1
03-May-2023	70d	amazonprime	ExpertMurky6316	1
03-May-2023	70d	amazonprime	Zurevu	1
03-May-2023	70d	amazonprime	likkleSosa	1
03-May-2023	70d	amazonprime	saul2015	1
03-May-2023	70d	amazonprime	huskia2	1
03-May-2023	70d	amazonprime	ChrisLenga	1
03-May-2023	70d	amazonprime	blondewassabi	1
03-May-2023	70d	amazonprime	iphone14pro09	1
03-May-2023	70d	amazonprime	convsbot	1
03-May-2023	70d	amazonprime	I-Am_9	1
03-May-2023	70d	amazonprime	bestdogpup	1
03-May-2023	70d	amazonprime	DrChurn	1
03-May-2023	70d	amazonprime	casually97	1
03-May-2023	70d	amazonprime	tb36cn	1
03-May-2023	70d	amazonprime	AkiraSieghart	1
03-May-2023	70d	amazonprime	Traditional-Leg-4954	1
03-May-2023	70d	amazonprime	HayesMachinery	1
03-May-2023	70d	amazonprime	Ready-Cryptographer	1
03-May-2023	70d	amazonprime	AdriftMusic	1
03-May-2023	70d	amazonprime	B3aRCats3	1
03-May-2023	70d	amazonprime	Own-Needleworker6705	1
