query_date	before_date	subreddit	comment_author	comment_frequency
03-May-2023	0d	kindlefire	Fr0gm4n	41
03-May-2023	0d	kindlefire	uniquemobildevicefan	40
03-May-2023	0d	kindlefire	bluepond20	39
03-May-2023	0d	kindlefire	tombunyon0	21
03-May-2023	0d	kindlefire	Tigershawk	18
03-May-2023	0d	kindlefire	AutoModerator	17
03-May-2023	0d	kindlefire	asdecor	17
03-May-2023	0d	kindlefire	TicFan67	15
03-May-2023	0d	kindlefire	[deleted]	14
03-May-2023	0d	kindlefire	kschang	12
03-May-2023	0d	kindlefire	RedMapleBat	12
03-May-2023	0d	kindlefire	katehenry4133	10
03-May-2023	0d	kindlefire	GuanoLoopy	10
03-May-2023	0d	kindlefire	masklins	10
03-May-2023	0d	kindlefire	Oragami	8
03-May-2023	0d	kindlefire	Icy-Book2999	8
03-May-2023	0d	kindlefire	rlowens	8
03-May-2023	0d	kindlefire	MarknDC	7
03-May-2023	0d	kindlefire	Rendered_Plate72	7
03-May-2023	0d	kindlefire	swNac	6
03-May-2023	0d	kindlefire	throwaway19791980	6
03-May-2023	0d	kindlefire	Ok-Smoke-5653	6
03-May-2023	0d	kindlefire	FF267	6
03-May-2023	0d	kindlefire	Dhawkins541	6
03-May-2023	0d	kindlefire	player074413191	6
03-May-2023	0d	kindlefire	zitsky	5
03-May-2023	0d	kindlefire	losangeleskingsfan	5
03-May-2023	0d	kindlefire	bballfan86	5
03-May-2023	0d	kindlefire	Thundrbldr	5
03-May-2023	0d	kindlefire	Sexylexy1010	5
03-May-2023	0d	kindlefire	AmbushBugged	5
03-May-2023	0d	kindlefire	One-Bus-9006	5
03-May-2023	0d	kindlefire	U8dcN7vx	5
03-May-2023	0d	kindlefire	calculon68	5
03-May-2023	0d	kindlefire	AirLexington	5
03-May-2023	0d	kindlefire	swissarmy914	5
03-May-2023	0d	kindlefire	jamxil	5
03-May-2023	0d	kindlefire	bryanthehorrible	5
03-May-2023	0d	kindlefire	Funnyduck100	5
03-May-2023	0d	kindlefire	Outrageous_Tear7744	4
03-May-2023	0d	kindlefire	idspispopd888	4
03-May-2023	0d	kindlefire	Aggravating_Soil3006	4
03-May-2023	0d	kindlefire	ArugulaZ	4
03-May-2023	0d	kindlefire	K0ning	4
03-May-2023	0d	kindlefire	HelpfulLife5355	4
03-May-2023	0d	kindlefire	Affectionate_Try_836	4
03-May-2023	0d	kindlefire	iforget_iremember	4
03-May-2023	0d	kindlefire	BDThrills	4
03-May-2023	0d	kindlefire	ZacBobisKing	4
03-May-2023	0d	kindlefire	jacle2210	4
03-May-2023	0d	kindlefire	DJCPT	4
03-May-2023	0d	kindlefire	SouLsLie	4
03-May-2023	0d	kindlefire	eeyorewinners	3
03-May-2023	0d	kindlefire	newageretrospectre	3
03-May-2023	0d	kindlefire	Gomphos	3
03-May-2023	0d	kindlefire	RdmDadGuy	3
03-May-2023	0d	kindlefire	Atem1995	3
03-May-2023	0d	kindlefire	WhatABunchofBologna	3
03-May-2023	0d	kindlefire	ThaneOfCawdorrr	3
03-May-2023	0d	kindlefire	Eddies_goat_milk	3
03-May-2023	0d	kindlefire	MyWay0rHighway_210	3
03-May-2023	0d	kindlefire	Accomplished_Wolf	3
03-May-2023	0d	kindlefire	Jesterstear99	3
03-May-2023	0d	kindlefire	No_Carry_3991	3
03-May-2023	0d	kindlefire	Yanny57Reddit	3
03-May-2023	0d	kindlefire	HoodedJimbob	3
03-May-2023	0d	kindlefire	ArchXIII	3
03-May-2023	0d	kindlefire	lordrakim	3
03-May-2023	0d	kindlefire	Sorry_Net_T	3
03-May-2023	0d	kindlefire	rogueapex	3
03-May-2023	0d	kindlefire	xr4cy	3
03-May-2023	0d	kindlefire	ominouslydamp	3
03-May-2023	0d	kindlefire	kittydoc12	3
03-May-2023	0d	kindlefire	Jappy_toutou	3
03-May-2023	0d	kindlefire	vlarkvaaran	3
03-May-2023	0d	kindlefire	TrustLeft	3
03-May-2023	0d	kindlefire	er101plus	3
03-May-2023	0d	kindlefire	friendlyx3	3
03-May-2023	0d	kindlefire	GeeLee80	3
03-May-2023	0d	kindlefire	kerrywilliam8720	3
03-May-2023	0d	kindlefire	crispy_nomad	3
03-May-2023	0d	kindlefire	Illyana_Dallas222	3
03-May-2023	0d	kindlefire	ShadowD_	3
03-May-2023	0d	kindlefire	Chok3U	3
03-May-2023	0d	kindlefire	TheOnlyUnbreakable1	3
03-May-2023	0d	kindlefire	Epydemic2020	3
03-May-2023	0d	kindlefire	usdang	3
03-May-2023	0d	kindlefire	Mashbill_Hunter	3
03-May-2023	0d	kindlefire	Hazarddriver	3
03-May-2023	0d	kindlefire	Asleep-Bid-5420	3
03-May-2023	0d	kindlefire	Tight_Cicada_3415	3
03-May-2023	0d	kindlefire	Fearless-Buffalo-549	3
03-May-2023	0d	kindlefire	G-Toke	2
03-May-2023	0d	kindlefire	NickLoner	2
03-May-2023	0d	kindlefire	Hard_We_Know	2
03-May-2023	0d	kindlefire	H1landr	2
03-May-2023	0d	kindlefire	EastAlternative8951	2
03-May-2023	0d	kindlefire	spid4312	2
03-May-2023	0d	kindlefire	e650man	2
03-May-2023	0d	kindlefire	MacAndCheese_User	2
03-May-2023	0d	kindlefire	thismemeinhistory	2
03-May-2023	0d	kindlefire	mopeyjoe	2
03-May-2023	0d	kindlefire	Quejia	2
03-May-2023	0d	kindlefire	ILoveJTT	2
03-May-2023	0d	kindlefire	korriezo	2
03-May-2023	0d	kindlefire	FallenAngelWorshiper	2
03-May-2023	0d	kindlefire	AbaloneNegative8604	2
03-May-2023	0d	kindlefire	the_atmosphere	2
03-May-2023	0d	kindlefire	akshunj	2
03-May-2023	0d	kindlefire	YamiRaziel91	2
03-May-2023	0d	kindlefire	Farmer_Sim5485	2
03-May-2023	0d	kindlefire	Doug6388	2
03-May-2023	0d	kindlefire	alidan	2
03-May-2023	0d	kindlefire	surfingbaer	2
03-May-2023	0d	kindlefire	drowning_panda	2
03-May-2023	0d	kindlefire	Drm5145	2
03-May-2023	0d	kindlefire	DariusIV	2
03-May-2023	0d	kindlefire	AndyPryceManUtd	2
03-May-2023	0d	kindlefire	richietee757	2
03-May-2023	0d	kindlefire	anonanon1313	2
03-May-2023	0d	kindlefire	Sp00kbee	2
03-May-2023	0d	kindlefire	mac18326	2
03-May-2023	0d	kindlefire	Aware-Check832	2
03-May-2023	0d	kindlefire	TufTed2003	2
03-May-2023	0d	kindlefire	BrooklynCactus	2
03-May-2023	0d	kindlefire	zombuca	2
03-May-2023	0d	kindlefire	soullessoptimism	2
03-May-2023	0d	kindlefire	rfh1987	2
03-May-2023	0d	kindlefire	CVGPi	2
03-May-2023	0d	kindlefire	RobloxModerationSux9	2
03-May-2023	0d	kindlefire	Z0oma	2
03-May-2023	0d	kindlefire	Pandamoanium777	2
03-May-2023	0d	kindlefire	Beaverdam11	2
03-May-2023	0d	kindlefire	BenzoV	2
03-May-2023	0d	kindlefire	willwar63	2
03-May-2023	0d	kindlefire	neffy_neff	2
03-May-2023	0d	kindlefire	Isteppedonabee	2
03-May-2023	0d	kindlefire	Frank_chevelle	2
03-May-2023	0d	kindlefire	maierxiaqu	2
03-May-2023	0d	kindlefire	Gasawok	2
03-May-2023	0d	kindlefire	Toothless_NEO	2
03-May-2023	0d	kindlefire	Zanki	2
03-May-2023	0d	kindlefire	Champion-Racer12	2
03-May-2023	0d	kindlefire	Cartesian_Circle	2
03-May-2023	0d	kindlefire	buxzythebeeeeeeee	2
03-May-2023	0d	kindlefire	Randolph_Carter_666	2
03-May-2023	0d	kindlefire	Olson_Duck	2
03-May-2023	0d	kindlefire	katie_elizabeth_2	2
03-May-2023	0d	kindlefire	Border_Relevant	2
03-May-2023	0d	kindlefire	thegr8goldfish	2
03-May-2023	0d	kindlefire	MassenasEyepatch	2
03-May-2023	0d	kindlefire	Georgy_K_Zhukov	2
03-May-2023	0d	kindlefire	hmwkamikaze	2
03-May-2023	0d	kindlefire	_ingrah	2
03-May-2023	0d	kindlefire	salteedog007	2
03-May-2023	0d	kindlefire	JLHockeyKnight	2
03-May-2023	0d	kindlefire	WaRRioRz0rz	2
03-May-2023	0d	kindlefire	AmazonMRA	2
03-May-2023	0d	kindlefire	Pookells	2
03-May-2023	0d	kindlefire	rwallaceva	2
03-May-2023	0d	kindlefire	Mattm519	2
03-May-2023	0d	kindlefire	greypic	2
03-May-2023	0d	kindlefire	Linclin	2
03-May-2023	0d	kindlefire	edogggy	2
03-May-2023	0d	kindlefire	Ansomat	2
03-May-2023	0d	kindlefire	Here_4_Laughs_1983	2
03-May-2023	0d	kindlefire	emeraldgirl08	2
03-May-2023	0d	kindlefire	one_fifty_six	1
03-May-2023	0d	kindlefire	GrouchyBluebird2218	1
03-May-2023	0d	kindlefire	GameOfThrowInsMate	1
03-May-2023	0d	kindlefire	tyler-loves_ukraine	1
03-May-2023	0d	kindlefire	underscores_are_good	1
03-May-2023	0d	kindlefire	Fluid-Region-5851	1
03-May-2023	0d	kindlefire	Low_Job1600	1
03-May-2023	0d	kindlefire	guyflannigan	1
03-May-2023	0d	kindlefire	MorSuljyn	1
03-May-2023	0d	kindlefire	Science32698	1
03-May-2023	0d	kindlefire	SLagonia	1
03-May-2023	0d	kindlefire	Comfortable_Web1852	1
03-May-2023	0d	kindlefire	american_defector	1
03-May-2023	0d	kindlefire	CFKodi	1
03-May-2023	0d	kindlefire	Thundershadow1111	1
03-May-2023	0d	kindlefire	Sunfried	1
03-May-2023	0d	kindlefire	SnooDoubts9836	1
03-May-2023	0d	kindlefire	Little_Bub	1
03-May-2023	0d	kindlefire	SReds-22	1
03-May-2023	0d	kindlefire	vjreg	1
03-May-2023	0d	kindlefire	No-Emotion-3830	1
03-May-2023	0d	kindlefire	chriswhinds	1
03-May-2023	0d	kindlefire	riverajerry4	1
03-May-2023	0d	kindlefire	____RangerLamar____	1
03-May-2023	0d	kindlefire	aardy	1
03-May-2023	0d	kindlefire	heylookmaimadeitx	1
03-May-2023	0d	kindlefire	ILeftItAtHome	1
03-May-2023	0d	kindlefire	gewver	1
03-May-2023	0d	kindlefire	WhatWouldBBtonoDo	1
03-May-2023	0d	kindlefire	RawWulf	1
03-May-2023	0d	kindlefire	Fit-Band-7633	1
03-May-2023	0d	kindlefire	egg__irl	1
03-May-2023	0d	kindlefire	JoeDerp77	1
03-May-2023	0d	kindlefire	susuomlu	1
03-May-2023	0d	kindlefire	KillRideMedley	1
03-May-2023	0d	kindlefire	TheDovahkiinsDad	1
03-May-2023	0d	kindlefire	KumaTheKitsune	1
03-May-2023	0d	kindlefire	WrongJump1	1
03-May-2023	0d	kindlefire	ccbbb23	1
03-May-2023	0d	kindlefire	Gregels223	1
03-May-2023	0d	kindlefire	Yatagarasu50469	1
03-May-2023	0d	kindlefire	mcfly856	1
03-May-2023	0d	kindlefire	Smeders94	1
03-May-2023	0d	kindlefire	sixpackshaker	1
03-May-2023	0d	kindlefire	writesbinary	1
03-May-2023	0d	kindlefire	BliteKnight	1
03-May-2023	0d	kindlefire	TheKodiakwild	1
03-May-2023	0d	kindlefire	nabihana	1
03-May-2023	0d	kindlefire	IHadADreamIWasAMeme	1
03-May-2023	0d	kindlefire	captbluetooth	1
03-May-2023	0d	kindlefire	zzbit	1
03-May-2023	0d	kindlefire	rainbowdash452	1
03-May-2023	0d	kindlefire	ArmchairNeckbeard	1
03-May-2023	0d	kindlefire	MXPIE01	1
03-May-2023	0d	kindlefire	ebola_flakes_II	1
03-May-2023	0d	kindlefire	SoMundayn	1
03-May-2023	0d	kindlefire	GENERAT10N_D00M	1
03-May-2023	0d	kindlefire	Wenamon	1
03-May-2023	0d	kindlefire	iowastreet2	1
03-May-2023	0d	kindlefire	BoonTobias	1
03-May-2023	0d	kindlefire	Mr_Gaming_Beast	1
03-May-2023	0d	kindlefire	fujisan0388	1
03-May-2023	0d	kindlefire	cepenpark	1
03-May-2023	0d	kindlefire	DiceRolla88	1
03-May-2023	0d	kindlefire	beetnemesis	1
03-May-2023	0d	kindlefire	Woefully-Esoteric	1
03-May-2023	0d	kindlefire	russ262535atgmale	1
03-May-2023	0d	kindlefire	Ohgudu	1
03-May-2023	0d	kindlefire	Maxtocco	1
03-May-2023	0d	kindlefire	zuby_jalal	1
03-May-2023	0d	kindlefire	jrichard326	1
03-May-2023	0d	kindlefire	christi876	1
03-May-2023	0d	kindlefire	importedexport	1
03-May-2023	0d	kindlefire	phmeyerwi	1
03-May-2023	0d	kindlefire	dragonsamus	1
03-May-2023	0d	kindlefire	Wraeyth	1
03-May-2023	0d	kindlefire	KVA1	1
03-May-2023	0d	kindlefire	Western-Laugh8031	1
03-May-2023	0d	kindlefire	kassail	1
03-May-2023	0d	kindlefire	TheLinuxNative	1
03-May-2023	0d	kindlefire	thegirlleastlikelyto	1
03-May-2023	0d	kindlefire	33mark33as33read33	1
03-May-2023	0d	kindlefire	Minecraftchest2	1
03-May-2023	0d	kindlefire	EdZep789	1
03-May-2023	0d	kindlefire	Maximum_Employer5580	1
03-May-2023	0d	kindlefire	GrassGreen983	1
03-May-2023	0d	kindlefire	DDS-029	1
03-May-2023	0d	kindlefire	AgentPeggyCarter	1
03-May-2023	0d	kindlefire	cakeresurfacer	1
03-May-2023	0d	kindlefire	throwawaymomof4	1
03-May-2023	0d	kindlefire	cugrad16	1
03-May-2023	0d	kindlefire	Bkm150	1
03-May-2023	0d	kindlefire	theguardian009	1
03-May-2023	0d	kindlefire	mickoz	1
03-May-2023	0d	kindlefire	Strange-Tea-4620	1
03-May-2023	0d	kindlefire	strikers84	1
03-May-2023	0d	kindlefire	DJ_Ponce	1
03-May-2023	0d	kindlefire	duc916	1
03-May-2023	0d	kindlefire	the-holocron	1
03-May-2023	0d	kindlefire	dingaberri40	1
03-May-2023	0d	kindlefire	NLGsy	1
03-May-2023	0d	kindlefire	Sodola321	1
03-May-2023	0d	kindlefire	rockinandrollinAine	1
03-May-2023	0d	kindlefire	EnptCoopCBus	1
03-May-2023	0d	kindlefire	m4n715	1
03-May-2023	0d	kindlefire	Educational_Cut_8948	1
03-May-2023	0d	kindlefire	angelshmangel	1
03-May-2023	0d	kindlefire	Square_Comfort209	1
03-May-2023	0d	kindlefire	tcptennis	1
03-May-2023	0d	kindlefire	qrayons	1
03-May-2023	0d	kindlefire	CoffeeBaron	1
03-May-2023	0d	kindlefire	Aggressive-Brick1024	1
03-May-2023	0d	kindlefire	MingusVonHavamalt	1
03-May-2023	0d	kindlefire	w0lfqu33n	1
03-May-2023	0d	kindlefire	Elaine1959	1
03-May-2023	0d	kindlefire	Markaes4	1
03-May-2023	0d	kindlefire	Stated-sins	1
03-May-2023	0d	kindlefire	qc_win87	1
03-May-2023	0d	kindlefire	Arnas_Z	1
03-May-2023	0d	kindlefire	BRAIN_JAR_thesecond	1
03-May-2023	0d	kindlefire	Explodey_Wolf	1
03-May-2023	0d	kindlefire	neill83	1
03-May-2023	0d	kindlefire	chrstn43	1
03-May-2023	0d	kindlefire	shooter_tx	1
03-May-2023	0d	kindlefire	Bcqtpie	1
03-May-2023	0d	kindlefire	SyedaAbi	1
03-May-2023	0d	kindlefire	Used-Establishment86	1
03-May-2023	0d	kindlefire	Salt_Ratio_1243	1
03-May-2023	0d	kindlefire	Eiion	1
03-May-2023	0d	kindlefire	Wild-Invite3839	1
03-May-2023	0d	kindlefire	umaradam1990	1
03-May-2023	0d	kindlefire	i__indisCriMiNatE	1
03-May-2023	0d	kindlefire	D1G1TAL_SYNAPS3	1
03-May-2023	0d	kindlefire	joshmsr	1
03-May-2023	0d	kindlefire	gelomon	1
03-May-2023	0d	kindlefire	Succsy	1
03-May-2023	0d	kindlefire	STaCKsGoTTi	1
03-May-2023	0d	kindlefire	BootyButtPirate	1
03-May-2023	0d	kindlefire	booksncatsn	1
03-May-2023	0d	kindlefire	Raveen396	1
03-May-2023	0d	kindlefire	DaBoomerang	1
03-May-2023	0d	kindlefire	mhartog92	1
03-May-2023	0d	kindlefire	danaross	1
03-May-2023	0d	kindlefire	davidlgood	1
03-May-2023	0d	kindlefire	Lumbadude94	1
03-May-2023	0d	kindlefire	Heavy-Dirt9874	1
03-May-2023	0d	kindlefire	Rachelt-20	1
03-May-2023	0d	kindlefire	STcmOCSD	1
03-May-2023	0d	kindlefire	KookyKrista	1
03-May-2023	0d	kindlefire	ModConMom	1
03-May-2023	0d	kindlefire	Vivid-Ad9340	1
03-May-2023	0d	kindlefire	bananaloaf88	1
03-May-2023	0d	kindlefire	Burnhaven	1
03-May-2023	0d	kindlefire	LTCirabisi	1
03-May-2023	0d	kindlefire	Kat1653	1
03-May-2023	0d	kindlefire	beezanteeum	1
03-May-2023	0d	kindlefire	penitentangent	1
03-May-2023	0d	kindlefire	Brystvorter	1
03-May-2023	0d	kindlefire	Far-Combination-7809	1
03-May-2023	0d	kindlefire	mohossama	1
03-May-2023	0d	kindlefire	Leo_Expose	1
03-May-2023	0d	kindlefire	aegrotatio	1
03-May-2023	0d	kindlefire	glutenconcentrate	1
03-May-2023	0d	kindlefire	astegra	1
03-May-2023	0d	kindlefire	nanham59	1
03-May-2023	0d	kindlefire	Chunky-Chowder-3000	1
03-May-2023	0d	kindlefire	IrishSwede74	1
03-May-2023	0d	kindlefire	AgencyExternal4003	1
03-May-2023	0d	kindlefire	Darksol503	1
03-May-2023	0d	kindlefire	lichenihil	1
03-May-2023	0d	kindlefire	huntangather	1
03-May-2023	0d	kindlefire	LogoGraphica	1
03-May-2023	0d	kindlefire	Phlubber	1
03-May-2023	0d	kindlefire	Blue387	1
03-May-2023	0d	kindlefire	Low_Outlandishness_8	1
03-May-2023	0d	kindlefire	RichyAnthy	1
03-May-2023	0d	kindlefire	culturalproduct	1
03-May-2023	0d	kindlefire	Bumataur	1
03-May-2023	0d	kindlefire	ashraf_r	1
03-May-2023	0d	kindlefire	kontrabasso1983	1
03-May-2023	0d	kindlefire	Ok-Comparison-1717	1
03-May-2023	0d	kindlefire	Konarkanuck	1
03-May-2023	0d	kindlefire	NycTony	1
03-May-2023	0d	kindlefire	kinejara	1
03-May-2023	0d	kindlefire	howdelicateisdeath	1
03-May-2023	0d	kindlefire	smeghead9916	1
03-May-2023	0d	kindlefire	garylapointe	1
03-May-2023	0d	kindlefire	Meeseekslookatmee	1
03-May-2023	0d	kindlefire	Robotic8040	1
03-May-2023	0d	kindlefire	C-Vpupeting	1
03-May-2023	0d	kindlefire	Safe-Meeting9561	1
03-May-2023	0d	kindlefire	Gigiwalters	1
03-May-2023	0d	kindlefire	beckysma	1
03-May-2023	0d	kindlefire	wvilberg	1
03-May-2023	0d	kindlefire	teddyj94	1
03-May-2023	0d	kindlefire	4AMaverick	1
03-May-2023	0d	kindlefire	8nsay	1
03-May-2023	0d	kindlefire	virtualmeta	1
03-May-2023	0d	kindlefire	Halaku	1
03-May-2023	0d	kindlefire	shaunovision	1
03-May-2023	0d	kindlefire	TallTom70	1
03-May-2023	0d	kindlefire	DanielDKitteringham	1
03-May-2023	0d	kindlefire	Weddingthrowawa9	1
03-May-2023	0d	kindlefire	_biggerthanthesound_	1
03-May-2023	0d	kindlefire	imperialguy3	1
03-May-2023	0d	kindlefire	T3RHS4	1
03-May-2023	0d	kindlefire	Kieran_Mc	1
03-May-2023	0d	kindlefire	rudedog71	1
03-May-2023	0d	kindlefire	TeamMuted	1
03-May-2023	0d	kindlefire	Double_Wallaby1765	1
03-May-2023	0d	kindlefire	WankingWanderer	1
03-May-2023	0d	kindlefire	leakysourcream	1
03-May-2023	0d	kindlefire	grantdb	1
03-May-2023	0d	kindlefire	Ok-Sandwich-572	1
03-May-2023	0d	kindlefire	sunnydays2023	1
03-May-2023	0d	kindlefire	following_eyes	1
03-May-2023	0d	kindlefire	Eusebas	1
03-May-2023	0d	kindlefire	PhantasyConcepts	1
03-May-2023	0d	kindlefire	gigi_bea	1
03-May-2023	0d	kindlefire	Fatalah	1
03-May-2023	0d	kindlefire	tips4490	1
03-May-2023	0d	kindlefire	NCResident5	1
03-May-2023	0d	kindlefire	ItWorkedLastTime	1
03-May-2023	0d	kindlefire	Paulrgos	1
03-May-2023	0d	kindlefire	BongoGabora	1
03-May-2023	0d	kindlefire	mikerapegoobies	1
03-May-2023	0d	kindlefire	Ryan_e3p	1
03-May-2023	0d	kindlefire	-Iron_Bear-	1
03-May-2023	0d	kindlefire	brichards11	1
03-May-2023	0d	kindlefire	slapula	1
03-May-2023	0d	kindlefire	spark529	1
03-May-2023	0d	kindlefire	antihaze	1
03-May-2023	0d	kindlefire	BriefTomatillo985	1
03-May-2023	0d	kindlefire	bryanUC	1
03-May-2023	0d	kindlefire	wayho66	1
03-May-2023	0d	kindlefire	lecupcakepirate	1
03-May-2023	0d	kindlefire	_theRIX	1
03-May-2023	0d	kindlefire	randorhymes	1
03-May-2023	0d	kindlefire	404invalid-user	1
03-May-2023	0d	kindlefire	martinbaines	1
03-May-2023	0d	kindlefire	Mystery1001	1
03-May-2023	0d	kindlefire	_Aleos_	1
03-May-2023	0d	kindlefire	Toxicfox33	1
03-May-2023	0d	kindlefire	TakenGiny	1
03-May-2023	0d	kindlefire	zlixir	1
03-May-2023	0d	kindlefire	ezapper2	1
03-May-2023	0d	kindlefire	nakeynerd	1
03-May-2023	0d	kindlefire	HitchToldu	1
03-May-2023	0d	kindlefire	Luther_Artwright	1
03-May-2023	0d	kindlefire	kresbok	1
03-May-2023	0d	kindlefire	twelvefifityone	1
03-May-2023	0d	kindlefire	penniesmammy	1
03-May-2023	0d	kindlefire	Soft-Lips	1
03-May-2023	0d	kindlefire	EmmyMommy	1
03-May-2023	0d	kindlefire	nimrodhellfire	1
03-May-2023	0d	kindlefire	3meta5u	1
