query_date	before_date	subreddit	comment_author	comment_frequency
03-May-2023	60d	kindlefire	Fr0gm4n	60
03-May-2023	60d	kindlefire	uniquemobildevicefan	31
03-May-2023	60d	kindlefire	Champion-Racer12	28
03-May-2023	60d	kindlefire	[deleted]	22
03-May-2023	60d	kindlefire	bluepond20	20
03-May-2023	60d	kindlefire	AutoModerator	19
03-May-2023	60d	kindlefire	TicFan67	17
03-May-2023	60d	kindlefire	bballfan86	17
03-May-2023	60d	kindlefire	Tigershawk	16
03-May-2023	60d	kindlefire	tombunyon0	14
03-May-2023	60d	kindlefire	er101plus	13
03-May-2023	60d	kindlefire	MarknDC	11
03-May-2023	60d	kindlefire	kresbok	11
03-May-2023	60d	kindlefire	scorpycoby	10
03-May-2023	60d	kindlefire	NCResident5	9
03-May-2023	60d	kindlefire	Long_Cartoonist_3992	9
03-May-2023	60d	kindlefire	sparker2000	8
03-May-2023	60d	kindlefire	Icy-Book2999	7
03-May-2023	60d	kindlefire	rlowens	7
03-May-2023	60d	kindlefire	grantdb	7
03-May-2023	60d	kindlefire	U8dcN7vx	7
03-May-2023	60d	kindlefire	Ansomat	7
03-May-2023	60d	kindlefire	kschang	7
03-May-2023	60d	kindlefire	flphotog35	7
03-May-2023	60d	kindlefire	BDThrills	6
03-May-2023	60d	kindlefire	GuanoLoopy	5
03-May-2023	60d	kindlefire	bryanthehorrible	5
03-May-2023	60d	kindlefire	Funnyduck100	5
03-May-2023	60d	kindlefire	calculon68	5
03-May-2023	60d	kindlefire	AmbushBugged	5
03-May-2023	60d	kindlefire	T3RHS4	5
03-May-2023	60d	kindlefire	MacAndCheese_User	5
03-May-2023	60d	kindlefire	PhantasyConcepts	5
03-May-2023	60d	kindlefire	Asleep-Bid-5420	5
03-May-2023	60d	kindlefire	AirLexington	5
03-May-2023	60d	kindlefire	theinternt	5
03-May-2023	60d	kindlefire	bridgehockey	5
03-May-2023	60d	kindlefire	stone5522	5
03-May-2023	60d	kindlefire	KScriber	5
03-May-2023	60d	kindlefire	citizenhagen	5
03-May-2023	60d	kindlefire	RedMapleBat	4
03-May-2023	60d	kindlefire	Hazarddriver	4
03-May-2023	60d	kindlefire	Gomphos	4
03-May-2023	60d	kindlefire	emeraldgirl08	4
03-May-2023	60d	kindlefire	locolyric1983	4
03-May-2023	60d	kindlefire	Makefreemunny	4
03-May-2023	60d	kindlefire	e650man	4
03-May-2023	60d	kindlefire	katehenry4133	4
03-May-2023	60d	kindlefire	goldalex00	4
03-May-2023	60d	kindlefire	crkdopn	4
03-May-2023	60d	kindlefire	Dunda	4
03-May-2023	60d	kindlefire	bust4cap	4
03-May-2023	60d	kindlefire	Olson_Duck	3
03-May-2023	60d	kindlefire	swissarmy914	3
03-May-2023	60d	kindlefire	Robotic8040	3
03-May-2023	60d	kindlefire	Illyana_Dallas222	3
03-May-2023	60d	kindlefire	ShadowD_	3
03-May-2023	60d	kindlefire	Chok3U	3
03-May-2023	60d	kindlefire	TheOnlyUnbreakable1	3
03-May-2023	60d	kindlefire	Epydemic2020	3
03-May-2023	60d	kindlefire	usdang	3
03-May-2023	60d	kindlefire	jacle2210	3
03-May-2023	60d	kindlefire	Mashbill_Hunter	3
03-May-2023	60d	kindlefire	AmazonMRA	3
03-May-2023	60d	kindlefire	404invalid-user	3
03-May-2023	60d	kindlefire	rwallaceva	3
03-May-2023	60d	kindlefire	Tight_Cicada_3415	3
03-May-2023	60d	kindlefire	Linclin	3
03-May-2023	60d	kindlefire	Fearless-Buffalo-549	3
03-May-2023	60d	kindlefire	Sp00kbee	3
03-May-2023	60d	kindlefire	Late_Experience5044	3
03-May-2023	60d	kindlefire	banko--	3
03-May-2023	60d	kindlefire	Markaes4	3
03-May-2023	60d	kindlefire	Key-Aide-2620	3
03-May-2023	60d	kindlefire	rxman2011	3
03-May-2023	60d	kindlefire	willwar63	3
03-May-2023	60d	kindlefire	Garagairas	3
03-May-2023	60d	kindlefire	joesmith127_reddit	3
03-May-2023	60d	kindlefire	victor86vazquez	3
03-May-2023	60d	kindlefire	Guyver2077	3
03-May-2023	60d	kindlefire	Generic_userxx	3
03-May-2023	60d	kindlefire	rutlander	3
03-May-2023	60d	kindlefire	GirrisPhan	3
03-May-2023	60d	kindlefire	Ok-Comparison-1717	3
03-May-2023	60d	kindlefire	Robse85	3
03-May-2023	60d	kindlefire	Safe-Meeting9561	2
03-May-2023	60d	kindlefire	Halaku	2
03-May-2023	60d	kindlefire	_biggerthanthesound_	2
03-May-2023	60d	kindlefire	Kieran_Mc	2
03-May-2023	60d	kindlefire	MassenasEyepatch	2
03-May-2023	60d	kindlefire	Ok-Sandwich-572	2
03-May-2023	60d	kindlefire	Georgy_K_Zhukov	2
03-May-2023	60d	kindlefire	hmwkamikaze	2
03-May-2023	60d	kindlefire	_ingrah	2
03-May-2023	60d	kindlefire	salteedog007	2
03-May-2023	60d	kindlefire	mikerapegoobies	2
03-May-2023	60d	kindlefire	JLHockeyKnight	2
03-May-2023	60d	kindlefire	WaRRioRz0rz	2
03-May-2023	60d	kindlefire	Pookells	2
03-May-2023	60d	kindlefire	Mattm519	2
03-May-2023	60d	kindlefire	greypic	2
03-May-2023	60d	kindlefire	TakenGiny	2
03-May-2023	60d	kindlefire	edogggy	2
03-May-2023	60d	kindlefire	zlixir	2
03-May-2023	60d	kindlefire	Here_4_Laughs_1983	2
03-May-2023	60d	kindlefire	TheMilsons	2
03-May-2023	60d	kindlefire	nysryn	2
03-May-2023	60d	kindlefire	throwaway12093847qwe	2
03-May-2023	60d	kindlefire	shock1000	2
03-May-2023	60d	kindlefire	kuno1chi	2
03-May-2023	60d	kindlefire	darkside__07	2
03-May-2023	60d	kindlefire	TheLinuxNative	2
03-May-2023	60d	kindlefire	bryiewes	2
03-May-2023	60d	kindlefire	Working-Upstairs8727	2
03-May-2023	60d	kindlefire	MessyKing	2
03-May-2023	60d	kindlefire	KVA1	2
03-May-2023	60d	kindlefire	Duganinja	2
03-May-2023	60d	kindlefire	Joemaher2	2
03-May-2023	60d	kindlefire	Trick-Two497	2
03-May-2023	60d	kindlefire	JohKohLoh	2
03-May-2023	60d	kindlefire	Amisherjoe	2
03-May-2023	60d	kindlefire	ManufacturerWeird499	2
03-May-2023	60d	kindlefire	jnubianyc	2
03-May-2023	60d	kindlefire	FF_Ninja	2
03-May-2023	60d	kindlefire	Bumataur	2
03-May-2023	60d	kindlefire	SuppressionRecords	2
03-May-2023	60d	kindlefire	Relative_Location_65	2
03-May-2023	60d	kindlefire	StarlightSunshine7	2
03-May-2023	60d	kindlefire	Historical_Luck7375	2
03-May-2023	60d	kindlefire	zitsky	2
03-May-2023	60d	kindlefire	BigDaddyBano	2
03-May-2023	60d	kindlefire	McCullersGuy	2
03-May-2023	60d	kindlefire	JBsoundCHK	2
03-May-2023	60d	kindlefire	No-Explanation-7348	2
03-May-2023	60d	kindlefire	cnwinger	2
03-May-2023	60d	kindlefire	voyager106	2
03-May-2023	60d	kindlefire	OofTurkey	2
03-May-2023	60d	kindlefire	GordonBennett2000	2
03-May-2023	60d	kindlefire	fiasko82	2
03-May-2023	60d	kindlefire	pjjiveturkey	2
03-May-2023	60d	kindlefire	crepuscularcunt	2
03-May-2023	60d	kindlefire	daposs	2
03-May-2023	60d	kindlefire	LGAMER3412	2
03-May-2023	60d	kindlefire	Zeldakina	2
03-May-2023	60d	kindlefire	rockknocker	2
03-May-2023	60d	kindlefire	wdroark	2
03-May-2023	60d	kindlefire	beautypopper101	2
03-May-2023	60d	kindlefire	Zoopenblopper	2
03-May-2023	60d	kindlefire	hagstatus	2
03-May-2023	60d	kindlefire	Ok_Zucchini2777	2
03-May-2023	60d	kindlefire	claatra	2
03-May-2023	60d	kindlefire	Personal_Farm_4391	2
03-May-2023	60d	kindlefire	autobulb	2
03-May-2023	60d	kindlefire	RetroPottle	2
03-May-2023	60d	kindlefire	Nekima	2
03-May-2023	60d	kindlefire	FalseVeterinarian881	2
03-May-2023	60d	kindlefire	Alwaysd23	2
03-May-2023	60d	kindlefire	DJCPT	1
03-May-2023	60d	kindlefire	CVGPi	1
03-May-2023	60d	kindlefire	Meeseekslookatmee	1
03-May-2023	60d	kindlefire	BrooklynCactus	1
03-May-2023	60d	kindlefire	C-Vpupeting	1
03-May-2023	60d	kindlefire	Gigiwalters	1
03-May-2023	60d	kindlefire	FF267	1
03-May-2023	60d	kindlefire	beckysma	1
03-May-2023	60d	kindlefire	wvilberg	1
03-May-2023	60d	kindlefire	teddyj94	1
03-May-2023	60d	kindlefire	4AMaverick	1
03-May-2023	60d	kindlefire	8nsay	1
03-May-2023	60d	kindlefire	buxzythebeeeeeeee	1
03-May-2023	60d	kindlefire	virtualmeta	1
03-May-2023	60d	kindlefire	shaunovision	1
03-May-2023	60d	kindlefire	TallTom70	1
03-May-2023	60d	kindlefire	AndyPryceManUtd	1
03-May-2023	60d	kindlefire	DanielDKitteringham	1
03-May-2023	60d	kindlefire	Weddingthrowawa9	1
03-May-2023	60d	kindlefire	imperialguy3	1
03-May-2023	60d	kindlefire	rudedog71	1
03-May-2023	60d	kindlefire	TeamMuted	1
03-May-2023	60d	kindlefire	Double_Wallaby1765	1
03-May-2023	60d	kindlefire	WankingWanderer	1
03-May-2023	60d	kindlefire	leakysourcream	1
03-May-2023	60d	kindlefire	TufTed2003	1
03-May-2023	60d	kindlefire	sunnydays2023	1
03-May-2023	60d	kindlefire	following_eyes	1
03-May-2023	60d	kindlefire	jamxil	1
03-May-2023	60d	kindlefire	Eusebas	1
03-May-2023	60d	kindlefire	gigi_bea	1
03-May-2023	60d	kindlefire	Fatalah	1
03-May-2023	60d	kindlefire	thegr8goldfish	1
03-May-2023	60d	kindlefire	tips4490	1
03-May-2023	60d	kindlefire	ItWorkedLastTime	1
03-May-2023	60d	kindlefire	Paulrgos	1
03-May-2023	60d	kindlefire	BongoGabora	1
03-May-2023	60d	kindlefire	Ryan_e3p	1
03-May-2023	60d	kindlefire	-Iron_Bear-	1
03-May-2023	60d	kindlefire	brichards11	1
03-May-2023	60d	kindlefire	slapula	1
03-May-2023	60d	kindlefire	spark529	1
03-May-2023	60d	kindlefire	antihaze	1
03-May-2023	60d	kindlefire	BriefTomatillo985	1
03-May-2023	60d	kindlefire	bryanUC	1
03-May-2023	60d	kindlefire	wayho66	1
03-May-2023	60d	kindlefire	lecupcakepirate	1
03-May-2023	60d	kindlefire	H1landr	1
03-May-2023	60d	kindlefire	EastAlternative8951	1
03-May-2023	60d	kindlefire	_theRIX	1
03-May-2023	60d	kindlefire	iforget_iremember	1
03-May-2023	60d	kindlefire	randorhymes	1
03-May-2023	60d	kindlefire	martinbaines	1
03-May-2023	60d	kindlefire	ThaneOfCawdorrr	1
03-May-2023	60d	kindlefire	Mystery1001	1
03-May-2023	60d	kindlefire	_Aleos_	1
03-May-2023	60d	kindlefire	Toxicfox33	1
03-May-2023	60d	kindlefire	ezapper2	1
03-May-2023	60d	kindlefire	kerrywilliam8720	1
03-May-2023	60d	kindlefire	nakeynerd	1
03-May-2023	60d	kindlefire	HitchToldu	1
03-May-2023	60d	kindlefire	Luther_Artwright	1
03-May-2023	60d	kindlefire	lordrakim	1
03-May-2023	60d	kindlefire	twelvefifityone	1
03-May-2023	60d	kindlefire	penniesmammy	1
03-May-2023	60d	kindlefire	Soft-Lips	1
03-May-2023	60d	kindlefire	swNac	1
03-May-2023	60d	kindlefire	EmmyMommy	1
03-May-2023	60d	kindlefire	nimrodhellfire	1
03-May-2023	60d	kindlefire	3meta5u	1
03-May-2023	60d	kindlefire	Randolph_Carter_666	1
03-May-2023	60d	kindlefire	booklovinggal19	1
03-May-2023	60d	kindlefire	alert_amber	1
03-May-2023	60d	kindlefire	miken171	1
03-May-2023	60d	kindlefire	felipeota1	1
03-May-2023	60d	kindlefire	Weekly-Lie9099	1
03-May-2023	60d	kindlefire	gpo321	1
03-May-2023	60d	kindlefire	Explodey_Wolf	1
03-May-2023	60d	kindlefire	Arnas_Z	1
03-May-2023	60d	kindlefire	DPAmes1	1
03-May-2023	60d	kindlefire	East_Bumblebee_2040	1
03-May-2023	60d	kindlefire	woodcell	1
03-May-2023	60d	kindlefire	kteb20011	1
03-May-2023	60d	kindlefire	kinobe	1
03-May-2023	60d	kindlefire	dmullaney	1
03-May-2023	60d	kindlefire	Ok-Smoke-5653	1
03-May-2023	60d	kindlefire	Zealousideal-Farm290	1
03-May-2023	60d	kindlefire	MaeBDemented	1
03-May-2023	60d	kindlefire	mrstrust	1
03-May-2023	60d	kindlefire	ElectricalContest931	1
03-May-2023	60d	kindlefire	Djinn2522	1
03-May-2023	60d	kindlefire	FalkenD1Fox	1
03-May-2023	60d	kindlefire	gamesPo4	1
03-May-2023	60d	kindlefire	ignatiusjreillyreak	1
03-May-2023	60d	kindlefire	killword-noot	1
03-May-2023	60d	kindlefire	Coolyfett	1
03-May-2023	60d	kindlefire	SymSoa	1
03-May-2023	60d	kindlefire	Lieuallen	1
03-May-2023	60d	kindlefire	Specialist_Fondant_9	1
03-May-2023	60d	kindlefire	rpcinfo	1
03-May-2023	60d	kindlefire	Twigling	1
03-May-2023	60d	kindlefire	humble48	1
03-May-2023	60d	kindlefire	Eric38	1
03-May-2023	60d	kindlefire	DrDrEvil	1
03-May-2023	60d	kindlefire	chriswhinds	1
03-May-2023	60d	kindlefire	cuttervic	1
03-May-2023	60d	kindlefire	Automatic-Budget-644	1
03-May-2023	60d	kindlefire	kittydoc12	1
03-May-2023	60d	kindlefire	CommodoreKrusty	1
03-May-2023	60d	kindlefire	Professional_Count85	1
03-May-2023	60d	kindlefire	spiritualengr	1
03-May-2023	60d	kindlefire	The-Damage-Done	1
03-May-2023	60d	kindlefire	ExperienceSad4375	1
03-May-2023	60d	kindlefire	EssexPriest88	1
03-May-2023	60d	kindlefire	borgib	1
03-May-2023	60d	kindlefire	Large_Operation_3130	1
03-May-2023	60d	kindlefire	PolishGirlfriendUSA	1
03-May-2023	60d	kindlefire	JamesMattDillon	1
03-May-2023	60d	kindlefire	Current-Mud-3362	1
03-May-2023	60d	kindlefire	franharrington	1
03-May-2023	60d	kindlefire	derekmski	1
03-May-2023	60d	kindlefire	Vecsan381	1
03-May-2023	60d	kindlefire	ccbbb23	1
03-May-2023	60d	kindlefire	Skavis	1
03-May-2023	60d	kindlefire	option_unpossible	1
03-May-2023	60d	kindlefire	Successful-Half3606	1
03-May-2023	60d	kindlefire	meglyn11	1
03-May-2023	60d	kindlefire	TheFoolishCrow	1
03-May-2023	60d	kindlefire	krustywazoo	1
03-May-2023	60d	kindlefire	itskaizad	1
03-May-2023	60d	kindlefire	Barchetta67	1
03-May-2023	60d	kindlefire	Prize-Accountant-874	1
03-May-2023	60d	kindlefire	peteyjlawson	1
03-May-2023	60d	kindlefire	fml5578	1
03-May-2023	60d	kindlefire	vmxcd	1
03-May-2023	60d	kindlefire	ItsThreesomeThen	1
03-May-2023	60d	kindlefire	LocalMain4677	1
03-May-2023	60d	kindlefire	ryanpm40	1
03-May-2023	60d	kindlefire	HalNicci	1
03-May-2023	60d	kindlefire	devorixs	1
03-May-2023	60d	kindlefire	ratzekind	1
03-May-2023	60d	kindlefire	bootstr8	1
03-May-2023	60d	kindlefire	Skooter_McGaven	1
03-May-2023	60d	kindlefire	Appropriate_Simple44	1
03-May-2023	60d	kindlefire	s1arita	1
03-May-2023	60d	kindlefire	GeeLee80	1
03-May-2023	60d	kindlefire	trigrex	1
03-May-2023	60d	kindlefire	wimpergs	1
03-May-2023	60d	kindlefire	NomNomInMyTumTum	1
03-May-2023	60d	kindlefire	hi_internet_friend	1
03-May-2023	60d	kindlefire	Zealousideal-Ad6438	1
03-May-2023	60d	kindlefire	Girliemedic	1
03-May-2023	60d	kindlefire	PlainSpader	1
03-May-2023	60d	kindlefire	SetProfessional526	1
03-May-2023	60d	kindlefire	Sadgorl710	1
03-May-2023	60d	kindlefire	palmworks	1
03-May-2023	60d	kindlefire	qwertyuiopa69	1
03-May-2023	60d	kindlefire	Anbuweezy00	1
03-May-2023	60d	kindlefire	Maltempest	1
03-May-2023	60d	kindlefire	EdzyFPS	1
03-May-2023	60d	kindlefire	Doktorvxu	1
03-May-2023	60d	kindlefire	Telepwnsauce	1
03-May-2023	60d	kindlefire	ihatethisusernametoo	1
03-May-2023	60d	kindlefire	The_Magnificent_Ace	1
03-May-2023	60d	kindlefire	Nemacolin	1
03-May-2023	60d	kindlefire	Konarkanuck	1
03-May-2023	60d	kindlefire	luisrivera_co	1
03-May-2023	60d	kindlefire	Cakemoney08	1
03-May-2023	60d	kindlefire	ChampionshipUpset874	1
03-May-2023	60d	kindlefire	Comfortable-Bar6577	1
03-May-2023	60d	kindlefire	NewZookeepergame4781	1
03-May-2023	60d	kindlefire	RudyHernandez1-	1
03-May-2023	60d	kindlefire	manys	1
03-May-2023	60d	kindlefire	greenhumanbean	1
03-May-2023	60d	kindlefire	jottrn2	1
03-May-2023	60d	kindlefire	barbatos86	1
03-May-2023	60d	kindlefire	MouseR4T	1
03-May-2023	60d	kindlefire	aardy	1
03-May-2023	60d	kindlefire	Responsible_Brush_24	1
03-May-2023	60d	kindlefire	MagnoliaProse	1
03-May-2023	60d	kindlefire	Ballesteros81	1
03-May-2023	60d	kindlefire	Any-Egg9079	1
03-May-2023	60d	kindlefire	virgin_goat	1
03-May-2023	60d	kindlefire	AvengeThe90s	1
03-May-2023	60d	kindlefire	velo443	1
03-May-2023	60d	kindlefire	Historical-Bunch4401	1
03-May-2023	60d	kindlefire	littlebarque	1
03-May-2023	60d	kindlefire	ihavenoideathankyou	1
03-May-2023	60d	kindlefire	fashionablykate	1
03-May-2023	60d	kindlefire	Fungi14051	1
03-May-2023	60d	kindlefire	Alabatman	1
03-May-2023	60d	kindlefire	starsupinthesky22	1
03-May-2023	60d	kindlefire	CorkScrew222	1
03-May-2023	60d	kindlefire	IronicSciFiFan	1
03-May-2023	60d	kindlefire	stedgyson	1
03-May-2023	60d	kindlefire	cnfcomps	1
03-May-2023	60d	kindlefire	WrightTech_2817	1
03-May-2023	60d	kindlefire	xdozex	1
03-May-2023	60d	kindlefire	emelem66	1
03-May-2023	60d	kindlefire	SimilarRevolution276	1
03-May-2023	60d	kindlefire	huebramble	1
03-May-2023	60d	kindlefire	Ok-Falcon1966	1
03-May-2023	60d	kindlefire	ClearReputation7	1
03-May-2023	60d	kindlefire	tonz0fun	1
03-May-2023	60d	kindlefire	mrdaveboi	1
03-May-2023	60d	kindlefire	Accomplished_Wolf	1
03-May-2023	60d	kindlefire	Bearnadette	1
03-May-2023	60d	kindlefire	DasNiche	1
03-May-2023	60d	kindlefire	Palindrome-pancake	1
03-May-2023	60d	kindlefire	OmniRocknRoll	1
03-May-2023	60d	kindlefire	jb197174	1
03-May-2023	60d	kindlefire	j2bv16	1
03-May-2023	60d	kindlefire	Juju43445	1
03-May-2023	60d	kindlefire	RedPlammer	1
03-May-2023	60d	kindlefire	reamski	1
03-May-2023	60d	kindlefire	Caesar_The_Mighty	1
03-May-2023	60d	kindlefire	Xintus1765	1
03-May-2023	60d	kindlefire	dontbeglad	1
03-May-2023	60d	kindlefire	Helpful-Idea5056	1
03-May-2023	60d	kindlefire	allegedly_anonymous	1
03-May-2023	60d	kindlefire	Ret-Hap-2021	1
03-May-2023	60d	kindlefire	the_atmosphere	1
03-May-2023	60d	kindlefire	donkeyfart	1
03-May-2023	60d	kindlefire	jacrys	1
03-May-2023	60d	kindlefire	XhaleBtw	1
03-May-2023	60d	kindlefire	sunshine___riptide	1
03-May-2023	60d	kindlefire	grif_0	1
03-May-2023	60d	kindlefire	Edco1234	1
03-May-2023	60d	kindlefire	darkmoon3d	1
03-May-2023	60d	kindlefire	Connect_Bill2729	1
03-May-2023	60d	kindlefire	lichenihil	1
03-May-2023	60d	kindlefire	M3L0n_64	1
03-May-2023	60d	kindlefire	Jazzlike_Steak_6031	1
03-May-2023	60d	kindlefire	hambugbento	1
03-May-2023	60d	kindlefire	Rabadash8820	1
03-May-2023	60d	kindlefire	Langsdorf	1
03-May-2023	60d	kindlefire	purpan-	1
03-May-2023	60d	kindlefire	MezzoRomano	1
03-May-2023	60d	kindlefire	Short_Couple9371	1
03-May-2023	60d	kindlefire	atdotdavid	1
03-May-2023	60d	kindlefire	ActHaru	1
03-May-2023	60d	kindlefire	ProfessionalDad50	1
03-May-2023	60d	kindlefire	JoB_NSFW	1
03-May-2023	60d	kindlefire	jg0199	1
03-May-2023	60d	kindlefire	st1tchy	1
03-May-2023	60d	kindlefire	Sunfried	1
03-May-2023	60d	kindlefire	Relevant-Reach-1985	1
03-May-2023	60d	kindlefire	Un4seenCircumstance	1
03-May-2023	60d	kindlefire	funkture	1
03-May-2023	60d	kindlefire	spartans6	1
03-May-2023	60d	kindlefire	Repulsive_Move3932	1
03-May-2023	60d	kindlefire	joeyl7	1
03-May-2023	60d	kindlefire	JamesofBerkeley	1
03-May-2023	60d	kindlefire	NycTony	1
03-May-2023	60d	kindlefire	Bhaelros	1
03-May-2023	60d	kindlefire	ClaireManx	1
03-May-2023	60d	kindlefire	CuvisTheConqueror	1
03-May-2023	60d	kindlefire	dragonick1982	1
03-May-2023	60d	kindlefire	TGRRAG81	1
03-May-2023	60d	kindlefire	javornelas	1
03-May-2023	60d	kindlefire	jolo2	1
03-May-2023	60d	kindlefire	duncantuna	1
03-May-2023	60d	kindlefire	HarleyTG_Official	1
03-May-2023	60d	kindlefire	Gary_Owhere	1
