query_date	before_date	subreddit	comment_author	comment_frequency
03-May-2023	20d	kindlefire	Fr0gm4n	49
03-May-2023	20d	kindlefire	uniquemobildevicefan	40
03-May-2023	20d	kindlefire	bluepond20	37
03-May-2023	20d	kindlefire	Tigershawk	21
03-May-2023	20d	kindlefire	tombunyon0	20
03-May-2023	20d	kindlefire	[deleted]	17
03-May-2023	20d	kindlefire	AutoModerator	16
03-May-2023	20d	kindlefire	asdecor	15
03-May-2023	20d	kindlefire	TicFan67	13
03-May-2023	20d	kindlefire	kschang	12
03-May-2023	20d	kindlefire	bballfan86	11
03-May-2023	20d	kindlefire	RedMapleBat	11
03-May-2023	20d	kindlefire	GuanoLoopy	10
03-May-2023	20d	kindlefire	MarknDC	10
03-May-2023	20d	kindlefire	katehenry4133	9
03-May-2023	20d	kindlefire	rlowens	9
03-May-2023	20d	kindlefire	Champion-Racer12	8
03-May-2023	20d	kindlefire	Rendered_Plate72	7
03-May-2023	20d	kindlefire	Icy-Book2999	7
03-May-2023	20d	kindlefire	grantdb	7
03-May-2023	20d	kindlefire	FF267	6
03-May-2023	20d	kindlefire	AirLexington	6
03-May-2023	20d	kindlefire	Dhawkins541	6
03-May-2023	20d	kindlefire	player074413191	6
03-May-2023	20d	kindlefire	One-Bus-9006	5
03-May-2023	20d	kindlefire	U8dcN7vx	5
03-May-2023	20d	kindlefire	calculon68	5
03-May-2023	20d	kindlefire	BDThrills	5
03-May-2023	20d	kindlefire	swissarmy914	5
03-May-2023	20d	kindlefire	jamxil	5
03-May-2023	20d	kindlefire	bryanthehorrible	5
03-May-2023	20d	kindlefire	Funnyduck100	5
03-May-2023	20d	kindlefire	PhantasyConcepts	5
03-May-2023	20d	kindlefire	Asleep-Bid-5420	5
03-May-2023	20d	kindlefire	HelpfulLife5355	4
03-May-2023	20d	kindlefire	Affectionate_Try_836	4
03-May-2023	20d	kindlefire	Ok-Smoke-5653	4
03-May-2023	20d	kindlefire	iforget_iremember	4
03-May-2023	20d	kindlefire	masklins	4
03-May-2023	20d	kindlefire	Sp00kbee	4
03-May-2023	20d	kindlefire	ZacBobisKing	4
03-May-2023	20d	kindlefire	kittydoc12	4
03-May-2023	20d	kindlefire	jacle2210	4
03-May-2023	20d	kindlefire	DJCPT	4
03-May-2023	20d	kindlefire	SouLsLie	4
03-May-2023	20d	kindlefire	AmbushBugged	4
03-May-2023	20d	kindlefire	Hazarddriver	4
03-May-2023	20d	kindlefire	Ansomat	4
03-May-2023	20d	kindlefire	No_Carry_3991	3
03-May-2023	20d	kindlefire	losangeleskingsfan	3
03-May-2023	20d	kindlefire	KVA1	3
03-May-2023	20d	kindlefire	Yanny57Reddit	3
03-May-2023	20d	kindlefire	HoodedJimbob	3
03-May-2023	20d	kindlefire	ArchXIII	3
03-May-2023	20d	kindlefire	lordrakim	3
03-May-2023	20d	kindlefire	Sorry_Net_T	3
03-May-2023	20d	kindlefire	rogueapex	3
03-May-2023	20d	kindlefire	xr4cy	3
03-May-2023	20d	kindlefire	ominouslydamp	3
03-May-2023	20d	kindlefire	e650man	3
03-May-2023	20d	kindlefire	Jappy_toutou	3
03-May-2023	20d	kindlefire	vlarkvaaran	3
03-May-2023	20d	kindlefire	TrustLeft	3
03-May-2023	20d	kindlefire	willwar63	3
03-May-2023	20d	kindlefire	er101plus	3
03-May-2023	20d	kindlefire	friendlyx3	3
03-May-2023	20d	kindlefire	GeeLee80	3
03-May-2023	20d	kindlefire	kerrywilliam8720	3
03-May-2023	20d	kindlefire	Randolph_Carter_666	3
03-May-2023	20d	kindlefire	crispy_nomad	3
03-May-2023	20d	kindlefire	Illyana_Dallas222	3
03-May-2023	20d	kindlefire	ShadowD_	3
03-May-2023	20d	kindlefire	Chok3U	3
03-May-2023	20d	kindlefire	TheOnlyUnbreakable1	3
03-May-2023	20d	kindlefire	Epydemic2020	3
03-May-2023	20d	kindlefire	usdang	3
03-May-2023	20d	kindlefire	Mashbill_Hunter	3
03-May-2023	20d	kindlefire	AmazonMRA	3
03-May-2023	20d	kindlefire	404invalid-user	3
03-May-2023	20d	kindlefire	Tight_Cicada_3415	3
03-May-2023	20d	kindlefire	Fearless-Buffalo-549	3
03-May-2023	20d	kindlefire	locolyric1983	3
03-May-2023	20d	kindlefire	Late_Experience5044	3
03-May-2023	20d	kindlefire	Key-Aide-2620	3
03-May-2023	20d	kindlefire	rxman2011	3
03-May-2023	20d	kindlefire	Doug6388	2
03-May-2023	20d	kindlefire	alidan	2
03-May-2023	20d	kindlefire	Jesterstear99	2
03-May-2023	20d	kindlefire	surfingbaer	2
03-May-2023	20d	kindlefire	Aggravating_Soil3006	2
03-May-2023	20d	kindlefire	Gomphos	2
03-May-2023	20d	kindlefire	drowning_panda	2
03-May-2023	20d	kindlefire	Drm5145	2
03-May-2023	20d	kindlefire	eeyorewinners	2
03-May-2023	20d	kindlefire	TheLinuxNative	2
03-May-2023	20d	kindlefire	MyWay0rHighway_210	2
03-May-2023	20d	kindlefire	DariusIV	2
03-May-2023	20d	kindlefire	AndyPryceManUtd	2
03-May-2023	20d	kindlefire	richietee757	2
03-May-2023	20d	kindlefire	anonanon1313	2
03-May-2023	20d	kindlefire	Accomplished_Wolf	2
03-May-2023	20d	kindlefire	mac18326	2
03-May-2023	20d	kindlefire	Aware-Check832	2
03-May-2023	20d	kindlefire	TufTed2003	2
03-May-2023	20d	kindlefire	BrooklynCactus	2
03-May-2023	20d	kindlefire	zombuca	2
03-May-2023	20d	kindlefire	soullessoptimism	2
03-May-2023	20d	kindlefire	rfh1987	2
03-May-2023	20d	kindlefire	CVGPi	2
03-May-2023	20d	kindlefire	RobloxModerationSux9	2
03-May-2023	20d	kindlefire	Markaes4	2
03-May-2023	20d	kindlefire	Arnas_Z	2
03-May-2023	20d	kindlefire	Z0oma	2
03-May-2023	20d	kindlefire	Explodey_Wolf	2
03-May-2023	20d	kindlefire	Pandamoanium777	2
03-May-2023	20d	kindlefire	Beaverdam11	2
03-May-2023	20d	kindlefire	BenzoV	2
03-May-2023	20d	kindlefire	neffy_neff	2
03-May-2023	20d	kindlefire	Isteppedonabee	2
03-May-2023	20d	kindlefire	Frank_chevelle	2
03-May-2023	20d	kindlefire	maierxiaqu	2
03-May-2023	20d	kindlefire	Gasawok	2
03-May-2023	20d	kindlefire	Toothless_NEO	2
03-May-2023	20d	kindlefire	Zanki	2
03-May-2023	20d	kindlefire	Outrageous_Tear7744	2
03-May-2023	20d	kindlefire	Cartesian_Circle	2
03-May-2023	20d	kindlefire	buxzythebeeeeeeee	2
03-May-2023	20d	kindlefire	Olson_Duck	2
03-May-2023	20d	kindlefire	katie_elizabeth_2	2
03-May-2023	20d	kindlefire	Border_Relevant	2
03-May-2023	20d	kindlefire	thegr8goldfish	2
03-May-2023	20d	kindlefire	Halaku	2
03-May-2023	20d	kindlefire	Kieran_Mc	2
03-May-2023	20d	kindlefire	MassenasEyepatch	2
03-May-2023	20d	kindlefire	Ok-Sandwich-572	2
03-May-2023	20d	kindlefire	Georgy_K_Zhukov	2
03-May-2023	20d	kindlefire	hmwkamikaze	2
03-May-2023	20d	kindlefire	_ingrah	2
03-May-2023	20d	kindlefire	salteedog007	2
03-May-2023	20d	kindlefire	NCResident5	2
03-May-2023	20d	kindlefire	mikerapegoobies	2
03-May-2023	20d	kindlefire	JLHockeyKnight	2
03-May-2023	20d	kindlefire	WaRRioRz0rz	2
03-May-2023	20d	kindlefire	Pookells	2
03-May-2023	20d	kindlefire	rwallaceva	2
03-May-2023	20d	kindlefire	Mattm519	2
03-May-2023	20d	kindlefire	greypic	2
03-May-2023	20d	kindlefire	Linclin	2
03-May-2023	20d	kindlefire	TakenGiny	2
03-May-2023	20d	kindlefire	edogggy	2
03-May-2023	20d	kindlefire	zlixir	2
03-May-2023	20d	kindlefire	Here_4_Laughs_1983	2
03-May-2023	20d	kindlefire	kresbok	2
03-May-2023	20d	kindlefire	emeraldgirl08	2
03-May-2023	20d	kindlefire	TheMilsons	2
03-May-2023	20d	kindlefire	nysryn	2
03-May-2023	20d	kindlefire	throwaway12093847qwe	2
03-May-2023	20d	kindlefire	scorpycoby	2
03-May-2023	20d	kindlefire	shock1000	2
03-May-2023	20d	kindlefire	kuno1chi	2
03-May-2023	20d	kindlefire	darkside__07	2
03-May-2023	20d	kindlefire	bryiewes	2
03-May-2023	20d	kindlefire	Working-Upstairs8727	2
03-May-2023	20d	kindlefire	Joemaher2	2
03-May-2023	20d	kindlefire	JohKohLoh	2
03-May-2023	20d	kindlefire	Amisherjoe	2
03-May-2023	20d	kindlefire	sixpackshaker	1
03-May-2023	20d	kindlefire	writesbinary	1
03-May-2023	20d	kindlefire	BliteKnight	1
03-May-2023	20d	kindlefire	TheKodiakwild	1
03-May-2023	20d	kindlefire	nabihana	1
03-May-2023	20d	kindlefire	IHadADreamIWasAMeme	1
03-May-2023	20d	kindlefire	captbluetooth	1
03-May-2023	20d	kindlefire	zzbit	1
03-May-2023	20d	kindlefire	rainbowdash452	1
03-May-2023	20d	kindlefire	ArmchairNeckbeard	1
03-May-2023	20d	kindlefire	MXPIE01	1
03-May-2023	20d	kindlefire	ebola_flakes_II	1
03-May-2023	20d	kindlefire	SoMundayn	1
03-May-2023	20d	kindlefire	GENERAT10N_D00M	1
03-May-2023	20d	kindlefire	Wenamon	1
03-May-2023	20d	kindlefire	iowastreet2	1
03-May-2023	20d	kindlefire	BoonTobias	1
03-May-2023	20d	kindlefire	Mr_Gaming_Beast	1
03-May-2023	20d	kindlefire	fujisan0388	1
03-May-2023	20d	kindlefire	cepenpark	1
03-May-2023	20d	kindlefire	DiceRolla88	1
03-May-2023	20d	kindlefire	beetnemesis	1
03-May-2023	20d	kindlefire	Woefully-Esoteric	1
03-May-2023	20d	kindlefire	russ262535atgmale	1
03-May-2023	20d	kindlefire	Ohgudu	1
03-May-2023	20d	kindlefire	Maxtocco	1
03-May-2023	20d	kindlefire	zuby_jalal	1
03-May-2023	20d	kindlefire	jrichard326	1
03-May-2023	20d	kindlefire	christi876	1
03-May-2023	20d	kindlefire	importedexport	1
03-May-2023	20d	kindlefire	phmeyerwi	1
03-May-2023	20d	kindlefire	dragonsamus	1
03-May-2023	20d	kindlefire	Wraeyth	1
03-May-2023	20d	kindlefire	Western-Laugh8031	1
03-May-2023	20d	kindlefire	kassail	1
03-May-2023	20d	kindlefire	thegirlleastlikelyto	1
03-May-2023	20d	kindlefire	33mark33as33read33	1
03-May-2023	20d	kindlefire	Minecraftchest2	1
03-May-2023	20d	kindlefire	EdZep789	1
03-May-2023	20d	kindlefire	Maximum_Employer5580	1
03-May-2023	20d	kindlefire	GrassGreen983	1
03-May-2023	20d	kindlefire	DDS-029	1
03-May-2023	20d	kindlefire	AgentPeggyCarter	1
03-May-2023	20d	kindlefire	cakeresurfacer	1
03-May-2023	20d	kindlefire	throwawaymomof4	1
03-May-2023	20d	kindlefire	cugrad16	1
03-May-2023	20d	kindlefire	Bkm150	1
03-May-2023	20d	kindlefire	theguardian009	1
03-May-2023	20d	kindlefire	mickoz	1
03-May-2023	20d	kindlefire	Strange-Tea-4620	1
03-May-2023	20d	kindlefire	strikers84	1
03-May-2023	20d	kindlefire	DJ_Ponce	1
03-May-2023	20d	kindlefire	duc916	1
03-May-2023	20d	kindlefire	the-holocron	1
03-May-2023	20d	kindlefire	dingaberri40	1
03-May-2023	20d	kindlefire	NLGsy	1
03-May-2023	20d	kindlefire	Sodola321	1
03-May-2023	20d	kindlefire	rockinandrollinAine	1
03-May-2023	20d	kindlefire	EnptCoopCBus	1
03-May-2023	20d	kindlefire	m4n715	1
03-May-2023	20d	kindlefire	Educational_Cut_8948	1
03-May-2023	20d	kindlefire	newageretrospectre	1
03-May-2023	20d	kindlefire	angelshmangel	1
03-May-2023	20d	kindlefire	Farmer_Sim5485	1
03-May-2023	20d	kindlefire	Square_Comfort209	1
03-May-2023	20d	kindlefire	tcptennis	1
03-May-2023	20d	kindlefire	qrayons	1
03-May-2023	20d	kindlefire	CoffeeBaron	1
03-May-2023	20d	kindlefire	Aggressive-Brick1024	1
03-May-2023	20d	kindlefire	MingusVonHavamalt	1
03-May-2023	20d	kindlefire	w0lfqu33n	1
03-May-2023	20d	kindlefire	Elaine1959	1
03-May-2023	20d	kindlefire	Stated-sins	1
03-May-2023	20d	kindlefire	qc_win87	1
03-May-2023	20d	kindlefire	BRAIN_JAR_thesecond	1
03-May-2023	20d	kindlefire	Oragami	1
03-May-2023	20d	kindlefire	neill83	1
03-May-2023	20d	kindlefire	chrstn43	1
03-May-2023	20d	kindlefire	shooter_tx	1
03-May-2023	20d	kindlefire	Bcqtpie	1
03-May-2023	20d	kindlefire	SyedaAbi	1
03-May-2023	20d	kindlefire	Used-Establishment86	1
03-May-2023	20d	kindlefire	Salt_Ratio_1243	1
03-May-2023	20d	kindlefire	Eiion	1
03-May-2023	20d	kindlefire	Wild-Invite3839	1
03-May-2023	20d	kindlefire	umaradam1990	1
03-May-2023	20d	kindlefire	i__indisCriMiNatE	1
03-May-2023	20d	kindlefire	D1G1TAL_SYNAPS3	1
03-May-2023	20d	kindlefire	joshmsr	1
03-May-2023	20d	kindlefire	gelomon	1
03-May-2023	20d	kindlefire	Succsy	1
03-May-2023	20d	kindlefire	STaCKsGoTTi	1
03-May-2023	20d	kindlefire	BootyButtPirate	1
03-May-2023	20d	kindlefire	booksncatsn	1
03-May-2023	20d	kindlefire	Raveen396	1
03-May-2023	20d	kindlefire	DaBoomerang	1
03-May-2023	20d	kindlefire	mhartog92	1
03-May-2023	20d	kindlefire	danaross	1
03-May-2023	20d	kindlefire	davidlgood	1
03-May-2023	20d	kindlefire	Lumbadude94	1
03-May-2023	20d	kindlefire	Heavy-Dirt9874	1
03-May-2023	20d	kindlefire	Rachelt-20	1
03-May-2023	20d	kindlefire	STcmOCSD	1
03-May-2023	20d	kindlefire	KookyKrista	1
03-May-2023	20d	kindlefire	ModConMom	1
03-May-2023	20d	kindlefire	Vivid-Ad9340	1
03-May-2023	20d	kindlefire	bananaloaf88	1
03-May-2023	20d	kindlefire	Burnhaven	1
03-May-2023	20d	kindlefire	LTCirabisi	1
03-May-2023	20d	kindlefire	Kat1653	1
03-May-2023	20d	kindlefire	beezanteeum	1
03-May-2023	20d	kindlefire	penitentangent	1
03-May-2023	20d	kindlefire	Brystvorter	1
03-May-2023	20d	kindlefire	Far-Combination-7809	1
03-May-2023	20d	kindlefire	mohossama	1
03-May-2023	20d	kindlefire	Leo_Expose	1
03-May-2023	20d	kindlefire	aegrotatio	1
03-May-2023	20d	kindlefire	glutenconcentrate	1
03-May-2023	20d	kindlefire	astegra	1
03-May-2023	20d	kindlefire	nanham59	1
03-May-2023	20d	kindlefire	Chunky-Chowder-3000	1
03-May-2023	20d	kindlefire	IrishSwede74	1
03-May-2023	20d	kindlefire	AgencyExternal4003	1
03-May-2023	20d	kindlefire	Darksol503	1
03-May-2023	20d	kindlefire	lichenihil	1
03-May-2023	20d	kindlefire	huntangather	1
03-May-2023	20d	kindlefire	LogoGraphica	1
03-May-2023	20d	kindlefire	Phlubber	1
03-May-2023	20d	kindlefire	Blue387	1
03-May-2023	20d	kindlefire	Low_Outlandishness_8	1
03-May-2023	20d	kindlefire	RichyAnthy	1
03-May-2023	20d	kindlefire	culturalproduct	1
03-May-2023	20d	kindlefire	Bumataur	1
03-May-2023	20d	kindlefire	ashraf_r	1
03-May-2023	20d	kindlefire	kontrabasso1983	1
03-May-2023	20d	kindlefire	Ok-Comparison-1717	1
03-May-2023	20d	kindlefire	Konarkanuck	1
03-May-2023	20d	kindlefire	NycTony	1
03-May-2023	20d	kindlefire	kinejara	1
03-May-2023	20d	kindlefire	howdelicateisdeath	1
03-May-2023	20d	kindlefire	smeghead9916	1
03-May-2023	20d	kindlefire	garylapointe	1
03-May-2023	20d	kindlefire	Meeseekslookatmee	1
03-May-2023	20d	kindlefire	Robotic8040	1
03-May-2023	20d	kindlefire	C-Vpupeting	1
03-May-2023	20d	kindlefire	Safe-Meeting9561	1
03-May-2023	20d	kindlefire	Gigiwalters	1
03-May-2023	20d	kindlefire	beckysma	1
03-May-2023	20d	kindlefire	wvilberg	1
03-May-2023	20d	kindlefire	teddyj94	1
03-May-2023	20d	kindlefire	4AMaverick	1
03-May-2023	20d	kindlefire	8nsay	1
03-May-2023	20d	kindlefire	virtualmeta	1
03-May-2023	20d	kindlefire	shaunovision	1
03-May-2023	20d	kindlefire	TallTom70	1
03-May-2023	20d	kindlefire	DanielDKitteringham	1
03-May-2023	20d	kindlefire	Weddingthrowawa9	1
03-May-2023	20d	kindlefire	_biggerthanthesound_	1
03-May-2023	20d	kindlefire	imperialguy3	1
03-May-2023	20d	kindlefire	T3RHS4	1
03-May-2023	20d	kindlefire	rudedog71	1
03-May-2023	20d	kindlefire	MacAndCheese_User	1
03-May-2023	20d	kindlefire	TeamMuted	1
03-May-2023	20d	kindlefire	Double_Wallaby1765	1
03-May-2023	20d	kindlefire	WankingWanderer	1
03-May-2023	20d	kindlefire	leakysourcream	1
03-May-2023	20d	kindlefire	sunnydays2023	1
03-May-2023	20d	kindlefire	following_eyes	1
03-May-2023	20d	kindlefire	Eusebas	1
03-May-2023	20d	kindlefire	gigi_bea	1
03-May-2023	20d	kindlefire	Fatalah	1
03-May-2023	20d	kindlefire	tips4490	1
03-May-2023	20d	kindlefire	ItWorkedLastTime	1
03-May-2023	20d	kindlefire	Paulrgos	1
03-May-2023	20d	kindlefire	BongoGabora	1
03-May-2023	20d	kindlefire	Ryan_e3p	1
03-May-2023	20d	kindlefire	-Iron_Bear-	1
03-May-2023	20d	kindlefire	brichards11	1
03-May-2023	20d	kindlefire	slapula	1
03-May-2023	20d	kindlefire	spark529	1
03-May-2023	20d	kindlefire	antihaze	1
03-May-2023	20d	kindlefire	BriefTomatillo985	1
03-May-2023	20d	kindlefire	bryanUC	1
03-May-2023	20d	kindlefire	wayho66	1
03-May-2023	20d	kindlefire	lecupcakepirate	1
03-May-2023	20d	kindlefire	H1landr	1
03-May-2023	20d	kindlefire	EastAlternative8951	1
03-May-2023	20d	kindlefire	_theRIX	1
03-May-2023	20d	kindlefire	randorhymes	1
03-May-2023	20d	kindlefire	martinbaines	1
03-May-2023	20d	kindlefire	ThaneOfCawdorrr	1
03-May-2023	20d	kindlefire	Mystery1001	1
03-May-2023	20d	kindlefire	_Aleos_	1
03-May-2023	20d	kindlefire	Toxicfox33	1
03-May-2023	20d	kindlefire	ezapper2	1
03-May-2023	20d	kindlefire	nakeynerd	1
03-May-2023	20d	kindlefire	HitchToldu	1
03-May-2023	20d	kindlefire	Luther_Artwright	1
03-May-2023	20d	kindlefire	twelvefifityone	1
03-May-2023	20d	kindlefire	penniesmammy	1
03-May-2023	20d	kindlefire	Soft-Lips	1
03-May-2023	20d	kindlefire	swNac	1
03-May-2023	20d	kindlefire	EmmyMommy	1
03-May-2023	20d	kindlefire	nimrodhellfire	1
03-May-2023	20d	kindlefire	3meta5u	1
03-May-2023	20d	kindlefire	booklovinggal19	1
03-May-2023	20d	kindlefire	alert_amber	1
03-May-2023	20d	kindlefire	miken171	1
03-May-2023	20d	kindlefire	felipeota1	1
03-May-2023	20d	kindlefire	Weekly-Lie9099	1
03-May-2023	20d	kindlefire	gpo321	1
03-May-2023	20d	kindlefire	DPAmes1	1
03-May-2023	20d	kindlefire	East_Bumblebee_2040	1
03-May-2023	20d	kindlefire	woodcell	1
03-May-2023	20d	kindlefire	kteb20011	1
03-May-2023	20d	kindlefire	kinobe	1
03-May-2023	20d	kindlefire	dmullaney	1
03-May-2023	20d	kindlefire	Zealousideal-Farm290	1
03-May-2023	20d	kindlefire	MaeBDemented	1
03-May-2023	20d	kindlefire	mrstrust	1
03-May-2023	20d	kindlefire	ElectricalContest931	1
03-May-2023	20d	kindlefire	Djinn2522	1
03-May-2023	20d	kindlefire	FalkenD1Fox	1
03-May-2023	20d	kindlefire	gamesPo4	1
03-May-2023	20d	kindlefire	ignatiusjreillyreak	1
03-May-2023	20d	kindlefire	killword-noot	1
03-May-2023	20d	kindlefire	Coolyfett	1
03-May-2023	20d	kindlefire	SymSoa	1
03-May-2023	20d	kindlefire	banko--	1
03-May-2023	20d	kindlefire	Lieuallen	1
03-May-2023	20d	kindlefire	Specialist_Fondant_9	1
03-May-2023	20d	kindlefire	rpcinfo	1
03-May-2023	20d	kindlefire	Makefreemunny	1
03-May-2023	20d	kindlefire	Twigling	1
03-May-2023	20d	kindlefire	humble48	1
03-May-2023	20d	kindlefire	Eric38	1
03-May-2023	20d	kindlefire	DrDrEvil	1
03-May-2023	20d	kindlefire	chriswhinds	1
03-May-2023	20d	kindlefire	cuttervic	1
03-May-2023	20d	kindlefire	Automatic-Budget-644	1
03-May-2023	20d	kindlefire	CommodoreKrusty	1
03-May-2023	20d	kindlefire	Professional_Count85	1
03-May-2023	20d	kindlefire	spiritualengr	1
03-May-2023	20d	kindlefire	The-Damage-Done	1
03-May-2023	20d	kindlefire	ExperienceSad4375	1
03-May-2023	20d	kindlefire	EssexPriest88	1
03-May-2023	20d	kindlefire	MessyKing	1
03-May-2023	20d	kindlefire	borgib	1
03-May-2023	20d	kindlefire	Large_Operation_3130	1
03-May-2023	20d	kindlefire	PolishGirlfriendUSA	1
03-May-2023	20d	kindlefire	JamesMattDillon	1
03-May-2023	20d	kindlefire	Duganinja	1
03-May-2023	20d	kindlefire	Current-Mud-3362	1
03-May-2023	20d	kindlefire	franharrington	1
03-May-2023	20d	kindlefire	derekmski	1
03-May-2023	20d	kindlefire	Vecsan381	1
03-May-2023	20d	kindlefire	ccbbb23	1
03-May-2023	20d	kindlefire	Skavis	1
03-May-2023	20d	kindlefire	option_unpossible	1
03-May-2023	20d	kindlefire	Successful-Half3606	1
03-May-2023	20d	kindlefire	Trick-Two497	1
03-May-2023	20d	kindlefire	meglyn11	1
03-May-2023	20d	kindlefire	TheFoolishCrow	1
03-May-2023	20d	kindlefire	krustywazoo	1
03-May-2023	20d	kindlefire	itskaizad	1
03-May-2023	20d	kindlefire	ManufacturerWeird499	1
