query_date	before_date	subreddit	comment_author	comment_frequency
03-May-2023	30d	kindlefire	Fr0gm4n	48
03-May-2023	30d	kindlefire	uniquemobildevicefan	40
03-May-2023	30d	kindlefire	bluepond20	32
03-May-2023	30d	kindlefire	tombunyon0	20
03-May-2023	30d	kindlefire	[deleted]	19
03-May-2023	30d	kindlefire	Tigershawk	18
03-May-2023	30d	kindlefire	AutoModerator	18
03-May-2023	30d	kindlefire	asdecor	15
03-May-2023	30d	kindlefire	TicFan67	14
03-May-2023	30d	kindlefire	kschang	14
03-May-2023	30d	kindlefire	bballfan86	10
03-May-2023	30d	kindlefire	rlowens	9
03-May-2023	30d	kindlefire	MarknDC	9
03-May-2023	30d	kindlefire	RedMapleBat	8
03-May-2023	30d	kindlefire	Champion-Racer12	8
03-May-2023	30d	kindlefire	U8dcN7vx	7
03-May-2023	30d	kindlefire	GuanoLoopy	7
03-May-2023	30d	kindlefire	grantdb	7
03-May-2023	30d	kindlefire	scorpycoby	7
03-May-2023	30d	kindlefire	AirLexington	6
03-May-2023	30d	kindlefire	Dhawkins541	6
03-May-2023	30d	kindlefire	player074413191	6
03-May-2023	30d	kindlefire	katehenry4133	5
03-May-2023	30d	kindlefire	BDThrills	5
03-May-2023	30d	kindlefire	e650man	5
03-May-2023	30d	kindlefire	FF267	5
03-May-2023	30d	kindlefire	jacle2210	5
03-May-2023	30d	kindlefire	swissarmy914	5
03-May-2023	30d	kindlefire	jamxil	5
03-May-2023	30d	kindlefire	Icy-Book2999	5
03-May-2023	30d	kindlefire	bryanthehorrible	5
03-May-2023	30d	kindlefire	Funnyduck100	5
03-May-2023	30d	kindlefire	AmbushBugged	5
03-May-2023	30d	kindlefire	PhantasyConcepts	5
03-May-2023	30d	kindlefire	Asleep-Bid-5420	5
03-May-2023	30d	kindlefire	theinternt	5
03-May-2023	30d	kindlefire	Sp00kbee	4
03-May-2023	30d	kindlefire	calculon68	4
03-May-2023	30d	kindlefire	ZacBobisKing	4
03-May-2023	30d	kindlefire	kittydoc12	4
03-May-2023	30d	kindlefire	DJCPT	4
03-May-2023	30d	kindlefire	SouLsLie	4
03-May-2023	30d	kindlefire	GeeLee80	4
03-May-2023	30d	kindlefire	NCResident5	4
03-May-2023	30d	kindlefire	Hazarddriver	4
03-May-2023	30d	kindlefire	Ansomat	4
03-May-2023	30d	kindlefire	emeraldgirl08	4
03-May-2023	30d	kindlefire	locolyric1983	4
03-May-2023	30d	kindlefire	lordrakim	3
03-May-2023	30d	kindlefire	iforget_iremember	3
03-May-2023	30d	kindlefire	Sorry_Net_T	3
03-May-2023	30d	kindlefire	masklins	3
03-May-2023	30d	kindlefire	rogueapex	3
03-May-2023	30d	kindlefire	xr4cy	3
03-May-2023	30d	kindlefire	ominouslydamp	3
03-May-2023	30d	kindlefire	Markaes4	3
03-May-2023	30d	kindlefire	Jappy_toutou	3
03-May-2023	30d	kindlefire	Ok-Smoke-5653	3
03-May-2023	30d	kindlefire	vlarkvaaran	3
03-May-2023	30d	kindlefire	TrustLeft	3
03-May-2023	30d	kindlefire	willwar63	3
03-May-2023	30d	kindlefire	Affectionate_Try_836	3
03-May-2023	30d	kindlefire	er101plus	3
03-May-2023	30d	kindlefire	friendlyx3	3
03-May-2023	30d	kindlefire	kerrywilliam8720	3
03-May-2023	30d	kindlefire	Randolph_Carter_666	3
03-May-2023	30d	kindlefire	Olson_Duck	3
03-May-2023	30d	kindlefire	crispy_nomad	3
03-May-2023	30d	kindlefire	Robotic8040	3
03-May-2023	30d	kindlefire	Illyana_Dallas222	3
03-May-2023	30d	kindlefire	ShadowD_	3
03-May-2023	30d	kindlefire	MacAndCheese_User	3
03-May-2023	30d	kindlefire	Chok3U	3
03-May-2023	30d	kindlefire	TheOnlyUnbreakable1	3
03-May-2023	30d	kindlefire	Epydemic2020	3
03-May-2023	30d	kindlefire	usdang	3
03-May-2023	30d	kindlefire	Mashbill_Hunter	3
03-May-2023	30d	kindlefire	AmazonMRA	3
03-May-2023	30d	kindlefire	404invalid-user	3
03-May-2023	30d	kindlefire	Tight_Cicada_3415	3
03-May-2023	30d	kindlefire	Fearless-Buffalo-549	3
03-May-2023	30d	kindlefire	kresbok	3
03-May-2023	30d	kindlefire	Late_Experience5044	3
03-May-2023	30d	kindlefire	banko--	3
03-May-2023	30d	kindlefire	Key-Aide-2620	3
03-May-2023	30d	kindlefire	rxman2011	3
03-May-2023	30d	kindlefire	flphotog35	3
03-May-2023	30d	kindlefire	Garagairas	3
03-May-2023	30d	kindlefire	joesmith127_reddit	3
03-May-2023	30d	kindlefire	AndyPryceManUtd	2
03-May-2023	30d	kindlefire	richietee757	2
03-May-2023	30d	kindlefire	anonanon1313	2
03-May-2023	30d	kindlefire	Accomplished_Wolf	2
03-May-2023	30d	kindlefire	mac18326	2
03-May-2023	30d	kindlefire	Aware-Check832	2
03-May-2023	30d	kindlefire	TufTed2003	2
03-May-2023	30d	kindlefire	BrooklynCactus	2
03-May-2023	30d	kindlefire	zombuca	2
03-May-2023	30d	kindlefire	soullessoptimism	2
03-May-2023	30d	kindlefire	rfh1987	2
03-May-2023	30d	kindlefire	CVGPi	2
03-May-2023	30d	kindlefire	RobloxModerationSux9	2
03-May-2023	30d	kindlefire	Arnas_Z	2
03-May-2023	30d	kindlefire	Yanny57Reddit	2
03-May-2023	30d	kindlefire	Z0oma	2
03-May-2023	30d	kindlefire	Explodey_Wolf	2
03-May-2023	30d	kindlefire	Pandamoanium777	2
03-May-2023	30d	kindlefire	Beaverdam11	2
03-May-2023	30d	kindlefire	BenzoV	2
03-May-2023	30d	kindlefire	neffy_neff	2
03-May-2023	30d	kindlefire	Isteppedonabee	2
03-May-2023	30d	kindlefire	Frank_chevelle	2
03-May-2023	30d	kindlefire	maierxiaqu	2
03-May-2023	30d	kindlefire	Gasawok	2
03-May-2023	30d	kindlefire	Toothless_NEO	2
03-May-2023	30d	kindlefire	Zanki	2
03-May-2023	30d	kindlefire	Outrageous_Tear7744	2
03-May-2023	30d	kindlefire	Cartesian_Circle	2
03-May-2023	30d	kindlefire	buxzythebeeeeeeee	2
03-May-2023	30d	kindlefire	katie_elizabeth_2	2
03-May-2023	30d	kindlefire	Border_Relevant	2
03-May-2023	30d	kindlefire	Bumataur	2
03-May-2023	30d	kindlefire	thegr8goldfish	2
03-May-2023	30d	kindlefire	Konarkanuck	2
03-May-2023	30d	kindlefire	Safe-Meeting9561	2
03-May-2023	30d	kindlefire	Halaku	2
03-May-2023	30d	kindlefire	T3RHS4	2
03-May-2023	30d	kindlefire	Kieran_Mc	2
03-May-2023	30d	kindlefire	MassenasEyepatch	2
03-May-2023	30d	kindlefire	Ok-Sandwich-572	2
03-May-2023	30d	kindlefire	Georgy_K_Zhukov	2
03-May-2023	30d	kindlefire	hmwkamikaze	2
03-May-2023	30d	kindlefire	_ingrah	2
03-May-2023	30d	kindlefire	salteedog007	2
03-May-2023	30d	kindlefire	mikerapegoobies	2
03-May-2023	30d	kindlefire	JLHockeyKnight	2
03-May-2023	30d	kindlefire	WaRRioRz0rz	2
03-May-2023	30d	kindlefire	Pookells	2
03-May-2023	30d	kindlefire	rwallaceva	2
03-May-2023	30d	kindlefire	Mattm519	2
03-May-2023	30d	kindlefire	greypic	2
03-May-2023	30d	kindlefire	Gomphos	2
03-May-2023	30d	kindlefire	Linclin	2
03-May-2023	30d	kindlefire	TakenGiny	2
03-May-2023	30d	kindlefire	edogggy	2
03-May-2023	30d	kindlefire	zlixir	2
03-May-2023	30d	kindlefire	Here_4_Laughs_1983	2
03-May-2023	30d	kindlefire	TheMilsons	2
03-May-2023	30d	kindlefire	nysryn	2
03-May-2023	30d	kindlefire	throwaway12093847qwe	2
03-May-2023	30d	kindlefire	shock1000	2
03-May-2023	30d	kindlefire	kuno1chi	2
03-May-2023	30d	kindlefire	darkside__07	2
03-May-2023	30d	kindlefire	bryiewes	2
03-May-2023	30d	kindlefire	Working-Upstairs8727	2
03-May-2023	30d	kindlefire	MessyKing	2
03-May-2023	30d	kindlefire	KVA1	2
03-May-2023	30d	kindlefire	Duganinja	2
03-May-2023	30d	kindlefire	Joemaher2	2
03-May-2023	30d	kindlefire	JohKohLoh	2
03-May-2023	30d	kindlefire	Amisherjoe	2
03-May-2023	30d	kindlefire	ManufacturerWeird499	2
03-May-2023	30d	kindlefire	jnubianyc	2
03-May-2023	30d	kindlefire	FF_Ninja	2
03-May-2023	30d	kindlefire	goldalex00	2
03-May-2023	30d	kindlefire	bridgehockey	2
03-May-2023	30d	kindlefire	crkdopn	2
03-May-2023	30d	kindlefire	Relative_Location_65	2
03-May-2023	30d	kindlefire	StarlightSunshine7	2
03-May-2023	30d	kindlefire	zitsky	2
03-May-2023	30d	kindlefire	eeyorewinners	1
03-May-2023	30d	kindlefire	Maximum_Employer5580	1
03-May-2023	30d	kindlefire	GrassGreen983	1
03-May-2023	30d	kindlefire	DDS-029	1
03-May-2023	30d	kindlefire	AgentPeggyCarter	1
03-May-2023	30d	kindlefire	cakeresurfacer	1
03-May-2023	30d	kindlefire	throwawaymomof4	1
03-May-2023	30d	kindlefire	cugrad16	1
03-May-2023	30d	kindlefire	Bkm150	1
03-May-2023	30d	kindlefire	theguardian009	1
03-May-2023	30d	kindlefire	mickoz	1
03-May-2023	30d	kindlefire	Strange-Tea-4620	1
03-May-2023	30d	kindlefire	strikers84	1
03-May-2023	30d	kindlefire	DJ_Ponce	1
03-May-2023	30d	kindlefire	duc916	1
03-May-2023	30d	kindlefire	the-holocron	1
03-May-2023	30d	kindlefire	dingaberri40	1
03-May-2023	30d	kindlefire	NLGsy	1
03-May-2023	30d	kindlefire	Sodola321	1
03-May-2023	30d	kindlefire	rockinandrollinAine	1
03-May-2023	30d	kindlefire	EnptCoopCBus	1
03-May-2023	30d	kindlefire	m4n715	1
03-May-2023	30d	kindlefire	Educational_Cut_8948	1
03-May-2023	30d	kindlefire	newageretrospectre	1
03-May-2023	30d	kindlefire	angelshmangel	1
03-May-2023	30d	kindlefire	Farmer_Sim5485	1
03-May-2023	30d	kindlefire	Square_Comfort209	1
03-May-2023	30d	kindlefire	tcptennis	1
03-May-2023	30d	kindlefire	qrayons	1
03-May-2023	30d	kindlefire	CoffeeBaron	1
03-May-2023	30d	kindlefire	Aggressive-Brick1024	1
03-May-2023	30d	kindlefire	MingusVonHavamalt	1
03-May-2023	30d	kindlefire	w0lfqu33n	1
03-May-2023	30d	kindlefire	Elaine1959	1
03-May-2023	30d	kindlefire	Stated-sins	1
03-May-2023	30d	kindlefire	qc_win87	1
03-May-2023	30d	kindlefire	BRAIN_JAR_thesecond	1
03-May-2023	30d	kindlefire	Oragami	1
03-May-2023	30d	kindlefire	neill83	1
03-May-2023	30d	kindlefire	chrstn43	1
03-May-2023	30d	kindlefire	shooter_tx	1
03-May-2023	30d	kindlefire	Bcqtpie	1
03-May-2023	30d	kindlefire	SyedaAbi	1
03-May-2023	30d	kindlefire	Used-Establishment86	1
03-May-2023	30d	kindlefire	Salt_Ratio_1243	1
03-May-2023	30d	kindlefire	Eiion	1
03-May-2023	30d	kindlefire	Wild-Invite3839	1
03-May-2023	30d	kindlefire	umaradam1990	1
03-May-2023	30d	kindlefire	i__indisCriMiNatE	1
03-May-2023	30d	kindlefire	D1G1TAL_SYNAPS3	1
03-May-2023	30d	kindlefire	joshmsr	1
03-May-2023	30d	kindlefire	gelomon	1
03-May-2023	30d	kindlefire	Succsy	1
03-May-2023	30d	kindlefire	STaCKsGoTTi	1
03-May-2023	30d	kindlefire	BootyButtPirate	1
03-May-2023	30d	kindlefire	booksncatsn	1
03-May-2023	30d	kindlefire	Raveen396	1
03-May-2023	30d	kindlefire	DaBoomerang	1
03-May-2023	30d	kindlefire	mhartog92	1
03-May-2023	30d	kindlefire	alidan	1
03-May-2023	30d	kindlefire	danaross	1
03-May-2023	30d	kindlefire	davidlgood	1
03-May-2023	30d	kindlefire	Lumbadude94	1
03-May-2023	30d	kindlefire	Heavy-Dirt9874	1
03-May-2023	30d	kindlefire	Rachelt-20	1
03-May-2023	30d	kindlefire	STcmOCSD	1
03-May-2023	30d	kindlefire	Aggravating_Soil3006	1
03-May-2023	30d	kindlefire	KookyKrista	1
03-May-2023	30d	kindlefire	ModConMom	1
03-May-2023	30d	kindlefire	Vivid-Ad9340	1
03-May-2023	30d	kindlefire	bananaloaf88	1
03-May-2023	30d	kindlefire	Burnhaven	1
03-May-2023	30d	kindlefire	LTCirabisi	1
03-May-2023	30d	kindlefire	Kat1653	1
03-May-2023	30d	kindlefire	beezanteeum	1
03-May-2023	30d	kindlefire	penitentangent	1
03-May-2023	30d	kindlefire	Brystvorter	1
03-May-2023	30d	kindlefire	Far-Combination-7809	1
03-May-2023	30d	kindlefire	mohossama	1
03-May-2023	30d	kindlefire	Leo_Expose	1
03-May-2023	30d	kindlefire	aegrotatio	1
03-May-2023	30d	kindlefire	glutenconcentrate	1
03-May-2023	30d	kindlefire	astegra	1
03-May-2023	30d	kindlefire	nanham59	1
03-May-2023	30d	kindlefire	Chunky-Chowder-3000	1
03-May-2023	30d	kindlefire	IrishSwede74	1
03-May-2023	30d	kindlefire	AgencyExternal4003	1
03-May-2023	30d	kindlefire	Darksol503	1
03-May-2023	30d	kindlefire	MyWay0rHighway_210	1
03-May-2023	30d	kindlefire	lichenihil	1
03-May-2023	30d	kindlefire	huntangather	1
03-May-2023	30d	kindlefire	LogoGraphica	1
03-May-2023	30d	kindlefire	Phlubber	1
03-May-2023	30d	kindlefire	Blue387	1
03-May-2023	30d	kindlefire	Low_Outlandishness_8	1
03-May-2023	30d	kindlefire	RichyAnthy	1
03-May-2023	30d	kindlefire	culturalproduct	1
03-May-2023	30d	kindlefire	ashraf_r	1
03-May-2023	30d	kindlefire	kontrabasso1983	1
03-May-2023	30d	kindlefire	Ok-Comparison-1717	1
03-May-2023	30d	kindlefire	NycTony	1
03-May-2023	30d	kindlefire	kinejara	1
03-May-2023	30d	kindlefire	howdelicateisdeath	1
03-May-2023	30d	kindlefire	smeghead9916	1
03-May-2023	30d	kindlefire	garylapointe	1
03-May-2023	30d	kindlefire	Meeseekslookatmee	1
03-May-2023	30d	kindlefire	C-Vpupeting	1
03-May-2023	30d	kindlefire	Gigiwalters	1
03-May-2023	30d	kindlefire	beckysma	1
03-May-2023	30d	kindlefire	wvilberg	1
03-May-2023	30d	kindlefire	teddyj94	1
03-May-2023	30d	kindlefire	4AMaverick	1
03-May-2023	30d	kindlefire	8nsay	1
03-May-2023	30d	kindlefire	virtualmeta	1
03-May-2023	30d	kindlefire	shaunovision	1
03-May-2023	30d	kindlefire	TallTom70	1
03-May-2023	30d	kindlefire	DanielDKitteringham	1
03-May-2023	30d	kindlefire	Weddingthrowawa9	1
03-May-2023	30d	kindlefire	_biggerthanthesound_	1
03-May-2023	30d	kindlefire	imperialguy3	1
03-May-2023	30d	kindlefire	rudedog71	1
03-May-2023	30d	kindlefire	TeamMuted	1
03-May-2023	30d	kindlefire	Double_Wallaby1765	1
03-May-2023	30d	kindlefire	WankingWanderer	1
03-May-2023	30d	kindlefire	leakysourcream	1
03-May-2023	30d	kindlefire	sunnydays2023	1
03-May-2023	30d	kindlefire	following_eyes	1
03-May-2023	30d	kindlefire	Eusebas	1
03-May-2023	30d	kindlefire	gigi_bea	1
03-May-2023	30d	kindlefire	Fatalah	1
03-May-2023	30d	kindlefire	tips4490	1
03-May-2023	30d	kindlefire	ItWorkedLastTime	1
03-May-2023	30d	kindlefire	Paulrgos	1
03-May-2023	30d	kindlefire	BongoGabora	1
03-May-2023	30d	kindlefire	Ryan_e3p	1
03-May-2023	30d	kindlefire	-Iron_Bear-	1
03-May-2023	30d	kindlefire	brichards11	1
03-May-2023	30d	kindlefire	slapula	1
03-May-2023	30d	kindlefire	spark529	1
03-May-2023	30d	kindlefire	antihaze	1
03-May-2023	30d	kindlefire	BriefTomatillo985	1
03-May-2023	30d	kindlefire	bryanUC	1
03-May-2023	30d	kindlefire	wayho66	1
03-May-2023	30d	kindlefire	lecupcakepirate	1
03-May-2023	30d	kindlefire	H1landr	1
03-May-2023	30d	kindlefire	EastAlternative8951	1
03-May-2023	30d	kindlefire	_theRIX	1
03-May-2023	30d	kindlefire	randorhymes	1
03-May-2023	30d	kindlefire	martinbaines	1
03-May-2023	30d	kindlefire	ThaneOfCawdorrr	1
03-May-2023	30d	kindlefire	Mystery1001	1
03-May-2023	30d	kindlefire	_Aleos_	1
03-May-2023	30d	kindlefire	Toxicfox33	1
03-May-2023	30d	kindlefire	ezapper2	1
03-May-2023	30d	kindlefire	nakeynerd	1
03-May-2023	30d	kindlefire	HitchToldu	1
03-May-2023	30d	kindlefire	Luther_Artwright	1
03-May-2023	30d	kindlefire	twelvefifityone	1
03-May-2023	30d	kindlefire	penniesmammy	1
03-May-2023	30d	kindlefire	Soft-Lips	1
03-May-2023	30d	kindlefire	swNac	1
03-May-2023	30d	kindlefire	EmmyMommy	1
03-May-2023	30d	kindlefire	nimrodhellfire	1
03-May-2023	30d	kindlefire	3meta5u	1
03-May-2023	30d	kindlefire	booklovinggal19	1
03-May-2023	30d	kindlefire	alert_amber	1
03-May-2023	30d	kindlefire	miken171	1
03-May-2023	30d	kindlefire	felipeota1	1
03-May-2023	30d	kindlefire	Weekly-Lie9099	1
03-May-2023	30d	kindlefire	gpo321	1
03-May-2023	30d	kindlefire	DPAmes1	1
03-May-2023	30d	kindlefire	East_Bumblebee_2040	1
03-May-2023	30d	kindlefire	woodcell	1
03-May-2023	30d	kindlefire	kteb20011	1
03-May-2023	30d	kindlefire	kinobe	1
03-May-2023	30d	kindlefire	dmullaney	1
03-May-2023	30d	kindlefire	Zealousideal-Farm290	1
03-May-2023	30d	kindlefire	MaeBDemented	1
03-May-2023	30d	kindlefire	TheLinuxNative	1
03-May-2023	30d	kindlefire	mrstrust	1
03-May-2023	30d	kindlefire	ElectricalContest931	1
03-May-2023	30d	kindlefire	Djinn2522	1
03-May-2023	30d	kindlefire	FalkenD1Fox	1
03-May-2023	30d	kindlefire	gamesPo4	1
03-May-2023	30d	kindlefire	ignatiusjreillyreak	1
03-May-2023	30d	kindlefire	killword-noot	1
03-May-2023	30d	kindlefire	Coolyfett	1
03-May-2023	30d	kindlefire	SymSoa	1
03-May-2023	30d	kindlefire	Lieuallen	1
03-May-2023	30d	kindlefire	Specialist_Fondant_9	1
03-May-2023	30d	kindlefire	rpcinfo	1
03-May-2023	30d	kindlefire	Makefreemunny	1
03-May-2023	30d	kindlefire	Twigling	1
03-May-2023	30d	kindlefire	humble48	1
03-May-2023	30d	kindlefire	Eric38	1
03-May-2023	30d	kindlefire	DrDrEvil	1
03-May-2023	30d	kindlefire	chriswhinds	1
03-May-2023	30d	kindlefire	cuttervic	1
03-May-2023	30d	kindlefire	Automatic-Budget-644	1
03-May-2023	30d	kindlefire	CommodoreKrusty	1
03-May-2023	30d	kindlefire	Professional_Count85	1
03-May-2023	30d	kindlefire	spiritualengr	1
03-May-2023	30d	kindlefire	The-Damage-Done	1
03-May-2023	30d	kindlefire	ExperienceSad4375	1
03-May-2023	30d	kindlefire	EssexPriest88	1
03-May-2023	30d	kindlefire	borgib	1
03-May-2023	30d	kindlefire	Large_Operation_3130	1
03-May-2023	30d	kindlefire	PolishGirlfriendUSA	1
03-May-2023	30d	kindlefire	JamesMattDillon	1
03-May-2023	30d	kindlefire	Current-Mud-3362	1
03-May-2023	30d	kindlefire	franharrington	1
03-May-2023	30d	kindlefire	derekmski	1
03-May-2023	30d	kindlefire	Vecsan381	1
03-May-2023	30d	kindlefire	ccbbb23	1
03-May-2023	30d	kindlefire	Skavis	1
03-May-2023	30d	kindlefire	option_unpossible	1
03-May-2023	30d	kindlefire	Successful-Half3606	1
03-May-2023	30d	kindlefire	Trick-Two497	1
03-May-2023	30d	kindlefire	meglyn11	1
03-May-2023	30d	kindlefire	TheFoolishCrow	1
03-May-2023	30d	kindlefire	krustywazoo	1
03-May-2023	30d	kindlefire	itskaizad	1
03-May-2023	30d	kindlefire	Barchetta67	1
03-May-2023	30d	kindlefire	Prize-Accountant-874	1
03-May-2023	30d	kindlefire	peteyjlawson	1
03-May-2023	30d	kindlefire	fml5578	1
03-May-2023	30d	kindlefire	vmxcd	1
03-May-2023	30d	kindlefire	ItsThreesomeThen	1
03-May-2023	30d	kindlefire	LocalMain4677	1
03-May-2023	30d	kindlefire	ryanpm40	1
03-May-2023	30d	kindlefire	HalNicci	1
03-May-2023	30d	kindlefire	devorixs	1
03-May-2023	30d	kindlefire	ratzekind	1
03-May-2023	30d	kindlefire	bootstr8	1
03-May-2023	30d	kindlefire	Skooter_McGaven	1
03-May-2023	30d	kindlefire	Appropriate_Simple44	1
03-May-2023	30d	kindlefire	s1arita	1
03-May-2023	30d	kindlefire	trigrex	1
03-May-2023	30d	kindlefire	wimpergs	1
03-May-2023	30d	kindlefire	NomNomInMyTumTum	1
03-May-2023	30d	kindlefire	hi_internet_friend	1
03-May-2023	30d	kindlefire	Zealousideal-Ad6438	1
03-May-2023	30d	kindlefire	Girliemedic	1
03-May-2023	30d	kindlefire	PlainSpader	1
03-May-2023	30d	kindlefire	SetProfessional526	1
03-May-2023	30d	kindlefire	Sadgorl710	1
03-May-2023	30d	kindlefire	palmworks	1
03-May-2023	30d	kindlefire	SuppressionRecords	1
03-May-2023	30d	kindlefire	qwertyuiopa69	1
03-May-2023	30d	kindlefire	Anbuweezy00	1
03-May-2023	30d	kindlefire	Maltempest	1
03-May-2023	30d	kindlefire	EdzyFPS	1
03-May-2023	30d	kindlefire	Doktorvxu	1
03-May-2023	30d	kindlefire	Telepwnsauce	1
03-May-2023	30d	kindlefire	ihatethisusernametoo	1
03-May-2023	30d	kindlefire	The_Magnificent_Ace	1
03-May-2023	30d	kindlefire	Nemacolin	1
03-May-2023	30d	kindlefire	Historical_Luck7375	1
03-May-2023	30d	kindlefire	luisrivera_co	1
03-May-2023	30d	kindlefire	Cakemoney08	1
03-May-2023	30d	kindlefire	ChampionshipUpset874	1
03-May-2023	30d	kindlefire	Comfortable-Bar6577	1
03-May-2023	30d	kindlefire	NewZookeepergame4781	1
03-May-2023	30d	kindlefire	RudyHernandez1-	1
03-May-2023	30d	kindlefire	manys	1
03-May-2023	30d	kindlefire	BigDaddyBano	1
03-May-2023	30d	kindlefire	victor86vazquez	1
