query_date	before_date	subreddit	submission_author	submission_frequency
03-May-2023	0d	kindlefire	[deleted]	34
03-May-2023	0d	kindlefire	zitsky	8
03-May-2023	0d	kindlefire	Agitated-Structure45	5
03-May-2023	0d	kindlefire	bballfan86	5
03-May-2023	0d	kindlefire	uniquemobildevicefan	5
03-May-2023	0d	kindlefire	Bearnadette	4
03-May-2023	0d	kindlefire	Robotic8040	4
03-May-2023	0d	kindlefire	Icy-Book2999	4
03-May-2023	0d	kindlefire	Ok-Comparison-1717	4
03-May-2023	0d	kindlefire	Affectionate_Try_836	4
03-May-2023	0d	kindlefire	alidan	3
03-May-2023	0d	kindlefire	elexar2334	3
03-May-2023	0d	kindlefire	RangerRed93	3
03-May-2023	0d	kindlefire	jamxil	3
03-May-2023	0d	kindlefire	DJCPT	3
03-May-2023	0d	kindlefire	Chok3U	3
03-May-2023	0d	kindlefire	iPhoneMiniWHITE	3
03-May-2023	0d	kindlefire	lichenihil	3
03-May-2023	0d	kindlefire	Alabatman	3
03-May-2023	0d	kindlefire	Difficult-Hat6393	3
03-May-2023	0d	kindlefire	paul92849	3
03-May-2023	0d	kindlefire	Juju43445	3
03-May-2023	0d	kindlefire	worstbaker	3
03-May-2023	0d	kindlefire	shooter_tx	3
03-May-2023	0d	kindlefire	-Thalas-	3
03-May-2023	0d	kindlefire	ZeljeznicarSampion	3
03-May-2023	0d	kindlefire	According_School8011	3
03-May-2023	0d	kindlefire	Oragami	2
03-May-2023	0d	kindlefire	Russkafin	2
03-May-2023	0d	kindlefire	Quejia	2
03-May-2023	0d	kindlefire	ArugulaZ	2
03-May-2023	0d	kindlefire	kaiumislamak	2
03-May-2023	0d	kindlefire	importedexport	2
03-May-2023	0d	kindlefire	HoodedJimbob	2
03-May-2023	0d	kindlefire	Accomplished_Wolf	2
03-May-2023	0d	kindlefire	the_crazy88	2
03-May-2023	0d	kindlefire	Tim_Redit	2
03-May-2023	0d	kindlefire	BondJamesBondx12	2
03-May-2023	0d	kindlefire	ZacBobisKing	2
03-May-2023	0d	kindlefire	daposs	2
03-May-2023	0d	kindlefire	BigRedDrake	2
03-May-2023	0d	kindlefire	katehenry4133	2
03-May-2023	0d	kindlefire	kerrywilliam8720	2
03-May-2023	0d	kindlefire	MisterAuthor	2
03-May-2023	0d	kindlefire	Anxious-Pension1754	2
03-May-2023	0d	kindlefire	Mystery1001	2
03-May-2023	0d	kindlefire	XRaiderV1	2
03-May-2023	0d	kindlefire	dmullaney	2
03-May-2023	0d	kindlefire	Late_Experience5044	2
03-May-2023	0d	kindlefire	Ansomat	2
03-May-2023	0d	kindlefire	Wreckit-Jon	2
03-May-2023	0d	kindlefire	CommodoreKrusty	2
03-May-2023	0d	kindlefire	Stormlover247	2
03-May-2023	0d	kindlefire	Top-Dimension863	2
03-May-2023	0d	kindlefire	Large_Operation_3130	2
03-May-2023	0d	kindlefire	Doktorvxu	2
03-May-2023	0d	kindlefire	AntiGamerPlayzz	2
03-May-2023	0d	kindlefire	AvengeThe90s	2
03-May-2023	0d	kindlefire	funndasun01	2
03-May-2023	0d	kindlefire	SJSEng	2
03-May-2023	0d	kindlefire	SuppressionRecords	2
03-May-2023	0d	kindlefire	JBsoundCHK	2
03-May-2023	0d	kindlefire	flphotog35	2
03-May-2023	0d	kindlefire	JulianOxford	2
03-May-2023	0d	kindlefire	sunrisedown	2
03-May-2023	0d	kindlefire	jmp4me444	2
03-May-2023	0d	kindlefire	PopeSluggies	2
03-May-2023	0d	kindlefire	nemoyakkula	2
03-May-2023	0d	kindlefire	HobbyistAccount	2
03-May-2023	0d	kindlefire	penniesmammy	2
03-May-2023	0d	kindlefire	webbasica	2
03-May-2023	0d	kindlefire	Emotional_Original50	2
03-May-2023	0d	kindlefire	Swelter-Action2148	2
03-May-2023	0d	kindlefire	FamiliarAura	2
03-May-2023	0d	kindlefire	camtdio	2
03-May-2023	0d	kindlefire	ludditetechnician	2
03-May-2023	0d	kindlefire	NishaDaPooh	2
03-May-2023	0d	kindlefire	david2descent	2
03-May-2023	0d	kindlefire	rpgedgar	2
03-May-2023	0d	kindlefire	m2slam	2
03-May-2023	0d	kindlefire	epictetusdouglas	2
03-May-2023	0d	kindlefire	Idk_About_Life_Dude	2
03-May-2023	0d	kindlefire	sparker2000	2
03-May-2023	0d	kindlefire	4AMaverick	2
03-May-2023	0d	kindlefire	ScruffyGaymer	2
03-May-2023	0d	kindlefire	sunlollyking	2
03-May-2023	0d	kindlefire	bottoms37	2
03-May-2023	0d	kindlefire	Epicbobux	2
03-May-2023	0d	kindlefire	Present-Ad-5222	2
03-May-2023	0d	kindlefire	AOL_Casaniva	2
03-May-2023	0d	kindlefire	Aymon_official	2
03-May-2023	0d	kindlefire	ajrobsonReddit	2
03-May-2023	0d	kindlefire	Birdthorn	2
03-May-2023	0d	kindlefire	itookdhorsetofrance	2
03-May-2023	0d	kindlefire	GreekFreakFan	2
03-May-2023	0d	kindlefire	Silent-Juggernaut-38	2
03-May-2023	0d	kindlefire	achan1369	2
03-May-2023	0d	kindlefire	Fabianplayzyt	2
03-May-2023	0d	kindlefire	Astrocat-14	1
03-May-2023	0d	kindlefire	jank_0_x	1
03-May-2023	0d	kindlefire	GameOfThrowInsMate	1
03-May-2023	0d	kindlefire	ignorantpisswalker	1
03-May-2023	0d	kindlefire	G-Toke	1
03-May-2023	0d	kindlefire	Lloro_rs	1
03-May-2023	0d	kindlefire	FrankieBoy984	1
03-May-2023	0d	kindlefire	SLagonia	1
03-May-2023	0d	kindlefire	emotionlovehotel	1
03-May-2023	0d	kindlefire	idspispopd888	1
03-May-2023	0d	kindlefire	Thundershadow1111	1
03-May-2023	0d	kindlefire	thismemeinhistory	1
03-May-2023	0d	kindlefire	Tabaccothetea	1
03-May-2023	0d	kindlefire	andyr072	1
03-May-2023	0d	kindlefire	mopeyjoe	1
03-May-2023	0d	kindlefire	Hatta00	1
03-May-2023	0d	kindlefire	firstyearfear	1
03-May-2023	0d	kindlefire	Kirby_Kurious	1
03-May-2023	0d	kindlefire	NickLoner	1
03-May-2023	0d	kindlefire	ILeftItAtHome	1
03-May-2023	0d	kindlefire	Lone_Wolf	1
03-May-2023	0d	kindlefire	FallenAngelWorshiper	1
03-May-2023	0d	kindlefire	Soggy-Row98	1
03-May-2023	0d	kindlefire	calculon68	1
03-May-2023	0d	kindlefire	Cwestthecool	1
03-May-2023	0d	kindlefire	Blueowl1991	1
03-May-2023	0d	kindlefire	KumaTheKitsune	1
03-May-2023	0d	kindlefire	WhatABunchofBologna	1
03-May-2023	0d	kindlefire	RoyTheBoy84	1
03-May-2023	0d	kindlefire	K0ning	1
03-May-2023	0d	kindlefire	frenchknot	1
03-May-2023	0d	kindlefire	RdmDadGuy	1
03-May-2023	0d	kindlefire	mybrainmelting	1
03-May-2023	0d	kindlefire	SirJoseppi	1
03-May-2023	0d	kindlefire	Jesterstear99	1
03-May-2023	0d	kindlefire	mcfly856	1
03-May-2023	0d	kindlefire	xyberviper	1
03-May-2023	0d	kindlefire	One-Bus-9006	1
03-May-2023	0d	kindlefire	rainbowdash452	1
03-May-2023	0d	kindlefire	Wenamon	1
03-May-2023	0d	kindlefire	ArmchairNeckbeard	1
03-May-2023	0d	kindlefire	Mr_Gaming_Beast	1
03-May-2023	0d	kindlefire	cepenpark	1
03-May-2023	0d	kindlefire	eeyorewinners	1
03-May-2023	0d	kindlefire	Fractal_Cosmos	1
03-May-2023	0d	kindlefire	ArchXIII	1
03-May-2023	0d	kindlefire	DariusIV	1
03-May-2023	0d	kindlefire	Doug6388	1
03-May-2023	0d	kindlefire	Playful_Pianist_2533	1
03-May-2023	0d	kindlefire	Bkm150	1
03-May-2023	0d	kindlefire	TommyTheLizard	1
03-May-2023	0d	kindlefire	Sorry_Net_T	1
03-May-2023	0d	kindlefire	wvilberg	1
03-May-2023	0d	kindlefire	Lazy_Football_511	1
03-May-2023	0d	kindlefire	NLGsy	1
03-May-2023	0d	kindlefire	adiambf	1
03-May-2023	0d	kindlefire	rogueapex	1
03-May-2023	0d	kindlefire	masklins	1
03-May-2023	0d	kindlefire	JeffsDad	1
03-May-2023	0d	kindlefire	Farmer_Sim5485	1
03-May-2023	0d	kindlefire	CoffeeBaron	1
03-May-2023	0d	kindlefire	Krakius	1
03-May-2023	0d	kindlefire	soullessoptimism	1
03-May-2023	0d	kindlefire	LelvetNovv	1
03-May-2023	0d	kindlefire	ominouslydamp	1
03-May-2023	0d	kindlefire	kascnef82	1
03-May-2023	0d	kindlefire	crkdopn	1
03-May-2023	0d	kindlefire	Pandamoanium777	1
03-May-2023	0d	kindlefire	neill83	1
03-May-2023	0d	kindlefire	ninthtale	1
03-May-2023	0d	kindlefire	Used-Establishment86	1
03-May-2023	0d	kindlefire	Boborovski	1
03-May-2023	0d	kindlefire	Jappy_toutou	1
03-May-2023	0d	kindlefire	Ok-Smoke-5653	1
03-May-2023	0d	kindlefire	i__indisCriMiNatE	1
03-May-2023	0d	kindlefire	player074413191	1
03-May-2023	0d	kindlefire	Separate-Birthday800	1
03-May-2023	0d	kindlefire	SonSanford	1
03-May-2023	0d	kindlefire	gelomon	1
03-May-2023	0d	kindlefire	neffy_neff	1
03-May-2023	0d	kindlefire	SouLsLie	1
03-May-2023	0d	kindlefire	LowVermicelli6464	1
03-May-2023	0d	kindlefire	andrewducker	1
03-May-2023	0d	kindlefire	serenaiguess	1
03-May-2023	0d	kindlefire	switchseven	1
03-May-2023	0d	kindlefire	Fit_Grass_3147	1
03-May-2023	0d	kindlefire	theaction26	1
03-May-2023	0d	kindlefire	Lumbadude94	1
03-May-2023	0d	kindlefire	maierxiaqu	1
03-May-2023	0d	kindlefire	schmuttis	1
03-May-2023	0d	kindlefire	Burnhaven	1
03-May-2023	0d	kindlefire	Wraeyth	1
03-May-2023	0d	kindlefire	dainthomas	1
03-May-2023	0d	kindlefire	Isteppedonabee	1
03-May-2023	0d	kindlefire	Krazy_person	1
03-May-2023	0d	kindlefire	astegra	1
03-May-2023	0d	kindlefire	darkmoon3d	1
03-May-2023	0d	kindlefire	IrishSwede74	1
03-May-2023	0d	kindlefire	ChadMeister2394921	1
03-May-2023	0d	kindlefire	Cartesian_Circle	1
03-May-2023	0d	kindlefire	crispy_nomad	1
03-May-2023	0d	kindlefire	katie_elizabeth_2	1
03-May-2023	0d	kindlefire	Christinaaa12	1
03-May-2023	0d	kindlefire	RichyAnthy	1
03-May-2023	0d	kindlefire	kontrabasso1983	1
03-May-2023	0d	kindlefire	smeghead9916	1
03-May-2023	0d	kindlefire	bloodybeakerfolk	1
03-May-2023	0d	kindlefire	Dsg1695	1
03-May-2023	0d	kindlefire	NightHowler13	1
03-May-2023	0d	kindlefire	bryanthehorrible	1
03-May-2023	0d	kindlefire	Akz1918	1
03-May-2023	0d	kindlefire	Only-Jetman-1002	1
03-May-2023	0d	kindlefire	8nsay	1
03-May-2023	0d	kindlefire	KookyKrista	1
03-May-2023	0d	kindlefire	ShadowD_	1
03-May-2023	0d	kindlefire	MarcR125X	1
03-May-2023	0d	kindlefire	junginator	1
03-May-2023	0d	kindlefire	DarthVapes99	1
03-May-2023	0d	kindlefire	Loud_Description_118	1
03-May-2023	0d	kindlefire	ArishiaRedFox	1
03-May-2023	0d	kindlefire	leakysourcream	1
03-May-2023	0d	kindlefire	Georgy_K_Zhukov	1
03-May-2023	0d	kindlefire	TheOnlyUnbreakable1	1
03-May-2023	0d	kindlefire	bluepond20	1
03-May-2023	0d	kindlefire	KarlProjektorinsky	1
03-May-2023	0d	kindlefire	Inugamy-peke	1
03-May-2023	0d	kindlefire	Leo_Expose	1
03-May-2023	0d	kindlefire	ProfessionalOlive864	1
03-May-2023	0d	kindlefire	Throwawy98064	1
03-May-2023	0d	kindlefire	BongoGabora	1
03-May-2023	0d	kindlefire	Mashbill_Hunter	1
03-May-2023	0d	kindlefire	Wrong_Plan_5733	1
03-May-2023	0d	kindlefire	salteedog007	1
03-May-2023	0d	kindlefire	EastAlternative8951	1
03-May-2023	0d	kindlefire	randorhymes	1
03-May-2023	0d	kindlefire	MoorSoul	1
03-May-2023	0d	kindlefire	taakobell	1
03-May-2023	0d	kindlefire	watanabe0	1
03-May-2023	0d	kindlefire	Pookells	1
03-May-2023	0d	kindlefire	usdang	1
03-May-2023	0d	kindlefire	Dr_EmilioLizardo	1
03-May-2023	0d	kindlefire	Fearless-Buffalo-549	1
03-May-2023	0d	kindlefire	edogggy	1
03-May-2023	0d	kindlefire	IgnorantRoadRunner	1
03-May-2023	0d	kindlefire	GemzJD	1
03-May-2023	0d	kindlefire	JanCumin	1
03-May-2023	0d	kindlefire	Tight_Cicada_3415	1
03-May-2023	0d	kindlefire	mynoliebear	1
03-May-2023	0d	kindlefire	AirLexington	1
03-May-2023	0d	kindlefire	Electrical_Hour3488	1
03-May-2023	0d	kindlefire	MrLoki2020	1
03-May-2023	0d	kindlefire	Zealousideal-Farm290	1
03-May-2023	0d	kindlefire	nysryn	1
03-May-2023	0d	kindlefire	b1ged88	1
03-May-2023	0d	kindlefire	MrMcMoneyBagz	1
03-May-2023	0d	kindlefire	DenebianSlimeMolds	1
03-May-2023	0d	kindlefire	Kurnelk1	1
03-May-2023	0d	kindlefire	MursaArtDragon	1
03-May-2023	0d	kindlefire	kuno1chi	1
03-May-2023	0d	kindlefire	Billabong15	1
03-May-2023	0d	kindlefire	StrawberryPlays	1
03-May-2023	0d	kindlefire	nashstar	1
03-May-2023	0d	kindlefire	twelvefifityone	1
03-May-2023	0d	kindlefire	gamesPo4	1
03-May-2023	0d	kindlefire	Djinn2522	1
03-May-2023	0d	kindlefire	RepresentativeSea936	1
03-May-2023	0d	kindlefire	anasspr2	1
03-May-2023	0d	kindlefire	SymSoa	1
03-May-2023	0d	kindlefire	VenusMarmalade	1
03-May-2023	0d	kindlefire	Capablitosci	1
03-May-2023	0d	kindlefire	ccduke	1
03-May-2023	0d	kindlefire	Twigling	1
03-May-2023	0d	kindlefire	Electrical-Classic72	1
03-May-2023	0d	kindlefire	RoyFlash	1
03-May-2023	0d	kindlefire	cuprousalchemist	1
03-May-2023	0d	kindlefire	RADEONHD5770	1
03-May-2023	0d	kindlefire	Visible_Train1838	1
03-May-2023	0d	kindlefire	TakenGiny	1
03-May-2023	0d	kindlefire	locolyric1983	1
03-May-2023	0d	kindlefire	Equivalent_Sherbert5	1
03-May-2023	0d	kindlefire	EssexPriest88	1
03-May-2023	0d	kindlefire	local306	1
03-May-2023	0d	kindlefire	TDS_patient_no7767	1
03-May-2023	0d	kindlefire	notsureofthisplace	1
03-May-2023	0d	kindlefire	Vchat20	1
03-May-2023	0d	kindlefire	csills6776	1
03-May-2023	0d	kindlefire	FrequentWrap3470	1
03-May-2023	0d	kindlefire	Key-Aide-2620	1
03-May-2023	0d	kindlefire	xShadyxLeafx	1
03-May-2023	0d	kindlefire	LittleLokiBear	1
03-May-2023	0d	kindlefire	JustDarnGood27_	1
03-May-2023	0d	kindlefire	sanstheskeleton05	1
03-May-2023	0d	kindlefire	FF_Ninja	1
03-May-2023	0d	kindlefire	fml5578	1
03-May-2023	0d	kindlefire	devorixs	1
03-May-2023	0d	kindlefire	fabbe134	1
03-May-2023	0d	kindlefire	anino7	1
03-May-2023	0d	kindlefire	dghirsh19	1
03-May-2023	0d	kindlefire	RainingBass	1
03-May-2023	0d	kindlefire	theinternt	1
03-May-2023	0d	kindlefire	peanutButterBo	1
03-May-2023	0d	kindlefire	Safe-Meeting9561	1
03-May-2023	0d	kindlefire	_HT03	1
03-May-2023	0d	kindlefire	vyasjee	1
03-May-2023	0d	kindlefire	MessyKing	1
03-May-2023	0d	kindlefire	Glittering-Knee-5303	1
03-May-2023	0d	kindlefire	joesmith127_reddit	1
03-May-2023	0d	kindlefire	Single_Raspberry9539	1
03-May-2023	0d	kindlefire	Nemacolin	1
03-May-2023	0d	kindlefire	Intro_verti_AL	1
03-May-2023	0d	kindlefire	theytorade_	1
03-May-2023	0d	kindlefire	Laxdude1077	1
03-May-2023	0d	kindlefire	aardy	1
03-May-2023	0d	kindlefire	moviejunki	1
03-May-2023	0d	kindlefire	greenhumanbean	1
03-May-2023	0d	kindlefire	Responsible_Brush_24	1
03-May-2023	0d	kindlefire	mpcorbett	1
03-May-2023	0d	kindlefire	tulamidan	1
03-May-2023	0d	kindlefire	Any-Egg9079	1
03-May-2023	0d	kindlefire	virgin_goat	1
03-May-2023	0d	kindlefire	cnwinger	1
03-May-2023	0d	kindlefire	littlebarque	1
03-May-2023	0d	kindlefire	IronicSciFiFan	1
03-May-2023	0d	kindlefire	Long_Cartoonist_3992	1
03-May-2023	0d	kindlefire	Dunda	1
03-May-2023	0d	kindlefire	TheCeilingisGreen	1
03-May-2023	0d	kindlefire	poopoop-poopoop	1
03-May-2023	0d	kindlefire	Tooindabush	1
03-May-2023	0d	kindlefire	fiasko82	1
03-May-2023	0d	kindlefire	Aloo13	1
03-May-2023	0d	kindlefire	comprapescado	1
03-May-2023	0d	kindlefire	Upstairs_Hair5511	1
03-May-2023	0d	kindlefire	LoganJFisher	1
03-May-2023	0d	kindlefire	jb197174	1
03-May-2023	0d	kindlefire	chicken_hawk	1
03-May-2023	0d	kindlefire	laphlaw	1
03-May-2023	0d	kindlefire	reamski	1
03-May-2023	0d	kindlefire	count_strahd_z	1
03-May-2023	0d	kindlefire	Sea_Jury1292	1
03-May-2023	0d	kindlefire	OmniRocknRoll	1
03-May-2023	0d	kindlefire	XhaleBtw	1
03-May-2023	0d	kindlefire	PastelCicada	1
03-May-2023	0d	kindlefire	KScriber	1
03-May-2023	0d	kindlefire	Makefreemunny	1
03-May-2023	0d	kindlefire	Juwax	1
03-May-2023	0d	kindlefire	Sky-Toad1979	1
03-May-2023	0d	kindlefire	stone5522	1
03-May-2023	0d	kindlefire	beautypopper101	1
03-May-2023	0d	kindlefire	squirellputkin	1
03-May-2023	0d	kindlefire	Passerby_07	1
03-May-2023	0d	kindlefire	CrazyDragonThief	1
03-May-2023	0d	kindlefire	GamersPlane	1
03-May-2023	0d	kindlefire	jameskiddo	1
03-May-2023	0d	kindlefire	Personal_Farm_4391	1
03-May-2023	0d	kindlefire	citizenhagen	1
03-May-2023	0d	kindlefire	er101plus	1
03-May-2023	0d	kindlefire	fluorescentpopsicle	1
03-May-2023	0d	kindlefire	MezzoRomano	1
03-May-2023	0d	kindlefire	dontcallmelaterlv	1
03-May-2023	0d	kindlefire	Alwaysd23	1
03-May-2023	0d	kindlefire	Timequake-Droid	1
03-May-2023	0d	kindlefire	Dry_Coat_7580	1
03-May-2023	0d	kindlefire	FrankenWaifu	1
03-May-2023	0d	kindlefire	deltafridge	1
03-May-2023	0d	kindlefire	Green-Conference-740	1
03-May-2023	0d	kindlefire	Trick_Look4649	1
03-May-2023	0d	kindlefire	AvonBarksdale666	1
03-May-2023	0d	kindlefire	reverend_dr_cuddles	1
03-May-2023	0d	kindlefire	Reighna1	1
03-May-2023	0d	kindlefire	joshwgaming	1
03-May-2023	0d	kindlefire	SatisfactionDue4508	1
03-May-2023	0d	kindlefire	leebon427	1
03-May-2023	0d	kindlefire	ukiukimidnite	1
03-May-2023	0d	kindlefire	Total_Connection9879	1
03-May-2023	0d	kindlefire	AdNew8205	1
03-May-2023	0d	kindlefire	darvin1295	1
03-May-2023	0d	kindlefire	TheBigBelly01	1
03-May-2023	0d	kindlefire	partially_perplexed	1
03-May-2023	0d	kindlefire	Elegant-Sleep3849	1
03-May-2023	0d	kindlefire	TobiasBloyd	1
03-May-2023	0d	kindlefire	MalachiConstant7	1
03-May-2023	0d	kindlefire	Sad-Flan6696	1
03-May-2023	0d	kindlefire	scorpycoby	1
03-May-2023	0d	kindlefire	Lavvendera	1
03-May-2023	0d	kindlefire	AJigsawnHalo	1
03-May-2023	0d	kindlefire	niccc28	1
03-May-2023	0d	kindlefire	_Aleos_	1
03-May-2023	0d	kindlefire	Shaydu	1
03-May-2023	0d	kindlefire	DoYaThang_Owl	1
03-May-2023	0d	kindlefire	funkture	1
03-May-2023	0d	kindlefire	Vlowman	1
03-May-2023	0d	kindlefire	_biggerthanthesound_	1
03-May-2023	0d	kindlefire	jennylee232	1
03-May-2023	0d	kindlefire	M3L0n_64	1
03-May-2023	0d	kindlefire	C0c0156	1
03-May-2023	0d	kindlefire	nimrodhellfire	1
03-May-2023	0d	kindlefire	jordaynium	1
03-May-2023	0d	kindlefire	grif_0	1
03-May-2023	0d	kindlefire	levydb	1
03-May-2023	0d	kindlefire	Waramir-mx	1
03-May-2023	0d	kindlefire	Splatoonfan1125	1
03-May-2023	0d	kindlefire	drg267	1
03-May-2023	0d	kindlefire	xBender7	1
03-May-2023	0d	kindlefire	dmheaberlin	1
03-May-2023	0d	kindlefire	IamTedE	1
03-May-2023	0d	kindlefire	KingKaido	1
03-May-2023	0d	kindlefire	joeyl7	1
03-May-2023	0d	kindlefire	kresbok	1
03-May-2023	0d	kindlefire	2manyiterations	1
03-May-2023	0d	kindlefire	dills84	1
03-May-2023	0d	kindlefire	Narrow_Salamander521	1
03-May-2023	0d	kindlefire	jai_hanyo	1
03-May-2023	0d	kindlefire	OreJen	1
03-May-2023	0d	kindlefire	NefariousnessHot7883	1
03-May-2023	0d	kindlefire	Core-8	1
03-May-2023	0d	kindlefire	ForumsStinkzYT	1
03-May-2023	0d	kindlefire	Unikornus	1
03-May-2023	0d	kindlefire	Jester_Pug	1
03-May-2023	0d	kindlefire	youneshlal77	1
03-May-2023	0d	kindlefire	trevb1983	1
03-May-2023	0d	kindlefire	nutrigrain	1
03-May-2023	0d	kindlefire	Foxxi-Moxxi	1
03-May-2023	0d	kindlefire	phanngoctri	1
03-May-2023	0d	kindlefire	jonwcode	1
03-May-2023	0d	kindlefire	zachzweig	1
03-May-2023	0d	kindlefire	substitutewithpizza	1
03-May-2023	0d	kindlefire	PitRejection2359	1
03-May-2023	0d	kindlefire	SyndraMew	1
03-May-2023	0d	kindlefire	Iceghostfox44	1
03-May-2023	0d	kindlefire	SwampFink	1
03-May-2023	0d	kindlefire	suddencompetition600	1
03-May-2023	0d	kindlefire	MaskedSnarker	1
03-May-2023	0d	kindlefire	chambrot	1
03-May-2023	0d	kindlefire	meltingmary	1
03-May-2023	0d	kindlefire	TeflonGoon	1
03-May-2023	0d	kindlefire	Mike20878	1
03-May-2023	0d	kindlefire	Gold_Rule7973	1
03-May-2023	0d	kindlefire	justin6942069-	1
03-May-2023	0d	kindlefire	palmworks	1
03-May-2023	0d	kindlefire	XCVA3	1
03-May-2023	0d	kindlefire	Delicious-List-156	1
03-May-2023	0d	kindlefire	HulaDanger	1
03-May-2023	0d	kindlefire	Orfus5	1
03-May-2023	0d	kindlefire	vampir3aut0psy	1
03-May-2023	0d	kindlefire	Taxit0m	1
03-May-2023	0d	kindlefire	Opagamagnet	1
03-May-2023	0d	kindlefire	voyager106	1
03-May-2023	0d	kindlefire	Unhappy-Maybe2606	1
03-May-2023	0d	kindlefire	mike_from_uni	1
03-May-2023	0d	kindlefire	kiriloves_anime	1
03-May-2023	0d	kindlefire	AmazonMRA	1
03-May-2023	0d	kindlefire	WoodenDoe	1
03-May-2023	0d	kindlefire	hippohettie	1
03-May-2023	0d	kindlefire	Sky_B1ue	1
03-May-2023	0d	kindlefire	trailruns	1
03-May-2023	0d	kindlefire	Forestpilgrim	1
03-May-2023	0d	kindlefire	ololadeimmanuel	1
03-May-2023	0d	kindlefire	therearefivethings	1
03-May-2023	0d	kindlefire	Blessedest	1
03-May-2023	0d	kindlefire	alazar14	1
03-May-2023	0d	kindlefire	Xalgel	1
03-May-2023	0d	kindlefire	brassmonkey26	1
03-May-2023	0d	kindlefire	johnr588	1
03-May-2023	0d	kindlefire	Mister-Walkway	1
03-May-2023	0d	kindlefire	rexamous	1
03-May-2023	0d	kindlefire	DesperateEngineer451	1
03-May-2023	0d	kindlefire	maisykatee	1
03-May-2023	0d	kindlefire	e650man	1
03-May-2023	0d	kindlefire	Present-Nobody-5661	1
03-May-2023	0d	kindlefire	Whizzle93	1
03-May-2023	0d	kindlefire	hdcantona937	1
03-May-2023	0d	kindlefire	FastED_88	1
03-May-2023	0d	kindlefire	Sea_Finish_3937	1
03-May-2023	0d	kindlefire	allennathan	1
03-May-2023	0d	kindlefire	paperfaced	1
03-May-2023	0d	kindlefire	unluckymadcat	1
03-May-2023	0d	kindlefire	folksnake	1
03-May-2023	0d	kindlefire	axman1971	1
03-May-2023	0d	kindlefire	imthenachoman	1
03-May-2023	0d	kindlefire	material-thea	1
03-May-2023	0d	kindlefire	FewTheory2491	1
03-May-2023	0d	kindlefire	audioaxes	1
03-May-2023	0d	kindlefire	eat-the-stars	1
03-May-2023	0d	kindlefire	TrustfulSource	1
03-May-2023	0d	kindlefire	WoodpeckerMiddle8133	1
03-May-2023	0d	kindlefire	Paridoth	1
03-May-2023	0d	kindlefire	13saqqaw	1
03-May-2023	0d	kindlefire	jeffrey123520	1
03-May-2023	0d	kindlefire	MonsterBongos	1
03-May-2023	0d	kindlefire	amanda_o11	1
03-May-2023	0d	kindlefire	InsigniaVortex12	1
03-May-2023	0d	kindlefire	UndeadSaltyAmerican	1
03-May-2023	0d	kindlefire	twd000	1
03-May-2023	0d	kindlefire	h-o-l	1
03-May-2023	0d	kindlefire	Cultural_Tooth_6305	1
03-May-2023	0d	kindlefire	StimulisRK	1
03-May-2023	0d	kindlefire	m1stak3	1
03-May-2023	0d	kindlefire	Wanyou900	1
03-May-2023	0d	kindlefire	arcticpelago	1
03-May-2023	0d	kindlefire	everythingsalie91	1
03-May-2023	0d	kindlefire	ZaviaGenX	1
03-May-2023	0d	kindlefire	Seanthezon7	1
03-May-2023	0d	kindlefire	nshah1998	1
03-May-2023	0d	kindlefire	Up_and_ATEM	1
03-May-2023	0d	kindlefire	travism2013	1
03-May-2023	0d	kindlefire	dguy101	1
03-May-2023	0d	kindlefire	Cycode	1
03-May-2023	0d	kindlefire	FireHazardTK	1
03-May-2023	0d	kindlefire	BiologyNerdLife	1
03-May-2023	0d	kindlefire	fujisan0388	1
03-May-2023	0d	kindlefire	hughes__20	1
03-May-2023	0d	kindlefire	IamFabianPlayz	1
03-May-2023	0d	kindlefire	rainbowtoucan1992	1
03-May-2023	0d	kindlefire	101100101000100101	1
03-May-2023	0d	kindlefire	camcabbit	1
03-May-2023	0d	kindlefire	Lmseaquest21	1
03-May-2023	0d	kindlefire	mase7286	1
03-May-2023	0d	kindlefire	Expo737	1
03-May-2023	0d	kindlefire	stupidendous	1
03-May-2023	0d	kindlefire	marcos19833333	1
03-May-2023	0d	kindlefire	model3113	1
03-May-2023	0d	kindlefire	flochiskingfrfr	1
03-May-2023	0d	kindlefire	DeltaNu1142	1
03-May-2023	0d	kindlefire	-Column-	1
03-May-2023	0d	kindlefire	ToflixGamer	1
03-May-2023	0d	kindlefire	therealjoemontana	1
03-May-2023	0d	kindlefire	Goremanghast	1
03-May-2023	0d	kindlefire	rock4us2	1
03-May-2023	0d	kindlefire	MUM_WHYDOIHAVEALIFE	1
03-May-2023	0d	kindlefire	rnw10va	1
03-May-2023	0d	kindlefire	criticalthinker225	1
03-May-2023	0d	kindlefire	Jboiwastaken	1
03-May-2023	0d	kindlefire	s7v7nvii	1
03-May-2023	0d	kindlefire	themonkisthirsty	1
03-May-2023	0d	kindlefire	ghiste	1
03-May-2023	0d	kindlefire	AuroraSmile26	1
03-May-2023	0d	kindlefire	Jojo_Padfoot	1
03-May-2023	0d	kindlefire	chrsmrrtt	1
03-May-2023	0d	kindlefire	coldcanyon1633	1
03-May-2023	0d	kindlefire	gowahoo	1
03-May-2023	0d	kindlefire	cryingandlying	1
03-May-2023	0d	kindlefire	R4reCandy	1
03-May-2023	0d	kindlefire	GrassGreen983	1
03-May-2023	0d	kindlefire	Peach_MacabreLer	1
03-May-2023	0d	kindlefire	P3nguLGOG	1
03-May-2023	0d	kindlefire	Mr-Stumble	1
03-May-2023	0d	kindlefire	Careless-Wonder7886	1
03-May-2023	0d	kindlefire	SeriouslyFishyOk	1
03-May-2023	0d	kindlefire	OofTurkey	1
03-May-2023	0d	kindlefire	8biff	1
03-May-2023	0d	kindlefire	sticckyslowed	1
03-May-2023	0d	kindlefire	Lucky-Tumbleweed2006	1
03-May-2023	0d	kindlefire	Level_University_696	1
03-May-2023	0d	kindlefire	_NonExisting_	1
03-May-2023	0d	kindlefire	ccgthh	1
03-May-2023	0d	kindlefire	Refuggee	1
03-May-2023	0d	kindlefire	nyakafk	1
03-May-2023	0d	kindlefire	ThePhantasm	1
03-May-2023	0d	kindlefire	EmoStomper	1
03-May-2023	0d	kindlefire	monitoringaspects	1
03-May-2023	0d	kindlefire	leaving_again	1
03-May-2023	0d	kindlefire	change2288	1
03-May-2023	0d	kindlefire	JorgeMSU1978	1
03-May-2023	0d	kindlefire	elmurdoc	1
03-May-2023	0d	kindlefire	droopie	1
03-May-2023	0d	kindlefire	nishidake	1
03-May-2023	0d	kindlefire	AGKQ45	1
03-May-2023	0d	kindlefire	cakeresurfacer	1
03-May-2023	0d	kindlefire	quemotiso	1
03-May-2023	0d	kindlefire	Dapper_Cellist3130	1
03-May-2023	0d	kindlefire	cronuss	1
03-May-2023	0d	kindlefire	frugalacademic	1
03-May-2023	0d	kindlefire	Nightshade_Iris	1
03-May-2023	0d	kindlefire	Stellarisk	1
03-May-2023	0d	kindlefire	saaspiration	1
03-May-2023	0d	kindlefire	tleung927	1
03-May-2023	0d	kindlefire	psnbuser	1
03-May-2023	0d	kindlefire	johnmadden18	1
03-May-2023	0d	kindlefire	Airricklam	1
03-May-2023	0d	kindlefire	InteractionFancy3747	1
03-May-2023	0d	kindlefire	Zerosaber071	1
03-May-2023	0d	kindlefire	djcamera	1
03-May-2023	0d	kindlefire	I_am_Wojo	1
03-May-2023	0d	kindlefire	Brooklyngal10	1
03-May-2023	0d	kindlefire	Paul_DeBryone	1
03-May-2023	0d	kindlefire	aleking101	1
03-May-2023	0d	kindlefire	sadandsapphicc	1
03-May-2023	0d	kindlefire	Legal_Examination238	1
03-May-2023	0d	kindlefire	RudyHernandez1-	1
03-May-2023	0d	kindlefire	aLTRo0	1
03-May-2023	0d	kindlefire	Prof_tofu	1
03-May-2023	0d	kindlefire	chrstn43	1
03-May-2023	0d	kindlefire	Adventurous_Tutor870	1
03-May-2023	0d	kindlefire	Calpaca__	1
03-May-2023	0d	kindlefire	lol267	1
03-May-2023	0d	kindlefire	No-Satisfaction-3140	1
03-May-2023	0d	kindlefire	ChemiluminescentAshe	1
03-May-2023	0d	kindlefire	029DDS	1
03-May-2023	0d	kindlefire	jesthere	1
03-May-2023	0d	kindlefire	Windfinderz	1
03-May-2023	0d	kindlefire	ReallyGayGengar	1
03-May-2023	0d	kindlefire	Wiebenor	1
03-May-2023	0d	kindlefire	ComprehensiveHome983	1
03-May-2023	0d	kindlefire	CSwork1	1
03-May-2023	0d	kindlefire	agentwayward	1
03-May-2023	0d	kindlefire	ElkAccomplished8605	1
03-May-2023	0d	kindlefire	PrettyHappyAndGay	1
03-May-2023	0d	kindlefire	sstinkstink	1
03-May-2023	0d	kindlefire	SilverHornet	1
03-May-2023	0d	kindlefire	teoweald	1
03-May-2023	0d	kindlefire	ClassicSpookMovieFan	1
03-May-2023	0d	kindlefire	Aware-Check832	1
03-May-2023	0d	kindlefire	CraigInDaVille	1
03-May-2023	0d	kindlefire	Snack_Byte	1
03-May-2023	0d	kindlefire	RedBouncyBall2	1
03-May-2023	0d	kindlefire	LGAMER3412	1
03-May-2023	0d	kindlefire	trigrex	1
03-May-2023	0d	kindlefire	mextem	1
03-May-2023	0d	kindlefire	DPAmes1	1
03-May-2023	0d	kindlefire	throwawaybear_	1
03-May-2023	0d	kindlefire	longernohuman	1
03-May-2023	0d	kindlefire	ccbbb23	1
03-May-2023	0d	kindlefire	cerebasan	1
03-May-2023	0d	kindlefire	dev_sd	1
03-May-2023	0d	kindlefire	pomip71550	1
03-May-2023	0d	kindlefire	rougesubs	1
03-May-2023	0d	kindlefire	vth2	1
03-May-2023	0d	kindlefire	Electronic_Brush_137	1
03-May-2023	0d	kindlefire	weirdwidow	1
03-May-2023	0d	kindlefire	OwlWolfandSubstanceP	1
03-May-2023	0d	kindlefire	_mgjk_	1
03-May-2023	0d	kindlefire	SalchichaChistosa	1
03-May-2023	0d	kindlefire	Betabuck5	1
03-May-2023	0d	kindlefire	myelodysplasto	1
03-May-2023	0d	kindlefire	RalekBasa	1
03-May-2023	0d	kindlefire	Big_Display238	1
03-May-2023	0d	kindlefire	sslscrltt	1
03-May-2023	0d	kindlefire	Puzzled_Elk_5236	1
03-May-2023	0d	kindlefire	TroutforPrez	1
03-May-2023	0d	kindlefire	MetroPolice3	1
03-May-2023	0d	kindlefire	warriors_03	1
03-May-2023	0d	kindlefire	Captrad_	1
03-May-2023	0d	kindlefire	DiamondTechie	1
03-May-2023	0d	kindlefire	SpectacularLifeNoise	1
03-May-2023	0d	kindlefire	Garagairas	1
03-May-2023	0d	kindlefire	TrueTiger5000	1
03-May-2023	0d	kindlefire	Hypo_Projects_6925	1
03-May-2023	0d	kindlefire	TollboothPuppy	1
03-May-2023	0d	kindlefire	txdline	1
03-May-2023	0d	kindlefire	Emperor_Z	1
03-May-2023	0d	kindlefire	barnsbarnsnmorebarns	1
03-May-2023	0d	kindlefire	eyewoo	1
03-May-2023	0d	kindlefire	ForAQuietLife	1
03-May-2023	0d	kindlefire	cymrufollies	1
03-May-2023	0d	kindlefire	Common-Ad-933	1
03-May-2023	0d	kindlefire	Bonerfoam	1
03-May-2023	0d	kindlefire	mrmustachesir	1
03-May-2023	0d	kindlefire	JayTholen	1
03-May-2023	0d	kindlefire	zombuca	1
03-May-2023	0d	kindlefire	rmtidder	1
03-May-2023	0d	kindlefire	BrassUnicorn87	1
03-May-2023	0d	kindlefire	PatriarchysConcubine	1
03-May-2023	0d	kindlefire	Historical-Remove401	1
03-May-2023	0d	kindlefire	Proper_Ad902	1
03-May-2023	0d	kindlefire	following_eyes	1
03-May-2023	0d	kindlefire	abishur	1
03-May-2023	0d	kindlefire	Tattyjacket	1
03-May-2023	0d	kindlefire	aptivadave2012	1
03-May-2023	0d	kindlefire	Ok-Lack2558	1
03-May-2023	0d	kindlefire	E-Man-86	1
03-May-2023	0d	kindlefire	Conmaxanhle123	1
03-May-2023	0d	kindlefire	brufflesprouts	1
03-May-2023	0d	kindlefire	DTGStress	1
03-May-2023	0d	kindlefire	E99_B0i	1
03-May-2023	0d	kindlefire	Secret-Alternative78	1
03-May-2023	0d	kindlefire	Fit-Tap9195	1
03-May-2023	0d	kindlefire	Superstroeh	1
03-May-2023	0d	kindlefire	Hard_We_Know	1
03-May-2023	0d	kindlefire	plutozxd3	1
03-May-2023	0d	kindlefire	PropaneSalesMen	1
03-May-2023	0d	kindlefire	visiongalaxy	1
03-May-2023	0d	kindlefire	OddEar1529	1
03-May-2023	0d	kindlefire	iguessimbritishnow	1
03-May-2023	0d	kindlefire	Obi_Wan546	1
03-May-2023	0d	kindlefire	MrBloodmoon	1
03-May-2023	0d	kindlefire	Endlesspogs	1
03-May-2023	0d	kindlefire	Ceriden	1
03-May-2023	0d	kindlefire	FalconGuesses	1
03-May-2023	0d	kindlefire	No-Most-3939	1
03-May-2023	0d	kindlefire	sherkhannabi	1
03-May-2023	0d	kindlefire	OldYogurtcloset7747	1
03-May-2023	0d	kindlefire	itachi737	1
03-May-2023	0d	kindlefire	Dhorlin	1
03-May-2023	0d	kindlefire	jetlifevic	1
03-May-2023	0d	kindlefire	North-Cheesecake-345	1
03-May-2023	0d	kindlefire	Collin1125	1
03-May-2023	0d	kindlefire	Minute_Emu6090	1
03-May-2023	0d	kindlefire	Tigershawk	1
03-May-2023	0d	kindlefire	J--Dizzle	1
03-May-2023	0d	kindlefire	qagir	1
03-May-2023	0d	kindlefire	LazyBareBear	1
03-May-2023	0d	kindlefire	cyclonebill	1
03-May-2023	0d	kindlefire	AtomicEdgy	1
03-May-2023	0d	kindlefire	rjf123192	1
03-May-2023	0d	kindlefire	catsandwhales	1
03-May-2023	0d	kindlefire	tcptennis	1
03-May-2023	0d	kindlefire	slashdotdasher	1
03-May-2023	0d	kindlefire	WayngoMango	1
03-May-2023	0d	kindlefire	mohamedhoutti	1
03-May-2023	0d	kindlefire	CottonPants77	1
03-May-2023	0d	kindlefire	Unlikely-Ad9726	1
03-May-2023	0d	kindlefire	sl8t4g1rls	1
03-May-2023	0d	kindlefire	Urikai	1
03-May-2023	0d	kindlefire	Soler37	1
03-May-2023	0d	kindlefire	StillLearning2	1
03-May-2023	0d	kindlefire	Porkanddiesel	1
03-May-2023	0d	kindlefire	Tuba_Fatima4571	1
03-May-2023	0d	kindlefire	ldave82	1
03-May-2023	0d	kindlefire	PaleontologistOwn962	1
03-May-2023	0d	kindlefire	ButterscotchKind6294	1
03-May-2023	0d	kindlefire	mroman1028	1
03-May-2023	0d	kindlefire	Utherellus	1
03-May-2023	0d	kindlefire	Meliondor	1
03-May-2023	0d	kindlefire	OrangeChocolate111	1
03-May-2023	0d	kindlefire	imgprojts	1
03-May-2023	0d	kindlefire	meh1903	1
03-May-2023	0d	kindlefire	NDaveT	1
03-May-2023	0d	kindlefire	Keyoshii_thewizard85	1
03-May-2023	0d	kindlefire	5tka	1
03-May-2023	0d	kindlefire	villalulaesi	1
03-May-2023	0d	kindlefire	hditano	1
03-May-2023	0d	kindlefire	redd_troll	1
03-May-2023	0d	kindlefire	Repulsive_Move3932	1
03-May-2023	0d	kindlefire	PirateMonkey00	1
03-May-2023	0d	kindlefire	CrazyOkie	1
03-May-2023	0d	kindlefire	SignatureConsistent3	1
03-May-2023	0d	kindlefire	lfaltersack	1
03-May-2023	0d	kindlefire	ConsiderationSea9221	1
03-May-2023	0d	kindlefire	Charles9612	1
03-May-2023	0d	kindlefire	speedway121	1
03-May-2023	0d	kindlefire	okaba00	1
03-May-2023	0d	kindlefire	ignoramusprime	1
03-May-2023	0d	kindlefire	swagernaught	1
03-May-2023	0d	kindlefire	Zealousideal_Exit763	1
03-May-2023	0d	kindlefire	johnny0tann	1
03-May-2023	0d	kindlefire	a3f	1
03-May-2023	0d	kindlefire	moik_KF	1
03-May-2023	0d	kindlefire	jamesway245	1
03-May-2023	0d	kindlefire	bandit7319	1
03-May-2023	0d	kindlefire	omigirl	1
03-May-2023	0d	kindlefire	TufTed2003	1
03-May-2023	0d	kindlefire	xlordrelayx	1
03-May-2023	0d	kindlefire	True-Ad4059	1
03-May-2023	0d	kindlefire	kuya_jj	1
03-May-2023	0d	kindlefire	LRLGRC	1
03-May-2023	0d	kindlefire	BDThrills	1
03-May-2023	0d	kindlefire	PseudoSane00	1
03-May-2023	0d	kindlefire	likeimsooffended	1
03-May-2023	0d	kindlefire	failurebutthatsokay	1
03-May-2023	0d	kindlefire	Aguythatlikespugs393	1
03-May-2023	0d	kindlefire	Spaceboy10-	1
03-May-2023	0d	kindlefire	Sweet-Count2557	1
03-May-2023	0d	kindlefire	Nextmick	1
03-May-2023	0d	kindlefire	No-Basis2374	1
03-May-2023	0d	kindlefire	Acceptable_Dig5978	1
03-May-2023	0d	kindlefire	tcc1	1
03-May-2023	0d	kindlefire	buzzgun	1
03-May-2023	0d	kindlefire	AmazonAWSRobloxJai2	1
03-May-2023	0d	kindlefire	cookiedog123561	1
03-May-2023	0d	kindlefire	aaronbkk	1
03-May-2023	0d	kindlefire	FockfordRosgate	1
03-May-2023	0d	kindlefire	tftlh1	1
03-May-2023	0d	kindlefire	Hour_Economics_5907	1
03-May-2023	0d	kindlefire	confusednetworker	1
03-May-2023	0d	kindlefire	BlueRedReptile	1
03-May-2023	0d	kindlefire	DogsInsteadOfPeople	1
03-May-2023	0d	kindlefire	throwaway-for-l	1
03-May-2023	0d	kindlefire	Ojuiceee	1
03-May-2023	0d	kindlefire	RaplhKramden	1
03-May-2023	0d	kindlefire	Ih8ThisNameGame	1
03-May-2023	0d	kindlefire	FalseVeterinarian881	1
03-May-2023	0d	kindlefire	takes22tango	1
03-May-2023	0d	kindlefire	Jebeeeyyy	1
03-May-2023	0d	kindlefire	NecessaryNarrow2326	1
03-May-2023	0d	kindlefire	lonelygem	1
03-May-2023	0d	kindlefire	Yoshizwinner	1
03-May-2023	0d	kindlefire	Nugget_fangirl	1
03-May-2023	0d	kindlefire	EddieAce0226	1
03-May-2023	0d	kindlefire	Champion-Racer12	1
03-May-2023	0d	kindlefire	blakthorn	1
03-May-2023	0d	kindlefire	ImmyJ21	1
03-May-2023	0d	kindlefire	GoneFishing0	1
03-May-2023	0d	kindlefire	delphimorphos	1
03-May-2023	0d	kindlefire	Tribalbob	1
03-May-2023	0d	kindlefire	Best-Moment5373	1
03-May-2023	0d	kindlefire	uzeb	1
03-May-2023	0d	kindlefire	hunt3r_fury	1
03-May-2023	0d	kindlefire	Gamesarefun97	1
03-May-2023	0d	kindlefire	MF_DOOM_36CHAMBERS	1
03-May-2023	0d	kindlefire	JOHNRKO007	1
03-May-2023	0d	kindlefire	Vinny_tr	1
03-May-2023	0d	kindlefire	gsearle	1
03-May-2023	0d	kindlefire	bigdaddyfox	1
03-May-2023	0d	kindlefire	GibsonMaestro	1
03-May-2023	0d	kindlefire	Dermetzger666	1
03-May-2023	0d	kindlefire	SteppingOnLegoHurts	1
03-May-2023	0d	kindlefire	1stockf30	1
03-May-2023	0d	kindlefire	CORRUPT27	1
03-May-2023	0d	kindlefire	RRNN92	1
03-May-2023	0d	kindlefire	CharcoalWalls	1
03-May-2023	0d	kindlefire	jxfallout	1
03-May-2023	0d	kindlefire	Meemo-	1
03-May-2023	0d	kindlefire	Visual_Cheesecake186	1
03-May-2023	0d	kindlefire	Alarmed_Rooster_8789	1
03-May-2023	0d	kindlefire	sheworebluebananas	1
03-May-2023	0d	kindlefire	Creepyisdeadly36	1
03-May-2023	0d	kindlefire	SignificantCricket	1
03-May-2023	0d	kindlefire	CloudTheArcticFox	1
03-May-2023	0d	kindlefire	Evening_Gear_7805	1
03-May-2023	0d	kindlefire	sickbane	1
03-May-2023	0d	kindlefire	Zaccory	1
03-May-2023	0d	kindlefire	new_here32	1
03-May-2023	0d	kindlefire	KitWat	1
03-May-2023	0d	kindlefire	nebregg	1
03-May-2023	0d	kindlefire	Technical-Client2650	1
03-May-2023	0d	kindlefire	SgtBoaty	1
03-May-2023	0d	kindlefire	Skyrimfan33	1
03-May-2023	0d	kindlefire	MasterOfTriad	1
03-May-2023	0d	kindlefire	BamOnRedit	1
03-May-2023	0d	kindlefire	Iamnotthebreakman	1
