query_date	before_date	subreddit	comment_author	comment_frequency
03-May-2023	100d	kindlefire	Fr0gm4n	64
03-May-2023	100d	kindlefire	[deleted]	29
03-May-2023	100d	kindlefire	Champion-Racer12	29
03-May-2023	100d	kindlefire	scorpycoby	26
03-May-2023	100d	kindlefire	AutoModerator	26
03-May-2023	100d	kindlefire	tombunyon0	20
03-May-2023	100d	kindlefire	TicFan67	14
03-May-2023	100d	kindlefire	er101plus	13
03-May-2023	100d	kindlefire	jolo2	13
03-May-2023	100d	kindlefire	kresbok	11
03-May-2023	100d	kindlefire	U8dcN7vx	10
03-May-2023	100d	kindlefire	Ok-Comparison-1717	10
03-May-2023	100d	kindlefire	Long_Cartoonist_3992	9
03-May-2023	100d	kindlefire	sparker2000	9
03-May-2023	100d	kindlefire	penniesmammy	9
03-May-2023	100d	kindlefire	XRaiderV1	9
03-May-2023	100d	kindlefire	kschang	8
03-May-2023	100d	kindlefire	Gold_Rule7973	8
03-May-2023	100d	kindlefire	EdzyFPS	7
03-May-2023	100d	kindlefire	Tigershawk	7
03-May-2023	100d	kindlefire	jacle2210	7
03-May-2023	100d	kindlefire	MarknDC	7
03-May-2023	100d	kindlefire	bballfan86	7
03-May-2023	100d	kindlefire	uniquemobildevicefan	7
03-May-2023	100d	kindlefire	Alabatman	7
03-May-2023	100d	kindlefire	NCResident5	7
03-May-2023	100d	kindlefire	rlowens	6
03-May-2023	100d	kindlefire	No-Explanation-7348	6
03-May-2023	100d	kindlefire	RedMapleBat	6
03-May-2023	100d	kindlefire	Icy-Book2999	6
03-May-2023	100d	kindlefire	ccbbb23	6
03-May-2023	100d	kindlefire	calculon68	5
03-May-2023	100d	kindlefire	stone5522	5
03-May-2023	100d	kindlefire	KScriber	5
03-May-2023	100d	kindlefire	bust4cap	5
03-May-2023	100d	kindlefire	citizenhagen	5
03-May-2023	100d	kindlefire	sunrisedown	5
03-May-2023	100d	kindlefire	nemoyakkula	5
03-May-2023	100d	kindlefire	Aymon_official	5
03-May-2023	100d	kindlefire	T3RHS4	4
03-May-2023	100d	kindlefire	e650man	4
03-May-2023	100d	kindlefire	MacAndCheese_User	4
03-May-2023	100d	kindlefire	Konarkanuck	4
03-May-2023	100d	kindlefire	victor86vazquez	4
03-May-2023	100d	kindlefire	Gomphos	4
03-May-2023	100d	kindlefire	Dunda	4
03-May-2023	100d	kindlefire	katehenry4133	4
03-May-2023	100d	kindlefire	flphotog35	4
03-May-2023	100d	kindlefire	crkdopn	4
03-May-2023	100d	kindlefire	Sp00kbee	4
03-May-2023	100d	kindlefire	FalseVeterinarian881	4
03-May-2023	100d	kindlefire	Chok3U	4
03-May-2023	100d	kindlefire	philmeehog	4
03-May-2023	100d	kindlefire	AdNew8205	4
03-May-2023	100d	kindlefire	TobiasBloyd	4
03-May-2023	100d	kindlefire	bryiewes	4
03-May-2023	100d	kindlefire	Shaydu	4
03-May-2023	100d	kindlefire	G3nesis331	4
03-May-2023	100d	kindlefire	Gustavomcr	4
03-May-2023	100d	kindlefire	TeflonGoon	4
03-May-2023	100d	kindlefire	colorsfillthesky	4
03-May-2023	100d	kindlefire	joesmith127_reddit	3
03-May-2023	100d	kindlefire	Ansomat	3
03-May-2023	100d	kindlefire	Guyver2077	3
03-May-2023	100d	kindlefire	voyager106	3
03-May-2023	100d	kindlefire	Generic_userxx	3
03-May-2023	100d	kindlefire	rutlander	3
03-May-2023	100d	kindlefire	GirrisPhan	3
03-May-2023	100d	kindlefire	Robse85	3
03-May-2023	100d	kindlefire	TheLinuxNative	3
03-May-2023	100d	kindlefire	Makefreemunny	3
03-May-2023	100d	kindlefire	bridgehockey	3
03-May-2023	100d	kindlefire	Ok_Zucchini2777	3
03-May-2023	100d	kindlefire	willwar63	3
03-May-2023	100d	kindlefire	Dry_Coat_7580	3
03-May-2023	100d	kindlefire	OreJen	3
03-May-2023	100d	kindlefire	SanAequitas	3
03-May-2023	100d	kindlefire	Mission-Definition12	3
03-May-2023	100d	kindlefire	ukiukimidnite	3
03-May-2023	100d	kindlefire	Total_Connection9879	3
03-May-2023	100d	kindlefire	Elegant-Sleep3849	3
03-May-2023	100d	kindlefire	brassmonkey26	3
03-May-2023	100d	kindlefire	Calcidiol	3
03-May-2023	100d	kindlefire	Mike20878	3
03-May-2023	100d	kindlefire	zachzweig	3
03-May-2023	100d	kindlefire	Orfus5	3
03-May-2023	100d	kindlefire	HulaDanger	3
03-May-2023	100d	kindlefire	regressive12	3
03-May-2023	100d	kindlefire	Relative_Location_65	2
03-May-2023	100d	kindlefire	StarlightSunshine7	2
03-May-2023	100d	kindlefire	Historical_Luck7375	2
03-May-2023	100d	kindlefire	luisrivera_co	2
03-May-2023	100d	kindlefire	Olson_Duck	2
03-May-2023	100d	kindlefire	Robotic8040	2
03-May-2023	100d	kindlefire	zitsky	2
03-May-2023	100d	kindlefire	jnubianyc	2
03-May-2023	100d	kindlefire	BigDaddyBano	2
03-May-2023	100d	kindlefire	barbatos86	2
03-May-2023	100d	kindlefire	McCullersGuy	2
03-May-2023	100d	kindlefire	JBsoundCHK	2
03-May-2023	100d	kindlefire	GuanoLoopy	2
03-May-2023	100d	kindlefire	velo443	2
03-May-2023	100d	kindlefire	cnwinger	2
03-May-2023	100d	kindlefire	Markaes4	2
03-May-2023	100d	kindlefire	OofTurkey	2
03-May-2023	100d	kindlefire	goldalex00	2
03-May-2023	100d	kindlefire	GordonBennett2000	2
03-May-2023	100d	kindlefire	fiasko82	2
03-May-2023	100d	kindlefire	pjjiveturkey	2
03-May-2023	100d	kindlefire	RedPlammer	2
03-May-2023	100d	kindlefire	crepuscularcunt	2
03-May-2023	100d	kindlefire	daposs	2
03-May-2023	100d	kindlefire	the_atmosphere	2
03-May-2023	100d	kindlefire	grif_0	2
03-May-2023	100d	kindlefire	LGAMER3412	2
03-May-2023	100d	kindlefire	Zeldakina	2
03-May-2023	100d	kindlefire	rockknocker	2
03-May-2023	100d	kindlefire	wdroark	2
03-May-2023	100d	kindlefire	beautypopper101	2
03-May-2023	100d	kindlefire	Zoopenblopper	2
03-May-2023	100d	kindlefire	hagstatus	2
03-May-2023	100d	kindlefire	funkture	2
03-May-2023	100d	kindlefire	claatra	2
03-May-2023	100d	kindlefire	joeyl7	2
03-May-2023	100d	kindlefire	Personal_Farm_4391	2
03-May-2023	100d	kindlefire	autobulb	2
03-May-2023	100d	kindlefire	RetroPottle	2
03-May-2023	100d	kindlefire	Nekima	2
03-May-2023	100d	kindlefire	BDThrills	2
03-May-2023	100d	kindlefire	Alwaysd23	2
03-May-2023	100d	kindlefire	JohKohLoh	2
03-May-2023	100d	kindlefire	AffectionateZombie66	2
03-May-2023	100d	kindlefire	rttnmnna	2
03-May-2023	100d	kindlefire	chengjih	2
03-May-2023	100d	kindlefire	GibsonMaestro	2
03-May-2023	100d	kindlefire	iamacea	2
03-May-2023	100d	kindlefire	cait_mack15	2
03-May-2023	100d	kindlefire	paul92849	2
03-May-2023	100d	kindlefire	AmputatorBot	2
03-May-2023	100d	kindlefire	Aware_Hat9370	2
03-May-2023	100d	kindlefire	IamTedE	2
03-May-2023	100d	kindlefire	conqug	2
03-May-2023	100d	kindlefire	PopeSluggies	2
03-May-2023	100d	kindlefire	bluepond20	2
03-May-2023	100d	kindlefire	jennylee232	2
03-May-2023	100d	kindlefire	theMillen	2
03-May-2023	100d	kindlefire	2manyiterations	2
03-May-2023	100d	kindlefire	irish56_ak	2
03-May-2023	100d	kindlefire	Mellowmews	2
03-May-2023	100d	kindlefire	pcolmer	2
03-May-2023	100d	kindlefire	phanngoctri	2
03-May-2023	100d	kindlefire	Mj111213	2
03-May-2023	100d	kindlefire	Marko_Vityk	2
03-May-2023	100d	kindlefire	swissarmy914	2
03-May-2023	100d	kindlefire	Iceghostfox44	2
03-May-2023	100d	kindlefire	PitRejection2359	2
03-May-2023	100d	kindlefire	Hades-Arcadius	2
03-May-2023	100d	kindlefire	camcabbit	2
03-May-2023	100d	kindlefire	SyndraMew	2
03-May-2023	100d	kindlefire	Affectionate-Site235	2
03-May-2023	100d	kindlefire	Really420	2
03-May-2023	100d	kindlefire	DylanAceV	2
03-May-2023	100d	kindlefire	Taxit0m	2
03-May-2023	100d	kindlefire	vampir3aut0psy	2
03-May-2023	100d	kindlefire	qwertyuiopa69	1
03-May-2023	100d	kindlefire	Safe-Meeting9561	1
03-May-2023	100d	kindlefire	Anbuweezy00	1
03-May-2023	100d	kindlefire	Maltempest	1
03-May-2023	100d	kindlefire	Doktorvxu	1
03-May-2023	100d	kindlefire	Telepwnsauce	1
03-May-2023	100d	kindlefire	MessyKing	1
03-May-2023	100d	kindlefire	ihatethisusernametoo	1
03-May-2023	100d	kindlefire	The_Magnificent_Ace	1
03-May-2023	100d	kindlefire	locolyric1983	1
03-May-2023	100d	kindlefire	Nemacolin	1
03-May-2023	100d	kindlefire	Cakemoney08	1
03-May-2023	100d	kindlefire	ChampionshipUpset874	1
03-May-2023	100d	kindlefire	Comfortable-Bar6577	1
03-May-2023	100d	kindlefire	NewZookeepergame4781	1
03-May-2023	100d	kindlefire	RudyHernandez1-	1
03-May-2023	100d	kindlefire	manys	1
03-May-2023	100d	kindlefire	greenhumanbean	1
03-May-2023	100d	kindlefire	jottrn2	1
03-May-2023	100d	kindlefire	MouseR4T	1
03-May-2023	100d	kindlefire	aardy	1
03-May-2023	100d	kindlefire	Responsible_Brush_24	1
03-May-2023	100d	kindlefire	MagnoliaProse	1
03-May-2023	100d	kindlefire	Bumataur	1
03-May-2023	100d	kindlefire	Ballesteros81	1
03-May-2023	100d	kindlefire	Any-Egg9079	1
03-May-2023	100d	kindlefire	Trick-Two497	1
03-May-2023	100d	kindlefire	virgin_goat	1
03-May-2023	100d	kindlefire	AvengeThe90s	1
03-May-2023	100d	kindlefire	Historical-Bunch4401	1
03-May-2023	100d	kindlefire	littlebarque	1
03-May-2023	100d	kindlefire	ihavenoideathankyou	1
03-May-2023	100d	kindlefire	fashionablykate	1
03-May-2023	100d	kindlefire	Fungi14051	1
03-May-2023	100d	kindlefire	starsupinthesky22	1
03-May-2023	100d	kindlefire	CorkScrew222	1
03-May-2023	100d	kindlefire	IronicSciFiFan	1
03-May-2023	100d	kindlefire	stedgyson	1
03-May-2023	100d	kindlefire	cnfcomps	1
03-May-2023	100d	kindlefire	WrightTech_2817	1
03-May-2023	100d	kindlefire	xdozex	1
03-May-2023	100d	kindlefire	emelem66	1
03-May-2023	100d	kindlefire	SimilarRevolution276	1
03-May-2023	100d	kindlefire	huebramble	1
03-May-2023	100d	kindlefire	Ok-Falcon1966	1
03-May-2023	100d	kindlefire	ClearReputation7	1
03-May-2023	100d	kindlefire	tonz0fun	1
03-May-2023	100d	kindlefire	mrdaveboi	1
03-May-2023	100d	kindlefire	Accomplished_Wolf	1
03-May-2023	100d	kindlefire	Bearnadette	1
03-May-2023	100d	kindlefire	DasNiche	1
03-May-2023	100d	kindlefire	Palindrome-pancake	1
03-May-2023	100d	kindlefire	SuppressionRecords	1
03-May-2023	100d	kindlefire	Linclin	1
03-May-2023	100d	kindlefire	OmniRocknRoll	1
03-May-2023	100d	kindlefire	jb197174	1
03-May-2023	100d	kindlefire	j2bv16	1
03-May-2023	100d	kindlefire	Juju43445	1
03-May-2023	100d	kindlefire	rwallaceva	1
03-May-2023	100d	kindlefire	reamski	1
03-May-2023	100d	kindlefire	Caesar_The_Mighty	1
03-May-2023	100d	kindlefire	Xintus1765	1
03-May-2023	100d	kindlefire	dontbeglad	1
03-May-2023	100d	kindlefire	Helpful-Idea5056	1
03-May-2023	100d	kindlefire	allegedly_anonymous	1
03-May-2023	100d	kindlefire	Ret-Hap-2021	1
03-May-2023	100d	kindlefire	donkeyfart	1
03-May-2023	100d	kindlefire	jacrys	1
03-May-2023	100d	kindlefire	XhaleBtw	1
03-May-2023	100d	kindlefire	sunshine___riptide	1
03-May-2023	100d	kindlefire	Edco1234	1
03-May-2023	100d	kindlefire	darkmoon3d	1
03-May-2023	100d	kindlefire	Connect_Bill2729	1
03-May-2023	100d	kindlefire	lichenihil	1
03-May-2023	100d	kindlefire	M3L0n_64	1
03-May-2023	100d	kindlefire	Jazzlike_Steak_6031	1
03-May-2023	100d	kindlefire	hambugbento	1
03-May-2023	100d	kindlefire	Rabadash8820	1
03-May-2023	100d	kindlefire	Langsdorf	1
03-May-2023	100d	kindlefire	purpan-	1
03-May-2023	100d	kindlefire	MezzoRomano	1
03-May-2023	100d	kindlefire	Short_Couple9371	1
03-May-2023	100d	kindlefire	atdotdavid	1
03-May-2023	100d	kindlefire	ActHaru	1
03-May-2023	100d	kindlefire	ProfessionalDad50	1
03-May-2023	100d	kindlefire	JoB_NSFW	1
03-May-2023	100d	kindlefire	jg0199	1
03-May-2023	100d	kindlefire	st1tchy	1
03-May-2023	100d	kindlefire	Sunfried	1
03-May-2023	100d	kindlefire	Relevant-Reach-1985	1
03-May-2023	100d	kindlefire	Un4seenCircumstance	1
03-May-2023	100d	kindlefire	spartans6	1
03-May-2023	100d	kindlefire	Repulsive_Move3932	1
03-May-2023	100d	kindlefire	JamesofBerkeley	1
03-May-2023	100d	kindlefire	_biggerthanthesound_	1
03-May-2023	100d	kindlefire	NycTony	1
03-May-2023	100d	kindlefire	Bhaelros	1
03-May-2023	100d	kindlefire	ClaireManx	1
03-May-2023	100d	kindlefire	CuvisTheConqueror	1
03-May-2023	100d	kindlefire	dragonick1982	1
03-May-2023	100d	kindlefire	TGRRAG81	1
03-May-2023	100d	kindlefire	javornelas	1
03-May-2023	100d	kindlefire	duncantuna	1
03-May-2023	100d	kindlefire	HarleyTG_Official	1
03-May-2023	100d	kindlefire	Gary_Owhere	1
03-May-2023	100d	kindlefire	deltafridge	1
03-May-2023	100d	kindlefire	jamxil	1
03-May-2023	100d	kindlefire	dkoucky	1
03-May-2023	100d	kindlefire	AvonBarksdale666	1
03-May-2023	100d	kindlefire	ellejaysea	1
03-May-2023	100d	kindlefire	Kgirl703	1
03-May-2023	100d	kindlefire	Falkeliehaber	1
03-May-2023	100d	kindlefire	why_wilson	1
03-May-2023	100d	kindlefire	jQam	1
03-May-2023	100d	kindlefire	m2slam	1
03-May-2023	100d	kindlefire	SatisfactionDue4508	1
03-May-2023	100d	kindlefire	joshwgaming	1
03-May-2023	100d	kindlefire	Infinite_Advance_450	1
03-May-2023	100d	kindlefire	Live_Example1454	1
03-May-2023	100d	kindlefire	heysavnac	1
03-May-2023	100d	kindlefire	th3j0k3rj03	1
03-May-2023	100d	kindlefire	leebon427	1
03-May-2023	100d	kindlefire	loganosness	1
03-May-2023	100d	kindlefire	jmp4me444	1
03-May-2023	100d	kindlefire	booklovinggal19	1
03-May-2023	100d	kindlefire	grantdb	1
03-May-2023	100d	kindlefire	karaczaet	1
03-May-2023	100d	kindlefire	ChikaraFan	1
03-May-2023	100d	kindlefire	Worried-Atmosphere-3	1
03-May-2023	100d	kindlefire	Maleficent-Radish261	1
03-May-2023	100d	kindlefire	darvin1295	1
03-May-2023	100d	kindlefire	No-Ad-7252	1
03-May-2023	100d	kindlefire	nabbyadams	1
03-May-2023	100d	kindlefire	GeeLee80	1
03-May-2023	100d	kindlefire	x-sus	1
03-May-2023	100d	kindlefire	Key-Aide-2620	1
03-May-2023	100d	kindlefire	Declue1973	1
03-May-2023	100d	kindlefire	amadaeus-	1
03-May-2023	100d	kindlefire	Appropriate_Credit83	1
03-May-2023	100d	kindlefire	Narrow_Salamander521	1
03-May-2023	100d	kindlefire	larry2300	1
03-May-2023	100d	kindlefire	dpatreexm	1
03-May-2023	100d	kindlefire	Character-Relief2809	1
03-May-2023	100d	kindlefire	SaskatchewanFuckinEh	1
03-May-2023	100d	kindlefire	alazar14	1
03-May-2023	100d	kindlefire	Emlerith	1
03-May-2023	100d	kindlefire	MoorSoul	1
03-May-2023	100d	kindlefire	OldButStillFat	1
03-May-2023	100d	kindlefire	FakespotAnalysisBot	1
03-May-2023	100d	kindlefire	upsetjackson	1
03-May-2023	100d	kindlefire	TufTed2003	1
03-May-2023	100d	kindlefire	bz922x	1
03-May-2023	100d	kindlefire	Pleasant_Meal_2030	1
03-May-2023	100d	kindlefire	dragonsamus	1
03-May-2023	100d	kindlefire	Max_Rower	1
03-May-2023	100d	kindlefire	Vlowman	1
03-May-2023	100d	kindlefire	HiiipowerBass	1
03-May-2023	100d	kindlefire	substitutewithpizza	1
03-May-2023	100d	kindlefire	kpikid3	1
03-May-2023	100d	kindlefire	Incin1225	1
03-May-2023	100d	kindlefire	nishidake	1
03-May-2023	100d	kindlefire	Loveyourwifenow	1
03-May-2023	100d	kindlefire	Fortherubofgod	1
03-May-2023	100d	kindlefire	marteque-me	1
03-May-2023	100d	kindlefire	Zanki	1
03-May-2023	100d	kindlefire	Automatic-Budget-644	1
03-May-2023	100d	kindlefire	NefariousnessHot7883	1
03-May-2023	100d	kindlefire	Border_Relevant	1
03-May-2023	100d	kindlefire	ohmyashleyy	1
03-May-2023	100d	kindlefire	elizabethvde	1
03-May-2023	100d	kindlefire	ThaddeusJP	1
03-May-2023	100d	kindlefire	mhoner	1
03-May-2023	100d	kindlefire	drg267	1
03-May-2023	100d	kindlefire	boondoggle_king	1
03-May-2023	100d	kindlefire	Skele11	1
03-May-2023	100d	kindlefire	Unikornus	1
03-May-2023	100d	kindlefire	PlentyOfKiwi	1
03-May-2023	100d	kindlefire	jai_hanyo	1
03-May-2023	100d	kindlefire	Core-8	1
03-May-2023	100d	kindlefire	Jester_Pug	1
03-May-2023	100d	kindlefire	ericabridget	1
03-May-2023	100d	kindlefire	niceguyjin	1
03-May-2023	100d	kindlefire	Putrid_Style2	1
03-May-2023	100d	kindlefire	BrowniesNCheese	1
03-May-2023	100d	kindlefire	dopaminenotyours	1
03-May-2023	100d	kindlefire	Working_Artist7201	1
03-May-2023	100d	kindlefire	trevb1983	1
03-May-2023	100d	kindlefire	EarlyList	1
03-May-2023	100d	kindlefire	Paid-Not-Payed-Bot	1
03-May-2023	100d	kindlefire	Several-Act-8430	1
03-May-2023	100d	kindlefire	Alternative-Farmer98	1
03-May-2023	100d	kindlefire	nutrigrain	1
03-May-2023	100d	kindlefire	Foxxi-Moxxi	1
03-May-2023	100d	kindlefire	Disk-Intrepid	1
03-May-2023	100d	kindlefire	Toben-	1
03-May-2023	100d	kindlefire	AmbushBugged	1
03-May-2023	100d	kindlefire	xotmatrix	1
03-May-2023	100d	kindlefire	ExperienceSad4375	1
03-May-2023	100d	kindlefire	-SpaghettiCat-	1
03-May-2023	100d	kindlefire	Dangerous-Ant-4292	1
03-May-2023	100d	kindlefire	Present-Nobody-5661	1
03-May-2023	100d	kindlefire	Zynn3d	1
03-May-2023	100d	kindlefire	SixManager62O7	1
03-May-2023	100d	kindlefire	niccotaglia	1
03-May-2023	100d	kindlefire	bocephus_huxtable	1
03-May-2023	100d	kindlefire	Adorable_Car_3255	1
03-May-2023	100d	kindlefire	Bobb_o	1
03-May-2023	100d	kindlefire	FaeFollette	1
03-May-2023	100d	kindlefire	suddencompetition600	1
03-May-2023	100d	kindlefire	richietee757	1
03-May-2023	100d	kindlefire	SwampFink	1
03-May-2023	100d	kindlefire	chambrot	1
03-May-2023	100d	kindlefire	Unhappy-Maybe2606	1
03-May-2023	100d	kindlefire	Fogger-3	1
03-May-2023	100d	kindlefire	NastySpitGobbler	1
03-May-2023	100d	kindlefire	cabell88	1
03-May-2023	100d	kindlefire	flappui-xp	1
03-May-2023	100d	kindlefire	eat-the-stars	1
03-May-2023	100d	kindlefire	GrvyrdGhst	1
03-May-2023	100d	kindlefire	trailruns	1
03-May-2023	100d	kindlefire	justin6942069-	1
03-May-2023	100d	kindlefire	Kamwind	1
03-May-2023	100d	kindlefire	ToflixGamer	1
03-May-2023	100d	kindlefire	Rumblarr	1
03-May-2023	100d	kindlefire	Consistent_Use4520	1
03-May-2023	100d	kindlefire	krustywazoo	1
03-May-2023	100d	kindlefire	Vast-Mathematician50	1
03-May-2023	100d	kindlefire	noknotz	1
03-May-2023	100d	kindlefire	ComfortableHost7481	1
03-May-2023	100d	kindlefire	bcookieb	1
03-May-2023	100d	kindlefire	akaExposed	1
03-May-2023	100d	kindlefire	Brother_Monkieus	1
03-May-2023	100d	kindlefire	Comrade_agent	1
03-May-2023	100d	kindlefire	jgtokyo2020	1
03-May-2023	100d	kindlefire	JoyfulPlantLady	1
03-May-2023	100d	kindlefire	piratequeenzee	1
