query_date	before_date	subreddit	comment_author	comment_frequency
15-May-2023	50d	amazonecho	Dansk72	50
15-May-2023	50d	amazonecho	rajansm7	18
15-May-2023	50d	amazonecho	Wayne8766	17
15-May-2023	50d	amazonecho	OldGuyGeek	16
15-May-2023	50d	amazonecho	Famous-Perspective-3	15
15-May-2023	50d	amazonecho	aguaholic33	14
15-May-2023	50d	amazonecho	gangsteroflove1	11
15-May-2023	50d	amazonecho	Scooter310	10
15-May-2023	50d	amazonecho	otpid	10
15-May-2023	50d	amazonecho	JasonPerryDev	9
15-May-2023	50d	amazonecho	brantome24	9
15-May-2023	50d	amazonecho	MarvinG1984	9
15-May-2023	50d	amazonecho	rockmasterflex	9
15-May-2023	50d	amazonecho	flexobaff	8
15-May-2023	50d	amazonecho	RedMapleBat	8
15-May-2023	50d	amazonecho	DiamondplateDave	7
15-May-2023	50d	amazonecho	Lumpymaximus	7
15-May-2023	50d	amazonecho	WhatWouldTNGPicardDo	7
15-May-2023	50d	amazonecho	antisane	6
15-May-2023	50d	amazonecho	rmalbers	6
15-May-2023	50d	amazonecho	toinfinitiandbeyond	6
15-May-2023	50d	amazonecho	EstherandThyme	6
15-May-2023	50d	amazonecho	ssoocc	5
15-May-2023	50d	amazonecho	Serjical__Strike	5
15-May-2023	50d	amazonecho	buttonsf	5
15-May-2023	50d	amazonecho	Muted_Sorts	5
15-May-2023	50d	amazonecho	[deleted]	5
15-May-2023	50d	amazonecho	tarzan_nojane	5
15-May-2023	50d	amazonecho	Classic_Flower_735	5
15-May-2023	50d	amazonecho	Churn	5
15-May-2023	50d	amazonecho	tanders1	5
15-May-2023	50d	amazonecho	Vertigo_uk123	5
15-May-2023	50d	amazonecho	dalmarnock	4
15-May-2023	50d	amazonecho	pc_light	4
15-May-2023	50d	amazonecho	Arynn	4
15-May-2023	50d	amazonecho	boldstrategy	4
15-May-2023	50d	amazonecho	DinoHawaii2021	4
15-May-2023	50d	amazonecho	StillAirBox	4
15-May-2023	50d	amazonecho	breagerey	4
15-May-2023	50d	amazonecho	DrunkenGolfer	4
15-May-2023	50d	amazonecho	B0omShakaLakaB00m	4
15-May-2023	50d	amazonecho	MechanicalWhispers	4
15-May-2023	50d	amazonecho	stevenpyee	4
15-May-2023	50d	amazonecho	Gold-Philosopher1429	4
15-May-2023	50d	amazonecho	RatamacueRatamacue	4
15-May-2023	50d	amazonecho	Jsinglmalt	4
15-May-2023	50d	amazonecho	teoderico	4
15-May-2023	50d	amazonecho	fompas11	4
15-May-2023	50d	amazonecho	Tim-in-CA	4
15-May-2023	50d	amazonecho	FishDragun	4
15-May-2023	50d	amazonecho	slackjaw99	4
15-May-2023	50d	amazonecho	RobsyGt	4
15-May-2023	50d	amazonecho	elcheapodeluxe	4
15-May-2023	50d	amazonecho	nobodysawme	3
15-May-2023	50d	amazonecho	steveo79	3
15-May-2023	50d	amazonecho	TheSkiGeek	3
15-May-2023	50d	amazonecho	Goodspike	3
15-May-2023	50d	amazonecho	Professional-Arm-339	3
15-May-2023	50d	amazonecho	burymeintheuk	3
15-May-2023	50d	amazonecho	FoferJ	3
15-May-2023	50d	amazonecho	atowncalledfinger	3
15-May-2023	50d	amazonecho	grantnel2002	3
15-May-2023	50d	amazonecho	coolsheep769	3
15-May-2023	50d	amazonecho	ladykyote	3
15-May-2023	50d	amazonecho	SunniMonkey	3
15-May-2023	50d	amazonecho	RonOnThePond	3
15-May-2023	50d	amazonecho	AutomaticInitiative	3
15-May-2023	50d	amazonecho	uesad	3
15-May-2023	50d	amazonecho	LuiTep	3
15-May-2023	50d	amazonecho	MarioDF	3
15-May-2023	50d	amazonecho	Whisker-biscuitt	3
15-May-2023	50d	amazonecho	Key_Newspaper1186	3
15-May-2023	50d	amazonecho	Iangh007	3
15-May-2023	50d	amazonecho	kingofsomecosmos	3
15-May-2023	50d	amazonecho	thisiscausinganxiety	3
15-May-2023	50d	amazonecho	Endless-Pi	3
15-May-2023	50d	amazonecho	DG1964	3
15-May-2023	50d	amazonecho	Status_Raspberry5547	3
15-May-2023	50d	amazonecho	BenYolo	3
15-May-2023	50d	amazonecho	Spinningwoman	3
15-May-2023	50d	amazonecho	RetroGamer87	3
15-May-2023	50d	amazonecho	FRNLD	3
15-May-2023	50d	amazonecho	NarcolepticBard	2
15-May-2023	50d	amazonecho	Jper013	2
15-May-2023	50d	amazonecho	CCJ22	2
15-May-2023	50d	amazonecho	rhezuz2019	2
15-May-2023	50d	amazonecho	Aleyla	2
15-May-2023	50d	amazonecho	RaminRains	2
15-May-2023	50d	amazonecho	CapitalLunch7547	2
15-May-2023	50d	amazonecho	WhoWho22222	2
15-May-2023	50d	amazonecho	Prownilo	2
15-May-2023	50d	amazonecho	sithelephant	2
15-May-2023	50d	amazonecho	ToonTitans	2
15-May-2023	50d	amazonecho	aesthe	2
15-May-2023	50d	amazonecho	maskup-aslo	2
15-May-2023	50d	amazonecho	marticored	2
15-May-2023	50d	amazonecho	ItsMeKit_	2
15-May-2023	50d	amazonecho	IndiCoder18	2
15-May-2023	50d	amazonecho	Sernas7	2
15-May-2023	50d	amazonecho	BahaMan69	2
15-May-2023	50d	amazonecho	codewolf	2
15-May-2023	50d	amazonecho	AvocadoMasterOfTech	2
15-May-2023	50d	amazonecho	CaptainHunt	2
15-May-2023	50d	amazonecho	red-daddy	2
15-May-2023	50d	amazonecho	Chaoris87	2
15-May-2023	50d	amazonecho	normal2norman	2
15-May-2023	50d	amazonecho	paulsmt	2
15-May-2023	50d	amazonecho	pdinc	2
15-May-2023	50d	amazonecho	nascentt	2
15-May-2023	50d	amazonecho	rightsideonly4	2
15-May-2023	50d	amazonecho	tarnin	2
15-May-2023	50d	amazonecho	SpambotSwatter	2
15-May-2023	50d	amazonecho	JetSetRadioFuture	2
15-May-2023	50d	amazonecho	TheJessicator	2
15-May-2023	50d	amazonecho	Human_Yam1500	2
15-May-2023	50d	amazonecho	mikeinmass	2
15-May-2023	50d	amazonecho	itkf99	2
15-May-2023	50d	amazonecho	The_Dutchess-D	2
15-May-2023	50d	amazonecho	kapdaddy52	2
15-May-2023	50d	amazonecho	missionbeach	2
15-May-2023	50d	amazonecho	PuzzleheadedSector2	2
15-May-2023	50d	amazonecho	Zouden	2
15-May-2023	50d	amazonecho	mTsp4ce	2
15-May-2023	50d	amazonecho	xyzzzzy	2
15-May-2023	50d	amazonecho	Guidogrundlechode	2
15-May-2023	50d	amazonecho	jones_ro	2
15-May-2023	50d	amazonecho	AnAngryMelon	2
15-May-2023	50d	amazonecho	jezebeltash	2
15-May-2023	50d	amazonecho	Watashifr	2
15-May-2023	50d	amazonecho	Leftstrat	2
15-May-2023	50d	amazonecho	Cando232	2
15-May-2023	50d	amazonecho	DrDigits	2
15-May-2023	50d	amazonecho	stumbledotcom	2
15-May-2023	50d	amazonecho	FireExpat	2
15-May-2023	50d	amazonecho	washburn100	2
15-May-2023	50d	amazonecho	KaKi_87	2
15-May-2023	50d	amazonecho	ShadowDancer11	2
15-May-2023	50d	amazonecho	UHshepp	2
15-May-2023	50d	amazonecho	SpockYoda	2
15-May-2023	50d	amazonecho	nogooduser	2
15-May-2023	50d	amazonecho	omnimon7	2
15-May-2023	50d	amazonecho	harpo787	2
15-May-2023	50d	amazonecho	Nate379	2
15-May-2023	50d	amazonecho	Formergr	2
15-May-2023	50d	amazonecho	Morbo782	2
15-May-2023	50d	amazonecho	mtn_lion_x	2
15-May-2023	50d	amazonecho	thunderwear1	2
15-May-2023	50d	amazonecho	wittyusername4me	2
15-May-2023	50d	amazonecho	allegrabene	2
15-May-2023	50d	amazonecho	wobblybootson	2
15-May-2023	50d	amazonecho	RhesusMonkey17	2
15-May-2023	50d	amazonecho	DPAmes1	2
15-May-2023	50d	amazonecho	neobondd	2
15-May-2023	50d	amazonecho	chengjih	2
15-May-2023	50d	amazonecho	matches-malone	2
15-May-2023	50d	amazonecho	ZeroMayCry7	2
15-May-2023	50d	amazonecho	frontfuttock	2
15-May-2023	50d	amazonecho	yeahmaybe	2
15-May-2023	50d	amazonecho	graceofspades105	2
15-May-2023	50d	amazonecho	the_V0lum3	2
15-May-2023	50d	amazonecho	Paybax84	2
15-May-2023	50d	amazonecho	ChadCloman	2
15-May-2023	50d	amazonecho	jlbob	2
15-May-2023	50d	amazonecho	stannc00	2
15-May-2023	50d	amazonecho	limitless__	2
15-May-2023	50d	amazonecho	decker12	2
15-May-2023	50d	amazonecho	Own_Cantaloupe429	1
15-May-2023	50d	amazonecho	MDB_Cooper	1
15-May-2023	50d	amazonecho	Honky_Cat	1
15-May-2023	50d	amazonecho	freewiller_red	1
15-May-2023	50d	amazonecho	whatslefttoponder	1
15-May-2023	50d	amazonecho	AngryDemonoid	1
15-May-2023	50d	amazonecho	Spazzrehab13	1
15-May-2023	50d	amazonecho	rcroche01	1
15-May-2023	50d	amazonecho	NYCQuilts	1
15-May-2023	50d	amazonecho	PusssyFart	1
15-May-2023	50d	amazonecho	JakeUp1792	1
15-May-2023	50d	amazonecho	LuggasDaGammla	1
15-May-2023	50d	amazonecho	SusiesVariant	1
15-May-2023	50d	amazonecho	chrishicks25	1
15-May-2023	50d	amazonecho	saket182	1
15-May-2023	50d	amazonecho	prakashanish	1
15-May-2023	50d	amazonecho	dennisull13	1
15-May-2023	50d	amazonecho	MinerAlum	1
15-May-2023	50d	amazonecho	see_blue	1
15-May-2023	50d	amazonecho	MCVARIETY	1
15-May-2023	50d	amazonecho	MRobi83	1
15-May-2023	50d	amazonecho	permalink_child	1
15-May-2023	50d	amazonecho	Drew_In_Georgia	1
15-May-2023	50d	amazonecho	Howler7777	1
15-May-2023	50d	amazonecho	HeyaShinyObject	1
15-May-2023	50d	amazonecho	Cueball61	1
15-May-2023	50d	amazonecho	reena_leone	1
15-May-2023	50d	amazonecho	Sadsimp7	1
15-May-2023	50d	amazonecho	Top-Reflection-1452	1
15-May-2023	50d	amazonecho	Jag-	1
15-May-2023	50d	amazonecho	Lydia_alice	1
15-May-2023	50d	amazonecho	db3469	1
15-May-2023	50d	amazonecho	HighlyPossible	1
15-May-2023	50d	amazonecho	Cdeyoung_1998	1
15-May-2023	50d	amazonecho	itidi0t	1
15-May-2023	50d	amazonecho	Asketes	1
15-May-2023	50d	amazonecho	Zestyclose-School-37	1
15-May-2023	50d	amazonecho	Advanced_Serve_5441	1
15-May-2023	50d	amazonecho	Playful-Impress-5749	1
15-May-2023	50d	amazonecho	banders5144	1
15-May-2023	50d	amazonecho	axw3555	1
15-May-2023	50d	amazonecho	Front_Climate3699	1
15-May-2023	50d	amazonecho	MyLastNewAccount_	1
15-May-2023	50d	amazonecho	AteCakeButNotGuilty	1
15-May-2023	50d	amazonecho	Puzzled74961	1
15-May-2023	50d	amazonecho	SleepyHead85	1
15-May-2023	50d	amazonecho	Ratman056	1
15-May-2023	50d	amazonecho	iduzinternet	1
15-May-2023	50d	amazonecho	Jack_Benney	1
15-May-2023	50d	amazonecho	Pixelated00366	1
15-May-2023	50d	amazonecho	pete-aj	1
15-May-2023	50d	amazonecho	ilovebatss	1
15-May-2023	50d	amazonecho	LakerNetman	1
15-May-2023	50d	amazonecho	mangopaloma	1
15-May-2023	50d	amazonecho	gingersue999	1
15-May-2023	50d	amazonecho	Corgichu	1
15-May-2023	50d	amazonecho	CharlieandtheRed	1
15-May-2023	50d	amazonecho	Leash_85	1
15-May-2023	50d	amazonecho	taking_a_deuce	1
15-May-2023	50d	amazonecho	puso82	1
15-May-2023	50d	amazonecho	zestypurplecatalyst	1
15-May-2023	50d	amazonecho	tyrophagia	1
15-May-2023	50d	amazonecho	Smirkydarkdude	1
15-May-2023	50d	amazonecho	lecoueroublie	1
15-May-2023	50d	amazonecho	Francy088	1
15-May-2023	50d	amazonecho	winelight	1
15-May-2023	50d	amazonecho	SingleMomNikki	1
15-May-2023	50d	amazonecho	Formal-Ad8037	1
15-May-2023	50d	amazonecho	ScheduledYeti284	1
15-May-2023	50d	amazonecho	Rickstick7	1
15-May-2023	50d	amazonecho	jaroszda	1
15-May-2023	50d	amazonecho	Junior72	1
15-May-2023	50d	amazonecho	btadams1971	1
15-May-2023	50d	amazonecho	Adenylyl-Cyclase	1
15-May-2023	50d	amazonecho	SecuringAndre	1
15-May-2023	50d	amazonecho	fdbryant3	1
15-May-2023	50d	amazonecho	PanicInTheHispanic	1
15-May-2023	50d	amazonecho	VitaminDeesNutz	1
15-May-2023	50d	amazonecho	stardustishere1213	1
15-May-2023	50d	amazonecho	paulk355	1
15-May-2023	50d	amazonecho	elmatador12	1
15-May-2023	50d	amazonecho	roberta_sparrow	1
15-May-2023	50d	amazonecho	Cherry__Coke__	1
15-May-2023	50d	amazonecho	Nestor4President	1
15-May-2023	50d	amazonecho	born_again_atheist	1
15-May-2023	50d	amazonecho	TechGuy219	1
15-May-2023	50d	amazonecho	ResolutionLoose692	1
15-May-2023	50d	amazonecho	n8mahr81	1
15-May-2023	50d	amazonecho	dmah99	1
15-May-2023	50d	amazonecho	FlyByPC	1
15-May-2023	50d	amazonecho	capaz_que_si	1
15-May-2023	50d	amazonecho	Time-Power1686	1
15-May-2023	50d	amazonecho	worstkindagay	1
15-May-2023	50d	amazonecho	newlevels12	1
15-May-2023	50d	amazonecho	GameOnRammy	1
15-May-2023	50d	amazonecho	Material_Cook_4698	1
15-May-2023	50d	amazonecho	created4this	1
15-May-2023	50d	amazonecho	PrudentDamage600	1
15-May-2023	50d	amazonecho	Switchbeats1	1
15-May-2023	50d	amazonecho	Azure1964	1
15-May-2023	50d	amazonecho	Brilliant_Chipmunk51	1
15-May-2023	50d	amazonecho	MA73N	1
15-May-2023	50d	amazonecho	miniteeg	1
15-May-2023	50d	amazonecho	No_Commission_6368	1
15-May-2023	50d	amazonecho	TrainingLeft7287	1
15-May-2023	50d	amazonecho	dearried	1
15-May-2023	50d	amazonecho	cianobiwan	1
15-May-2023	50d	amazonecho	K0kyu	1
15-May-2023	50d	amazonecho	enolaM_yecarT	1
15-May-2023	50d	amazonecho	loc8me	1
15-May-2023	50d	amazonecho	The-One-Man-Riot	1
15-May-2023	50d	amazonecho	MagicDiscoLV	1
15-May-2023	50d	amazonecho	Moist-Bluebird-2196	1
15-May-2023	50d	amazonecho	ppc0r	1
15-May-2023	50d	amazonecho	Bagel42	1
15-May-2023	50d	amazonecho	Bklover93	1
15-May-2023	50d	amazonecho	willdoba	1
15-May-2023	50d	amazonecho	biff_jordan	1
15-May-2023	50d	amazonecho	Working-Proof-562	1
15-May-2023	50d	amazonecho	ArousedLobster	1
15-May-2023	50d	amazonecho	sanfranchristo	1
15-May-2023	50d	amazonecho	MyCodesCompiling	1
15-May-2023	50d	amazonecho	p3748	1
15-May-2023	50d	amazonecho	franklesniak	1
15-May-2023	50d	amazonecho	grim4224	1
15-May-2023	50d	amazonecho	Hadrikks	1
15-May-2023	50d	amazonecho	_BinaryBrain_	1
15-May-2023	50d	amazonecho	surfkayax	1
15-May-2023	50d	amazonecho	davi_dfx	1
15-May-2023	50d	amazonecho	Konquerian	1
15-May-2023	50d	amazonecho	srw9320	1
15-May-2023	50d	amazonecho	A-Hauck26	1
15-May-2023	50d	amazonecho	90sportsfan	1
15-May-2023	50d	amazonecho	Dangerous_Farm_7801	1
15-May-2023	50d	amazonecho	Benji2108	1
15-May-2023	50d	amazonecho	okone1	1
15-May-2023	50d	amazonecho	ZaftigFeline	1
15-May-2023	50d	amazonecho	gocard	1
15-May-2023	50d	amazonecho	GanjaRelease	1
15-May-2023	50d	amazonecho	Yoghurt-Express	1
15-May-2023	50d	amazonecho	wewewawa	1
15-May-2023	50d	amazonecho	donclark-Atlanta	1
15-May-2023	50d	amazonecho	Training_Concern800	1
15-May-2023	50d	amazonecho	Toby_E_2003	1
15-May-2023	50d	amazonecho	mysoulishome	1
15-May-2023	50d	amazonecho	Nil_Einne	1
15-May-2023	50d	amazonecho	optoluctor	1
15-May-2023	50d	amazonecho	rgalos	1
15-May-2023	50d	amazonecho	warrior_79	1
15-May-2023	50d	amazonecho	MythicJerryStone	1
15-May-2023	50d	amazonecho	veegaz	1
15-May-2023	50d	amazonecho	jeffois	1
15-May-2023	50d	amazonecho	Prestigious-Lab-9437	1
15-May-2023	50d	amazonecho	Rustybolts_	1
15-May-2023	50d	amazonecho	ovalseven	1
15-May-2023	50d	amazonecho	dchabz	1
15-May-2023	50d	amazonecho	BohemeWinter	1
15-May-2023	50d	amazonecho	grrlwonder	1
15-May-2023	50d	amazonecho	Pollywogstew_mi	1
15-May-2023	50d	amazonecho	AbleBaker1962	1
15-May-2023	50d	amazonecho	Danbhalah	1
15-May-2023	50d	amazonecho	nikotime	1
15-May-2023	50d	amazonecho	TheCTOIsIn	1
15-May-2023	50d	amazonecho	ApocryphaLurker	1
15-May-2023	50d	amazonecho	epradox	1
15-May-2023	50d	amazonecho	kingofallthesexy	1
15-May-2023	50d	amazonecho	suitablyRandom	1
15-May-2023	50d	amazonecho	cantsl	1
15-May-2023	50d	amazonecho	Classic-Yak-4966	1
15-May-2023	50d	amazonecho	MoneyBags5200	1
15-May-2023	50d	amazonecho	No-Engineering-9837	1
15-May-2023	50d	amazonecho	thefritob	1
15-May-2023	50d	amazonecho	Steakman1971	1
15-May-2023	50d	amazonecho	Important-Guide-9178	1
15-May-2023	50d	amazonecho	MrAkai	1
15-May-2023	50d	amazonecho	KingZakyu	1
15-May-2023	50d	amazonecho	SeriousCopy9710	1
15-May-2023	50d	amazonecho	Impulse3000	1
15-May-2023	50d	amazonecho	LuckyNumber-Bot	1
15-May-2023	50d	amazonecho	FakespotAnalysisBot	1
15-May-2023	50d	amazonecho	Jedi-Lennon	1
15-May-2023	50d	amazonecho	DrakeAndJoshOfficial	1
15-May-2023	50d	amazonecho	No-Personality-1456	1
15-May-2023	50d	amazonecho	Stromberg-Carlson	1
15-May-2023	50d	amazonecho	Benvolent_Troll	1
15-May-2023	50d	amazonecho	EverReddyKilowatt	1
15-May-2023	50d	amazonecho	MyLegsX2CantFeelThem	1
15-May-2023	50d	amazonecho	Wade1217	1
15-May-2023	50d	amazonecho	kgwright	1
15-May-2023	50d	amazonecho	augurydog	1
15-May-2023	50d	amazonecho	OrginalPeach	1
15-May-2023	50d	amazonecho	metalski	1
15-May-2023	50d	amazonecho	eaglesong3	1
15-May-2023	50d	amazonecho	sandinonett	1
15-May-2023	50d	amazonecho	itoldusoandso	1
15-May-2023	50d	amazonecho	mlloyd67	1
15-May-2023	50d	amazonecho	rem80	1
15-May-2023	50d	amazonecho	xXx_Viper_xXx	1
15-May-2023	50d	amazonecho	the_doughboy	1
15-May-2023	50d	amazonecho	Ok-Intention236	1
15-May-2023	50d	amazonecho	Jealous-Win2201	1
15-May-2023	50d	amazonecho	iftales	1
15-May-2023	50d	amazonecho	GIDAMIEN	1
15-May-2023	50d	amazonecho	InfluenceOk8901	1
15-May-2023	50d	amazonecho	Breaking-Dad-	1
15-May-2023	50d	amazonecho	Nosferatushy	1
15-May-2023	50d	amazonecho	DudesworthMannington	1
15-May-2023	50d	amazonecho	mikewarnock	1
15-May-2023	50d	amazonecho	Y-Kadafi	1
15-May-2023	50d	amazonecho	InternationalTooth	1
15-May-2023	50d	amazonecho	DogPlane3425	1
15-May-2023	50d	amazonecho	amanryzus	1
15-May-2023	50d	amazonecho	ReallyNotMichaelsMom	1
15-May-2023	50d	amazonecho	Prestigiousgurl00	1
15-May-2023	50d	amazonecho	just-look-around	1
15-May-2023	50d	amazonecho	instantpuppycloud	1
15-May-2023	50d	amazonecho	UnicodeConfusion	1
15-May-2023	50d	amazonecho	Swineee	1
15-May-2023	50d	amazonecho	stowns3	1
15-May-2023	50d	amazonecho	FireGodGoSeeknFire	1
15-May-2023	50d	amazonecho	vinnie5451	1
15-May-2023	50d	amazonecho	nat1838	1
15-May-2023	50d	amazonecho	SlimeQSlimeball	1
15-May-2023	50d	amazonecho	zzwurjbsdt	1
15-May-2023	50d	amazonecho	BrianR71665	1
15-May-2023	50d	amazonecho	PandaWeird8666	1
15-May-2023	50d	amazonecho	fish_kisser	1
15-May-2023	50d	amazonecho	Markisbob	1
15-May-2023	50d	amazonecho	Differently	1
15-May-2023	50d	amazonecho	KindElderberry5556	1
15-May-2023	50d	amazonecho	KC3AKY	1
15-May-2023	50d	amazonecho	MuttJunior	1
15-May-2023	50d	amazonecho	ForksandSpoonsinNY	1
15-May-2023	50d	amazonecho	Internal-Ad-2546	1
15-May-2023	50d	amazonecho	woody-99	1
15-May-2023	50d	amazonecho	Dan4024	1
15-May-2023	50d	amazonecho	burndata	1
15-May-2023	50d	amazonecho	RedDodgerAZ	1
15-May-2023	50d	amazonecho	Equivalent_Ad_8413	1
15-May-2023	50d	amazonecho	Agreeable-Papaya-228	1
15-May-2023	50d	amazonecho	beyondthetech	1
15-May-2023	50d	amazonecho	PowerNapplication	1
15-May-2023	50d	amazonecho	Stefan_MST	1
15-May-2023	50d	amazonecho	Spaztrick	1
15-May-2023	50d	amazonecho	apitillidie	1
15-May-2023	50d	amazonecho	AaronG85	1
15-May-2023	50d	amazonecho	Junior-Profession-84	1
15-May-2023	50d	amazonecho	mister_kew	1
15-May-2023	50d	amazonecho	luxoco	1
15-May-2023	50d	amazonecho	OddScuro	1
15-May-2023	50d	amazonecho	ActuallydCompressing	1
15-May-2023	50d	amazonecho	Icy-Mud7327	1
15-May-2023	50d	amazonecho	sqrt4761	1
15-May-2023	50d	amazonecho	DavePear63	1
15-May-2023	50d	amazonecho	niktemadur	1
15-May-2023	50d	amazonecho	bxasty	1
15-May-2023	50d	amazonecho	nosht	1
15-May-2023	50d	amazonecho	Great-Public-763	1
15-May-2023	50d	amazonecho	Informal-Emu3251	1
15-May-2023	50d	amazonecho	Kdubzz93	1
15-May-2023	50d	amazonecho	SwoopyD1026	1
15-May-2023	50d	amazonecho	keshiafowler2007	1
15-May-2023	50d	amazonecho	JudeV525	1
15-May-2023	50d	amazonecho	Broken_20	1
15-May-2023	50d	amazonecho	ThaneOfCawdorrr	1
15-May-2023	50d	amazonecho	bengy3d	1
15-May-2023	50d	amazonecho	Pinksters	1
15-May-2023	50d	amazonecho	XRaiderV1	1
15-May-2023	50d	amazonecho	LockGroundbreaking55	1
15-May-2023	50d	amazonecho	ThePamdalorian	1
15-May-2023	50d	amazonecho	blade_torlock	1
15-May-2023	50d	amazonecho	raybreezer	1
15-May-2023	50d	amazonecho	Chrontius	1
15-May-2023	50d	amazonecho	Jag-Hiroshi	1
15-May-2023	50d	amazonecho	paylord666	1
15-May-2023	50d	amazonecho	calvinhangga	1
15-May-2023	50d	amazonecho	Burntoffer	1
15-May-2023	50d	amazonecho	Legal-Strain-8640	1
15-May-2023	50d	amazonecho	stalkthewizard	1
15-May-2023	50d	amazonecho	thetonythebest	1
15-May-2023	50d	amazonecho	Rizaruky	1
15-May-2023	50d	amazonecho	BuddhaRockstar	1
15-May-2023	50d	amazonecho	Background-Art-1674	1
15-May-2023	50d	amazonecho	stoopidyoshi	1
15-May-2023	50d	amazonecho	SojournerInThisVale	1
15-May-2023	50d	amazonecho	Ildera	1
15-May-2023	50d	amazonecho	Apprehensive-Ad738	1
15-May-2023	50d	amazonecho	turtle_4557	1
15-May-2023	50d	amazonecho	ersan191	1
15-May-2023	50d	amazonecho	captpackrat	1
15-May-2023	50d	amazonecho	Man_Bear_Beaver	1
15-May-2023	50d	amazonecho	PrintEconomy9412	1
15-May-2023	50d	amazonecho	Weyland19	1
15-May-2023	50d	amazonecho	CardiacCatastrophe	1
15-May-2023	50d	amazonecho	snickerzz	1
15-May-2023	50d	amazonecho	apaulsherwin	1
15-May-2023	50d	amazonecho	cbski9	1
15-May-2023	50d	amazonecho	Whoz_Yerdaddi	1
15-May-2023	50d	amazonecho	Calm-Technology-755	1
15-May-2023	50d	amazonecho	Goretzka	1
15-May-2023	50d	amazonecho	mickAMMO	1
15-May-2023	50d	amazonecho	675te_aoe	1
15-May-2023	50d	amazonecho	Frosty_Loquat4600	1
15-May-2023	50d	amazonecho	rkilbrai	1
15-May-2023	50d	amazonecho	Doubleks	1
15-May-2023	50d	amazonecho	CavediverNY	1
15-May-2023	50d	amazonecho	frankPutty	1
15-May-2023	50d	amazonecho	TheDraco713	1
15-May-2023	50d	amazonecho	GrundlePepper	1
15-May-2023	50d	amazonecho	JobuTopaki	1
15-May-2023	50d	amazonecho	shakeypudding	1
15-May-2023	50d	amazonecho	rva2chi	1
15-May-2023	50d	amazonecho	FACEROCK	1
15-May-2023	50d	amazonecho	Dimeh_H	1
15-May-2023	50d	amazonecho	IncomprehensibleGoat	1
15-May-2023	50d	amazonecho	miserable-bananna726	1
15-May-2023	50d	amazonecho	Lady_Nyx13	1
15-May-2023	50d	amazonecho	Onlyspacemanspiff	1
15-May-2023	50d	amazonecho	Enog	1
15-May-2023	50d	amazonecho	flargenhargen	1
15-May-2023	50d	amazonecho	Embarrassed-Boot-314	1
15-May-2023	50d	amazonecho	TattooedLacie	1
15-May-2023	50d	amazonecho	Thisoneissfwihope	1
15-May-2023	50d	amazonecho	AD_MDestroyer	1
15-May-2023	50d	amazonecho	Exfiltrator	1
15-May-2023	50d	amazonecho	walterheck	1
15-May-2023	50d	amazonecho	Syynaptik	1
15-May-2023	50d	amazonecho	ORD-DRO	1
15-May-2023	50d	amazonecho	diddinim	1
15-May-2023	50d	amazonecho	Reggie_Barclay	1
15-May-2023	50d	amazonecho	Justinackermannblog	1
15-May-2023	50d	amazonecho	Murwiz	1
15-May-2023	50d	amazonecho	friendlyhermit	1
15-May-2023	50d	amazonecho	KingSpoonsThe5th	1
15-May-2023	50d	amazonecho	Amata82	1
15-May-2023	50d	amazonecho	thewondermule	1
15-May-2023	50d	amazonecho	the_quark	1
15-May-2023	50d	amazonecho	Ichabod665	1
15-May-2023	50d	amazonecho	SeattleBattles	1
15-May-2023	50d	amazonecho	kenkiller	1
15-May-2023	50d	amazonecho	i_bring_the_reddit	1
15-May-2023	50d	amazonecho	Milligan	1
15-May-2023	50d	amazonecho	dinzdale56	1
15-May-2023	50d	amazonecho	Hairy_Bonus6804	1
15-May-2023	50d	amazonecho	andraes	1
15-May-2023	50d	amazonecho	ForeignManagement126	1
15-May-2023	50d	amazonecho	illie_g	1
15-May-2023	50d	amazonecho	Nyghtshayde	1
15-May-2023	50d	amazonecho	GetYoSnacks	1
15-May-2023	50d	amazonecho	Usual_Impact5924	1
15-May-2023	50d	amazonecho	redredditt	1
15-May-2023	50d	amazonecho	drgmaster909	1
15-May-2023	50d	amazonecho	victoryoiti	1
