query_date	before_date	subreddit	comment_author	comment_frequency
15-May-2023	20d	amazonecho	brantome24	30
15-May-2023	20d	amazonecho	Elizabethvma6056	18
15-May-2023	20d	amazonecho	Famous-Perspective-3	15
15-May-2023	20d	amazonecho	Dansk72	12
15-May-2023	20d	amazonecho	Scooter310	11
15-May-2023	20d	amazonecho	Riquende	11
15-May-2023	20d	amazonecho	antisane	11
15-May-2023	20d	amazonecho	tuhinkarmakar	10
15-May-2023	20d	amazonecho	Muted_Sorts	9
15-May-2023	20d	amazonecho	MarvinG1984	8
15-May-2023	20d	amazonecho	[deleted]	8
15-May-2023	20d	amazonecho	mtichbon86	8
15-May-2023	20d	amazonecho	IllAd6861	8
15-May-2023	20d	amazonecho	minionsweb	8
15-May-2023	20d	amazonecho	III_EMERALD_III	8
15-May-2023	20d	amazonecho	Wayne8766	7
15-May-2023	20d	amazonecho	Lazy-Lawfulness-6466	7
15-May-2023	20d	amazonecho	LoveAndData	7
15-May-2023	20d	amazonecho	wbruce098	7
15-May-2023	20d	amazonecho	richms	6
15-May-2023	20d	amazonecho	i__like__bike	6
15-May-2023	20d	amazonecho	woody-99	6
15-May-2023	20d	amazonecho	Gold__star	6
15-May-2023	20d	amazonecho	stumbledotcom	5
15-May-2023	20d	amazonecho	dalmarnock	5
15-May-2023	20d	amazonecho	Zouden	5
15-May-2023	20d	amazonecho	rmalbers	5
15-May-2023	20d	amazonecho	Tim-in-CA	5
15-May-2023	20d	amazonecho	coolsheep769	5
15-May-2023	20d	amazonecho	mTsp4ce	5
15-May-2023	20d	amazonecho	mme2121	5
15-May-2023	20d	amazonecho	Night_Pancakes	5
15-May-2023	20d	amazonecho	KevanGP	5
15-May-2023	20d	amazonecho	WaylonWillieNtheBoys	5
15-May-2023	20d	amazonecho	gangsteroflove1	4
15-May-2023	20d	amazonecho	DrunkenGolfer	4
15-May-2023	20d	amazonecho	toinfinitiandbeyond	4
15-May-2023	20d	amazonecho	Vlad_the_Homeowner	4
15-May-2023	20d	amazonecho	tarzan_nojane	4
15-May-2023	20d	amazonecho	DPAmes1	4
15-May-2023	20d	amazonecho	chapeaumetallique	4
15-May-2023	20d	amazonecho	IxI_DUCK_IxI	4
15-May-2023	20d	amazonecho	Other_Importance915	4
15-May-2023	20d	amazonecho	SlimeQSlimeball	4
15-May-2023	20d	amazonecho	khaytsus	4
15-May-2023	20d	amazonecho	FoferJ	4
15-May-2023	20d	amazonecho	btadams1971	4
15-May-2023	20d	amazonecho	bb8-sparkles	4
15-May-2023	20d	amazonecho	Abadabber	4
15-May-2023	20d	amazonecho	pablo225	4
15-May-2023	20d	amazonecho	Gabededvukaj	4
15-May-2023	20d	amazonecho	Soft-Village-721	4
15-May-2023	20d	amazonecho	insanewords	4
15-May-2023	20d	amazonecho	Nascent1	4
15-May-2023	20d	amazonecho	slog	3
15-May-2023	20d	amazonecho	ssoocc	3
15-May-2023	20d	amazonecho	Le-Misanthrope	3
15-May-2023	20d	amazonecho	rockmasterflex	3
15-May-2023	20d	amazonecho	Separate-Effective77	3
15-May-2023	20d	amazonecho	GenericallyClever	3
15-May-2023	20d	amazonecho	LilKSong7	3
15-May-2023	20d	amazonecho	WordySpark	3
15-May-2023	20d	amazonecho	_BallsDeep69_	3
15-May-2023	20d	amazonecho	MarkPandrews	3
15-May-2023	20d	amazonecho	Iangh007	3
15-May-2023	20d	amazonecho	PapaRoach_1	3
15-May-2023	20d	amazonecho	Opposite-Addition-71	3
15-May-2023	20d	amazonecho	limitless__	3
15-May-2023	20d	amazonecho	De4con0FM4RS	3
15-May-2023	20d	amazonecho	Ok-Chemist-4986	3
15-May-2023	20d	amazonecho	paulodand	3
15-May-2023	20d	amazonecho	pc_light	3
15-May-2023	20d	amazonecho	Street_Committee_417	3
15-May-2023	20d	amazonecho	ponyboy3	3
15-May-2023	20d	amazonecho	md28usmc	3
15-May-2023	20d	amazonecho	MindingMyP_Q	3
15-May-2023	20d	amazonecho	whoissusanstrong	3
15-May-2023	20d	amazonecho	emphasis_added3	3
15-May-2023	20d	amazonecho	Anaxagoras23	3
15-May-2023	20d	amazonecho	wassupDFW	3
15-May-2023	20d	amazonecho	MysteriousBad3166	3
15-May-2023	20d	amazonecho	RedMapleBat	3
15-May-2023	20d	amazonecho	WhatWouldTNGPicardDo	3
15-May-2023	20d	amazonecho	Cheddarific	3
15-May-2023	20d	amazonecho	Bagel42	3
15-May-2023	20d	amazonecho	Suckmytoeswithcheese	2
15-May-2023	20d	amazonecho	suitablyRandom	2
15-May-2023	20d	amazonecho	PoorInCT	2
15-May-2023	20d	amazonecho	baobab68	2
15-May-2023	20d	amazonecho	After-Life-1101	2
15-May-2023	20d	amazonecho	315_Jessie	2
15-May-2023	20d	amazonecho	BahaMan69	2
15-May-2023	20d	amazonecho	TokyoJimu	2
15-May-2023	20d	amazonecho	Leftstrat	2
15-May-2023	20d	amazonecho	ObeseSnake	2
15-May-2023	20d	amazonecho	missionbeach	2
15-May-2023	20d	amazonecho	CpuJunky	2
15-May-2023	20d	amazonecho	Drysandplace	2
15-May-2023	20d	amazonecho	Tanjello	2
15-May-2023	20d	amazonecho	breagerey	2
15-May-2023	20d	amazonecho	VNzAbguvat	2
15-May-2023	20d	amazonecho	Armand28	2
15-May-2023	20d	amazonecho	rockytfs1	2
15-May-2023	20d	amazonecho	Livid-Setting4093	2
15-May-2023	20d	amazonecho	Scorpius666	2
15-May-2023	20d	amazonecho	nanaboostme	2
15-May-2023	20d	amazonecho	ritchie70	2
15-May-2023	20d	amazonecho	gingersue999	2
15-May-2023	20d	amazonecho	mrbump34	2
15-May-2023	20d	amazonecho	deathboyuk	2
15-May-2023	20d	amazonecho	General_Road_7952	2
15-May-2023	20d	amazonecho	Nyghtshayde	2
15-May-2023	20d	amazonecho	Kangaroowrangler_02	2
15-May-2023	20d	amazonecho	winelight	2
15-May-2023	20d	amazonecho	washburn100	2
15-May-2023	20d	amazonecho	XRaiderV1	2
15-May-2023	20d	amazonecho	leonicholson77	2
15-May-2023	20d	amazonecho	CarelessGrape3347	2
15-May-2023	20d	amazonecho	Manucarba	2
15-May-2023	20d	amazonecho	Glad-Conversation921	2
15-May-2023	20d	amazonecho	Stashmouth	2
15-May-2023	20d	amazonecho	bandageddoll	2
15-May-2023	20d	amazonecho	WVPrepper	2
15-May-2023	20d	amazonecho	WinterBourne25	2
15-May-2023	20d	amazonecho	Glass-Material5689	2
15-May-2023	20d	amazonecho	TrevortonOffroad	2
15-May-2023	20d	amazonecho	NotHenceGonSphere	2
15-May-2023	20d	amazonecho	fdpieds	2
15-May-2023	20d	amazonecho	RiffleChipz	2
15-May-2023	20d	amazonecho	grantdb	2
15-May-2023	20d	amazonecho	Only-Control5926	2
15-May-2023	20d	amazonecho	QuietStorm_7	2
15-May-2023	20d	amazonecho	m61376	2
15-May-2023	20d	amazonecho	madalone	2
15-May-2023	20d	amazonecho	Silent-Piccolo	2
15-May-2023	20d	amazonecho	MacMacCourt	2
15-May-2023	20d	amazonecho	SnooMacarons9905	2
15-May-2023	20d	amazonecho	unconventional_ramen	2
15-May-2023	20d	amazonecho	PaJme	2
15-May-2023	20d	amazonecho	Street_Amphibian_358	2
15-May-2023	20d	amazonecho	Bootyclapthunder	2
15-May-2023	20d	amazonecho	jdcox215	2
15-May-2023	20d	amazonecho	Educational-Smell455	2
15-May-2023	20d	amazonecho	MaxHiggins	2
15-May-2023	20d	amazonecho	lovelynightmare_	2
15-May-2023	20d	amazonecho	Bryon2A	2
15-May-2023	20d	amazonecho	RatamacueRatamacue	2
15-May-2023	20d	amazonecho	gwackr	2
15-May-2023	20d	amazonecho	Sm1throb	2
15-May-2023	20d	amazonecho	mareksoon	2
15-May-2023	20d	amazonecho	Legend1138	2
15-May-2023	20d	amazonecho	AwesomeACK	2
15-May-2023	20d	amazonecho	Man_Bear_Beaver	2
15-May-2023	20d	amazonecho	kid_wonderbread	2
15-May-2023	20d	amazonecho	Tsukune_Surprise	2
15-May-2023	20d	amazonecho	bonafidebob	2
15-May-2023	20d	amazonecho	AdequateSteve	2
15-May-2023	20d	amazonecho	SplitLevel17	2
15-May-2023	20d	amazonecho	DustinFreeman	2
15-May-2023	20d	amazonecho	azz3879	2
15-May-2023	20d	amazonecho	80andsunny	1
15-May-2023	20d	amazonecho	EveningMinute	1
15-May-2023	20d	amazonecho	daveisfera	1
15-May-2023	20d	amazonecho	The-One-Man-Riot	1
15-May-2023	20d	amazonecho	SpockYoda	1
15-May-2023	20d	amazonecho	tTricky	1
15-May-2023	20d	amazonecho	MichaelQueensboro	1
15-May-2023	20d	amazonecho	rcroche01	1
15-May-2023	20d	amazonecho	WinnieGirl22	1
15-May-2023	20d	amazonecho	gpo321	1
15-May-2023	20d	amazonecho	Johnsonjp16	1
15-May-2023	20d	amazonecho	jaw0012	1
15-May-2023	20d	amazonecho	Suz626	1
15-May-2023	20d	amazonecho	elmicha	1
15-May-2023	20d	amazonecho	RockPaperShredder	1
15-May-2023	20d	amazonecho	Gdsrwq421	1
15-May-2023	20d	amazonecho	SomeRando1967	1
15-May-2023	20d	amazonecho	rcook55	1
15-May-2023	20d	amazonecho	Competitive-Bite-625	1
15-May-2023	20d	amazonecho	polarfetus	1
15-May-2023	20d	amazonecho	Matthewcbayer	1
15-May-2023	20d	amazonecho	Moist_Platform785	1
15-May-2023	20d	amazonecho	ConservativeBlack	1
15-May-2023	20d	amazonecho	BlueIdoru	1
15-May-2023	20d	amazonecho	Impulse3000	1
15-May-2023	20d	amazonecho	knarfolled	1
15-May-2023	20d	amazonecho	networkfireman	1
15-May-2023	20d	amazonecho	dwfmba	1
15-May-2023	20d	amazonecho	sindarsvoid	1
15-May-2023	20d	amazonecho	sevargmas	1
15-May-2023	20d	amazonecho	gayPApunk10mm	1
15-May-2023	20d	amazonecho	toollio	1
15-May-2023	20d	amazonecho	kick069	1
15-May-2023	20d	amazonecho	Tempest_CN	1
15-May-2023	20d	amazonecho	dbhathcock	1
15-May-2023	20d	amazonecho	bullgod1964	1
15-May-2023	20d	amazonecho	kathlin409	1
15-May-2023	20d	amazonecho	valigatorCA	1
15-May-2023	20d	amazonecho	Asen_20_Ikonomov_11	1
15-May-2023	20d	amazonecho	Jkoiou	1
15-May-2023	20d	amazonecho	LogApprehensive8939	1
15-May-2023	20d	amazonecho	MyNameIsNotSurely	1
15-May-2023	20d	amazonecho	No-Maintenance-8389	1
15-May-2023	20d	amazonecho	Fit-Health-4882	1
15-May-2023	20d	amazonecho	ProjectVRD	1
15-May-2023	20d	amazonecho	ReallyNotMichaelsMom	1
15-May-2023	20d	amazonecho	leftflapattack	1
15-May-2023	20d	amazonecho	Piccster	1
15-May-2023	20d	amazonecho	whitemaymoney	1
15-May-2023	20d	amazonecho	kshelley	1
15-May-2023	20d	amazonecho	ShadowDancer11	1
15-May-2023	20d	amazonecho	geometrical	1
15-May-2023	20d	amazonecho	No_Battle_7953	1
15-May-2023	20d	amazonecho	captpackrat	1
15-May-2023	20d	amazonecho	OleRoy2023	1
15-May-2023	20d	amazonecho	SouthOutlandishness4	1
15-May-2023	20d	amazonecho	Reggie_Barclay	1
15-May-2023	20d	amazonecho	The_Fox_Confessor	1
15-May-2023	20d	amazonecho	darkknight_178	1
15-May-2023	20d	amazonecho	kytulu	1
15-May-2023	20d	amazonecho	BDThrills	1
15-May-2023	20d	amazonecho	AlternativeBroad4927	1
15-May-2023	20d	amazonecho	Neighbortim	1
15-May-2023	20d	amazonecho	SnorrePSR	1
15-May-2023	20d	amazonecho	agatharaisin2021	1
15-May-2023	20d	amazonecho	TheSamLowry	1
15-May-2023	20d	amazonecho	jdobem	1
15-May-2023	20d	amazonecho	spisHjerner	1
15-May-2023	20d	amazonecho	TrustLeft	1
15-May-2023	20d	amazonecho	honestFeedback	1
15-May-2023	20d	amazonecho	JMRolfe	1
15-May-2023	20d	amazonecho	Rodts	1
15-May-2023	20d	amazonecho	MrSnowden	1
15-May-2023	20d	amazonecho	eddified	1
15-May-2023	20d	amazonecho	ThePhantasm	1
15-May-2023	20d	amazonecho	DesignFlaw06	1
15-May-2023	20d	amazonecho	Thin-Cry-7027	1
15-May-2023	20d	amazonecho	Competitive_Eagle132	1
15-May-2023	20d	amazonecho	caggodn	1
15-May-2023	20d	amazonecho	Treetrunk1981	1
15-May-2023	20d	amazonecho	Syntox09	1
15-May-2023	20d	amazonecho	richaardvark	1
15-May-2023	20d	amazonecho	unthused	1
15-May-2023	20d	amazonecho	Benji2108	1
15-May-2023	20d	amazonecho	markhw42	1
15-May-2023	20d	amazonecho	m_abdelfattah	1
15-May-2023	20d	amazonecho	created4this	1
15-May-2023	20d	amazonecho	Snoo14551	1
15-May-2023	20d	amazonecho	OldGuyGeek	1
15-May-2023	20d	amazonecho	FireWalker_UK	1
15-May-2023	20d	amazonecho	Markaes4	1
15-May-2023	20d	amazonecho	4ever-endeavor	1
15-May-2023	20d	amazonecho	WontonMaster	1
15-May-2023	20d	amazonecho	Mango813	1
15-May-2023	20d	amazonecho	Subtonic	1
15-May-2023	20d	amazonecho	imar0ckstar	1
15-May-2023	20d	amazonecho	lasagnaburntmyface	1
15-May-2023	20d	amazonecho	nascentt	1
15-May-2023	20d	amazonecho	scattered_ideas	1
15-May-2023	20d	amazonecho	PhonyAlibi	1
15-May-2023	20d	amazonecho	Torrence73	1
15-May-2023	20d	amazonecho	itwentanotherway	1
15-May-2023	20d	amazonecho	hint-on	1
15-May-2023	20d	amazonecho	gamedevhobby	1
15-May-2023	20d	amazonecho	DanAboutT0wn	1
15-May-2023	20d	amazonecho	AwDuck	1
15-May-2023	20d	amazonecho	1decentusername	1
15-May-2023	20d	amazonecho	westtxfun	1
15-May-2023	20d	amazonecho	seancho	1
15-May-2023	20d	amazonecho	bigjack78	1
15-May-2023	20d	amazonecho	Dangerous_Farm_7801	1
15-May-2023	20d	amazonecho	thatweirdishguy	1
15-May-2023	20d	amazonecho	yardwasterebellion	1
15-May-2023	20d	amazonecho	GreatTao	1
15-May-2023	20d	amazonecho	Svobpata	1
15-May-2023	20d	amazonecho	BossyOldLady	1
15-May-2023	20d	amazonecho	fatasslarry7	1
15-May-2023	20d	amazonecho	cotuisano	1
15-May-2023	20d	amazonecho	JohnTimesInfinity	1
15-May-2023	20d	amazonecho	Miss_Smokahontas	1
15-May-2023	20d	amazonecho	Onlyspacemanspiff	1
15-May-2023	20d	amazonecho	vendetta33	1
15-May-2023	20d	amazonecho	nacnud_uk	1
15-May-2023	20d	amazonecho	mooseca87	1
15-May-2023	20d	amazonecho	Prownilo	1
15-May-2023	20d	amazonecho	glazedhamster	1
15-May-2023	20d	amazonecho	jxsl13	1
15-May-2023	20d	amazonecho	mdungen	1
15-May-2023	20d	amazonecho	TriumphDaytona	1
15-May-2023	20d	amazonecho	kresbok	1
15-May-2023	20d	amazonecho	SethIsAWoosh	1
15-May-2023	20d	amazonecho	Junior-Profession-84	1
15-May-2023	20d	amazonecho	gocard	1
15-May-2023	20d	amazonecho	djellicon	1
15-May-2023	20d	amazonecho	Kimmyonepilots	1
15-May-2023	20d	amazonecho	w1ck3dme	1
15-May-2023	20d	amazonecho	the_buckman_bandit	1
15-May-2023	20d	amazonecho	sanfranchristo	1
15-May-2023	20d	amazonecho	mkdr	1
15-May-2023	20d	amazonecho	paulsmt	1
15-May-2023	20d	amazonecho	walterheck	1
15-May-2023	20d	amazonecho	zhidzhid	1
15-May-2023	20d	amazonecho	HappyHappyJoyJoy575	1
15-May-2023	20d	amazonecho	mcoronel3	1
15-May-2023	20d	amazonecho	asyrin25	1
15-May-2023	20d	amazonecho	Black_Rose67	1
15-May-2023	20d	amazonecho	okepimalin	1
15-May-2023	20d	amazonecho	KimmyTurnerr	1
15-May-2023	20d	amazonecho	ebsebs	1
15-May-2023	20d	amazonecho	ThaRealV12	1
15-May-2023	20d	amazonecho	MagazineFine7869	1
15-May-2023	20d	amazonecho	Intelligent_Fix_8867	1
15-May-2023	20d	amazonecho	SpiffyMagnetMan68621	1
15-May-2023	20d	amazonecho	President1999	1
15-May-2023	20d	amazonecho	pmgta	1
15-May-2023	20d	amazonecho	Ok-Possibility1422	1
15-May-2023	20d	amazonecho	imoftendisgruntled	1
15-May-2023	20d	amazonecho	davew01	1
15-May-2023	20d	amazonecho	Prestigious-Face7108	1
15-May-2023	20d	amazonecho	94bronco	1
15-May-2023	20d	amazonecho	BeneficialAttempt544	1
15-May-2023	20d	amazonecho	Ancyker	1
15-May-2023	20d	amazonecho	Arynn	1
15-May-2023	20d	amazonecho	Stromberg-Carlson	1
15-May-2023	20d	amazonecho	magicbumblebee	1
15-May-2023	20d	amazonecho	Nothingdoing079	1
15-May-2023	20d	amazonecho	Littletobig	1
15-May-2023	20d	amazonecho	_mercybeat_	1
15-May-2023	20d	amazonecho	arnoldpettybunk	1
15-May-2023	20d	amazonecho	artpumpin	1
15-May-2023	20d	amazonecho	sm1ng	1
15-May-2023	20d	amazonecho	BeerWingsRepeat	1
15-May-2023	20d	amazonecho	rthomas10	1
15-May-2023	20d	amazonecho	luiguild	1
15-May-2023	20d	amazonecho	sunnycurlz	1
15-May-2023	20d	amazonecho	benfaist	1
15-May-2023	20d	amazonecho	CeleryFinal2589	1
15-May-2023	20d	amazonecho	huntergatherer555	1
15-May-2023	20d	amazonecho	PuzzleheadedBit677	1
15-May-2023	20d	amazonecho	Guru_Tech768	1
15-May-2023	20d	amazonecho	blmzd	1
15-May-2023	20d	amazonecho	kevonicus	1
15-May-2023	20d	amazonecho	namocaw	1
15-May-2023	20d	amazonecho	I_tote_my_goats	1
15-May-2023	20d	amazonecho	einhornb	1
15-May-2023	20d	amazonecho	Dheideri	1
15-May-2023	20d	amazonecho	Ok-Weakness-1148	1
15-May-2023	20d	amazonecho	msmsms101	1
15-May-2023	20d	amazonecho	Yeah_Probably_J	1
15-May-2023	20d	amazonecho	TH3N0RTHSID3	1
15-May-2023	20d	amazonecho	Sympathy_Recent	1
15-May-2023	20d	amazonecho	chef8489	1
15-May-2023	20d	amazonecho	ejpusa	1
15-May-2023	20d	amazonecho	Spamtickler	1
15-May-2023	20d	amazonecho	spikecurt	1
15-May-2023	20d	amazonecho	CarpeTeknus	1
15-May-2023	20d	amazonecho	StevBator	1
15-May-2023	20d	amazonecho	ailee43	1
15-May-2023	20d	amazonecho	Pigman02	1
15-May-2023	20d	amazonecho	joogiee	1
15-May-2023	20d	amazonecho	stylex_89	1
15-May-2023	20d	amazonecho	stoopidyoshi	1
15-May-2023	20d	amazonecho	d10rr	1
15-May-2023	20d	amazonecho	sureshot58	1
15-May-2023	20d	amazonecho	del_maria425	1
15-May-2023	20d	amazonecho	CozyCoffeeCup42	1
15-May-2023	20d	amazonecho	Ceezeecz	1
15-May-2023	20d	amazonecho	Exact_Roll_4048	1
15-May-2023	20d	amazonecho	igneousvis	1
15-May-2023	20d	amazonecho	blodyholy_	1
15-May-2023	20d	amazonecho	BlossomPNW	1
15-May-2023	20d	amazonecho	AbbreviationsNo1410	1
15-May-2023	20d	amazonecho	ransufodo	1
15-May-2023	20d	amazonecho	Gussie61	1
15-May-2023	20d	amazonecho	CaptainHunt	1
15-May-2023	20d	amazonecho	TMWOxBigRed	1
15-May-2023	20d	amazonecho	gizmophaze	1
15-May-2023	20d	amazonecho	kwixmusic	1
15-May-2023	20d	amazonecho	BrrImCccold	1
15-May-2023	20d	amazonecho	CancelOk1255	1
15-May-2023	20d	amazonecho	grimboom21	1
15-May-2023	20d	amazonecho	mikeinstlouis	1
15-May-2023	20d	amazonecho	Shot_Flamingo_4445	1
15-May-2023	20d	amazonecho	Delicious_Run8166	1
15-May-2023	20d	amazonecho	Remarkable-Ad-2678	1
15-May-2023	20d	amazonecho	Acceptable_Ear_7809	1
15-May-2023	20d	amazonecho	xurad2005	1
15-May-2023	20d	amazonecho	ArtOfVandelay	1
15-May-2023	20d	amazonecho	Next_Increase2944	1
15-May-2023	20d	amazonecho	charrett	1
15-May-2023	20d	amazonecho	pensivepliskin	1
15-May-2023	20d	amazonecho	gwar11	1
15-May-2023	20d	amazonecho	Commercial_Daikon_92	1
15-May-2023	20d	amazonecho	capblye	1
15-May-2023	20d	amazonecho	BilliamJ2	1
15-May-2023	20d	amazonecho	tDANGERb	1
15-May-2023	20d	amazonecho	Mobile_Imagination_5	1
15-May-2023	20d	amazonecho	curiousrut	1
15-May-2023	20d	amazonecho	Rude_Psychology1648	1
15-May-2023	20d	amazonecho	CrazyKaos24	1
15-May-2023	20d	amazonecho	VTPete	1
15-May-2023	20d	amazonecho	SooshiRole	1
15-May-2023	20d	amazonecho	Ok-Mastodon8523	1
15-May-2023	20d	amazonecho	HaplessOrchestra	1
15-May-2023	20d	amazonecho	Xterra50	1
15-May-2023	20d	amazonecho	FestivalChimp	1
15-May-2023	20d	amazonecho	LyricalHeart86	1
15-May-2023	20d	amazonecho	teddylovr	1
15-May-2023	20d	amazonecho	Emotional_Row6306	1
15-May-2023	20d	amazonecho	larryeddy	1
15-May-2023	20d	amazonecho	Martipaku	1
15-May-2023	20d	amazonecho	Icy-Anxiety-9338	1
15-May-2023	20d	amazonecho	AndrewCortesi	1
15-May-2023	20d	amazonecho	BROMETH3U5	1
15-May-2023	20d	amazonecho	yefeth	1
15-May-2023	20d	amazonecho	grapplerone	1
15-May-2023	20d	amazonecho	skirven4	1
15-May-2023	20d	amazonecho	sandwiches636	1
15-May-2023	20d	amazonecho	Lizziebit	1
15-May-2023	20d	amazonecho	hereforlul	1
15-May-2023	20d	amazonecho	keiliii	1
15-May-2023	20d	amazonecho	filolif	1
15-May-2023	20d	amazonecho	Marvin_peso	1
15-May-2023	20d	amazonecho	LotdLisbon	1
15-May-2023	20d	amazonecho	mime454	1
15-May-2023	20d	amazonecho	DarkIce-	1
15-May-2023	20d	amazonecho	Hotwheelz3131	1
15-May-2023	20d	amazonecho	DarkPrinceCait	1
15-May-2023	20d	amazonecho	UniqueUsrname_xx	1
15-May-2023	20d	amazonecho	Herbalsteez	1
15-May-2023	20d	amazonecho	Iambetterthanyou713	1
15-May-2023	20d	amazonecho	hostileautumn	1
15-May-2023	20d	amazonecho	bhoop33	1
15-May-2023	20d	amazonecho	MortisStorm	1
15-May-2023	20d	amazonecho	According_Machine_27	1
15-May-2023	20d	amazonecho	thedeprted	1
15-May-2023	20d	amazonecho	briantforce	1
15-May-2023	20d	amazonecho	2bad2care	1
15-May-2023	20d	amazonecho	AvsWon33	1
15-May-2023	20d	amazonecho	RussW210	1
15-May-2023	20d	amazonecho	ActiveElectronic3138	1
15-May-2023	20d	amazonecho	imnotatroll555	1
15-May-2023	20d	amazonecho	beyondthetech	1
15-May-2023	20d	amazonecho	TP-bbq	1
15-May-2023	20d	amazonecho	Ethrealrunner	1
15-May-2023	20d	amazonecho	Wrila_ip	1
15-May-2023	20d	amazonecho	elle-jay_cee	1
15-May-2023	20d	amazonecho	Ron_Sandalthunder	1
15-May-2023	20d	amazonecho	islandgirl0228	1
15-May-2023	20d	amazonecho	Ok_Spell_302	1
15-May-2023	20d	amazonecho	haligolightly	1
15-May-2023	20d	amazonecho	Xanadu2002	1
15-May-2023	20d	amazonecho	unsubtleflounder	1
15-May-2023	20d	amazonecho	CranberryRich559	1
15-May-2023	20d	amazonecho	TangibleMalice	1
15-May-2023	20d	amazonecho	teamshesh8988	1
15-May-2023	20d	amazonecho	allen8801	1
15-May-2023	20d	amazonecho	Garlonx	1
15-May-2023	20d	amazonecho	swordsforeveryone	1
15-May-2023	20d	amazonecho	No-Sell-6086	1
15-May-2023	20d	amazonecho	ChiefGriffey	1
15-May-2023	20d	amazonecho	Pinkremote21	1
15-May-2023	20d	amazonecho	Sephoenix	1
15-May-2023	20d	amazonecho	Obvious-Object4147	1
15-May-2023	20d	amazonecho	Alarmed_Addendum5062	1
15-May-2023	20d	amazonecho	BassWingerC-137	1
15-May-2023	20d	amazonecho	Flimsy_Objective7674	1
15-May-2023	20d	amazonecho	Smirkydarkdude	1
15-May-2023	20d	amazonecho	SonCarrot	1
15-May-2023	20d	amazonecho	Navydevildoc	1
15-May-2023	20d	amazonecho	Odd-Station2411	1
15-May-2023	20d	amazonecho	RalphGuevara	1
15-May-2023	20d	amazonecho	Jcorella	1
15-May-2023	20d	amazonecho	Lumpymaximus	1
15-May-2023	20d	amazonecho	Thatguy38700	1
15-May-2023	20d	amazonecho	NoCalligrapher6444	1
15-May-2023	20d	amazonecho	tanttr332	1
15-May-2023	20d	amazonecho	Xntryktrapper	1
15-May-2023	20d	amazonecho	friendlyhermit	1
15-May-2023	20d	amazonecho	gamersfunnydoings12	1
15-May-2023	20d	amazonecho	Macklin410	1
15-May-2023	20d	amazonecho	mfhakp803	1
15-May-2023	20d	amazonecho	AtcJD	1
15-May-2023	20d	amazonecho	toejamboi	1
15-May-2023	20d	amazonecho	marz73	1
15-May-2023	20d	amazonecho	Witty-Praline3092	1
15-May-2023	20d	amazonecho	scarr3g	1
15-May-2023	20d	amazonecho	TheGreenBeard	1
15-May-2023	20d	amazonecho	Alarmed-Film-6782	1
15-May-2023	20d	amazonecho	eithnegomez	1
15-May-2023	20d	amazonecho	rossco95123	1
15-May-2023	20d	amazonecho	wanderlotus	1
15-May-2023	20d	amazonecho	ben7337	1
15-May-2023	20d	amazonecho	googy55	1
15-May-2023	20d	amazonecho	gonagoonu	1
15-May-2023	20d	amazonecho	Yupseemslegit	1
15-May-2023	20d	amazonecho	quiltbugj	1
15-May-2023	20d	amazonecho	dimming1987	1
15-May-2023	20d	amazonecho	_stephenfrost_	1
15-May-2023	20d	amazonecho	animesh250	1
15-May-2023	20d	amazonecho	mirtim09	1
15-May-2023	20d	amazonecho	isjahammer	1
15-May-2023	20d	amazonecho	Angel36003600	1
15-May-2023	20d	amazonecho	East-Pressure1147	1
15-May-2023	20d	amazonecho	Material_Cook_4698	1
15-May-2023	20d	amazonecho	benster112	1
15-May-2023	20d	amazonecho	slipperyknife	1
15-May-2023	20d	amazonecho	SwiftOneSpeaks	1
15-May-2023	20d	amazonecho	Varjohaltia	1
15-May-2023	20d	amazonecho	mp3god	1
15-May-2023	20d	amazonecho	ErinPaperbackstash	1
15-May-2023	20d	amazonecho	Daghain	1
15-May-2023	20d	amazonecho	rosegoldmami	1
15-May-2023	20d	amazonecho	KtownRob	1
15-May-2023	20d	amazonecho	wgewin89	1
15-May-2023	20d	amazonecho	mattbillenstein	1
15-May-2023	20d	amazonecho	BradCOnReddit	1
15-May-2023	20d	amazonecho	FistingLube	1
15-May-2023	20d	amazonecho	Putney9	1
15-May-2023	20d	amazonecho	Ic1ph3r	1
15-May-2023	20d	amazonecho	Sernas7	1
15-May-2023	20d	amazonecho	nogooduser	1
15-May-2023	20d	amazonecho	the1plummie	1
15-May-2023	20d	amazonecho	combatwombat007	1
15-May-2023	20d	amazonecho	RChamltn	1
15-May-2023	20d	amazonecho	cantsl	1
15-May-2023	20d	amazonecho	kamiller42	1
15-May-2023	20d	amazonecho	Professional_Hour_37	1
15-May-2023	20d	amazonecho	shinypenny01	1
15-May-2023	20d	amazonecho	knobunc	1
15-May-2023	20d	amazonecho	derfmcdoogal	1
15-May-2023	20d	amazonecho	ersan191	1
15-May-2023	20d	amazonecho	hunchxpunch	1
15-May-2023	20d	amazonecho	Adams1973	1
15-May-2023	20d	amazonecho	Scorpi01031	1
15-May-2023	20d	amazonecho	Westlund	1
15-May-2023	20d	amazonecho	Remy55	1
15-May-2023	20d	amazonecho	DrRadd	1
15-May-2023	20d	amazonecho	Tired8281	1
15-May-2023	20d	amazonecho	decker12	1
15-May-2023	20d	amazonecho	thesledman	1
15-May-2023	20d	amazonecho	rcatk42	1
15-May-2023	20d	amazonecho	Lvlaxx	1
15-May-2023	20d	amazonecho	Lokinawa	1
15-May-2023	20d	amazonecho	kylreddit	1
15-May-2023	20d	amazonecho	lucky482	1
15-May-2023	20d	amazonecho	NotAnyOneYouKnow2019	1
15-May-2023	20d	amazonecho	SiliconDiver	1
15-May-2023	20d	amazonecho	mrhoopers	1
15-May-2023	20d	amazonecho	mtwaldman1	1
15-May-2023	20d	amazonecho	wewewawa	1
15-May-2023	20d	amazonecho	robogobo	1
15-May-2023	20d	amazonecho	michaelmccue	1
15-May-2023	20d	amazonecho	Hellodarlin80	1
