query_date	before_date	subreddit	comment_author	comment_frequency
15-May-2023	10d	amazonecho	brantome24	34
15-May-2023	10d	amazonecho	Elizabethvma6056	18
15-May-2023	10d	amazonecho	Scooter310	11
15-May-2023	10d	amazonecho	[deleted]	10
15-May-2023	10d	amazonecho	Riquende	10
15-May-2023	10d	amazonecho	antisane	10
15-May-2023	10d	amazonecho	tuhinkarmakar	10
15-May-2023	10d	amazonecho	Wayne8766	9
15-May-2023	10d	amazonecho	Famous-Perspective-3	9
15-May-2023	10d	amazonecho	toinfinitiandbeyond	8
15-May-2023	10d	amazonecho	minionsweb	8
15-May-2023	10d	amazonecho	mtichbon86	8
15-May-2023	10d	amazonecho	IllAd6861	8
15-May-2023	10d	amazonecho	richms	7
15-May-2023	10d	amazonecho	MarvinG1984	7
15-May-2023	10d	amazonecho	Dansk72	7
15-May-2023	10d	amazonecho	Lazy-Lawfulness-6466	7
15-May-2023	10d	amazonecho	LoveAndData	7
15-May-2023	10d	amazonecho	mTsp4ce	6
15-May-2023	10d	amazonecho	Tim-in-CA	6
15-May-2023	10d	amazonecho	richaardvark	6
15-May-2023	10d	amazonecho	Muted_Sorts	6
15-May-2023	10d	amazonecho	i__like__bike	6
15-May-2023	10d	amazonecho	woody-99	6
15-May-2023	10d	amazonecho	rmalbers	5
15-May-2023	10d	amazonecho	DrunkenGolfer	5
15-May-2023	10d	amazonecho	Separate-Effective77	5
15-May-2023	10d	amazonecho	spisHjerner	5
15-May-2023	10d	amazonecho	i_am_covered	5
15-May-2023	10d	amazonecho	mme2121	5
15-May-2023	10d	amazonecho	Night_Pancakes	5
15-May-2023	10d	amazonecho	idonotget	4
15-May-2023	10d	amazonecho	LateTripper	4
15-May-2023	10d	amazonecho	Man_Bear_Beaver	4
15-May-2023	10d	amazonecho	tarzan_nojane	4
15-May-2023	10d	amazonecho	Street_Committee_417	4
15-May-2023	10d	amazonecho	rockmasterflex	4
15-May-2023	10d	amazonecho	parkerpops	4
15-May-2023	10d	amazonecho	Zouden	4
15-May-2023	10d	amazonecho	DPAmes1	4
15-May-2023	10d	amazonecho	chapeaumetallique	4
15-May-2023	10d	amazonecho	Other_Importance915	4
15-May-2023	10d	amazonecho	SlimeQSlimeball	4
15-May-2023	10d	amazonecho	khaytsus	4
15-May-2023	10d	amazonecho	FoferJ	4
15-May-2023	10d	amazonecho	btadams1971	4
15-May-2023	10d	amazonecho	bb8-sparkles	4
15-May-2023	10d	amazonecho	Gabededvukaj	4
15-May-2023	10d	amazonecho	RegularJoe62	3
15-May-2023	10d	amazonecho	TonyTonyChopper	3
15-May-2023	10d	amazonecho	OrbitusXpandeR	3
15-May-2023	10d	amazonecho	BellaLovesCats	3
15-May-2023	10d	amazonecho	TrustLeft	3
15-May-2023	10d	amazonecho	as_a_fr1end	3
15-May-2023	10d	amazonecho	Gdsrwq421	3
15-May-2023	10d	amazonecho	SQUIDWARD360	3
15-May-2023	10d	amazonecho	Iangh007	3
15-May-2023	10d	amazonecho	alanrenouf	3
15-May-2023	10d	amazonecho	leonicholson77	3
15-May-2023	10d	amazonecho	Glass-Material5689	3
15-May-2023	10d	amazonecho	315_Jessie	3
15-May-2023	10d	amazonecho	winelight	3
15-May-2023	10d	amazonecho	BahaMan69	3
15-May-2023	10d	amazonecho	Glad-Conversation921	3
15-May-2023	10d	amazonecho	slog	3
15-May-2023	10d	amazonecho	stumbledotcom	3
15-May-2023	10d	amazonecho	Le-Misanthrope	3
15-May-2023	10d	amazonecho	GenericallyClever	3
15-May-2023	10d	amazonecho	LilKSong7	3
15-May-2023	10d	amazonecho	WordySpark	3
15-May-2023	10d	amazonecho	_BallsDeep69_	3
15-May-2023	10d	amazonecho	MarkPandrews	3
15-May-2023	10d	amazonecho	Opposite-Addition-71	3
15-May-2023	10d	amazonecho	IxI_DUCK_IxI	3
15-May-2023	10d	amazonecho	De4con0FM4RS	3
15-May-2023	10d	amazonecho	Ok-Chemist-4986	3
15-May-2023	10d	amazonecho	md28usmc	3
15-May-2023	10d	amazonecho	KevanGP	3
15-May-2023	10d	amazonecho	pablo225	3
15-May-2023	10d	amazonecho	whoissusanstrong	3
15-May-2023	10d	amazonecho	emphasis_added3	3
15-May-2023	10d	amazonecho	captpackrat	2
15-May-2023	10d	amazonecho	Temporary-Alarm-744	2
15-May-2023	10d	amazonecho	lasagnaburntmyface	2
15-May-2023	10d	amazonecho	Rirdrifta	2
15-May-2023	10d	amazonecho	namocaw	2
15-May-2023	10d	amazonecho	romulusnr	2
15-May-2023	10d	amazonecho	ggs657	2
15-May-2023	10d	amazonecho	markcshaz	2
15-May-2023	10d	amazonecho	PC509	2
15-May-2023	10d	amazonecho	rcroche01	2
15-May-2023	10d	amazonecho	SnowblindAlbino	2
15-May-2023	10d	amazonecho	wewewawa	2
15-May-2023	10d	amazonecho	Finland-adventures	2
15-May-2023	10d	amazonecho	leopoldovitch	2
15-May-2023	10d	amazonecho	gangsteroflove1	2
15-May-2023	10d	amazonecho	honestFeedback	2
15-May-2023	10d	amazonecho	keitheii	2
15-May-2023	10d	amazonecho	WanderingMoose68	2
15-May-2023	10d	amazonecho	indorfpf	2
15-May-2023	10d	amazonecho	ToonTitans	2
15-May-2023	10d	amazonecho	ElisabethR85	2
15-May-2023	10d	amazonecho	Kenw449	2
15-May-2023	10d	amazonecho	ruggieroav	2
15-May-2023	10d	amazonecho	soggygrocerybag	2
15-May-2023	10d	amazonecho	Stashmouth	2
15-May-2023	10d	amazonecho	michellevalentinova	2
15-May-2023	10d	amazonecho	SpockYoda	2
15-May-2023	10d	amazonecho	Suckmytoeswithcheese	2
15-May-2023	10d	amazonecho	suitablyRandom	2
15-May-2023	10d	amazonecho	PoorInCT	2
15-May-2023	10d	amazonecho	baobab68	2
15-May-2023	10d	amazonecho	After-Life-1101	2
15-May-2023	10d	amazonecho	TokyoJimu	2
15-May-2023	10d	amazonecho	Leftstrat	2
15-May-2023	10d	amazonecho	ObeseSnake	2
15-May-2023	10d	amazonecho	CpuJunky	2
15-May-2023	10d	amazonecho	PapaRoach_1	2
15-May-2023	10d	amazonecho	coolsheep769	2
15-May-2023	10d	amazonecho	breagerey	2
15-May-2023	10d	amazonecho	VNzAbguvat	2
15-May-2023	10d	amazonecho	Armand28	2
15-May-2023	10d	amazonecho	limitless__	2
15-May-2023	10d	amazonecho	rockytfs1	2
15-May-2023	10d	amazonecho	Livid-Setting4093	2
15-May-2023	10d	amazonecho	Scorpius666	2
15-May-2023	10d	amazonecho	nanaboostme	2
15-May-2023	10d	amazonecho	gingersue999	2
15-May-2023	10d	amazonecho	General_Road_7952	2
15-May-2023	10d	amazonecho	Nyghtshayde	2
15-May-2023	10d	amazonecho	Kangaroowrangler_02	2
15-May-2023	10d	amazonecho	XRaiderV1	2
15-May-2023	10d	amazonecho	CarelessGrape3347	2
15-May-2023	10d	amazonecho	Manucarba	2
15-May-2023	10d	amazonecho	bandageddoll	2
15-May-2023	10d	amazonecho	WVPrepper	2
15-May-2023	10d	amazonecho	WinterBourne25	2
15-May-2023	10d	amazonecho	pc_light	2
15-May-2023	10d	amazonecho	NotHenceGonSphere	2
15-May-2023	10d	amazonecho	fdpieds	2
15-May-2023	10d	amazonecho	RiffleChipz	2
15-May-2023	10d	amazonecho	ponyboy3	2
15-May-2023	10d	amazonecho	Abadabber	2
15-May-2023	10d	amazonecho	grantdb	2
15-May-2023	10d	amazonecho	m61376	2
15-May-2023	10d	amazonecho	madalone	2
15-May-2023	10d	amazonecho	Silent-Piccolo	2
15-May-2023	10d	amazonecho	SnooMacarons9905	2
15-May-2023	10d	amazonecho	unconventional_ramen	2
15-May-2023	10d	amazonecho	PaJme	2
15-May-2023	10d	amazonecho	Street_Amphibian_358	2
15-May-2023	10d	amazonecho	Bootyclapthunder	2
15-May-2023	10d	amazonecho	J_See	1
15-May-2023	10d	amazonecho	phenolic72	1
15-May-2023	10d	amazonecho	lonestar-rasbryjamco	1
15-May-2023	10d	amazonecho	Nascent1	1
15-May-2023	10d	amazonecho	Comfortable-Moose445	1
15-May-2023	10d	amazonecho	rptoday	1
15-May-2023	10d	amazonecho	Dismal-Ad-8145	1
15-May-2023	10d	amazonecho	SalvatoreMaverick	1
15-May-2023	10d	amazonecho	Bjorn74	1
15-May-2023	10d	amazonecho	Puptentjoe	1
15-May-2023	10d	amazonecho	fliesbugme	1
15-May-2023	10d	amazonecho	kayakermanmike	1
15-May-2023	10d	amazonecho	lolfuckoff69	1
15-May-2023	10d	amazonecho	CWagner	1
15-May-2023	10d	amazonecho	Relative-Ad-8259	1
15-May-2023	10d	amazonecho	True_Go_Blue	1
15-May-2023	10d	amazonecho	Sernas7	1
15-May-2023	10d	amazonecho	Bopit1995	1
15-May-2023	10d	amazonecho	Goadfang	1
15-May-2023	10d	amazonecho	Mikebjackson	1
15-May-2023	10d	amazonecho	JustZisGuy	1
15-May-2023	10d	amazonecho	nolookz	1
15-May-2023	10d	amazonecho	Glowerman	1
15-May-2023	10d	amazonecho	Setoloki	1
15-May-2023	10d	amazonecho	workaholic007	1
15-May-2023	10d	amazonecho	ericksonusa	1
15-May-2023	10d	amazonecho	Howler7777	1
15-May-2023	10d	amazonecho	fox-lover	1
15-May-2023	10d	amazonecho	matunos	1
15-May-2023	10d	amazonecho	nicearthur32	1
15-May-2023	10d	amazonecho	_BindersFullOfWomen_	1
15-May-2023	10d	amazonecho	SmoothLester	1
15-May-2023	10d	amazonecho	SiriocazTheII	1
15-May-2023	10d	amazonecho	HouseFutzi	1
15-May-2023	10d	amazonecho	zo3foxx	1
15-May-2023	10d	amazonecho	bellboy718	1
15-May-2023	10d	amazonecho	BauerHouse	1
15-May-2023	10d	amazonecho	felixdadodo	1
15-May-2023	10d	amazonecho	massic	1
15-May-2023	10d	amazonecho	stowns3	1
15-May-2023	10d	amazonecho	westcounty	1
15-May-2023	10d	amazonecho	ghstfox33	1
15-May-2023	10d	amazonecho	BabaZero	1
15-May-2023	10d	amazonecho	vinsterX	1
15-May-2023	10d	amazonecho	Zhivagouk	1
15-May-2023	10d	amazonecho	Unbreakable2k8	1
15-May-2023	10d	amazonecho	Mike_Mr305	1
15-May-2023	10d	amazonecho	Wormella	1
15-May-2023	10d	amazonecho	Steakman1971	1
15-May-2023	10d	amazonecho	versaveaux	1
15-May-2023	10d	amazonecho	Old_Perception	1
15-May-2023	10d	amazonecho	jaymz668	1
15-May-2023	10d	amazonecho	Parking-Place1633	1
15-May-2023	10d	amazonecho	Sperethiel	1
15-May-2023	10d	amazonecho	calmly_neurotic	1
15-May-2023	10d	amazonecho	Shot_Newspaper_8681	1
15-May-2023	10d	amazonecho	raphalopes	1
15-May-2023	10d	amazonecho	godis1coolguy	1
15-May-2023	10d	amazonecho	themcp	1
15-May-2023	10d	amazonecho	meshky31	1
15-May-2023	10d	amazonecho	highways	1
15-May-2023	10d	amazonecho	HashTagJustSayings	1
15-May-2023	10d	amazonecho	1Sambo	1
15-May-2023	10d	amazonecho	Apprehensive_Shop870	1
15-May-2023	10d	amazonecho	insanewords	1
15-May-2023	10d	amazonecho	victoroos	1
15-May-2023	10d	amazonecho	Clayton_bezz	1
15-May-2023	10d	amazonecho	jamesclef	1
15-May-2023	10d	amazonecho	IKNOKINI	1
15-May-2023	10d	amazonecho	jeffreytk421	1
15-May-2023	10d	amazonecho	jml5791	1
15-May-2023	10d	amazonecho	rogxp	1
15-May-2023	10d	amazonecho	nobodysawme	1
15-May-2023	10d	amazonecho	ooooknubfbh	1
15-May-2023	10d	amazonecho	ebf6	1
15-May-2023	10d	amazonecho	sbell123	1
15-May-2023	10d	amazonecho	Think2100	1
15-May-2023	10d	amazonecho	Jack_Benney	1
15-May-2023	10d	amazonecho	MrRenegado	1
15-May-2023	10d	amazonecho	tomandshell	1
15-May-2023	10d	amazonecho	SomeRedPanda	1
15-May-2023	10d	amazonecho	synalx	1
15-May-2023	10d	amazonecho	DustinFreeman	1
15-May-2023	10d	amazonecho	Twinkletoes1951	1
15-May-2023	10d	amazonecho	Dyna_Hippie	1
15-May-2023	10d	amazonecho	Marbles_2022	1
15-May-2023	10d	amazonecho	TheOriginalVTRex	1
15-May-2023	10d	amazonecho	DreadGrrl	1
15-May-2023	10d	amazonecho	anomalous_cowherd	1
15-May-2023	10d	amazonecho	amsync	1
15-May-2023	10d	amazonecho	Dottie_D	1
15-May-2023	10d	amazonecho	TKL32	1
15-May-2023	10d	amazonecho	reversebananimals	1
15-May-2023	10d	amazonecho	WhoWho22222	1
15-May-2023	10d	amazonecho	AntalRyder	1
15-May-2023	10d	amazonecho	oreo-cat-	1
15-May-2023	10d	amazonecho	xFyre0	1
15-May-2023	10d	amazonecho	travelresearch	1
15-May-2023	10d	amazonecho	mfizzled	1
15-May-2023	10d	amazonecho	EverReddyKilowatt	1
15-May-2023	10d	amazonecho	Janezo	1
15-May-2023	10d	amazonecho	Total_Ad818	1
15-May-2023	10d	amazonecho	keptwench	1
15-May-2023	10d	amazonecho	the_quark	1
15-May-2023	10d	amazonecho	mooseyfate1981	1
15-May-2023	10d	amazonecho	azz3879	1
15-May-2023	10d	amazonecho	beaver820	1
15-May-2023	10d	amazonecho	mckle000ner	1
15-May-2023	10d	amazonecho	BigSmoke78	1
15-May-2023	10d	amazonecho	Affectionate-Mango85	1
15-May-2023	10d	amazonecho	pellpell4	1
15-May-2023	10d	amazonecho	MiGaddoJezus	1
15-May-2023	10d	amazonecho	jonathan040375	1
15-May-2023	10d	amazonecho	Ok_Positive3135	1
15-May-2023	10d	amazonecho	lackadai	1
15-May-2023	10d	amazonecho	Large-Accountant-155	1
15-May-2023	10d	amazonecho	Hoylegu	1
15-May-2023	10d	amazonecho	marysm	1
15-May-2023	10d	amazonecho	DrummingNozzle	1
15-May-2023	10d	amazonecho	Ancient_book21	1
15-May-2023	10d	amazonecho	sccmgal	1
15-May-2023	10d	amazonecho	arbpen	1
15-May-2023	10d	amazonecho	Marshall-L-D	1
15-May-2023	10d	amazonecho	pasty_lips	1
15-May-2023	10d	amazonecho	PDAREALESTATE	1
15-May-2023	10d	amazonecho	clivebavels	1
15-May-2023	10d	amazonecho	maxtrix7	1
15-May-2023	10d	amazonecho	trk6640	1
15-May-2023	10d	amazonecho	breakneckridge	1
15-May-2023	10d	amazonecho	Flaky-Brilliant-9900	1
15-May-2023	10d	amazonecho	Finnzz	1
15-May-2023	10d	amazonecho	DeviceAccomplished94	1
15-May-2023	10d	amazonecho	bsbllclown	1
15-May-2023	10d	amazonecho	sacphil	1
15-May-2023	10d	amazonecho	Tmnvanderberg	1
15-May-2023	10d	amazonecho	Murwiz	1
15-May-2023	10d	amazonecho	Bamboominum	1
15-May-2023	10d	amazonecho	fosh1zzle	1
15-May-2023	10d	amazonecho	klparrot	1
15-May-2023	10d	amazonecho	jhirschman	1
15-May-2023	10d	amazonecho	Financial_Stage_1593	1
15-May-2023	10d	amazonecho	Individual-Bat7276	1
15-May-2023	10d	amazonecho	stochve	1
15-May-2023	10d	amazonecho	lilvendy10	1
15-May-2023	10d	amazonecho	SandwichGlad9152	1
15-May-2023	10d	amazonecho	OkTransportation8436	1
15-May-2023	10d	amazonecho	AcanthisittaSmall866	1
15-May-2023	10d	amazonecho	Bagel42	1
15-May-2023	10d	amazonecho	BestCatEva	1
15-May-2023	10d	amazonecho	mgexyz	1
15-May-2023	10d	amazonecho	80andsunny	1
15-May-2023	10d	amazonecho	ssoocc	1
15-May-2023	10d	amazonecho	EveningMinute	1
15-May-2023	10d	amazonecho	daveisfera	1
15-May-2023	10d	amazonecho	The-One-Man-Riot	1
15-May-2023	10d	amazonecho	dalmarnock	1
15-May-2023	10d	amazonecho	tTricky	1
15-May-2023	10d	amazonecho	MichaelQueensboro	1
15-May-2023	10d	amazonecho	WinnieGirl22	1
15-May-2023	10d	amazonecho	gpo321	1
15-May-2023	10d	amazonecho	Johnsonjp16	1
15-May-2023	10d	amazonecho	jaw0012	1
15-May-2023	10d	amazonecho	Suz626	1
15-May-2023	10d	amazonecho	elmicha	1
15-May-2023	10d	amazonecho	RockPaperShredder	1
15-May-2023	10d	amazonecho	SomeRando1967	1
15-May-2023	10d	amazonecho	rcook55	1
15-May-2023	10d	amazonecho	Competitive-Bite-625	1
15-May-2023	10d	amazonecho	polarfetus	1
15-May-2023	10d	amazonecho	Matthewcbayer	1
15-May-2023	10d	amazonecho	Moist_Platform785	1
15-May-2023	10d	amazonecho	ConservativeBlack	1
15-May-2023	10d	amazonecho	BlueIdoru	1
15-May-2023	10d	amazonecho	Impulse3000	1
15-May-2023	10d	amazonecho	knarfolled	1
15-May-2023	10d	amazonecho	networkfireman	1
15-May-2023	10d	amazonecho	dwfmba	1
15-May-2023	10d	amazonecho	sindarsvoid	1
15-May-2023	10d	amazonecho	sevargmas	1
15-May-2023	10d	amazonecho	gayPApunk10mm	1
15-May-2023	10d	amazonecho	Vlad_the_Homeowner	1
15-May-2023	10d	amazonecho	toollio	1
15-May-2023	10d	amazonecho	kick069	1
15-May-2023	10d	amazonecho	Tempest_CN	1
15-May-2023	10d	amazonecho	dbhathcock	1
15-May-2023	10d	amazonecho	bullgod1964	1
15-May-2023	10d	amazonecho	kathlin409	1
15-May-2023	10d	amazonecho	valigatorCA	1
15-May-2023	10d	amazonecho	Asen_20_Ikonomov_11	1
15-May-2023	10d	amazonecho	Jkoiou	1
15-May-2023	10d	amazonecho	LogApprehensive8939	1
15-May-2023	10d	amazonecho	MyNameIsNotSurely	1
15-May-2023	10d	amazonecho	No-Maintenance-8389	1
15-May-2023	10d	amazonecho	missionbeach	1
15-May-2023	10d	amazonecho	Fit-Health-4882	1
15-May-2023	10d	amazonecho	ProjectVRD	1
15-May-2023	10d	amazonecho	ReallyNotMichaelsMom	1
15-May-2023	10d	amazonecho	leftflapattack	1
15-May-2023	10d	amazonecho	Piccster	1
15-May-2023	10d	amazonecho	whitemaymoney	1
15-May-2023	10d	amazonecho	kshelley	1
15-May-2023	10d	amazonecho	ShadowDancer11	1
15-May-2023	10d	amazonecho	geometrical	1
15-May-2023	10d	amazonecho	No_Battle_7953	1
15-May-2023	10d	amazonecho	OleRoy2023	1
15-May-2023	10d	amazonecho	SouthOutlandishness4	1
15-May-2023	10d	amazonecho	Reggie_Barclay	1
15-May-2023	10d	amazonecho	The_Fox_Confessor	1
15-May-2023	10d	amazonecho	darkknight_178	1
15-May-2023	10d	amazonecho	kytulu	1
15-May-2023	10d	amazonecho	BDThrills	1
15-May-2023	10d	amazonecho	Drysandplace	1
15-May-2023	10d	amazonecho	AlternativeBroad4927	1
15-May-2023	10d	amazonecho	Neighbortim	1
15-May-2023	10d	amazonecho	SnorrePSR	1
15-May-2023	10d	amazonecho	agatharaisin2021	1
15-May-2023	10d	amazonecho	TheSamLowry	1
15-May-2023	10d	amazonecho	jdobem	1
15-May-2023	10d	amazonecho	Tanjello	1
15-May-2023	10d	amazonecho	JMRolfe	1
15-May-2023	10d	amazonecho	Rodts	1
15-May-2023	10d	amazonecho	MrSnowden	1
15-May-2023	10d	amazonecho	eddified	1
15-May-2023	10d	amazonecho	ThePhantasm	1
15-May-2023	10d	amazonecho	DesignFlaw06	1
15-May-2023	10d	amazonecho	Thin-Cry-7027	1
15-May-2023	10d	amazonecho	Competitive_Eagle132	1
15-May-2023	10d	amazonecho	caggodn	1
15-May-2023	10d	amazonecho	Treetrunk1981	1
15-May-2023	10d	amazonecho	Syntox09	1
15-May-2023	10d	amazonecho	unthused	1
15-May-2023	10d	amazonecho	Benji2108	1
15-May-2023	10d	amazonecho	markhw42	1
15-May-2023	10d	amazonecho	m_abdelfattah	1
15-May-2023	10d	amazonecho	created4this	1
15-May-2023	10d	amazonecho	Snoo14551	1
15-May-2023	10d	amazonecho	OldGuyGeek	1
15-May-2023	10d	amazonecho	FireWalker_UK	1
15-May-2023	10d	amazonecho	Markaes4	1
15-May-2023	10d	amazonecho	4ever-endeavor	1
15-May-2023	10d	amazonecho	WontonMaster	1
15-May-2023	10d	amazonecho	Mango813	1
15-May-2023	10d	amazonecho	Subtonic	1
15-May-2023	10d	amazonecho	imar0ckstar	1
15-May-2023	10d	amazonecho	nascentt	1
15-May-2023	10d	amazonecho	scattered_ideas	1
15-May-2023	10d	amazonecho	PhonyAlibi	1
15-May-2023	10d	amazonecho	Torrence73	1
15-May-2023	10d	amazonecho	itwentanotherway	1
15-May-2023	10d	amazonecho	ritchie70	1
15-May-2023	10d	amazonecho	hint-on	1
15-May-2023	10d	amazonecho	gamedevhobby	1
15-May-2023	10d	amazonecho	DanAboutT0wn	1
15-May-2023	10d	amazonecho	AwDuck	1
15-May-2023	10d	amazonecho	1decentusername	1
15-May-2023	10d	amazonecho	westtxfun	1
15-May-2023	10d	amazonecho	seancho	1
15-May-2023	10d	amazonecho	bigjack78	1
15-May-2023	10d	amazonecho	Dangerous_Farm_7801	1
15-May-2023	10d	amazonecho	mrbump34	1
15-May-2023	10d	amazonecho	deathboyuk	1
15-May-2023	10d	amazonecho	thatweirdishguy	1
15-May-2023	10d	amazonecho	yardwasterebellion	1
15-May-2023	10d	amazonecho	GreatTao	1
15-May-2023	10d	amazonecho	Svobpata	1
15-May-2023	10d	amazonecho	BossyOldLady	1
15-May-2023	10d	amazonecho	fatasslarry7	1
15-May-2023	10d	amazonecho	cotuisano	1
15-May-2023	10d	amazonecho	JohnTimesInfinity	1
15-May-2023	10d	amazonecho	Miss_Smokahontas	1
15-May-2023	10d	amazonecho	Onlyspacemanspiff	1
15-May-2023	10d	amazonecho	vendetta33	1
15-May-2023	10d	amazonecho	nacnud_uk	1
15-May-2023	10d	amazonecho	mooseca87	1
15-May-2023	10d	amazonecho	Prownilo	1
15-May-2023	10d	amazonecho	glazedhamster	1
15-May-2023	10d	amazonecho	jxsl13	1
15-May-2023	10d	amazonecho	mdungen	1
15-May-2023	10d	amazonecho	TriumphDaytona	1
15-May-2023	10d	amazonecho	kresbok	1
15-May-2023	10d	amazonecho	SethIsAWoosh	1
15-May-2023	10d	amazonecho	Junior-Profession-84	1
15-May-2023	10d	amazonecho	gocard	1
15-May-2023	10d	amazonecho	djellicon	1
15-May-2023	10d	amazonecho	Kimmyonepilots	1
15-May-2023	10d	amazonecho	washburn100	1
15-May-2023	10d	amazonecho	w1ck3dme	1
15-May-2023	10d	amazonecho	the_buckman_bandit	1
15-May-2023	10d	amazonecho	sanfranchristo	1
15-May-2023	10d	amazonecho	mkdr	1
15-May-2023	10d	amazonecho	paulsmt	1
15-May-2023	10d	amazonecho	walterheck	1
15-May-2023	10d	amazonecho	zhidzhid	1
15-May-2023	10d	amazonecho	HappyHappyJoyJoy575	1
15-May-2023	10d	amazonecho	mcoronel3	1
15-May-2023	10d	amazonecho	asyrin25	1
15-May-2023	10d	amazonecho	Black_Rose67	1
15-May-2023	10d	amazonecho	okepimalin	1
15-May-2023	10d	amazonecho	KimmyTurnerr	1
15-May-2023	10d	amazonecho	ebsebs	1
15-May-2023	10d	amazonecho	ThaRealV12	1
15-May-2023	10d	amazonecho	MagazineFine7869	1
15-May-2023	10d	amazonecho	Intelligent_Fix_8867	1
15-May-2023	10d	amazonecho	SpiffyMagnetMan68621	1
15-May-2023	10d	amazonecho	President1999	1
15-May-2023	10d	amazonecho	pmgta	1
15-May-2023	10d	amazonecho	Ok-Possibility1422	1
15-May-2023	10d	amazonecho	imoftendisgruntled	1
15-May-2023	10d	amazonecho	davew01	1
15-May-2023	10d	amazonecho	Prestigious-Face7108	1
15-May-2023	10d	amazonecho	94bronco	1
15-May-2023	10d	amazonecho	BeneficialAttempt544	1
15-May-2023	10d	amazonecho	Ancyker	1
15-May-2023	10d	amazonecho	Arynn	1
15-May-2023	10d	amazonecho	Stromberg-Carlson	1
15-May-2023	10d	amazonecho	magicbumblebee	1
15-May-2023	10d	amazonecho	Nothingdoing079	1
15-May-2023	10d	amazonecho	Littletobig	1
15-May-2023	10d	amazonecho	_mercybeat_	1
15-May-2023	10d	amazonecho	arnoldpettybunk	1
15-May-2023	10d	amazonecho	paulodand	1
15-May-2023	10d	amazonecho	artpumpin	1
15-May-2023	10d	amazonecho	sm1ng	1
15-May-2023	10d	amazonecho	BeerWingsRepeat	1
15-May-2023	10d	amazonecho	TrevortonOffroad	1
15-May-2023	10d	amazonecho	rthomas10	1
15-May-2023	10d	amazonecho	luiguild	1
15-May-2023	10d	amazonecho	sunnycurlz	1
15-May-2023	10d	amazonecho	benfaist	1
15-May-2023	10d	amazonecho	CeleryFinal2589	1
15-May-2023	10d	amazonecho	huntergatherer555	1
15-May-2023	10d	amazonecho	PuzzleheadedBit677	1
15-May-2023	10d	amazonecho	Guru_Tech768	1
15-May-2023	10d	amazonecho	blmzd	1
15-May-2023	10d	amazonecho	kevonicus	1
15-May-2023	10d	amazonecho	I_tote_my_goats	1
15-May-2023	10d	amazonecho	einhornb	1
15-May-2023	10d	amazonecho	Dheideri	1
15-May-2023	10d	amazonecho	Ok-Weakness-1148	1
15-May-2023	10d	amazonecho	msmsms101	1
15-May-2023	10d	amazonecho	Yeah_Probably_J	1
15-May-2023	10d	amazonecho	TH3N0RTHSID3	1
15-May-2023	10d	amazonecho	Sympathy_Recent	1
15-May-2023	10d	amazonecho	chef8489	1
15-May-2023	10d	amazonecho	ejpusa	1
15-May-2023	10d	amazonecho	Spamtickler	1
15-May-2023	10d	amazonecho	spikecurt	1
15-May-2023	10d	amazonecho	CarpeTeknus	1
15-May-2023	10d	amazonecho	StevBator	1
15-May-2023	10d	amazonecho	ailee43	1
15-May-2023	10d	amazonecho	Only-Control5926	1
15-May-2023	10d	amazonecho	QuietStorm_7	1
15-May-2023	10d	amazonecho	Pigman02	1
15-May-2023	10d	amazonecho	joogiee	1
15-May-2023	10d	amazonecho	stylex_89	1
15-May-2023	10d	amazonecho	stoopidyoshi	1
15-May-2023	10d	amazonecho	d10rr	1
15-May-2023	10d	amazonecho	sureshot58	1
15-May-2023	10d	amazonecho	del_maria425	1
15-May-2023	10d	amazonecho	CozyCoffeeCup42	1
15-May-2023	10d	amazonecho	Ceezeecz	1
15-May-2023	10d	amazonecho	MindingMyP_Q	1
15-May-2023	10d	amazonecho	Exact_Roll_4048	1
15-May-2023	10d	amazonecho	igneousvis	1
15-May-2023	10d	amazonecho	blodyholy_	1
15-May-2023	10d	amazonecho	BlossomPNW	1
15-May-2023	10d	amazonecho	MacMacCourt	1
15-May-2023	10d	amazonecho	AbbreviationsNo1410	1
15-May-2023	10d	amazonecho	ransufodo	1
15-May-2023	10d	amazonecho	Gussie61	1
15-May-2023	10d	amazonecho	CaptainHunt	1
15-May-2023	10d	amazonecho	TMWOxBigRed	1
15-May-2023	10d	amazonecho	gizmophaze	1
15-May-2023	10d	amazonecho	kwixmusic	1
15-May-2023	10d	amazonecho	BrrImCccold	1
15-May-2023	10d	amazonecho	CancelOk1255	1
15-May-2023	10d	amazonecho	grimboom21	1
15-May-2023	10d	amazonecho	mikeinstlouis	1
15-May-2023	10d	amazonecho	Shot_Flamingo_4445	1
15-May-2023	10d	amazonecho	Delicious_Run8166	1
15-May-2023	10d	amazonecho	Remarkable-Ad-2678	1
15-May-2023	10d	amazonecho	Acceptable_Ear_7809	1
15-May-2023	10d	amazonecho	xurad2005	1
15-May-2023	10d	amazonecho	ArtOfVandelay	1
15-May-2023	10d	amazonecho	Next_Increase2944	1
15-May-2023	10d	amazonecho	charrett	1
15-May-2023	10d	amazonecho	pensivepliskin	1
15-May-2023	10d	amazonecho	gwar11	1
15-May-2023	10d	amazonecho	Commercial_Daikon_92	1
15-May-2023	10d	amazonecho	capblye	1
15-May-2023	10d	amazonecho	BilliamJ2	1
15-May-2023	10d	amazonecho	tDANGERb	1
15-May-2023	10d	amazonecho	Mobile_Imagination_5	1
15-May-2023	10d	amazonecho	curiousrut	1
15-May-2023	10d	amazonecho	Rude_Psychology1648	1
15-May-2023	10d	amazonecho	CrazyKaos24	1
15-May-2023	10d	amazonecho	VTPete	1
15-May-2023	10d	amazonecho	SooshiRole	1
15-May-2023	10d	amazonecho	Ok-Mastodon8523	1
15-May-2023	10d	amazonecho	HaplessOrchestra	1
15-May-2023	10d	amazonecho	Xterra50	1
15-May-2023	10d	amazonecho	FestivalChimp	1
15-May-2023	10d	amazonecho	LyricalHeart86	1
15-May-2023	10d	amazonecho	teddylovr	1
15-May-2023	10d	amazonecho	Emotional_Row6306	1
15-May-2023	10d	amazonecho	larryeddy	1
15-May-2023	10d	amazonecho	Martipaku	1
15-May-2023	10d	amazonecho	Icy-Anxiety-9338	1
15-May-2023	10d	amazonecho	AndrewCortesi	1
15-May-2023	10d	amazonecho	BROMETH3U5	1
15-May-2023	10d	amazonecho	yefeth	1
15-May-2023	10d	amazonecho	grapplerone	1
15-May-2023	10d	amazonecho	jdcox215	1
15-May-2023	10d	amazonecho	skirven4	1
15-May-2023	10d	amazonecho	sandwiches636	1
15-May-2023	10d	amazonecho	Lizziebit	1
15-May-2023	10d	amazonecho	hereforlul	1
15-May-2023	10d	amazonecho	keiliii	1
15-May-2023	10d	amazonecho	Educational-Smell455	1
15-May-2023	10d	amazonecho	filolif	1
15-May-2023	10d	amazonecho	MaxHiggins	1
15-May-2023	10d	amazonecho	Marvin_peso	1
15-May-2023	10d	amazonecho	LotdLisbon	1
15-May-2023	10d	amazonecho	mime454	1
15-May-2023	10d	amazonecho	lovelynightmare_	1
15-May-2023	10d	amazonecho	Anaxagoras23	1
15-May-2023	10d	amazonecho	DarkIce-	1
15-May-2023	10d	amazonecho	Hotwheelz3131	1
15-May-2023	10d	amazonecho	DarkPrinceCait	1
15-May-2023	10d	amazonecho	UniqueUsrname_xx	1
