query_date	before_date	subreddit	comment_author	comment_frequency
15-May-2023	30d	amazonecho	gangsteroflove1	33
15-May-2023	30d	amazonecho	Famous-Perspective-3	32
15-May-2023	30d	amazonecho	Separate-Effective77	32
15-May-2023	30d	amazonecho	Dansk72	25
15-May-2023	30d	amazonecho	brantome24	24
15-May-2023	30d	amazonecho	antisane	22
15-May-2023	30d	amazonecho	richaardvark	16
15-May-2023	30d	amazonecho	RedMapleBat	14
15-May-2023	30d	amazonecho	Scooter310	13
15-May-2023	30d	amazonecho	azz3879	11
15-May-2023	30d	amazonecho	rockmasterflex	11
15-May-2023	30d	amazonecho	RatamacueRatamacue	10
15-May-2023	30d	amazonecho	[deleted]	10
15-May-2023	30d	amazonecho	tarzan_nojane	9
15-May-2023	30d	amazonecho	Wayne8766	9
15-May-2023	30d	amazonecho	Iangh007	9
15-May-2023	30d	amazonecho	III_EMERALD_III	8
15-May-2023	30d	amazonecho	pdinc	8
15-May-2023	30d	amazonecho	Fun_Extreme3827	8
15-May-2023	30d	amazonecho	MechanicalWhispers	8
15-May-2023	30d	amazonecho	Riquende	7
15-May-2023	30d	amazonecho	wbruce098	7
15-May-2023	30d	amazonecho	WhatWouldTNGPicardDo	7
15-May-2023	30d	amazonecho	Muted_Sorts	6
15-May-2023	30d	amazonecho	MarvinG1984	6
15-May-2023	30d	amazonecho	Gold__star	6
15-May-2023	30d	amazonecho	DustinFreeman	6
15-May-2023	30d	amazonecho	Bagel42	6
15-May-2023	30d	amazonecho	That__Matt__Guy	6
15-May-2023	30d	amazonecho	bass1012dash	6
15-May-2023	30d	amazonecho	aguaholic33	6
15-May-2023	30d	amazonecho	wilvanpkro	6
15-May-2023	30d	amazonecho	mareksoon	5
15-May-2023	30d	amazonecho	dalmarnock	5
15-May-2023	30d	amazonecho	Zouden	5
15-May-2023	30d	amazonecho	WaylonWillieNtheBoys	5
15-May-2023	30d	amazonecho	coolsheep769	5
15-May-2023	30d	amazonecho	TheSwampPenguin	5
15-May-2023	30d	amazonecho	skatardrummer	5
15-May-2023	30d	amazonecho	seancho	5
15-May-2023	30d	amazonecho	leopoldovitch	5
15-May-2023	30d	amazonecho	toinfinitiandbeyond	5
15-May-2023	30d	amazonecho	khaytsus	5
15-May-2023	30d	amazonecho	Jack-White9	5
15-May-2023	30d	amazonecho	ssoocc	4
15-May-2023	30d	amazonecho	insanewords	4
15-May-2023	30d	amazonecho	Man_Bear_Beaver	4
15-May-2023	30d	amazonecho	nogooduser	4
15-May-2023	30d	amazonecho	Nascent1	4
15-May-2023	30d	amazonecho	Remy55	4
15-May-2023	30d	amazonecho	stumbledotcom	4
15-May-2023	30d	amazonecho	plastigoop	4
15-May-2023	30d	amazonecho	blvckbeardsghost	4
15-May-2023	30d	amazonecho	CHXXNG	4
15-May-2023	30d	amazonecho	StopDropAndRollTide	4
15-May-2023	30d	amazonecho	mTsp4ce	4
15-May-2023	30d	amazonecho	crazywithfour	4
15-May-2023	30d	amazonecho	srd5029	4
15-May-2023	30d	amazonecho	WhoWho22222	4
15-May-2023	30d	amazonecho	Natey_Two	4
15-May-2023	30d	amazonecho	Retro_uk	4
15-May-2023	30d	amazonecho	deathboyuk	3
15-May-2023	30d	amazonecho	MysteriousBad3166	3
15-May-2023	30d	amazonecho	rmalbers	3
15-May-2023	30d	amazonecho	IxI_DUCK_IxI	3
15-May-2023	30d	amazonecho	AwesomeACK	3
15-May-2023	30d	amazonecho	Vlad_the_Homeowner	3
15-May-2023	30d	amazonecho	Stashmouth	3
15-May-2023	30d	amazonecho	Cheddarific	3
15-May-2023	30d	amazonecho	paulodand	3
15-May-2023	30d	amazonecho	freebubbleup	3
15-May-2023	30d	amazonecho	Ablec6	3
15-May-2023	30d	amazonecho	woody-99	3
15-May-2023	30d	amazonecho	PredaPops	3
15-May-2023	30d	amazonecho	Eclipse8301	3
15-May-2023	30d	amazonecho	Sacred_Apollyon	3
15-May-2023	30d	amazonecho	Otigan	3
15-May-2023	30d	amazonecho	adex-1	3
15-May-2023	30d	amazonecho	dsilverm1	3
15-May-2023	30d	amazonecho	HotdogFromIKEA	3
15-May-2023	30d	amazonecho	Cheap-Calendar6121	3
15-May-2023	30d	amazonecho	OldGuyGeek	3
15-May-2023	30d	amazonecho	Neighbortim	3
15-May-2023	30d	amazonecho	metswon2	3
15-May-2023	30d	amazonecho	RecommendationSafe42	3
15-May-2023	30d	amazonecho	tom66y	3
15-May-2023	30d	amazonecho	dimming1987	2
15-May-2023	30d	amazonecho	wassupDFW	2
15-May-2023	30d	amazonecho	PapaRoach_1	2
15-May-2023	30d	amazonecho	gwackr	2
15-May-2023	30d	amazonecho	Material_Cook_4698	2
15-May-2023	30d	amazonecho	benster112	2
15-May-2023	30d	amazonecho	Soft-Village-721	2
15-May-2023	30d	amazonecho	Sm1throb	2
15-May-2023	30d	amazonecho	ErinPaperbackstash	2
15-May-2023	30d	amazonecho	Legend1138	2
15-May-2023	30d	amazonecho	Daghain	2
15-May-2023	30d	amazonecho	limitless__	2
15-May-2023	30d	amazonecho	the1plummie	2
15-May-2023	30d	amazonecho	ritchie70	2
15-May-2023	30d	amazonecho	washburn100	2
15-May-2023	30d	amazonecho	kid_wonderbread	2
15-May-2023	30d	amazonecho	Tsukune_Surprise	2
15-May-2023	30d	amazonecho	bonafidebob	2
15-May-2023	30d	amazonecho	AdequateSteve	2
15-May-2023	30d	amazonecho	SplitLevel17	2
15-May-2023	30d	amazonecho	missionbeach	2
15-May-2023	30d	amazonecho	robogobo	2
15-May-2023	30d	amazonecho	whykawhywhy	2
15-May-2023	30d	amazonecho	jimithingmi	2
15-May-2023	30d	amazonecho	fdpieds	2
15-May-2023	30d	amazonecho	GuardianZX9	2
15-May-2023	30d	amazonecho	Average_Dutchman	2
15-May-2023	30d	amazonecho	RoutineMasterpiece1	2
15-May-2023	30d	amazonecho	madfoot	2
15-May-2023	30d	amazonecho	Jackized	2
15-May-2023	30d	amazonecho	primoslate	2
15-May-2023	30d	amazonecho	sithelephant	2
15-May-2023	30d	amazonecho	ElDiabloRamon	2
15-May-2023	30d	amazonecho	Sudden_Ad8707	2
15-May-2023	30d	amazonecho	jswbon	2
15-May-2023	30d	amazonecho	mister_kew	2
15-May-2023	30d	amazonecho	JoeKiv	2
15-May-2023	30d	amazonecho	Laura9624	2
15-May-2023	30d	amazonecho	Sweaty_Assignment_90	2
15-May-2023	30d	amazonecho	Heptite	2
15-May-2023	30d	amazonecho	usesaround	2
15-May-2023	30d	amazonecho	BojackHorsey	2
15-May-2023	30d	amazonecho	liketo	2
15-May-2023	30d	amazonecho	Torrence73	2
15-May-2023	30d	amazonecho	qzectbumo	2
15-May-2023	30d	amazonecho	Morbo782	2
15-May-2023	30d	amazonecho	gingersue999	2
15-May-2023	30d	amazonecho	Alive-Ad1549	2
15-May-2023	30d	amazonecho	KodaLG	2
15-May-2023	30d	amazonecho	qualmton	2
15-May-2023	30d	amazonecho	nobodysawme	2
15-May-2023	30d	amazonecho	Hoylegu	2
15-May-2023	30d	amazonecho	sulnibs	2
15-May-2023	30d	amazonecho	xZTrdNVNizab4zLWEynB	2
15-May-2023	30d	amazonecho	DrummingNozzle	2
15-May-2023	30d	amazonecho	dryh2o	2
15-May-2023	30d	amazonecho	Honky_Cat	2
15-May-2023	30d	amazonecho	douger1957	2
15-May-2023	30d	amazonecho	xFyre0	2
15-May-2023	30d	amazonecho	elmicha	2
15-May-2023	30d	amazonecho	Drawesome045	2
15-May-2023	30d	amazonecho	Yupseemslegit	1
15-May-2023	30d	amazonecho	quiltbugj	1
15-May-2023	30d	amazonecho	_stephenfrost_	1
15-May-2023	30d	amazonecho	animesh250	1
15-May-2023	30d	amazonecho	mirtim09	1
15-May-2023	30d	amazonecho	isjahammer	1
15-May-2023	30d	amazonecho	Angel36003600	1
15-May-2023	30d	amazonecho	East-Pressure1147	1
15-May-2023	30d	amazonecho	Tanjello	1
15-May-2023	30d	amazonecho	slipperyknife	1
15-May-2023	30d	amazonecho	SwiftOneSpeaks	1
15-May-2023	30d	amazonecho	Varjohaltia	1
15-May-2023	30d	amazonecho	mp3god	1
15-May-2023	30d	amazonecho	minionsweb	1
15-May-2023	30d	amazonecho	rosegoldmami	1
15-May-2023	30d	amazonecho	KtownRob	1
15-May-2023	30d	amazonecho	wgewin89	1
15-May-2023	30d	amazonecho	mattbillenstein	1
15-May-2023	30d	amazonecho	BradCOnReddit	1
15-May-2023	30d	amazonecho	FistingLube	1
15-May-2023	30d	amazonecho	Putney9	1
15-May-2023	30d	amazonecho	Ic1ph3r	1
15-May-2023	30d	amazonecho	Sernas7	1
15-May-2023	30d	amazonecho	combatwombat007	1
15-May-2023	30d	amazonecho	RChamltn	1
15-May-2023	30d	amazonecho	cantsl	1
15-May-2023	30d	amazonecho	kamiller42	1
15-May-2023	30d	amazonecho	Professional_Hour_37	1
15-May-2023	30d	amazonecho	shinypenny01	1
15-May-2023	30d	amazonecho	Drysandplace	1
15-May-2023	30d	amazonecho	knobunc	1
15-May-2023	30d	amazonecho	derfmcdoogal	1
15-May-2023	30d	amazonecho	ersan191	1
15-May-2023	30d	amazonecho	hunchxpunch	1
15-May-2023	30d	amazonecho	Adams1973	1
15-May-2023	30d	amazonecho	Scorpi01031	1
15-May-2023	30d	amazonecho	Westlund	1
15-May-2023	30d	amazonecho	DrRadd	1
15-May-2023	30d	amazonecho	Tired8281	1
15-May-2023	30d	amazonecho	decker12	1
15-May-2023	30d	amazonecho	thesledman	1
15-May-2023	30d	amazonecho	rcatk42	1
15-May-2023	30d	amazonecho	Lvlaxx	1
15-May-2023	30d	amazonecho	Lokinawa	1
15-May-2023	30d	amazonecho	kylreddit	1
15-May-2023	30d	amazonecho	lucky482	1
15-May-2023	30d	amazonecho	NotAnyOneYouKnow2019	1
15-May-2023	30d	amazonecho	SiliconDiver	1
15-May-2023	30d	amazonecho	mrhoopers	1
15-May-2023	30d	amazonecho	mtwaldman1	1
15-May-2023	30d	amazonecho	wewewawa	1
15-May-2023	30d	amazonecho	mrbump34	1
15-May-2023	30d	amazonecho	michaelmccue	1
15-May-2023	30d	amazonecho	Hellodarlin80	1
15-May-2023	30d	amazonecho	GoldAlternative6157	1
15-May-2023	30d	amazonecho	tz3wft	1
15-May-2023	30d	amazonecho	Lemurlegolover	1
15-May-2023	30d	amazonecho	tman271	1
15-May-2023	30d	amazonecho	2ndstar2lft	1
15-May-2023	30d	amazonecho	Neoylloh	1
15-May-2023	30d	amazonecho	guapachoso	1
15-May-2023	30d	amazonecho	RetroGamingGuy	1
15-May-2023	30d	amazonecho	Salty_Local7386	1
15-May-2023	30d	amazonecho	JoeyTheFoxxo	1
15-May-2023	30d	amazonecho	ScotForWhat	1
15-May-2023	30d	amazonecho	Certain_Job_413	1
15-May-2023	30d	amazonecho	DragonCayenne	1
15-May-2023	30d	amazonecho	michaelscottdundmiff	1
15-May-2023	30d	amazonecho	Lucifer_Devil_69_	1
15-May-2023	30d	amazonecho	Just_Low_1294	1
15-May-2023	30d	amazonecho	RaizT1	1
15-May-2023	30d	amazonecho	ParisGreenGretsch	1
15-May-2023	30d	amazonecho	JamJam_1000	1
15-May-2023	30d	amazonecho	nappturalmystic	1
15-May-2023	30d	amazonecho	julesallen	1
15-May-2023	30d	amazonecho	Glad-Conversation921	1
15-May-2023	30d	amazonecho	Sundial1k	1
15-May-2023	30d	amazonecho	SunniMonkey	1
15-May-2023	30d	amazonecho	Bitter_Presence_1551	1
15-May-2023	30d	amazonecho	thekrattbrothers	1
15-May-2023	30d	amazonecho	ReplicantOwl	1
15-May-2023	30d	amazonecho	punkerster101	1
15-May-2023	30d	amazonecho	MangoRainbows	1
15-May-2023	30d	amazonecho	deludedfool	1
15-May-2023	30d	amazonecho	Nekro1983	1
15-May-2023	30d	amazonecho	StormSolid5523	1
15-May-2023	30d	amazonecho	beastmovie	1
15-May-2023	30d	amazonecho	rcroche01	1
15-May-2023	30d	amazonecho	warrior_79	1
15-May-2023	30d	amazonecho	honeykbee	1
15-May-2023	30d	amazonecho	nonameforyou1234	1
15-May-2023	30d	amazonecho	danbyer	1
15-May-2023	30d	amazonecho	PsychologicalCar5567	1
15-May-2023	30d	amazonecho	therealcmj	1
15-May-2023	30d	amazonecho	islaisla	1
15-May-2023	30d	amazonecho	sfx_guy	1
15-May-2023	30d	amazonecho	subfootlover	1
15-May-2023	30d	amazonecho	wheelsonhell	1
15-May-2023	30d	amazonecho	elmatador12	1
15-May-2023	30d	amazonecho	krschob	1
15-May-2023	30d	amazonecho	Impulse3000	1
15-May-2023	30d	amazonecho	VisceralMonkey	1
15-May-2023	30d	amazonecho	Tribalbob	1
15-May-2023	30d	amazonecho	jncc	1
15-May-2023	30d	amazonecho	bcexelbi	1
15-May-2023	30d	amazonecho	Vertigo_uk123	1
15-May-2023	30d	amazonecho	normal2norman	1
15-May-2023	30d	amazonecho	Bocephus_57	1
15-May-2023	30d	amazonecho	wildcardfoxy	1
15-May-2023	30d	amazonecho	ExcitingInsurance887	1
15-May-2023	30d	amazonecho	VIDGuide	1
15-May-2023	30d	amazonecho	blighternet	1
15-May-2023	30d	amazonecho	NoSet4691	1
15-May-2023	30d	amazonecho	Flashback956	1
15-May-2023	30d	amazonecho	Human_Yam1500	1
15-May-2023	30d	amazonecho	Away_Palpitation_232	1
15-May-2023	30d	amazonecho	AverageRedditor543	1
15-May-2023	30d	amazonecho	PattyM0403	1
15-May-2023	30d	amazonecho	devywill	1
15-May-2023	30d	amazonecho	Capital-Bit3242	1
15-May-2023	30d	amazonecho	Reasonable-Bus-6196	1
15-May-2023	30d	amazonecho	mhusson	1
15-May-2023	30d	amazonecho	lightguru	1
15-May-2023	30d	amazonecho	el_dandy_lion	1
15-May-2023	30d	amazonecho	ChiefBroady	1
15-May-2023	30d	amazonecho	Slide105	1
15-May-2023	30d	amazonecho	Dilbertre	1
15-May-2023	30d	amazonecho	MattMose	1
15-May-2023	30d	amazonecho	peefyloo	1
15-May-2023	30d	amazonecho	SlimeQSlimeball	1
15-May-2023	30d	amazonecho	ipxodi	1
15-May-2023	30d	amazonecho	Samgasm	1
15-May-2023	30d	amazonecho	RemindMeToBlink	1
15-May-2023	30d	amazonecho	I_Agree_With_Matt	1
15-May-2023	30d	amazonecho	YourHelpfulCommenter	1
15-May-2023	30d	amazonecho	knuckboy	1
15-May-2023	30d	amazonecho	puuying	1
15-May-2023	30d	amazonecho	CorectHorseBtryStple	1
15-May-2023	30d	amazonecho	Netshadow	1
15-May-2023	30d	amazonecho	80andsunny	1
15-May-2023	30d	amazonecho	R18VDUBLU	1
15-May-2023	30d	amazonecho	Eccohawk	1
15-May-2023	30d	amazonecho	richms	1
15-May-2023	30d	amazonecho	Killahcriss	1
15-May-2023	30d	amazonecho	rptoday	1
15-May-2023	30d	amazonecho	daverivera	1
15-May-2023	30d	amazonecho	RobbySol	1
15-May-2023	30d	amazonecho	Automatic-Volume-655	1
15-May-2023	30d	amazonecho	ptboathome	1
15-May-2023	30d	amazonecho	Lucky-Ambassador-556	1
15-May-2023	30d	amazonecho	buddy_love11	1
15-May-2023	30d	amazonecho	Individual-Score-392	1
15-May-2023	30d	amazonecho	Ill_Sink4563	1
15-May-2023	30d	amazonecho	Newuser13131313	1
15-May-2023	30d	amazonecho	Most_Ad_7611	1
15-May-2023	30d	amazonecho	Traditional-Trifle17	1
15-May-2023	30d	amazonecho	dxmvge	1
15-May-2023	30d	amazonecho	Bunless	1
15-May-2023	30d	amazonecho	Humble_Signature_993	1
15-May-2023	30d	amazonecho	Matty_loco	1
15-May-2023	30d	amazonecho	Creative-Code-1042	1
15-May-2023	30d	amazonecho	hedo_nist	1
15-May-2023	30d	amazonecho	Positive-Equipment-4	1
15-May-2023	30d	amazonecho	suggestedinsinuate	1
15-May-2023	30d	amazonecho	Long_Law_5870	1
15-May-2023	30d	amazonecho	Electrical-Ad5778	1
15-May-2023	30d	amazonecho	Nolski77	1
15-May-2023	30d	amazonecho	Weekly_Technology_47	1
15-May-2023	30d	amazonecho	Uplink03	1
15-May-2023	30d	amazonecho	TeranTheHuman	1
15-May-2023	30d	amazonecho	kwenchana	1
15-May-2023	30d	amazonecho	ProudDamage3873	1
15-May-2023	30d	amazonecho	Jack_Benney	1
15-May-2023	30d	amazonecho	Lubie6	1
15-May-2023	30d	amazonecho	wolfgheist	1
15-May-2023	30d	amazonecho	sretep66	1
15-May-2023	30d	amazonecho	Spinningwoman	1
15-May-2023	30d	amazonecho	anomalous_cowherd	1
15-May-2023	30d	amazonecho	Pukit	1
15-May-2023	30d	amazonecho	Own_Stable_7574	1
15-May-2023	30d	amazonecho	SammyDLux	1
15-May-2023	30d	amazonecho	FatMacchio	1
15-May-2023	30d	amazonecho	PoorInCT	1
15-May-2023	30d	amazonecho	MyMainAcctGotFound	1
15-May-2023	30d	amazonecho	ElisabethR85	1
15-May-2023	30d	amazonecho	A-Hauck26	1
15-May-2023	30d	amazonecho	sociologicalbitch	1
15-May-2023	30d	amazonecho	danrennt98	1
15-May-2023	30d	amazonecho	flargenhargen	1
15-May-2023	30d	amazonecho	TheJessicator	1
15-May-2023	30d	amazonecho	tyrophagia	1
15-May-2023	30d	amazonecho	moneypiles	1
15-May-2023	30d	amazonecho	ldibart	1
15-May-2023	30d	amazonecho	Monkfich	1
15-May-2023	30d	amazonecho	Raptor01	1
15-May-2023	30d	amazonecho	shizbox06	1
15-May-2023	30d	amazonecho	DJ_CrossFade_513	1
15-May-2023	30d	amazonecho	Sudden-Bed-7429	1
15-May-2023	30d	amazonecho	wobblybootson	1
15-May-2023	30d	amazonecho	SketchyScotch	1
15-May-2023	30d	amazonecho	peter_venkman_esq	1
15-May-2023	30d	amazonecho	kira10	1
15-May-2023	30d	amazonecho	Illustrious_Rest_339	1
15-May-2023	30d	amazonecho	SnooDogs1063	1
15-May-2023	30d	amazonecho	No_Consequence1896	1
15-May-2023	30d	amazonecho	Zealousideal-Novel43	1
15-May-2023	30d	amazonecho	JoeBob7V	1
15-May-2023	30d	amazonecho	TShepp84	1
15-May-2023	30d	amazonecho	Max-Dmg	1
15-May-2023	30d	amazonecho	CasualObservationist	1
15-May-2023	30d	amazonecho	ApexAzimuth	1
15-May-2023	30d	amazonecho	imoftendisgruntled	1
15-May-2023	30d	amazonecho	sanfranchristo	1
15-May-2023	30d	amazonecho	JungstarRock	1
15-May-2023	30d	amazonecho	tolndakoti	1
15-May-2023	30d	amazonecho	soggymittens	1
15-May-2023	30d	amazonecho	werdmouf	1
15-May-2023	30d	amazonecho	Living-Wing-9254	1
15-May-2023	30d	amazonecho	FarbigesLicht	1
15-May-2023	30d	amazonecho	Multirip	1
15-May-2023	30d	amazonecho	winelight	1
15-May-2023	30d	amazonecho	isit2amalready	1
15-May-2023	30d	amazonecho	SamiRVN	1
15-May-2023	30d	amazonecho	Kangaroowrangler_02	1
15-May-2023	30d	amazonecho	PointOfEntryUnknown	1
15-May-2023	30d	amazonecho	BangkokPadang	1
15-May-2023	30d	amazonecho	crushingqwerty	1
15-May-2023	30d	amazonecho	breagerey	1
15-May-2023	30d	amazonecho	DolphinRapeCave	1
15-May-2023	30d	amazonecho	Far_Armadillo_4588	1
15-May-2023	30d	amazonecho	jmac6891	1
15-May-2023	30d	amazonecho	computersteve	1
15-May-2023	30d	amazonecho	ElectriCole	1
15-May-2023	30d	amazonecho	Elena_Edie	1
15-May-2023	30d	amazonecho	DiamondplateDave	1
15-May-2023	30d	amazonecho	TheNorthernMunky	1
15-May-2023	30d	amazonecho	abmaris_lazy_titan	1
15-May-2023	30d	amazonecho	m_jessing	1
15-May-2023	30d	amazonecho	GrandMarquisMark	1
15-May-2023	30d	amazonecho	Watashifr	1
15-May-2023	30d	amazonecho	Fiyero109	1
15-May-2023	30d	amazonecho	Shadowwynd	1
15-May-2023	30d	amazonecho	tony_top_buttons93	1
15-May-2023	30d	amazonecho	robb0995	1
15-May-2023	30d	amazonecho	ob2kenobi	1
15-May-2023	30d	amazonecho	brucehhlo	1
15-May-2023	30d	amazonecho	hipsmart	1
15-May-2023	30d	amazonecho	FakespotAnalysisBot	1
15-May-2023	30d	amazonecho	frgslate	1
15-May-2023	30d	amazonecho	Albert_Swearengen_Jr	1
15-May-2023	30d	amazonecho	Suitable-Way-5762	1
15-May-2023	30d	amazonecho	tip723	1
15-May-2023	30d	amazonecho	Verity41	1
15-May-2023	30d	amazonecho	Reksuls	1
15-May-2023	30d	amazonecho	Armand28	1
15-May-2023	30d	amazonecho	grahampc	1
15-May-2023	30d	amazonecho	197six	1
15-May-2023	30d	amazonecho	Ruben_Gildart	1
15-May-2023	30d	amazonecho	diverareyouok	1
15-May-2023	30d	amazonecho	TheSamLowry	1
15-May-2023	30d	amazonecho	Broken_20	1
15-May-2023	30d	amazonecho	LuaparK	1
15-May-2023	30d	amazonecho	Legal_Calendar_6433	1
15-May-2023	30d	amazonecho	yasmin_Alexa	1
15-May-2023	30d	amazonecho	Chronic_Spoonie	1
15-May-2023	30d	amazonecho	AD_MDestroyer	1
15-May-2023	30d	amazonecho	SuspiciousGlass8604	1
15-May-2023	30d	amazonecho	Odd-Marketing514	1
15-May-2023	30d	amazonecho	breakneckridge	1
15-May-2023	30d	amazonecho	Lfsnz67	1
15-May-2023	30d	amazonecho	Ok_Bus9013	1
15-May-2023	30d	amazonecho	DutchOfBurdock	1
15-May-2023	30d	amazonecho	goldenoptic	1
15-May-2023	30d	amazonecho	marcusthegladiator	1
15-May-2023	30d	amazonecho	BudTugglie	1
15-May-2023	30d	amazonecho	Mothy187	1
15-May-2023	30d	amazonecho	Stunning-Ear-9087	1
15-May-2023	30d	amazonecho	bgalvin9	1
15-May-2023	30d	amazonecho	thatweirdishguy	1
15-May-2023	30d	amazonecho	NCael	1
15-May-2023	30d	amazonecho	ralphmozzi	1
15-May-2023	30d	amazonecho	MrSnowden	1
15-May-2023	30d	amazonecho	max-oliver	1
15-May-2023	30d	amazonecho	to4kata	1
15-May-2023	30d	amazonecho	Stromberg-Carlson	1
15-May-2023	30d	amazonecho	Payday_Everyday	1
15-May-2023	30d	amazonecho	ImpressivePlum6	1
15-May-2023	30d	amazonecho	peter888chan	1
