query_date	before_date	subreddit	submission_author	submission_frequency
15-May-2023	30d	amazonecho	gangsteroflove1	32
15-May-2023	30d	amazonecho	Familiar_Touch_7070	9
15-May-2023	30d	amazonecho	SpecialistJacket9567	6
15-May-2023	30d	amazonecho	RSKadish	6
15-May-2023	30d	amazonecho	AXXXXXXXXA	5
15-May-2023	30d	amazonecho	PokemonandLSD	5
15-May-2023	30d	amazonecho	trumpfamily2020	5
15-May-2023	30d	amazonecho	WhoWho22222	4
15-May-2023	30d	amazonecho	_BindersFullOfWomen_	4
15-May-2023	30d	amazonecho	Chanchal7226	4
15-May-2023	30d	amazonecho	Leaellynasaura	3
15-May-2023	30d	amazonecho	richaardvark	3
15-May-2023	30d	amazonecho	Freelancer_uzzal	3
15-May-2023	30d	amazonecho	DPAmes1	3
15-May-2023	30d	amazonecho	Dansk72	3
15-May-2023	30d	amazonecho	gocard	3
15-May-2023	30d	amazonecho	Famous-Perspective-3	3
15-May-2023	30d	amazonecho	[deleted]	3
15-May-2023	30d	amazonecho	muusicman	3
15-May-2023	30d	amazonecho	Far-Independent704	3
15-May-2023	30d	amazonecho	Expert-Candy8578	3
15-May-2023	30d	amazonecho	maurobuginski	3
15-May-2023	30d	amazonecho	androidusr	3
15-May-2023	30d	amazonecho	Technical_Pace1809	3
15-May-2023	30d	amazonecho	buguy67	3
15-May-2023	30d	amazonecho	Freelancerabc	2
15-May-2023	30d	amazonecho	erinswider	2
15-May-2023	30d	amazonecho	IxI_DUCK_IxI	2
15-May-2023	30d	amazonecho	coolsheep769	2
15-May-2023	30d	amazonecho	dsilverm1	2
15-May-2023	30d	amazonecho	wewewawa	2
15-May-2023	30d	amazonecho	usesaround	2
15-May-2023	30d	amazonecho	Humble_Signature_993	2
15-May-2023	30d	amazonecho	Enavby2919	2
15-May-2023	30d	amazonecho	metswon2	2
15-May-2023	30d	amazonecho	MechanicalWhispers	2
15-May-2023	30d	amazonecho	tristiansimon	2
15-May-2023	30d	amazonecho	Honky_Cat	2
15-May-2023	30d	amazonecho	Sam_092	2
15-May-2023	30d	amazonecho	Eclipse8301	2
15-May-2023	30d	amazonecho	Murwiz	2
15-May-2023	30d	amazonecho	goco2	2
15-May-2023	30d	amazonecho	MaybeCanBeTHERE	2
15-May-2023	30d	amazonecho	GravityTortoise	2
15-May-2023	30d	amazonecho	bradyd06	2
15-May-2023	30d	amazonecho	ArianaFraggle1997	2
15-May-2023	30d	amazonecho	pdinc	2
15-May-2023	30d	amazonecho	TheVoski	2
15-May-2023	30d	amazonecho	aNewVersionofSelf	2
15-May-2023	30d	amazonecho	Strict-Winter-2295	2
15-May-2023	30d	amazonecho	spikecurt	2
15-May-2023	30d	amazonecho	Available-Bad-210	2
15-May-2023	30d	amazonecho	CSBP84	2
15-May-2023	30d	amazonecho	FreeAd9383	2
15-May-2023	30d	amazonecho	skingspan	2
15-May-2023	30d	amazonecho	abusivecat	2
15-May-2023	30d	amazonecho	itoldusoandso	2
15-May-2023	30d	amazonecho	SnooSeagulls2284	2
15-May-2023	30d	amazonecho	cryptotollnumber	2
15-May-2023	30d	amazonecho	BoxAlarmed4132	2
15-May-2023	30d	amazonecho	NotUniqueAtAIl	2
15-May-2023	30d	amazonecho	abeasom	2
15-May-2023	30d	amazonecho	No-Establishment2240	2
15-May-2023	30d	amazonecho	ptkim_reddit	2
15-May-2023	30d	amazonecho	woody-99	2
15-May-2023	30d	amazonecho	thisismyusername798	2
15-May-2023	30d	amazonecho	gjoakum221	2
15-May-2023	30d	amazonecho	crutnacker	2
15-May-2023	30d	amazonecho	AzurosNorth	2
15-May-2023	30d	amazonecho	TheDadRockPodcast	2
15-May-2023	30d	amazonecho	Fragrant_Roll9424	2
15-May-2023	30d	amazonecho	IWantTheSauce	2
15-May-2023	30d	amazonecho	AGayFrogParadise	2
15-May-2023	30d	amazonecho	Sam_0101	2
15-May-2023	30d	amazonecho	CassCat	2
15-May-2023	30d	amazonecho	DevMiser	2
15-May-2023	30d	amazonecho	CpuJunky	2
15-May-2023	30d	amazonecho	maybesailor1	2
15-May-2023	30d	amazonecho	YYCStorms	2
15-May-2023	30d	amazonecho	Staragox	2
15-May-2023	30d	amazonecho	WranglerWarm6850	2
15-May-2023	30d	amazonecho	vishnu132	2
15-May-2023	30d	amazonecho	Free-Bowler-5192	2
15-May-2023	30d	amazonecho	JoehCat	2
15-May-2023	30d	amazonecho	TechMom1997	1
15-May-2023	30d	amazonecho	bag_of_loots	1
15-May-2023	30d	amazonecho	Lurkofeer	1
15-May-2023	30d	amazonecho	aircliff	1
15-May-2023	30d	amazonecho	prshaw2u	1
15-May-2023	30d	amazonecho	Soft-Village-721	1
15-May-2023	30d	amazonecho	Gold__star	1
15-May-2023	30d	amazonecho	Littletobig	1
15-May-2023	30d	amazonecho	Legend1138	1
15-May-2023	30d	amazonecho	Billa_Bhardwaj	1
15-May-2023	30d	amazonecho	blmzd	1
15-May-2023	30d	amazonecho	MaximilianoNah	1
15-May-2023	30d	amazonecho	Cheddarific	1
15-May-2023	30d	amazonecho	FistingLube	1
15-May-2023	30d	amazonecho	Mundane_Obligation72	1
15-May-2023	30d	amazonecho	WaylonWillieNtheBoys	1
15-May-2023	30d	amazonecho	mrbump34	1
15-May-2023	30d	amazonecho	humaninspector	1
15-May-2023	30d	amazonecho	ratty_ace	1
15-May-2023	30d	amazonecho	ayuapriyantii	1
15-May-2023	30d	amazonecho	alasdairmac	1
15-May-2023	30d	amazonecho	No_Comfortable5088	1
15-May-2023	30d	amazonecho	III_EMERALD_III	1
15-May-2023	30d	amazonecho	Strict-Tax4732	1
15-May-2023	30d	amazonecho	blvckbeardsghost	1
15-May-2023	30d	amazonecho	kid_wonderbread	1
15-May-2023	30d	amazonecho	CHXXNG	1
15-May-2023	30d	amazonecho	Jayota_	1
15-May-2023	30d	amazonecho	Eww21	1
15-May-2023	30d	amazonecho	TwizzledAndSizzled	1
15-May-2023	30d	amazonecho	azz3879	1
15-May-2023	30d	amazonecho	Remy55	1
15-May-2023	30d	amazonecho	MrTayters	1
15-May-2023	30d	amazonecho	EntertainmentTrue959	1
15-May-2023	30d	amazonecho	honeykbee	1
15-May-2023	30d	amazonecho	westtxfun	1
15-May-2023	30d	amazonecho	breDAniel	1
15-May-2023	30d	amazonecho	JamJam_1000	1
15-May-2023	30d	amazonecho	benster112	1
15-May-2023	30d	amazonecho	TheLast_Engineer	1
15-May-2023	30d	amazonecho	adex-1	1
15-May-2023	30d	amazonecho	skatardrummer	1
15-May-2023	30d	amazonecho	madfoot	1
15-May-2023	30d	amazonecho	WhatAmIDoing0123	1
15-May-2023	30d	amazonecho	Jackized	1
15-May-2023	30d	amazonecho	RoutineMasterpiece1	1
15-May-2023	30d	amazonecho	09kloosemore	1
15-May-2023	30d	amazonecho	wheelsonhell	1
15-May-2023	30d	amazonecho	Edge_Bean_UwU	1
15-May-2023	30d	amazonecho	Mr-Molina	1
15-May-2023	30d	amazonecho	vbcarvalho	1
15-May-2023	30d	amazonecho	Brian-with-a-Y	1
15-May-2023	30d	amazonecho	Fun_Extreme3827	1
15-May-2023	30d	amazonecho	Catcherly	1
15-May-2023	30d	amazonecho	OmegaMalkior	1
15-May-2023	30d	amazonecho	martinipoochini	1
15-May-2023	30d	amazonecho	PredaPops	1
15-May-2023	30d	amazonecho	peefyloo	1
15-May-2023	30d	amazonecho	Mr_Dove	1
15-May-2023	30d	amazonecho	Trailmagic	1
15-May-2023	30d	amazonecho	Sweaty_Assignment_90	1
15-May-2023	30d	amazonecho	CrispyBananaPeel	1
15-May-2023	30d	amazonecho	valariester89	1
15-May-2023	30d	amazonecho	Daghain	1
15-May-2023	30d	amazonecho	Sudden_Ad8707	1
15-May-2023	30d	amazonecho	Weak_Astronaut553	1
15-May-2023	30d	amazonecho	srd5029	1
15-May-2023	30d	amazonecho	Puzzled_Bed4523	1
15-May-2023	30d	amazonecho	hellohal92	1
15-May-2023	30d	amazonecho	Streicher-	1
15-May-2023	30d	amazonecho	anotherbrokenhandle	1
15-May-2023	30d	amazonecho	khaytsus	1
15-May-2023	30d	amazonecho	Most_Ad_7611	1
15-May-2023	30d	amazonecho	kadyellebee	1
15-May-2023	30d	amazonecho	liketo	1
15-May-2023	30d	amazonecho	Electrical-Ad5778	1
15-May-2023	30d	amazonecho	theBEARDandtheBREW	1
15-May-2023	30d	amazonecho	Special-Strength-959	1
15-May-2023	30d	amazonecho	paulodand	1
15-May-2023	30d	amazonecho	Raptor01	1
15-May-2023	30d	amazonecho	kira10	1
15-May-2023	30d	amazonecho	timothy3210	1
15-May-2023	30d	amazonecho	t4nd4r	1
15-May-2023	30d	amazonecho	bass1012dash	1
15-May-2023	30d	amazonecho	Cheap-Calendar6121	1
15-May-2023	30d	amazonecho	student274648	1
15-May-2023	30d	amazonecho	One_Store388	1
15-May-2023	30d	amazonecho	qzectbumo	1
15-May-2023	30d	amazonecho	DragonCayenne	1
15-May-2023	30d	amazonecho	SamiRVN	1
15-May-2023	30d	amazonecho	Viral7MrPickle	1
15-May-2023	30d	amazonecho	Josh_ely1975	1
15-May-2023	30d	amazonecho	KodaLG	1
15-May-2023	30d	amazonecho	wilvanpkro	1
15-May-2023	30d	amazonecho	Landbiscuit85	1
15-May-2023	30d	amazonecho	tambino407	1
15-May-2023	30d	amazonecho	toinfinitiandbeyond	1
15-May-2023	30d	amazonecho	f-mcallister	1
15-May-2023	30d	amazonecho	scotthyman70	1
15-May-2023	30d	amazonecho	Natey_Two	1
15-May-2023	30d	amazonecho	cosacee88	1
15-May-2023	30d	amazonecho	tip723	1
15-May-2023	30d	amazonecho	Admirable_Big_4485	1
15-May-2023	30d	amazonecho	Nolski77	1
15-May-2023	30d	amazonecho	xFyre0	1
15-May-2023	30d	amazonecho	NCael	1
15-May-2023	30d	amazonecho	YoniFreedhoff	1
15-May-2023	30d	amazonecho	Either-Bodybuilder60	1
15-May-2023	30d	amazonecho	AD_MDestroyer	1
15-May-2023	30d	amazonecho	Jack-White9	1
15-May-2023	30d	amazonecho	Drawesome045	1
15-May-2023	30d	amazonecho	TMonahan2424	1
15-May-2023	30d	amazonecho	kamiller42	1
15-May-2023	30d	amazonecho	whelanjh	1
15-May-2023	30d	amazonecho	Clwydian	1
15-May-2023	30d	amazonecho	Moppmopp	1
15-May-2023	30d	amazonecho	Isti115	1
15-May-2023	30d	amazonecho	Stunning-Ear-9087	1
15-May-2023	30d	amazonecho	TheLubowski	1
15-May-2023	30d	amazonecho	garej	1
15-May-2023	30d	amazonecho	HoxtonRanger	1
15-May-2023	30d	amazonecho	AFTVnews	1
15-May-2023	30d	amazonecho	Manioca35	1
15-May-2023	30d	amazonecho	Apart_Prune5038	1
15-May-2023	30d	amazonecho	bettyx1138	1
15-May-2023	30d	amazonecho	BadAtExisting	1
15-May-2023	30d	amazonecho	No-Buffalo-2859	1
15-May-2023	30d	amazonecho	Shap9	1
15-May-2023	30d	amazonecho	SousouSurReddit	1
15-May-2023	30d	amazonecho	DanvuP8025	1
15-May-2023	30d	amazonecho	Emreprox	1
15-May-2023	30d	amazonecho	West_Cold_1153	1
15-May-2023	30d	amazonecho	Shanmus4	1
15-May-2023	30d	amazonecho	kshelley	1
15-May-2023	30d	amazonecho	Fun-Librarian5941	1
15-May-2023	30d	amazonecho	mister_kew	1
15-May-2023	30d	amazonecho	Ext4byte	1
15-May-2023	30d	amazonecho	thewonderbox	1
15-May-2023	30d	amazonecho	sakshambindal	1
15-May-2023	30d	amazonecho	Matthvin	1
15-May-2023	30d	amazonecho	Raoul_Dukes_Mayo	1
15-May-2023	30d	amazonecho	Beachybumm	1
15-May-2023	30d	amazonecho	Voracious-Meeple	1
15-May-2023	30d	amazonecho	Itsasunshineday	1
15-May-2023	30d	amazonecho	Tractor_Boy_500	1
15-May-2023	30d	amazonecho	1224rockton	1
15-May-2023	30d	amazonecho	markieboy99	1
15-May-2023	30d	amazonecho	Specific_Cell_3904	1
15-May-2023	30d	amazonecho	BritCanuck05	1
15-May-2023	30d	amazonecho	michellevalentinova	1
15-May-2023	30d	amazonecho	firestorm_v1	1
15-May-2023	30d	amazonecho	steveo79	1
15-May-2023	30d	amazonecho	Serjical__Strike	1
15-May-2023	30d	amazonecho	LazarianV	1
15-May-2023	30d	amazonecho	JasonPerryDev	1
15-May-2023	30d	amazonecho	MysteriousRich6326	1
15-May-2023	30d	amazonecho	Excellent_Bug_4902	1
15-May-2023	30d	amazonecho	stevejo2k20	1
15-May-2023	30d	amazonecho	ScheduledYeti284	1
15-May-2023	30d	amazonecho	StillAirBox	1
15-May-2023	30d	amazonecho	Leash_85	1
15-May-2023	30d	amazonecho	atowncalledfinger	1
15-May-2023	30d	amazonecho	SisyphusKindaSus	1
15-May-2023	30d	amazonecho	Cherry__Coke__	1
15-May-2023	30d	amazonecho	burymeintheuk	1
15-May-2023	30d	amazonecho	itidi0t	1
15-May-2023	30d	amazonecho	Switchbeats1	1
15-May-2023	30d	amazonecho	8vnn1_VA	1
15-May-2023	30d	amazonecho	Moist-Bluebird-2196	1
15-May-2023	30d	amazonecho	cshack8216	1
15-May-2023	30d	amazonecho	Kurapika_chain_user	1
15-May-2023	30d	amazonecho	p3748	1
15-May-2023	30d	amazonecho	ppc0r	1
15-May-2023	30d	amazonecho	Redaazyaiz	1
15-May-2023	30d	amazonecho	shangchi001	1
15-May-2023	30d	amazonecho	Glad-Bit-4857	1
15-May-2023	30d	amazonecho	MatthewGaming101YT	1
15-May-2023	30d	amazonecho	jmssue	1
15-May-2023	30d	amazonecho	Mateatrending90	1
15-May-2023	30d	amazonecho	AFKaptain	1
15-May-2023	30d	amazonecho	hiddenemi	1
15-May-2023	30d	amazonecho	uhcninjax	1
15-May-2023	30d	amazonecho	flexobaff	1
15-May-2023	30d	amazonecho	ladykyote	1
15-May-2023	30d	amazonecho	Guidogrundlechode	1
15-May-2023	30d	amazonecho	bebooran31	1
15-May-2023	30d	amazonecho	wood2010	1
15-May-2023	30d	amazonecho	Brewski425	1
15-May-2023	30d	amazonecho	MythicJerryStone	1
15-May-2023	30d	amazonecho	Jsinglmalt	1
15-May-2023	30d	amazonecho	ToonTitans	1
15-May-2023	30d	amazonecho	Tswiftfan1322	1
15-May-2023	30d	amazonecho	prodmattum	1
15-May-2023	30d	amazonecho	LuiTep	1
15-May-2023	30d	amazonecho	No-Personality-1456	1
15-May-2023	30d	amazonecho	fompas11	1
15-May-2023	30d	amazonecho	DrakeAndJoshOfficial	1
15-May-2023	30d	amazonecho	MarioDF	1
15-May-2023	30d	amazonecho	rightsideonly4	1
15-May-2023	30d	amazonecho	FishDragun	1
15-May-2023	30d	amazonecho	ShadowDancer11	1
15-May-2023	30d	amazonecho	AndiGreyScaleArt	1
15-May-2023	30d	amazonecho	PlatypusRadipus	1
15-May-2023	30d	amazonecho	Nosferatushy	1
15-May-2023	30d	amazonecho	JACKDAGROOVE	1
15-May-2023	30d	amazonecho	omnimon7	1
15-May-2023	30d	amazonecho	rajansm7	1
15-May-2023	30d	amazonecho	Eeeeeelile	1
15-May-2023	30d	amazonecho	TheMFNDevil	1
15-May-2023	30d	amazonecho	Crowtonseller	1
15-May-2023	30d	amazonecho	KaKi_87	1
15-May-2023	30d	amazonecho	otpid	1
15-May-2023	30d	amazonecho	Huge-Detective8324	1
15-May-2023	30d	amazonecho	Internal-Ad-2546	1
15-May-2023	30d	amazonecho	slawnz	1
15-May-2023	30d	amazonecho	ActuallydCompressing	1
15-May-2023	30d	amazonecho	tanders1	1
15-May-2023	30d	amazonecho	Suitable_North_984	1
15-May-2023	30d	amazonecho	bxasty	1
15-May-2023	30d	amazonecho	imscaredhelpme88	1
15-May-2023	30d	amazonecho	SamGreenaway	1
15-May-2023	30d	amazonecho	aguaholic33	1
15-May-2023	30d	amazonecho	neobondd	1
15-May-2023	30d	amazonecho	snickerzz	1
15-May-2023	30d	amazonecho	ZeroMayCry7	1
15-May-2023	30d	amazonecho	WeGooded	1
15-May-2023	30d	amazonecho	JonathanRace	1
15-May-2023	30d	amazonecho	DG1964	1
15-May-2023	30d	amazonecho	Yahentamitsi	1
15-May-2023	30d	amazonecho	Vertigo_uk123	1
15-May-2023	30d	amazonecho	GrundlePepper	1
15-May-2023	30d	amazonecho	WhatsThatVibe	1
15-May-2023	30d	amazonecho	thedeadp0ets	1
15-May-2023	30d	amazonecho	TemporaryFinding1146	1
15-May-2023	30d	amazonecho	BenYolo	1
15-May-2023	30d	amazonecho	graceofspades105	1
15-May-2023	30d	amazonecho	Lady_Nyx13	1
15-May-2023	30d	amazonecho	ScaleySquamata	1
15-May-2023	30d	amazonecho	Crunch_6969	1
15-May-2023	30d	amazonecho	Tim-in-CA	1
15-May-2023	30d	amazonecho	Usual_Impact5924	1
15-May-2023	30d	amazonecho	wreckduanfrentry	1
15-May-2023	30d	amazonecho	Think_Raccoon_5425	1
15-May-2023	30d	amazonecho	CaptainHunt	1
15-May-2023	30d	amazonecho	jkattex	1
15-May-2023	30d	amazonecho	wireman54304	1
15-May-2023	30d	amazonecho	Unknownone1010	1
15-May-2023	30d	amazonecho	RedMeGold	1
15-May-2023	30d	amazonecho	SirWebster	1
15-May-2023	30d	amazonecho	THEMIGHTYBEEF277	1
15-May-2023	30d	amazonecho	clecayenne	1
15-May-2023	30d	amazonecho	fokayyyyyyy	1
15-May-2023	30d	amazonecho	fasfse123	1
15-May-2023	30d	amazonecho	molard	1
15-May-2023	30d	amazonecho	Apprehensive-Ad738	1
15-May-2023	30d	amazonecho	DietCokeMachine	1
15-May-2023	30d	amazonecho	balldogs2012	1
15-May-2023	30d	amazonecho	Cenddel	1
15-May-2023	30d	amazonecho	Saltymomma111	1
15-May-2023	30d	amazonecho	SH4D0W_C4V3M4N	1
15-May-2023	30d	amazonecho	alittlepronetopanic	1
15-May-2023	30d	amazonecho	Formal-Ad8037	1
15-May-2023	30d	amazonecho	joskua	1
15-May-2023	30d	amazonecho	DoctorWH0877	1
15-May-2023	30d	amazonecho	Asleep-Leg-9635	1
15-May-2023	30d	amazonecho	Christinaaa12	1
15-May-2023	30d	amazonecho	afrinbappy6163	1
15-May-2023	30d	amazonecho	PoorInCT	1
15-May-2023	30d	amazonecho	Johnny_Leon	1
15-May-2023	30d	amazonecho	RetroGamer87	1
15-May-2023	30d	amazonecho	Disastrous-Lab6485	1
15-May-2023	30d	amazonecho	Clevercommentor	1
15-May-2023	30d	amazonecho	Educational-Page-436	1
15-May-2023	30d	amazonecho	MarbleWry	1
15-May-2023	30d	amazonecho	Gold-Reference-1604	1
15-May-2023	30d	amazonecho	memebuster	1
15-May-2023	30d	amazonecho	zcodes_xyz	1
15-May-2023	30d	amazonecho	GreyWolf105	1
15-May-2023	30d	amazonecho	Haunting_Being	1
15-May-2023	30d	amazonecho	Status_Raspberry5547	1
15-May-2023	30d	amazonecho	J68-	1
15-May-2023	30d	amazonecho	my_name31	1
15-May-2023	30d	amazonecho	rguy84	1
15-May-2023	30d	amazonecho	Usernameontheground	1
15-May-2023	30d	amazonecho	Fun-Marsupial-911	1
15-May-2023	30d	amazonecho	Comprehensive-Olive6	1
15-May-2023	30d	amazonecho	mr_reis77	1
15-May-2023	30d	amazonecho	Top_Distribution_189	1
15-May-2023	30d	amazonecho	metrac_	1
15-May-2023	30d	amazonecho	jambo_1983	1
15-May-2023	30d	amazonecho	nepenth_e	1
15-May-2023	30d	amazonecho	bggtr73	1
15-May-2023	30d	amazonecho	DEAN72709	1
15-May-2023	30d	amazonecho	ORD-DRO	1
15-May-2023	30d	amazonecho	royofroverse	1
15-May-2023	30d	amazonecho	Imoldok	1
15-May-2023	30d	amazonecho	SminemFan	1
15-May-2023	30d	amazonecho	brabs2	1
15-May-2023	30d	amazonecho	oddjobs4bud	1
15-May-2023	30d	amazonecho	4-Run-Yoda	1
15-May-2023	30d	amazonecho	funshinie	1
15-May-2023	30d	amazonecho	columbinenovi	1
15-May-2023	30d	amazonecho	LasagnaFairy	1
15-May-2023	30d	amazonecho	Comp625	1
15-May-2023	30d	amazonecho	PerrydePerth	1
15-May-2023	30d	amazonecho	Kelmantis	1
15-May-2023	30d	amazonecho	kyrusdemnati	1
15-May-2023	30d	amazonecho	Juniorscrackdealer	1
15-May-2023	30d	amazonecho	ssigea	1
15-May-2023	30d	amazonecho	tyhfxe	1
15-May-2023	30d	amazonecho	original_evanator	1
15-May-2023	30d	amazonecho	IfMcCartneyDidMMA	1
15-May-2023	30d	amazonecho	Historical_Move_9601	1
15-May-2023	30d	amazonecho	SaturnMoloch	1
15-May-2023	30d	amazonecho	jaymartinez	1
15-May-2023	30d	amazonecho	makemoneytipsonline	1
15-May-2023	30d	amazonecho	Maleficent-Monk5601	1
15-May-2023	30d	amazonecho	Bright_Watch3734	1
15-May-2023	30d	amazonecho	Makelovenotwar-1234	1
15-May-2023	30d	amazonecho	MScoutsDCI	1
15-May-2023	30d	amazonecho	Chilechilechile	1
15-May-2023	30d	amazonecho	LeBretonOrBust	1
15-May-2023	30d	amazonecho	PersonalitySquare221	1
15-May-2023	30d	amazonecho	Leading-Candle6968	1
15-May-2023	30d	amazonecho	Stymn	1
15-May-2023	30d	amazonecho	10_kinds_of_people	1
15-May-2023	30d	amazonecho	peals2	1
15-May-2023	30d	amazonecho	RxStinky	1
15-May-2023	30d	amazonecho	somanyhams	1
15-May-2023	30d	amazonecho	minionsweb	1
15-May-2023	30d	amazonecho	pabloiad	1
15-May-2023	30d	amazonecho	ScopeNZ	1
15-May-2023	30d	amazonecho	Morbo782	1
15-May-2023	30d	amazonecho	yanksno1	1
15-May-2023	30d	amazonecho	Wulfi4	1
15-May-2023	30d	amazonecho	SnooChickens9175	1
15-May-2023	30d	amazonecho	Nighttime99	1
15-May-2023	30d	amazonecho	element_unknownn	1
15-May-2023	30d	amazonecho	Flat-Slice4959	1
15-May-2023	30d	amazonecho	SerialRumors	1
15-May-2023	30d	amazonecho	MattEffinCameron	1
15-May-2023	30d	amazonecho	r_ni_	1
15-May-2023	30d	amazonecho	Effective-Couple-169	1
15-May-2023	30d	amazonecho	RunnerInChicago	1
15-May-2023	30d	amazonecho	Ok_Entrepreneur3040	1
15-May-2023	30d	amazonecho	Legal_Consequence113	1
15-May-2023	30d	amazonecho	Torrence73	1
15-May-2023	30d	amazonecho	fskhalsa	1
15-May-2023	30d	amazonecho	Icy-Mud7327	1
15-May-2023	30d	amazonecho	forsaken_theos	1
15-May-2023	30d	amazonecho	jphilebiz	1
15-May-2023	30d	amazonecho	StephenCWLL	1
15-May-2023	30d	amazonecho	plakapum	1
15-May-2023	30d	amazonecho	OfficialSmeggyBeans	1
15-May-2023	30d	amazonecho	Kindly-Coyote-9446	1
15-May-2023	30d	amazonecho	NoChrisNoGain	1
15-May-2023	30d	amazonecho	TARDISenjoyer97	1
15-May-2023	30d	amazonecho	Cliffoakley	1
15-May-2023	30d	amazonecho	emilyntyler	1
15-May-2023	30d	amazonecho	morick_02h	1
15-May-2023	30d	amazonecho	ReadsHereAllot	1
15-May-2023	30d	amazonecho	pmartin2432	1
15-May-2023	30d	amazonecho	VNzAbguvat	1
15-May-2023	30d	amazonecho	prix03gt	1
15-May-2023	30d	amazonecho	TicFan67	1
15-May-2023	30d	amazonecho	Extension-War8093	1
15-May-2023	30d	amazonecho	Hot_Solid4840	1
15-May-2023	30d	amazonecho	noblemenshop	1
15-May-2023	30d	amazonecho	NathanAdler1984	1
15-May-2023	30d	amazonecho	Alone_Yam_3690	1
15-May-2023	30d	amazonecho	tim0767	1
15-May-2023	30d	amazonecho	AdrianW3	1
15-May-2023	30d	amazonecho	torrphilla	1
15-May-2023	30d	amazonecho	jjjrrr88	1
15-May-2023	30d	amazonecho	No-Reserve2026	1
15-May-2023	30d	amazonecho	the_donald_punk	1
15-May-2023	30d	amazonecho	s18heythere	1
15-May-2023	30d	amazonecho	deadpool809	1
15-May-2023	30d	amazonecho	Otherwise_Hotel_6953	1
15-May-2023	30d	amazonecho	Percdye	1
15-May-2023	30d	amazonecho	Culpourrix	1
15-May-2023	30d	amazonecho	CC-Bel	1
15-May-2023	30d	amazonecho	Lovehat	1
15-May-2023	30d	amazonecho	TazExprez	1
15-May-2023	30d	amazonecho	Human_Yam1500	1
15-May-2023	30d	amazonecho	ErinPaperbackstash	1
15-May-2023	30d	amazonecho	CuntBunting69	1
15-May-2023	30d	amazonecho	GurtGimcrack	1
15-May-2023	30d	amazonecho	JackP_17	1
15-May-2023	30d	amazonecho	cedbluechase	1
15-May-2023	30d	amazonecho	cheshyrp	1
15-May-2023	30d	amazonecho	Chaninja412	1
15-May-2023	30d	amazonecho	RMT-Guy	1
15-May-2023	30d	amazonecho	TankTopTuesday	1
15-May-2023	30d	amazonecho	vanillabear24399	1
15-May-2023	30d	amazonecho	AbleBaker1962	1
15-May-2023	30d	amazonecho	Vivalo	1
15-May-2023	30d	amazonecho	coveringspaces	1
15-May-2023	30d	amazonecho	DrNingNing	1
15-May-2023	30d	amazonecho	Flamboyant1220	1
15-May-2023	30d	amazonecho	smjohnston1	1
15-May-2023	30d	amazonecho	imjacobclark	1
15-May-2023	30d	amazonecho	IsraelZulu	1
15-May-2023	30d	amazonecho	alteridiom	1
15-May-2023	30d	amazonecho	doovdevan	1
15-May-2023	30d	amazonecho	werdmouf	1
15-May-2023	30d	amazonecho	Fearless-Garage-7241	1
15-May-2023	30d	amazonecho	DiscussionLeft9393	1
15-May-2023	30d	amazonecho	Tiny_Jello9748	1
15-May-2023	30d	amazonecho	GarfieldSighs3	1
15-May-2023	30d	amazonecho	Shacky4	1
15-May-2023	30d	amazonecho	theyellowtiredone	1
15-May-2023	30d	amazonecho	EntranceAcceptable54	1
15-May-2023	30d	amazonecho	zolakk	1
15-May-2023	30d	amazonecho	cryptochigga	1
15-May-2023	30d	amazonecho	Shrek_the_builder	1
15-May-2023	30d	amazonecho	everarddominey	1
15-May-2023	30d	amazonecho	CNickyD	1
15-May-2023	30d	amazonecho	cojaxffs	1
15-May-2023	30d	amazonecho	CasualObservationist	1
15-May-2023	30d	amazonecho	shakeheartbreaks	1
15-May-2023	30d	amazonecho	M4Sherman4	1
15-May-2023	30d	amazonecho	Velron	1
15-May-2023	30d	amazonecho	YAKgamer123	1
15-May-2023	30d	amazonecho	PJ-2022	1
15-May-2023	30d	amazonecho	StephenSpig	1
15-May-2023	30d	amazonecho	Odd_Refrigerator_348	1
15-May-2023	30d	amazonecho	Saxophone_Kitty	1
15-May-2023	30d	amazonecho	Fine_Implement_4024	1
15-May-2023	30d	amazonecho	capaz_que_si	1
15-May-2023	30d	amazonecho	RainyDayMatt	1
15-May-2023	30d	amazonecho	AnaRFM	1
15-May-2023	30d	amazonecho	Chickens1	1
15-May-2023	30d	amazonecho	devilworks	1
15-May-2023	30d	amazonecho	prometheus59650	1
15-May-2023	30d	amazonecho	cyricpl	1
15-May-2023	30d	amazonecho	immolated_	1
15-May-2023	30d	amazonecho	speedycat2014	1
15-May-2023	30d	amazonecho	Dandest	1
15-May-2023	30d	amazonecho	ultravelocity	1
15-May-2023	30d	amazonecho	Tofuwurst111	1
15-May-2023	30d	amazonecho	DashedCanvas	1
15-May-2023	30d	amazonecho	AndyPryceManUtd	1
15-May-2023	30d	amazonecho	dharris	1
15-May-2023	30d	amazonecho	PlasticThoughts	1
15-May-2023	30d	amazonecho	ELITECORELABEL	1
15-May-2023	30d	amazonecho	jefftrmb	1
15-May-2023	30d	amazonecho	enjoycarlo	1
15-May-2023	30d	amazonecho	LightBulb885	1
15-May-2023	30d	amazonecho	Mediocre_Ant_1638	1
15-May-2023	30d	amazonecho	ChampiOfficial	1
15-May-2023	30d	amazonecho	tarzan_nojane	1
15-May-2023	30d	amazonecho	robusdin	1
15-May-2023	30d	amazonecho	Possible_Might1264	1
15-May-2023	30d	amazonecho	draftkinginthenorth	1
15-May-2023	30d	amazonecho	badbob001	1
15-May-2023	30d	amazonecho	Affectionate_Baby761	1
15-May-2023	30d	amazonecho	FeistyFallon	1
15-May-2023	30d	amazonecho	DVSN_F	1
15-May-2023	30d	amazonecho	rkbest	1
15-May-2023	30d	amazonecho	boilermakerny	1
15-May-2023	30d	amazonecho	jullyemmi123	1
15-May-2023	30d	amazonecho	Additional-Wall194	1
15-May-2023	30d	amazonecho	Evan22x	1
15-May-2023	30d	amazonecho	masterarcher123	1
15-May-2023	30d	amazonecho	richstillman	1
15-May-2023	30d	amazonecho	pkt123	1
15-May-2023	30d	amazonecho	JohnnyVierund80	1
15-May-2023	30d	amazonecho	Prior_Channel_8784	1
15-May-2023	30d	amazonecho	s1cdude	1
15-May-2023	30d	amazonecho	Play_Kadak	1
15-May-2023	30d	amazonecho	H3ld1nh0	1
15-May-2023	30d	amazonecho	Odd-Resource6093	1
15-May-2023	30d	amazonecho	philharlow	1
15-May-2023	30d	amazonecho	brokenarrow7777777	1
15-May-2023	30d	amazonecho	ManhattanChristmas25	1
15-May-2023	30d	amazonecho	Makeem95	1
15-May-2023	30d	amazonecho	Ordinary-Noise9444	1
15-May-2023	30d	amazonecho	TheGipsyDarling	1
15-May-2023	30d	amazonecho	KoreMeltdown14	1
15-May-2023	30d	amazonecho	hc01011	1
15-May-2023	30d	amazonecho	ComoEstanBitches	1
15-May-2023	30d	amazonecho	fugitive-bear	1
15-May-2023	30d	amazonecho	Loves_LV	1
15-May-2023	30d	amazonecho	Emphursis	1
15-May-2023	30d	amazonecho	segasega89	1
15-May-2023	30d	amazonecho	Baloo_25	1
15-May-2023	30d	amazonecho	Unlikely-Event-181	1
15-May-2023	30d	amazonecho	TheOneTrueBuckeye	1
15-May-2023	30d	amazonecho	brenter91	1
15-May-2023	30d	amazonecho	Tibag	1
15-May-2023	30d	amazonecho	kuriagos1001	1
15-May-2023	30d	amazonecho	Wayne8766	1
15-May-2023	30d	amazonecho	Perfect-Rooster2253	1
15-May-2023	30d	amazonecho	illusionst	1
15-May-2023	30d	amazonecho	itsasher314	1
15-May-2023	30d	amazonecho	brittanystopyelling	1
15-May-2023	30d	amazonecho	derallo	1
15-May-2023	30d	amazonecho	StelthReddit	1
15-May-2023	30d	amazonecho	PrestigeWrldWd	1
15-May-2023	30d	amazonecho	GotPerl	1
15-May-2023	30d	amazonecho	userbrn1	1
15-May-2023	30d	amazonecho	chai_investigation	1
15-May-2023	30d	amazonecho	Affectionate-Sale126	1
15-May-2023	30d	amazonecho	nespinola24	1
15-May-2023	30d	amazonecho	Tup1000	1
15-May-2023	30d	amazonecho	patrad	1
15-May-2023	30d	amazonecho	nlynnarch	1
15-May-2023	30d	amazonecho	The_Flying_Sausage	1
15-May-2023	30d	amazonecho	Elctsuptb	1
15-May-2023	30d	amazonecho	thesatchmo	1
15-May-2023	30d	amazonecho	emilyhoeflich	1
15-May-2023	30d	amazonecho	Dapper-Prune-1226	1
15-May-2023	30d	amazonecho	Mission-Ambition9956	1
15-May-2023	30d	amazonecho	morgrar	1
15-May-2023	30d	amazonecho	South_Suggestion_116	1
15-May-2023	30d	amazonecho	tuhinkarmakar	1
15-May-2023	30d	amazonecho	theeldraw	1
15-May-2023	30d	amazonecho	dn_match	1
15-May-2023	30d	amazonecho	withac2	1
15-May-2023	30d	amazonecho	Murulo	1
15-May-2023	30d	amazonecho	melcolie	1
15-May-2023	30d	amazonecho	mar2457	1
15-May-2023	30d	amazonecho	Big-Passenger-1375	1
15-May-2023	30d	amazonecho	crujones33	1
15-May-2023	30d	amazonecho	microdude1000	1
15-May-2023	30d	amazonecho	ChristianClingerman	1
15-May-2023	30d	amazonecho	Jimmy_the_Heater	1
15-May-2023	30d	amazonecho	Fill-E-Cheez	1
15-May-2023	30d	amazonecho	Confident-Click2583	1
15-May-2023	30d	amazonecho	Reversing_Gazelle	1
15-May-2023	30d	amazonecho	Michaelflat1	1
15-May-2023	30d	amazonecho	PhilSocal	1
15-May-2023	30d	amazonecho	gigi-balamuc	1
15-May-2023	30d	amazonecho	_TheBloke_	1
15-May-2023	30d	amazonecho	SlinkyTail	1
15-May-2023	30d	amazonecho	Dummythiccamy	1
15-May-2023	30d	amazonecho	CozyBabbit	1
15-May-2023	30d	amazonecho	redexplorit	1
15-May-2023	30d	amazonecho	dancemusicparty	1
15-May-2023	30d	amazonecho	LowEndBike	1
15-May-2023	30d	amazonecho	andybech	1
15-May-2023	30d	amazonecho	YeahThatCee	1
15-May-2023	30d	amazonecho	MrMinecraft178	1
15-May-2023	30d	amazonecho	DangleDore020	1
15-May-2023	30d	amazonecho	nickwasfound13	1
15-May-2023	30d	amazonecho	Charleslorenz0	1
15-May-2023	30d	amazonecho	Fair_Count_6010	1
15-May-2023	30d	amazonecho	Most_Examination5404	1
15-May-2023	30d	amazonecho	Winter_Magician_333	1
15-May-2023	30d	amazonecho	wassupDFW	1
15-May-2023	30d	amazonecho	ZippleJ	1
15-May-2023	30d	amazonecho	dman97_2	1
15-May-2023	30d	amazonecho	Consistent_Amoeba227	1
15-May-2023	30d	amazonecho	Aviorrok	1
15-May-2023	30d	amazonecho	metallicax4life24	1
15-May-2023	30d	amazonecho	L1MAnon	1
15-May-2023	30d	amazonecho	TimmyRiggs33	1
15-May-2023	30d	amazonecho	Ehh8me	1
15-May-2023	30d	amazonecho	DunKco	1
15-May-2023	30d	amazonecho	DigInternational4566	1
15-May-2023	30d	amazonecho	franciscom92	1
15-May-2023	30d	amazonecho	donohoo1980	1
15-May-2023	30d	amazonecho	goosey_goose86	1
15-May-2023	30d	amazonecho	SourGirl94	1
15-May-2023	30d	amazonecho	Boring_Stable_6869	1
15-May-2023	30d	amazonecho	Rich694	1
15-May-2023	30d	amazonecho	j4j4d1ngd0ng	1
15-May-2023	30d	amazonecho	Andy444444	1
15-May-2023	30d	amazonecho	mostly_kittens	1
15-May-2023	30d	amazonecho	guibnkjbvhvyvy	1
15-May-2023	30d	amazonecho	Sibanex	1
15-May-2023	30d	amazonecho	lowfoon	1
15-May-2023	30d	amazonecho	nick9000	1
15-May-2023	30d	amazonecho	zosgood	1
15-May-2023	30d	amazonecho	cynycal	1
15-May-2023	30d	amazonecho	KrissoLille	1
15-May-2023	30d	amazonecho	DismalSheepherder850	1
15-May-2023	30d	amazonecho	Mhbzester	1
15-May-2023	30d	amazonecho	MakemoneyDigitale	1
15-May-2023	30d	amazonecho	curlu	1
15-May-2023	30d	amazonecho	YetAnotherAreaPerson	1
15-May-2023	30d	amazonecho	phoebe-buffey	1
15-May-2023	30d	amazonecho	MajorElevator4407	1
15-May-2023	30d	amazonecho	Beg4MyLoad	1
15-May-2023	30d	amazonecho	mclain114	1
15-May-2023	30d	amazonecho	Sorry_Sorry_Im_Sorry	1
15-May-2023	30d	amazonecho	aryeh95	1
15-May-2023	30d	amazonecho	kaaatieee13	1
15-May-2023	30d	amazonecho	NoSweat88	1
15-May-2023	30d	amazonecho	_Yunala_	1
15-May-2023	30d	amazonecho	Accomplished_Ice3303	1
15-May-2023	30d	amazonecho	BRCKDefenseAttorneys	1
15-May-2023	30d	amazonecho	chabichiks	1
15-May-2023	30d	amazonecho	PlaidPixels	1
15-May-2023	30d	amazonecho	Hangs_Right	1
15-May-2023	30d	amazonecho	Johnrtx94	1
15-May-2023	30d	amazonecho	kjn33	1
15-May-2023	30d	amazonecho	modimusmaximus	1
15-May-2023	30d	amazonecho	dotslash00	1
15-May-2023	30d	amazonecho	Aweeks77	1
15-May-2023	30d	amazonecho	androozle81	1
15-May-2023	30d	amazonecho	daneyuleb	1
15-May-2023	30d	amazonecho	jleichtentritt	1
15-May-2023	30d	amazonecho	BothRemove4360	1
15-May-2023	30d	amazonecho	benrules2	1
15-May-2023	30d	amazonecho	BigMoE65	1
15-May-2023	30d	amazonecho	ccduke	1
15-May-2023	30d	amazonecho	antisane	1
15-May-2023	30d	amazonecho	alexbro001	1
15-May-2023	30d	amazonecho	-m1zu-	1
15-May-2023	30d	amazonecho	buddhacuz	1
15-May-2023	30d	amazonecho	cainoom	1
15-May-2023	30d	amazonecho	BigTamMacGotchy	1
15-May-2023	30d	amazonecho	G4M35	1
15-May-2023	30d	amazonecho	Front_Huckleberry_93	1
15-May-2023	30d	amazonecho	designgeek89	1
15-May-2023	30d	amazonecho	bc097	1
15-May-2023	30d	amazonecho	freelancerjourn	1
15-May-2023	30d	amazonecho	Thrashman69	1
15-May-2023	30d	amazonecho	Kcmatt530	1
15-May-2023	30d	amazonecho	Western-Peach-1161	1
15-May-2023	30d	amazonecho	nieveyy	1
15-May-2023	30d	amazonecho	honeycocaineslut	1
15-May-2023	30d	amazonecho	Benaholicguy	1
15-May-2023	30d	amazonecho	Tinsel-Fop	1
15-May-2023	30d	amazonecho	TVNewsApp	1
15-May-2023	30d	amazonecho	Jawkneedee	1
15-May-2023	30d	amazonecho	Living_like_Larry12	1
15-May-2023	30d	amazonecho	Travelin_Soulja	1
15-May-2023	30d	amazonecho	pwnstar	1
15-May-2023	30d	amazonecho	_DarkLorde	1
15-May-2023	30d	amazonecho	morthalguards	1
15-May-2023	30d	amazonecho	BigBongTheory42	1
15-May-2023	30d	amazonecho	garetheves	1
15-May-2023	30d	amazonecho	Wizardaron_YT	1
15-May-2023	30d	amazonecho	Fogmoose	1
15-May-2023	30d	amazonecho	Zell_Dinchet	1
15-May-2023	30d	amazonecho	ThatOneDrunkUncle	1
15-May-2023	30d	amazonecho	Outofmilkthrowaway	1
15-May-2023	30d	amazonecho	CrazeeG	1
15-May-2023	30d	amazonecho	kiloagh	1
15-May-2023	30d	amazonecho	GeilerGandalf9699	1
15-May-2023	30d	amazonecho	ViciousIsland	1
15-May-2023	30d	amazonecho	Stock-Violinist-3158	1
15-May-2023	30d	amazonecho	TraditionGlass2315	1
15-May-2023	30d	amazonecho	LaSainte	1
15-May-2023	30d	amazonecho	tuliusy2k	1
15-May-2023	30d	amazonecho	BoomChocolateLatkes	1
15-May-2023	30d	amazonecho	RedditPoster05	1
15-May-2023	30d	amazonecho	Holy_Banana_	1
15-May-2023	30d	amazonecho	rustedrhino	1
15-May-2023	30d	amazonecho	Adorable_Bottle65	1
15-May-2023	30d	amazonecho	SnooPoems7739	1
15-May-2023	30d	amazonecho	sosen42	1
15-May-2023	30d	amazonecho	johnehlers91	1
15-May-2023	30d	amazonecho	Reggie_Barclay	1
15-May-2023	30d	amazonecho	thelastofbill	1
15-May-2023	30d	amazonecho	SectorAlternative327	1
15-May-2023	30d	amazonecho	Phoeniyx	1
15-May-2023	30d	amazonecho	Spartancfos	1
15-May-2023	30d	amazonecho	infamousmdr	1
15-May-2023	30d	amazonecho	Draconius	1
15-May-2023	30d	amazonecho	klagreca1	1
15-May-2023	30d	amazonecho	Pancake_Nom	1
15-May-2023	30d	amazonecho	NicoRobin007	1
15-May-2023	30d	amazonecho	caribou16	1
15-May-2023	30d	amazonecho	d0db0b	1
15-May-2023	30d	amazonecho	idcthatubrokeurlbow	1
15-May-2023	30d	amazonecho	acucobol	1
15-May-2023	30d	amazonecho	_IdidIdidnt	1
15-May-2023	30d	amazonecho	skittles_for_brains	1
15-May-2023	30d	amazonecho	starman8000	1
15-May-2023	30d	amazonecho	Ezhdehaa	1
15-May-2023	30d	amazonecho	glp1992	1
15-May-2023	30d	amazonecho	Skyyyyyyyler	1
15-May-2023	30d	amazonecho	blackdragon6547	1
15-May-2023	30d	amazonecho	aja_ramirez	1
15-May-2023	30d	amazonecho	u2jrmw	1
15-May-2023	30d	amazonecho	Smou1a	1
15-May-2023	30d	amazonecho	restrictednumber1996	1
15-May-2023	30d	amazonecho	native_one17	1
15-May-2023	30d	amazonecho	warrior_79	1
15-May-2023	30d	amazonecho	EpicMemeCreator	1
15-May-2023	30d	amazonecho	RoadmanTony	1
15-May-2023	30d	amazonecho	we135b	1
15-May-2023	30d	amazonecho	Competitive_Classic9	1
15-May-2023	30d	amazonecho	Anianna	1
15-May-2023	30d	amazonecho	burritohomeboy	1
15-May-2023	30d	amazonecho	ilmk1318	1
15-May-2023	30d	amazonecho	Teowulf	1
15-May-2023	30d	amazonecho	covingtonFF	1
15-May-2023	30d	amazonecho	AlasknAssasn858	1
15-May-2023	30d	amazonecho	deadwinged	1
15-May-2023	30d	amazonecho	ArialNew	1
15-May-2023	30d	amazonecho	SouthernBoyChris	1
15-May-2023	30d	amazonecho	FraniLou89	1
15-May-2023	30d	amazonecho	Prestigious-Bag-896	1
15-May-2023	30d	amazonecho	sapphiricacid	1
15-May-2023	30d	amazonecho	ryan8344	1
15-May-2023	30d	amazonecho	imnotarapperok	1
15-May-2023	30d	amazonecho	TraderHappy	1
15-May-2023	30d	amazonecho	gth441	1
15-May-2023	30d	amazonecho	WarghostAlpha	1
15-May-2023	30d	amazonecho	fancypantshorse	1
15-May-2023	30d	amazonecho	swagger6487	1
15-May-2023	30d	amazonecho	Retro_uk	1
15-May-2023	30d	amazonecho	twinkingoth	1
15-May-2023	30d	amazonecho	Oneblonded	1
15-May-2023	30d	amazonecho	Naive_Dot_3137	1
15-May-2023	30d	amazonecho	swerveliscious	1
15-May-2023	30d	amazonecho	criseligo	1
15-May-2023	30d	amazonecho	Aggro_Tuna	1
15-May-2023	30d	amazonecho	cal3ngineer	1
15-May-2023	30d	amazonecho	BouncyShroom	1
15-May-2023	30d	amazonecho	penthoy	1
15-May-2023	30d	amazonecho	thefunkygibbon	1
15-May-2023	30d	amazonecho	adityaneer	1
15-May-2023	30d	amazonecho	pesd42	1
15-May-2023	30d	amazonecho	Life_Bridge_9960	1
15-May-2023	30d	amazonecho	skinscrazy2002	1
15-May-2023	30d	amazonecho	mccoleman96	1
15-May-2023	30d	amazonecho	guycurtis93	1
15-May-2023	30d	amazonecho	spellmugwump	1
15-May-2023	30d	amazonecho	Fun_Seaworthiness727	1
15-May-2023	30d	amazonecho	OrebGoodbird	1
15-May-2023	30d	amazonecho	cocoako	1
15-May-2023	30d	amazonecho	CheapNefariousness30	1
15-May-2023	30d	amazonecho	MDM3453	1
15-May-2023	30d	amazonecho	96Buck	1
15-May-2023	30d	amazonecho	recreatingafauxpas	1
15-May-2023	30d	amazonecho	triggamike68	1
15-May-2023	30d	amazonecho	Educational-Pear-743	1
15-May-2023	30d	amazonecho	Top_Dust_6064	1
15-May-2023	30d	amazonecho	blue-6423	1
15-May-2023	30d	amazonecho	Itsrichyyy	1
15-May-2023	30d	amazonecho	SloshySodas	1
15-May-2023	30d	amazonecho	LappyGB	1
15-May-2023	30d	amazonecho	Ill_Band5998	1
15-May-2023	30d	amazonecho	Mrs-Nugget	1
15-May-2023	30d	amazonecho	TheEmfinger	1
15-May-2023	30d	amazonecho	ChaseSavesTheDay	1
15-May-2023	30d	amazonecho	foxi123	1
15-May-2023	30d	amazonecho	Greedy_Factor_6489	1
15-May-2023	30d	amazonecho	p0rn00	1
15-May-2023	30d	amazonecho	Awilliams64	1
15-May-2023	30d	amazonecho	had0ukenn	1
15-May-2023	30d	amazonecho	Sythya	1
15-May-2023	30d	amazonecho	No_Shoulder9197	1
15-May-2023	30d	amazonecho	No_Bill_8883	1
15-May-2023	30d	amazonecho	Rude-Upstairs-6250	1
15-May-2023	30d	amazonecho	BladeInWater	1
15-May-2023	30d	amazonecho	Dr_Henry_Wus_Lover	1
15-May-2023	30d	amazonecho	swede1955	1
15-May-2023	30d	amazonecho	squibbs47	1
15-May-2023	30d	amazonecho	ConnerPog	1
