query_date	before_date	subreddit	comment_author	comment_frequency
15-May-2023	100d	amazonecho	Dansk72	76
15-May-2023	100d	amazonecho	gangsteroflove1	42
15-May-2023	100d	amazonecho	TheSwampPenguin	23
15-May-2023	100d	amazonecho	Wayne8766	22
15-May-2023	100d	amazonecho	FoferJ	22
15-May-2023	100d	amazonecho	brantome24	13
15-May-2023	100d	amazonecho	woody-99	12
15-May-2023	100d	amazonecho	countrykev	10
15-May-2023	100d	amazonecho	rcroche01	10
15-May-2023	100d	amazonecho	Play_Kadak	8
15-May-2023	100d	amazonecho	mickAMMO	8
15-May-2023	100d	amazonecho	Loves_LV	8
15-May-2023	100d	amazonecho	sydthebeat365	8
15-May-2023	100d	amazonecho	crujones33	7
15-May-2023	100d	amazonecho	RedMapleBat	7
15-May-2023	100d	amazonecho	jlbob	7
15-May-2023	100d	amazonecho	mTsp4ce	7
15-May-2023	100d	amazonecho	CpuJunky	7
15-May-2023	100d	amazonecho	Prior_Channel_8784	6
15-May-2023	100d	amazonecho	rockmasterflex	6
15-May-2023	100d	amazonecho	patrad	6
15-May-2023	100d	amazonecho	ChipBeef2354	6
15-May-2023	100d	amazonecho	taoman54	6
15-May-2023	100d	amazonecho	jones_ro	6
15-May-2023	100d	amazonecho	withac2	6
15-May-2023	100d	amazonecho	WhoWho22222	6
15-May-2023	100d	amazonecho	redbobcatit	6
15-May-2023	100d	amazonecho	tarzan_nojane	5
15-May-2023	100d	amazonecho	tehpsyc	5
15-May-2023	100d	amazonecho	Famous-Perspective-3	5
15-May-2023	100d	amazonecho	pdinc	5
15-May-2023	100d	amazonecho	maethor	5
15-May-2023	100d	amazonecho	subduderecords	5
15-May-2023	100d	amazonecho	userbrn1	5
15-May-2023	100d	amazonecho	GeneOk6296	5
15-May-2023	100d	amazonecho	AXXXXXXXXA	4
15-May-2023	100d	amazonecho	[deleted]	4
15-May-2023	100d	amazonecho	CSBP84	4
15-May-2023	100d	amazonecho	dalmarnock	4
15-May-2023	100d	amazonecho	memebuster	4
15-May-2023	100d	amazonecho	versaveaux	4
15-May-2023	100d	amazonecho	RedditPoster05	4
15-May-2023	100d	amazonecho	facialmaster	4
15-May-2023	100d	amazonecho	77tassells	4
15-May-2023	100d	amazonecho	dchabz	4
15-May-2023	100d	amazonecho	cognizantant	4
15-May-2023	100d	amazonecho	_TheBloke_	4
15-May-2023	100d	amazonecho	Watashifr	3
15-May-2023	100d	amazonecho	YeahThatCee	3
15-May-2023	100d	amazonecho	philharlow	3
15-May-2023	100d	amazonecho	richstillman	3
15-May-2023	100d	amazonecho	dsilverm1	3
15-May-2023	100d	amazonecho	brokenarrow7777777	3
15-May-2023	100d	amazonecho	Finnzz	3
15-May-2023	100d	amazonecho	Lucky-Ambassador-556	3
15-May-2023	100d	amazonecho	freakyfastJJ7	3
15-May-2023	100d	amazonecho	Jimmy_the_Heater	3
15-May-2023	100d	amazonecho	lunk	3
15-May-2023	100d	amazonecho	AbleBaker1962	3
15-May-2023	100d	amazonecho	winelight	3
15-May-2023	100d	amazonecho	Reggie_Barclay	3
15-May-2023	100d	amazonecho	Ibsn87	3
15-May-2023	100d	amazonecho	poneil	3
15-May-2023	100d	amazonecho	GreatTao	3
15-May-2023	100d	amazonecho	baobab68	3
15-May-2023	100d	amazonecho	Dez2011	3
15-May-2023	100d	amazonecho	thesatchmo	3
15-May-2023	100d	amazonecho	Elctsuptb	3
15-May-2023	100d	amazonecho	dryh2o	3
15-May-2023	100d	amazonecho	stumbledotcom	3
15-May-2023	100d	amazonecho	Drysandplace	3
15-May-2023	100d	amazonecho	joebleaux	3
15-May-2023	100d	amazonecho	norbertyeahbert	3
15-May-2023	100d	amazonecho	LowEndBike	3
15-May-2023	100d	amazonecho	aprochainezo	3
15-May-2023	100d	amazonecho	masterarcher123	2
15-May-2023	100d	amazonecho	rkbest	2
15-May-2023	100d	amazonecho	ActualMis	2
15-May-2023	100d	amazonecho	Enos316	2
15-May-2023	100d	amazonecho	ThoughtBoner1	2
15-May-2023	100d	amazonecho	njasra	2
15-May-2023	100d	amazonecho	Additional-Wall194	2
15-May-2023	100d	amazonecho	The-One-Man-Riot	2
15-May-2023	100d	amazonecho	Lumpymaximus	2
15-May-2023	100d	amazonecho	islaisla	2
15-May-2023	100d	amazonecho	txdline	2
15-May-2023	100d	amazonecho	kgwright	2
15-May-2023	100d	amazonecho	tonecapo_	2
15-May-2023	100d	amazonecho	washburn100	2
15-May-2023	100d	amazonecho	VAgreengene	2
15-May-2023	100d	amazonecho	AvoidingIowa	2
15-May-2023	100d	amazonecho	brenter91	2
15-May-2023	100d	amazonecho	StardustMeteor	2
15-May-2023	100d	amazonecho	Far-Independent704	2
15-May-2023	100d	amazonecho	zestypurplecatalyst	2
15-May-2023	100d	amazonecho	Prof-Aronnax	2
15-May-2023	100d	amazonecho	glimmergirl1	2
15-May-2023	100d	amazonecho	segasega89	2
15-May-2023	100d	amazonecho	BadHotelCarpet	2
15-May-2023	100d	amazonecho	speedycat2014	2
15-May-2023	100d	amazonecho	Baloo_25	2
15-May-2023	100d	amazonecho	pc_light	2
15-May-2023	100d	amazonecho	Llee00	2
15-May-2023	100d	amazonecho	MattMose	2
15-May-2023	100d	amazonecho	maveriq	2
15-May-2023	100d	amazonecho	1Sambo	2
15-May-2023	100d	amazonecho	ersan191	2
15-May-2023	100d	amazonecho	ssoocc	2
15-May-2023	100d	amazonecho	winstonsdog	2
15-May-2023	100d	amazonecho	sekmo	2
15-May-2023	100d	amazonecho	Perfect-Rooster2253	2
15-May-2023	100d	amazonecho	thealphateam	2
15-May-2023	100d	amazonecho	l3enjamin5in	2
15-May-2023	100d	amazonecho	MYOB2023	2
15-May-2023	100d	amazonecho	Commercial_Daikon_92	2
15-May-2023	100d	amazonecho	leaskovski	2
15-May-2023	100d	amazonecho	chai_investigation	2
15-May-2023	100d	amazonecho	WhoaDae	2
15-May-2023	100d	amazonecho	NibblyPig	2
15-May-2023	100d	amazonecho	Effective-One7449	2
15-May-2023	100d	amazonecho	Bagel42	2
15-May-2023	100d	amazonecho	zulu1239	2
15-May-2023	100d	amazonecho	Navydevildoc	2
15-May-2023	100d	amazonecho	wolfelias2	2
15-May-2023	100d	amazonecho	peopleofcostco	2
15-May-2023	100d	amazonecho	KoFSMG	2
15-May-2023	100d	amazonecho	ItchyNutria	2
15-May-2023	100d	amazonecho	nofun-ebeeznest	2
15-May-2023	100d	amazonecho	Tup1000	2
15-May-2023	100d	amazonecho	PokemonandLSD	2
15-May-2023	100d	amazonecho	facialmast3r	2
15-May-2023	100d	amazonecho	pointthinker	2
15-May-2023	100d	amazonecho	emilyhoeflich	2
15-May-2023	100d	amazonecho	nonameforyou1234	2
15-May-2023	100d	amazonecho	southbayray	2
15-May-2023	100d	amazonecho	toinfinitiandbeyond	2
15-May-2023	100d	amazonecho	missionbeach	2
15-May-2023	100d	amazonecho	gigi-balamuc	2
15-May-2023	100d	amazonecho	PhilSocal	2
15-May-2023	100d	amazonecho	cr0n1c	2
15-May-2023	100d	amazonecho	buddhafig	2
15-May-2023	100d	amazonecho	grahampc	2
15-May-2023	100d	amazonecho	zee_dot	2
15-May-2023	100d	amazonecho	AdrianW3	2
15-May-2023	100d	amazonecho	gibberishIsNotTaken	2
15-May-2023	100d	amazonecho	ParticularYellow	2
15-May-2023	100d	amazonecho	Razor-dino	2
15-May-2023	100d	amazonecho	donohoo1980	2
15-May-2023	100d	amazonecho	XavierVE	2
15-May-2023	100d	amazonecho	daenerysisboss	2
15-May-2023	100d	amazonecho	TheDadRockPodcast	2
15-May-2023	100d	amazonecho	Lilywace	2
15-May-2023	100d	amazonecho	Independent_Cloud_16	2
15-May-2023	100d	amazonecho	lowcarbbq	1
15-May-2023	100d	amazonecho	vmBob	1
15-May-2023	100d	amazonecho	TrustLeft	1
15-May-2023	100d	amazonecho	tonymet	1
15-May-2023	100d	amazonecho	JoeyJoeC	1
15-May-2023	100d	amazonecho	TheHiddenOne1999	1
15-May-2023	100d	amazonecho	rguy84	1
15-May-2023	100d	amazonecho	No_Consequence1896	1
15-May-2023	100d	amazonecho	MinorFourChord	1
15-May-2023	100d	amazonecho	ReallyNotMichaelsMom	1
15-May-2023	100d	amazonecho	marciltheshell	1
15-May-2023	100d	amazonecho	ZealousidealPeace712	1
15-May-2023	100d	amazonecho	62westwallabystreet	1
15-May-2023	100d	amazonecho	TheCatLamp	1
15-May-2023	100d	amazonecho	Ngafni12	1
15-May-2023	100d	amazonecho	mattsteen14	1
15-May-2023	100d	amazonecho	boilermakerny	1
15-May-2023	100d	amazonecho	gonzorizzo	1
15-May-2023	100d	amazonecho	ChrisB911	1
15-May-2023	100d	amazonecho	reximhotep	1
15-May-2023	100d	amazonecho	kiravir	1
15-May-2023	100d	amazonecho	st1nky_d	1
15-May-2023	100d	amazonecho	mustarunallday	1
15-May-2023	100d	amazonecho	GalaxyDrone	1
15-May-2023	100d	amazonecho	chengjih	1
15-May-2023	100d	amazonecho	crazyherb	1
15-May-2023	100d	amazonecho	NEWUSERFORELECTRONIC	1
15-May-2023	100d	amazonecho	MissBeckyBoo	1
15-May-2023	100d	amazonecho	PlantainCharacter744	1
15-May-2023	100d	amazonecho	anch00_	1
15-May-2023	100d	amazonecho	s1cdude	1
15-May-2023	100d	amazonecho	McSoCal	1
15-May-2023	100d	amazonecho	ttulio	1
15-May-2023	100d	amazonecho	VerticalGeophysicist	1
15-May-2023	100d	amazonecho	JonathanMurray272	1
15-May-2023	100d	amazonecho	eyesdrib	1
15-May-2023	100d	amazonecho	mikejstb	1
15-May-2023	100d	amazonecho	gecampbell	1
15-May-2023	100d	amazonecho	pkt123	1
15-May-2023	100d	amazonecho	tdaun	1
15-May-2023	100d	amazonecho	kytulu	1
15-May-2023	100d	amazonecho	thouse01	1
15-May-2023	100d	amazonecho	PensionWhole6229	1
15-May-2023	100d	amazonecho	limitless__	1
15-May-2023	100d	amazonecho	JohnnyVierund80	1
15-May-2023	100d	amazonecho	Upper_Metal_2418	1
15-May-2023	100d	amazonecho	EchoPhoenix24	1
15-May-2023	100d	amazonecho	Pefaun	1
15-May-2023	100d	amazonecho	BarbequedYeti	1
15-May-2023	100d	amazonecho	Marcellus111	1
15-May-2023	100d	amazonecho	christ110	1
15-May-2023	100d	amazonecho	Lazy_Top_4543	1
15-May-2023	100d	amazonecho	wenglish98	1
15-May-2023	100d	amazonecho	PsychicSeaSlug	1
15-May-2023	100d	amazonecho	Jenga112	1
15-May-2023	100d	amazonecho	vertigoelation	1
15-May-2023	100d	amazonecho	Sea1Moore	1
15-May-2023	100d	amazonecho	themcp	1
15-May-2023	100d	amazonecho	sammm59	1
15-May-2023	100d	amazonecho	Gurdel	1
15-May-2023	100d	amazonecho	Ordinary-Noise9444	1
15-May-2023	100d	amazonecho	jsabo	1
15-May-2023	100d	amazonecho	GalaxyStrider	1
15-May-2023	100d	amazonecho	KoreMeltdown14	1
15-May-2023	100d	amazonecho	Leaellynasaura	1
15-May-2023	100d	amazonecho	just4747	1
15-May-2023	100d	amazonecho	deadpool809	1
15-May-2023	100d	amazonecho	prolixia	1
15-May-2023	100d	amazonecho	fugitive-bear	1
15-May-2023	100d	amazonecho	Savings_Pollution_72	1
15-May-2023	100d	amazonecho	SteamBoatWillyWonka	1
15-May-2023	100d	amazonecho	pac_71	1
15-May-2023	100d	amazonecho	Laura9624	1
15-May-2023	100d	amazonecho	Plastic-Writing-8820	1
15-May-2023	100d	amazonecho	Last_Cow_6172	1
15-May-2023	100d	amazonecho	Real-Departure4568	1
15-May-2023	100d	amazonecho	dasoccerbomb	1
15-May-2023	100d	amazonecho	Saltysalad	1
15-May-2023	100d	amazonecho	Gwynnavere	1
15-May-2023	100d	amazonecho	CielSairento	1
15-May-2023	100d	amazonecho	friendlyhermit	1
15-May-2023	100d	amazonecho	Infamous_Prompt_6126	1
15-May-2023	100d	amazonecho	AdmiralMal	1
15-May-2023	100d	amazonecho	Enschede2	1
15-May-2023	100d	amazonecho	nick_frigerio	1
15-May-2023	100d	amazonecho	meeplebunker	1
15-May-2023	100d	amazonecho	BahaMan69	1
15-May-2023	100d	amazonecho	Byrktr1	1
15-May-2023	100d	amazonecho	RoutineMasterpiece1	1
15-May-2023	100d	amazonecho	Real-Apartment-1130	1
15-May-2023	100d	amazonecho	TheEppik	1
15-May-2023	100d	amazonecho	skexzies	1
15-May-2023	100d	amazonecho	Automatic_Music_2179	1
15-May-2023	100d	amazonecho	Environmental_Cup591	1
15-May-2023	100d	amazonecho	caribou16	1
15-May-2023	100d	amazonecho	biff_jordan	1
15-May-2023	100d	amazonecho	SpeedHighway	1
15-May-2023	100d	amazonecho	bluenosesutherland	1
15-May-2023	100d	amazonecho	GriffinGZ	1
15-May-2023	100d	amazonecho	moonshinezombie	1
15-May-2023	100d	amazonecho	BryannaW	1
15-May-2023	100d	amazonecho	NYCQuilts	1
15-May-2023	100d	amazonecho	ngame1282	1
15-May-2023	100d	amazonecho	saintjmv04	1
15-May-2023	100d	amazonecho	plastigoop	1
15-May-2023	100d	amazonecho	DarthOldMan	1
15-May-2023	100d	amazonecho	BDThrills	1
15-May-2023	100d	amazonecho	-Nicolas-	1
15-May-2023	100d	amazonecho	SonVoltMMA	1
15-May-2023	100d	amazonecho	flargenhargen	1
15-May-2023	100d	amazonecho	Low_Benefit_1890	1
15-May-2023	100d	amazonecho	Vlad_the_Homeowner	1
15-May-2023	100d	amazonecho	ddh819	1
15-May-2023	100d	amazonecho	Unpleasant_Classic	1
15-May-2023	100d	amazonecho	amaiman	1
15-May-2023	100d	amazonecho	TheRealScotRoss-Jato	1
15-May-2023	100d	amazonecho	rws1017	1
15-May-2023	100d	amazonecho	creativejo	1
15-May-2023	100d	amazonecho	Western-Peach-1161	1
15-May-2023	100d	amazonecho	Tired8281	1
15-May-2023	100d	amazonecho	Bluesuiter	1
15-May-2023	100d	amazonecho	brittanystopyelling	1
15-May-2023	100d	amazonecho	Rmatic	1
15-May-2023	100d	amazonecho	illusionst	1
15-May-2023	100d	amazonecho	PuggyOG	1
15-May-2023	100d	amazonecho	HappyGamerMom	1
15-May-2023	100d	amazonecho	everypassword123456	1
15-May-2023	100d	amazonecho	j4j4d1ngd0ng	1
15-May-2023	100d	amazonecho	No_Weather_7038	1
15-May-2023	100d	amazonecho	beezbos_trip	1
15-May-2023	100d	amazonecho	Armand28	1
15-May-2023	100d	amazonecho	AzurosNorth	1
15-May-2023	100d	amazonecho	Sharp_Front_2030	1
15-May-2023	100d	amazonecho	TraditionalBench7927	1
15-May-2023	100d	amazonecho	Wiffle73	1
15-May-2023	100d	amazonecho	Background_Mud1591	1
15-May-2023	100d	amazonecho	VeterinarianOdd3981	1
15-May-2023	100d	amazonecho	epictetusdouglas	1
15-May-2023	100d	amazonecho	Scooter310	1
15-May-2023	100d	amazonecho	decker12	1
15-May-2023	100d	amazonecho	wp4nuv	1
15-May-2023	100d	amazonecho	tuliusy2k	1
15-May-2023	100d	amazonecho	danbyer	1
15-May-2023	100d	amazonecho	nogooduser	1
15-May-2023	100d	amazonecho	Tinsel-Fop	1
15-May-2023	100d	amazonecho	Dd_8630	1
15-May-2023	100d	amazonecho	Cirmi00	1
15-May-2023	100d	amazonecho	jeffreytk421	1
15-May-2023	100d	amazonecho	RandomiseUsr0	1
15-May-2023	100d	amazonecho	krisiteenie	1
15-May-2023	100d	amazonecho	MaryS8921	1
15-May-2023	100d	amazonecho	Longshoez	1
15-May-2023	100d	amazonecho	Mistadollar	1
15-May-2023	100d	amazonecho	Breaking-Dad-	1
15-May-2023	100d	amazonecho	ggs657	1
15-May-2023	100d	amazonecho	r0n1n2021	1
15-May-2023	100d	amazonecho	classjoker	1
15-May-2023	100d	amazonecho	jayRIOT	1
15-May-2023	100d	amazonecho	Anal_Admiral21	1
15-May-2023	100d	amazonecho	LyleJay	1
15-May-2023	100d	amazonecho	docdidactic	1
15-May-2023	100d	amazonecho	nespinola24	1
15-May-2023	100d	amazonecho	Equivalent-Rock-3019	1
15-May-2023	100d	amazonecho	MichaelJayQue	1
15-May-2023	100d	amazonecho	beyondthetech	1
15-May-2023	100d	amazonecho	CM719	1
15-May-2023	100d	amazonecho	The_Flying_Sausage	1
15-May-2023	100d	amazonecho	wallacegal	1
15-May-2023	100d	amazonecho	Minute-Spirit6826	1
15-May-2023	100d	amazonecho	nick9000	1
15-May-2023	100d	amazonecho	ExaltFibs24	1
15-May-2023	100d	amazonecho	jime01	1
15-May-2023	100d	amazonecho	panmandu99	1
15-May-2023	100d	amazonecho	South_Suggestion_116	1
15-May-2023	100d	amazonecho	rubb3r	1
15-May-2023	100d	amazonecho	TheOnePom	1
15-May-2023	100d	amazonecho	morgrar	1
15-May-2023	100d	amazonecho	fifthnail	1
15-May-2023	100d	amazonecho	Normal_Wrap8121	1
15-May-2023	100d	amazonecho	AggressiveBaby	1
15-May-2023	100d	amazonecho	datadrian	1
15-May-2023	100d	amazonecho	CurvePuzzleheaded361	1
15-May-2023	100d	amazonecho	itsgotime8458	1
15-May-2023	100d	amazonecho	AppKale	1
15-May-2023	100d	amazonecho	tuhinkarmakar	1
15-May-2023	100d	amazonecho	Antique-Ad4601	1
15-May-2023	100d	amazonecho	cpc_niklaos	1
15-May-2023	100d	amazonecho	n0abody	1
15-May-2023	100d	amazonecho	freyjasmanifestation	1
15-May-2023	100d	amazonecho	dapperlemon	1
15-May-2023	100d	amazonecho	macthom	1
15-May-2023	100d	amazonecho	RSuperredhawk44	1
15-May-2023	100d	amazonecho	insanewords	1
15-May-2023	100d	amazonecho	imoftendisgruntled	1
15-May-2023	100d	amazonecho	Z-55	1
15-May-2023	100d	amazonecho	jwhitridge	1
15-May-2023	100d	amazonecho	-J-D-U-B-	1
15-May-2023	100d	amazonecho	Certain_Weakness1873	1
15-May-2023	100d	amazonecho	retronewb	1
15-May-2023	100d	amazonecho	suitablyRandom	1
15-May-2023	100d	amazonecho	LogicalQuit1775	1
15-May-2023	100d	amazonecho	Hypercavallo	1
15-May-2023	100d	amazonecho	Nexfero	1
15-May-2023	100d	amazonecho	Florica117	1
15-May-2023	100d	amazonecho	arbucklej	1
15-May-2023	100d	amazonecho	Euphoric-Hair2048	1
15-May-2023	100d	amazonecho	Majinlord	1
15-May-2023	100d	amazonecho	Grouchy_Fix_9861	1
15-May-2023	100d	amazonecho	Htumedrm	1
15-May-2023	100d	amazonecho	Busy_Shock6632	1
15-May-2023	100d	amazonecho	One-Protection8740	1
15-May-2023	100d	amazonecho	seeker_ktf	1
15-May-2023	100d	amazonecho	drnuke75	1
15-May-2023	100d	amazonecho	MontyXvghc	1
15-May-2023	100d	amazonecho	ppal1981	1
15-May-2023	100d	amazonecho	mnm954	1
15-May-2023	100d	amazonecho	CheckDesigner5167	1
15-May-2023	100d	amazonecho	TheLastOfGus	1
15-May-2023	100d	amazonecho	atvlouis	1
15-May-2023	100d	amazonecho	created4this	1
15-May-2023	100d	amazonecho	KnightCreed13	1
15-May-2023	100d	amazonecho	kendallrae4	1
15-May-2023	100d	amazonecho	Snoo-7943	1
15-May-2023	100d	amazonecho	OGhurrakayne	1
15-May-2023	100d	amazonecho	KingZakyu	1
15-May-2023	100d	amazonecho	panda_has_reddit_now	1
15-May-2023	100d	amazonecho	superbilliam	1
15-May-2023	100d	amazonecho	ChristianClingerman	1
15-May-2023	100d	amazonecho	TallMention1591	1
15-May-2023	100d	amazonecho	ob2kenobi	1
15-May-2023	100d	amazonecho	Truthlooking	1
15-May-2023	100d	amazonecho	Important_Cap_6238	1
15-May-2023	100d	amazonecho	DirtyThi3f	1
15-May-2023	100d	amazonecho	Torrence73	1
15-May-2023	100d	amazonecho	rogracer2000	1
15-May-2023	100d	amazonecho	Teowulf	1
15-May-2023	100d	amazonecho	cute_physics_guy	1
15-May-2023	100d	amazonecho	cochonico	1
15-May-2023	100d	amazonecho	dbhathcock	1
15-May-2023	100d	amazonecho	WhatWouldTNGPicardDo	1
15-May-2023	100d	amazonecho	russilker	1
15-May-2023	100d	amazonecho	spyderspyders	1
15-May-2023	100d	amazonecho	flyinbrian1186	1
15-May-2023	100d	amazonecho	tzighy	1
15-May-2023	100d	amazonecho	Morbo782	1
15-May-2023	100d	amazonecho	Ratman056	1
15-May-2023	100d	amazonecho	blast3001	1
15-May-2023	100d	amazonecho	Tsax6010	1
15-May-2023	100d	amazonecho	RandomGerman	1
15-May-2023	100d	amazonecho	daveyg2611	1
15-May-2023	100d	amazonecho	Tinywolf2005UwU	1
15-May-2023	100d	amazonecho	pkfishers	1
15-May-2023	100d	amazonecho	Valiice	1
15-May-2023	100d	amazonecho	Objective-Ad8862	1
15-May-2023	100d	amazonecho	delaneyxsolo	1
15-May-2023	100d	amazonecho	greekmikemiami	1
15-May-2023	100d	amazonecho	No-Caterpillar-6731	1
15-May-2023	100d	amazonecho	andybech	1
15-May-2023	100d	amazonecho	Terrible_Flamingo823	1
15-May-2023	100d	amazonecho	kuj0317	1
15-May-2023	100d	amazonecho	twitchHUNTR	1
15-May-2023	100d	amazonecho	Senor02	1
15-May-2023	100d	amazonecho	ophir6	1
15-May-2023	100d	amazonecho	brasilicano	1
15-May-2023	100d	amazonecho	No-Rhubarb-9371	1
15-May-2023	100d	amazonecho	caribulou	1
15-May-2023	100d	amazonecho	dancemusicparty	1
15-May-2023	100d	amazonecho	computersteve	1
15-May-2023	100d	amazonecho	monsterzro_nyc	1
15-May-2023	100d	amazonecho	ebsebs	1
15-May-2023	100d	amazonecho	Man_Bear_Beaver	1
15-May-2023	100d	amazonecho	Legitimate_Patience8	1
15-May-2023	100d	amazonecho	Bregvist	1
15-May-2023	100d	amazonecho	GronlandicReddit	1
15-May-2023	100d	amazonecho	caseinpoint	1
15-May-2023	100d	amazonecho	dank5inatra	1
15-May-2023	100d	amazonecho	Konquerian	1
15-May-2023	100d	amazonecho	TimFTWin	1
15-May-2023	100d	amazonecho	sulnibs	1
15-May-2023	100d	amazonecho	waetherman	1
15-May-2023	100d	amazonecho	philko42	1
15-May-2023	100d	amazonecho	amberalert123	1
15-May-2023	100d	amazonecho	MrMinecraft178	1
15-May-2023	100d	amazonecho	HashKing	1
15-May-2023	100d	amazonecho	WallyJade	1
15-May-2023	100d	amazonecho	RealTrad	1
15-May-2023	100d	amazonecho	ZippleJ	1
15-May-2023	100d	amazonecho	Jeffd506	1
15-May-2023	100d	amazonecho	Charlies_Mamma	1
15-May-2023	100d	amazonecho	Gh0stw0lf	1
15-May-2023	100d	amazonecho	FooFatFighters	1
15-May-2023	100d	amazonecho	Hillsco_AL	1
15-May-2023	100d	amazonecho	GuybrushMancomb	1
15-May-2023	100d	amazonecho	cerebasan	1
15-May-2023	100d	amazonecho	phoinixtk	1
15-May-2023	100d	amazonecho	willdeliver4money	1
15-May-2023	100d	amazonecho	crutnacker	1
15-May-2023	100d	amazonecho	Temporary_Tension368	1
15-May-2023	100d	amazonecho	jrobertson50	1
15-May-2023	100d	amazonecho	sailor_the_revelator	1
15-May-2023	100d	amazonecho	dman97_2	1
15-May-2023	100d	amazonecho	GIDAMIEN	1
15-May-2023	100d	amazonecho	Carlos13th	1
15-May-2023	100d	amazonecho	native_one17	1
15-May-2023	100d	amazonecho	WickedJay83	1
15-May-2023	100d	amazonecho	F0gg13	1
15-May-2023	100d	amazonecho	trickman01	1
15-May-2023	100d	amazonecho	SchmausTrap	1
15-May-2023	100d	amazonecho	robinfresno	1
15-May-2023	100d	amazonecho	branvaughnlaw	1
15-May-2023	100d	amazonecho	RemieToa	1
15-May-2023	100d	amazonecho	fghkfhjjkkjdffgsdfsd	1
15-May-2023	100d	amazonecho	DangerB0y	1
15-May-2023	100d	amazonecho	Famous-Carpenter-275	1
