query_date,before_date,subreddit,submission_author,submission_frequency
17-Feb-2023,50d,alexa,Levitb2,5
17-Feb-2023,50d,alexa,sara-alexa,5
17-Feb-2023,50d,alexa,esgarnix,5
17-Feb-2023,50d,alexa,djsolidsnake86,4
17-Feb-2023,50d,alexa,tbluhp,4
17-Feb-2023,50d,alexa,obitest11,4
17-Feb-2023,50d,alexa,DoctorMindWar,4
17-Feb-2023,50d,alexa,[deleted],4
17-Feb-2023,50d,alexa,AIONLAB,3
17-Feb-2023,50d,alexa,rootdiggity,3
17-Feb-2023,50d,alexa,Noellehyg,3
17-Feb-2023,50d,alexa,Davy___Jones,3
17-Feb-2023,50d,alexa,UnnaturalCarrier,3
17-Feb-2023,50d,alexa,wvilberg,3
17-Feb-2023,50d,alexa,Affectionate_File374,3
17-Feb-2023,50d,alexa,Martholomeow,3
17-Feb-2023,50d,alexa,MaurokNC,3
17-Feb-2023,50d,alexa,anonymousbrother00,3
17-Feb-2023,50d,alexa,KitWat,3
17-Feb-2023,50d,alexa,Aggressive-Fee-22,3
17-Feb-2023,50d,alexa,Beautiful-Relief1004,3
17-Feb-2023,50d,alexa,vulcan_on_earth,2
17-Feb-2023,50d,alexa,Stulmacher,2
17-Feb-2023,50d,alexa,Same-Pie-9757,2
17-Feb-2023,50d,alexa,Critical-Meeting-895,2
17-Feb-2023,50d,alexa,Apple_546,2
17-Feb-2023,50d,alexa,rollsyrollsy,2
17-Feb-2023,50d,alexa,GamingBar,2
17-Feb-2023,50d,alexa,xViPER__,2
17-Feb-2023,50d,alexa,Silencer271,2
17-Feb-2023,50d,alexa,explictlyrics,2
17-Feb-2023,50d,alexa,SupremeSTI,2
17-Feb-2023,50d,alexa,josh-i,2
17-Feb-2023,50d,alexa,emeraldgirl08,2
17-Feb-2023,50d,alexa,tellitelli555,2
17-Feb-2023,50d,alexa,thedangerman007,2
17-Feb-2023,50d,alexa,bigj2552,2
17-Feb-2023,50d,alexa,Intelligent-Bath-137,2
17-Feb-2023,50d,alexa,asuhayda,2
17-Feb-2023,50d,alexa,Environmental-Emu987,2
17-Feb-2023,50d,alexa,shoalsmike,2
17-Feb-2023,50d,alexa,Skippy_99b,2
17-Feb-2023,50d,alexa,thedreaming2017,2
17-Feb-2023,50d,alexa,werdmouf,2
17-Feb-2023,50d,alexa,NewtoniteToo,2
17-Feb-2023,50d,alexa,00derek,2
17-Feb-2023,50d,alexa,TravelingChick,2
17-Feb-2023,50d,alexa,cur10us_ge0rge,2
17-Feb-2023,50d,alexa,tismo74,2
17-Feb-2023,50d,alexa,MicheleCostaITA,2
17-Feb-2023,50d,alexa,LilBabyGroot01,2
17-Feb-2023,50d,alexa,nodakskip,2
17-Feb-2023,50d,alexa,Nudelauge,2
17-Feb-2023,50d,alexa,LoganJFisher,2
17-Feb-2023,50d,alexa,Fluffy_Ad7392,2
17-Feb-2023,50d,alexa,DSavoie6,2
17-Feb-2023,50d,alexa,ihatedrifting99,2
17-Feb-2023,50d,alexa,Whiskey_Fiasco,2
17-Feb-2023,50d,alexa,happygundi,2
17-Feb-2023,50d,alexa,theribrob,2
17-Feb-2023,50d,alexa,GrumblingDuke0,2
17-Feb-2023,50d,alexa,DidYouRebootIt,2
17-Feb-2023,50d,alexa,TaradoHonesto,2
17-Feb-2023,50d,alexa,ucefemad,2
17-Feb-2023,50d,alexa,Dry-Sun855,2
17-Feb-2023,50d,alexa,slawnz,2
17-Feb-2023,50d,alexa,mustarunallday,2
17-Feb-2023,50d,alexa,snorkel42,2
17-Feb-2023,50d,alexa,Kuro_Renshin_,2
17-Feb-2023,50d,alexa,DragonOfAgnor,2
17-Feb-2023,50d,alexa,KittenMaster6900,2
17-Feb-2023,50d,alexa,derrabe80,2
17-Feb-2023,50d,alexa,OnOnTrueTrail,2
17-Feb-2023,50d,alexa,RainGumDrop,2
17-Feb-2023,50d,alexa,Busy-Fun9242,2
17-Feb-2023,50d,alexa,PristineLog7,2
17-Feb-2023,50d,alexa,shockinglyunoriginal,1
17-Feb-2023,50d,alexa,Shelbyrose09,1
17-Feb-2023,50d,alexa,Zatonji,1
17-Feb-2023,50d,alexa,kayakvibes,1
17-Feb-2023,50d,alexa,BreakfastCrafty,1
17-Feb-2023,50d,alexa,katec0587,1
17-Feb-2023,50d,alexa,SweatRiley,1
17-Feb-2023,50d,alexa,Body-These,1
17-Feb-2023,50d,alexa,SlimeQSlimeball,1
17-Feb-2023,50d,alexa,homercles82,1
17-Feb-2023,50d,alexa,squipysquip,1
17-Feb-2023,50d,alexa,AdIntelligent2796,1
17-Feb-2023,50d,alexa,Bklover93,1
17-Feb-2023,50d,alexa,namenamename321,1
17-Feb-2023,50d,alexa,Throbbingprepuce,1
17-Feb-2023,50d,alexa,ArminVonKink,1
17-Feb-2023,50d,alexa,theslowrush-,1
17-Feb-2023,50d,alexa,Toddvg,1
17-Feb-2023,50d,alexa,GabrielHunter,1
17-Feb-2023,50d,alexa,hammnbubbly,1
17-Feb-2023,50d,alexa,swampyswampyswampy,1
17-Feb-2023,50d,alexa,LeonardoGottfried,1
17-Feb-2023,50d,alexa,Cultural_Bat_9192,1
17-Feb-2023,50d,alexa,educacionprimero,1
17-Feb-2023,50d,alexa,FabledFalsehood,1
17-Feb-2023,50d,alexa,mpsilfve,1
17-Feb-2023,50d,alexa,PinkAdultery,1
17-Feb-2023,50d,alexa,MrProfessional17,1
17-Feb-2023,50d,alexa,EndlessTypist,1
17-Feb-2023,50d,alexa,heyredway,1
17-Feb-2023,50d,alexa,OneToughFemale,1
17-Feb-2023,50d,alexa,DocCaliban,1
17-Feb-2023,50d,alexa,VAgreengene,1
17-Feb-2023,50d,alexa,connor1095,1
17-Feb-2023,50d,alexa,tracetrimble,1
17-Feb-2023,50d,alexa,otisoh,1
17-Feb-2023,50d,alexa,Armus-soe,1
17-Feb-2023,50d,alexa,necrochaos,1
17-Feb-2023,50d,alexa,pacumming1,1
17-Feb-2023,50d,alexa,raptorhunter22,1
17-Feb-2023,50d,alexa,techilu,1
17-Feb-2023,50d,alexa,indorock,1
17-Feb-2023,50d,alexa,punisher11,1
17-Feb-2023,50d,alexa,luke_wal,1
17-Feb-2023,50d,alexa,fatalrta,1
17-Feb-2023,50d,alexa,RoodNewb,1
17-Feb-2023,50d,alexa,Daentalion,1
17-Feb-2023,50d,alexa,amykat321,1
17-Feb-2023,50d,alexa,JMD_quest,1
17-Feb-2023,50d,alexa,AlDef,1
17-Feb-2023,50d,alexa,beansandwich,1
17-Feb-2023,50d,alexa,ITSYABOIGALAXY,1
17-Feb-2023,50d,alexa,ShaderGamingYT,1
17-Feb-2023,50d,alexa,ashleymcglamour,1
17-Feb-2023,50d,alexa,not_my_monkeys_,1
17-Feb-2023,50d,alexa,APotato106,1
17-Feb-2023,50d,alexa,tiredasff,1
17-Feb-2023,50d,alexa,poodog13,1
17-Feb-2023,50d,alexa,elysian-mara,1
17-Feb-2023,50d,alexa,CanBraFla,1
17-Feb-2023,50d,alexa,MrNokiaUser,1
17-Feb-2023,50d,alexa,Jerryberry945,1
17-Feb-2023,50d,alexa,TotteryTurtle,1
17-Feb-2023,50d,alexa,Big-Introduction9159,1
17-Feb-2023,50d,alexa,DismalAssociate,1
17-Feb-2023,50d,alexa,RockingKrish364,1
17-Feb-2023,50d,alexa,roblu001,1
17-Feb-2023,50d,alexa,PerformanceSoggy5554,1
17-Feb-2023,50d,alexa,slartybartvart,1
17-Feb-2023,50d,alexa,aerojb,1
17-Feb-2023,50d,alexa,RockyB95,1
17-Feb-2023,50d,alexa,aubaub,1
17-Feb-2023,50d,alexa,coldhandsss,1
17-Feb-2023,50d,alexa,xDeluxers,1
17-Feb-2023,50d,alexa,JimMc94,1
17-Feb-2023,50d,alexa,A-to-fucking-Z,1
17-Feb-2023,50d,alexa,connorbarrownx,1
17-Feb-2023,50d,alexa,EhNephew,1
17-Feb-2023,50d,alexa,Omoks2018,1
17-Feb-2023,50d,alexa,G_10R,1
17-Feb-2023,50d,alexa,notrohkaz,1
17-Feb-2023,50d,alexa,HicSvntDracones_4242,1
17-Feb-2023,50d,alexa,anthro89109,1
17-Feb-2023,50d,alexa,n0wander,1
17-Feb-2023,50d,alexa,missionbeach,1
17-Feb-2023,50d,alexa,Disastrous_Tone_1148,1
17-Feb-2023,50d,alexa,DroopyTrash,1
17-Feb-2023,50d,alexa,kid_ska,1
17-Feb-2023,50d,alexa,SirWobblyOfSausage,1
17-Feb-2023,50d,alexa,ggs657,1
17-Feb-2023,50d,alexa,Assist-Visual,1
17-Feb-2023,50d,alexa,Keefryan,1
17-Feb-2023,50d,alexa,Pintoxic,1
17-Feb-2023,50d,alexa,ReconstructedPigeon,1
17-Feb-2023,50d,alexa,cfangvisuals,1
17-Feb-2023,50d,alexa,dm-me-boobs-pls,1
17-Feb-2023,50d,alexa,Sh33v3s,1
17-Feb-2023,50d,alexa,goinallout80,1
17-Feb-2023,50d,alexa,BenchComplete8016,1
17-Feb-2023,50d,alexa,HaloTravis6,1
17-Feb-2023,50d,alexa,sox_n_sandals,1
17-Feb-2023,50d,alexa,According_City4214,1
17-Feb-2023,50d,alexa,Ridolph,1
17-Feb-2023,50d,alexa,PhysicalPhilosophy73,1
17-Feb-2023,50d,alexa,XPazmanX,1
17-Feb-2023,50d,alexa,KaKi_87,1
17-Feb-2023,50d,alexa,bvdp,1
17-Feb-2023,50d,alexa,MooseFox1,1
17-Feb-2023,50d,alexa,The_KC_Reefer,1
17-Feb-2023,50d,alexa,winetime4fox,1
17-Feb-2023,50d,alexa,EduReb,1
17-Feb-2023,50d,alexa,commorancy0,1
17-Feb-2023,50d,alexa,AnotherRedditExpert,1
17-Feb-2023,50d,alexa,jrlambert70,1
17-Feb-2023,50d,alexa,ryleto,1
17-Feb-2023,50d,alexa,TheJagOffAssassin,1
17-Feb-2023,50d,alexa,dubocracy,1
17-Feb-2023,50d,alexa,Richysgames,1
17-Feb-2023,50d,alexa,DrunkenBrewer,1
17-Feb-2023,50d,alexa,Cultural-Corner5096,1
17-Feb-2023,50d,alexa,Dansk72,1
17-Feb-2023,50d,alexa,Fur-Dev,1
17-Feb-2023,50d,alexa,crunchygal,1
17-Feb-2023,50d,alexa,Living_like_Larry12,1
17-Feb-2023,50d,alexa,genxnikki,1
17-Feb-2023,50d,alexa,emalways,1
17-Feb-2023,50d,alexa,Virrad,1
17-Feb-2023,50d,alexa,Jarbottle,1
17-Feb-2023,50d,alexa,bullgod1964,1
17-Feb-2023,50d,alexa,Superbuddhapunk,1
17-Feb-2023,50d,alexa,Evan22x,1
17-Feb-2023,50d,alexa,Terrible_Cut_3336,1
17-Feb-2023,50d,alexa,T-Money8227,1
17-Feb-2023,50d,alexa,beadsgrrl,1
17-Feb-2023,50d,alexa,Formal-Ad8037,1
17-Feb-2023,50d,alexa,Winter-Suit-8704,1
17-Feb-2023,50d,alexa,thebestthinmints,1
17-Feb-2023,50d,alexa,DMala,1
17-Feb-2023,50d,alexa,redrebelquests,1
17-Feb-2023,50d,alexa,ChugSampson,1
17-Feb-2023,50d,alexa,sriraamprst,1
17-Feb-2023,50d,alexa,justanator101,1
17-Feb-2023,50d,alexa,LoveleeChill,1
17-Feb-2023,50d,alexa,Dark_Star_Lilli,1
17-Feb-2023,50d,alexa,mimegallow,1
17-Feb-2023,50d,alexa,Demetri124,1
17-Feb-2023,50d,alexa,chavezone,1
17-Feb-2023,50d,alexa,Itiswrittenkjv1611,1
17-Feb-2023,50d,alexa,James-Worthington,1
17-Feb-2023,50d,alexa,ddtt,1
17-Feb-2023,50d,alexa,Ilikepapercups,1
17-Feb-2023,50d,alexa,laurorual,1
17-Feb-2023,50d,alexa,kristianroberts,1
17-Feb-2023,50d,alexa,jphilebiz,1
17-Feb-2023,50d,alexa,slowpoke30,1
17-Feb-2023,50d,alexa,I-AM-Savannah,1
17-Feb-2023,50d,alexa,Rhubarb-Curious,1
17-Feb-2023,50d,alexa,Happycthulhu,1
17-Feb-2023,50d,alexa,fox-lover,1
17-Feb-2023,50d,alexa,vgrazi899,1
17-Feb-2023,50d,alexa,dasbeerboot2,1
17-Feb-2023,50d,alexa,notyogrannysgrandkid,1
17-Feb-2023,50d,alexa,draxula16,1
17-Feb-2023,50d,alexa,spleencheesemonkey,1
17-Feb-2023,50d,alexa,ursisfatima,1
17-Feb-2023,50d,alexa,dangoodspeed,1
17-Feb-2023,50d,alexa,rskeetc,1
17-Feb-2023,50d,alexa,ctg8tor,1
17-Feb-2023,50d,alexa,o_townsend25,1
17-Feb-2023,50d,alexa,frank3550,1
17-Feb-2023,50d,alexa,Mysterious-North-711,1
17-Feb-2023,50d,alexa,Ok_Sort_4764,1
17-Feb-2023,50d,alexa,iSoldMySon4Drugs,1
17-Feb-2023,50d,alexa,Jayeuk,1
17-Feb-2023,50d,alexa,TooMuchFaeel,1
17-Feb-2023,50d,alexa,matthi-bambam,1
17-Feb-2023,50d,alexa,mycophagia,1
17-Feb-2023,50d,alexa,surfergurl42,1
17-Feb-2023,50d,alexa,injustice_done3,1
17-Feb-2023,50d,alexa,jdlyga,1
17-Feb-2023,50d,alexa,Joel4JC,1
17-Feb-2023,50d,alexa,Totallynotacar,1
17-Feb-2023,50d,alexa,drowny,1
17-Feb-2023,50d,alexa,emilesmithbro,1
17-Feb-2023,50d,alexa,AbdulPullMaTool,1
17-Feb-2023,50d,alexa,thisisnotspiff,1
17-Feb-2023,50d,alexa,Ethan2428,1
17-Feb-2023,50d,alexa,elwingworks,1
17-Feb-2023,50d,alexa,jeeftor,1
17-Feb-2023,50d,alexa,IIEarlGreyII,1
17-Feb-2023,50d,alexa,EmilioPujol,1
17-Feb-2023,50d,alexa,antm1222,1
17-Feb-2023,50d,alexa,bananatoast2,1
17-Feb-2023,50d,alexa,dogsanalgland,1
17-Feb-2023,50d,alexa,vl1020,1
17-Feb-2023,50d,alexa,Admirable-Tip-9426,1
17-Feb-2023,50d,alexa,Iskro45,1
17-Feb-2023,50d,alexa,kev160967,1
17-Feb-2023,50d,alexa,stollperu,1
17-Feb-2023,50d,alexa,glitteringpenny,1
17-Feb-2023,50d,alexa,Ryasuke_,1
17-Feb-2023,50d,alexa,Bubbly-Dress2373,1
17-Feb-2023,50d,alexa,vitucadrus,1
17-Feb-2023,50d,alexa,IronRectangle,1
17-Feb-2023,50d,alexa,N-V-N-D-O,1
17-Feb-2023,50d,alexa,Quintessa-K,1
17-Feb-2023,50d,alexa,a-fucking-donkey,1
17-Feb-2023,50d,alexa,FrancisOni,1
17-Feb-2023,50d,alexa,guyincognito2999,1
17-Feb-2023,50d,alexa,Responsible_Emu_7120,1
17-Feb-2023,50d,alexa,djdunns,1
17-Feb-2023,50d,alexa,myreal_name,1
17-Feb-2023,50d,alexa,Alsterdetektive123,1
17-Feb-2023,50d,alexa,LonestarCanuck,1
17-Feb-2023,50d,alexa,ianishomer,1
17-Feb-2023,50d,alexa,tmiller9833,1
17-Feb-2023,50d,alexa,Glass-Material5689,1
17-Feb-2023,50d,alexa,NurseWithAmouth,1
17-Feb-2023,50d,alexa,quantumized,1
17-Feb-2023,50d,alexa,vogel777,1
17-Feb-2023,50d,alexa,SnooCakes7049,1
17-Feb-2023,50d,alexa,Guarkin,1
17-Feb-2023,50d,alexa,Icy-Property-7001,1
17-Feb-2023,50d,alexa,scrapmetal58,1
17-Feb-2023,50d,alexa,JollyGreenGelatin,1
17-Feb-2023,50d,alexa,reddebian,1
17-Feb-2023,50d,alexa,Starklet,1
17-Feb-2023,50d,alexa,habsfan777,1
17-Feb-2023,50d,alexa,Reformed_Man_1899,1
17-Feb-2023,50d,alexa,irtazaali193,1
17-Feb-2023,50d,alexa,savantsigns,1
17-Feb-2023,50d,alexa,peefyloo,1
17-Feb-2023,50d,alexa,ScopePlays,1
17-Feb-2023,50d,alexa,ProfessionalOk1448,1
17-Feb-2023,50d,alexa,joe3x81,1
17-Feb-2023,50d,alexa,mediaserver8,1
17-Feb-2023,50d,alexa,cal3ngineer,1
17-Feb-2023,50d,alexa,frogger2929,1
17-Feb-2023,50d,alexa,Theycallmekara,1
17-Feb-2023,50d,alexa,Some_Summer_6365,1
17-Feb-2023,50d,alexa,gillkill8,1
17-Feb-2023,50d,alexa,Impossible_Peak8193,1
17-Feb-2023,50d,alexa,r0n1n2021,1
17-Feb-2023,50d,alexa,Fair_Driver166,1
17-Feb-2023,50d,alexa,MaxPowerBE,1
17-Feb-2023,50d,alexa,Ecyclist,1
17-Feb-2023,50d,alexa,Metalneck,1
17-Feb-2023,50d,alexa,Traditional_Mine1009,1
17-Feb-2023,50d,alexa,rbeatse,1
17-Feb-2023,50d,alexa,ericrudisell,1
17-Feb-2023,50d,alexa,Blondeambitchion,1
17-Feb-2023,50d,alexa,Head-Gap8455,1
17-Feb-2023,50d,alexa,Aggravating_Bar_3038,1
17-Feb-2023,50d,alexa,Anachronism--,1
17-Feb-2023,50d,alexa,beardface909,1
17-Feb-2023,50d,alexa,internetisbad23,1
17-Feb-2023,50d,alexa,OGLizard,1
17-Feb-2023,50d,alexa,rybot_rybot,1
17-Feb-2023,50d,alexa,mikeyshu,1
17-Feb-2023,50d,alexa,BAGeorgeIII,1
17-Feb-2023,50d,alexa,Glad-Republic9793,1
17-Feb-2023,50d,alexa,tbfblih,1
17-Feb-2023,50d,alexa,Fours44,1
17-Feb-2023,50d,alexa,CoherentReceptor,1
17-Feb-2023,50d,alexa,oodmj,1
17-Feb-2023,50d,alexa,-MindfatigT-,1
17-Feb-2023,50d,alexa,speedypoultry,1
17-Feb-2023,50d,alexa,ashsmash0220,1
17-Feb-2023,50d,alexa,Designer-Stable-3827,1
17-Feb-2023,50d,alexa,xZTrdNVNizab4zLWEynB,1
17-Feb-2023,50d,alexa,P4c3r,1
17-Feb-2023,50d,alexa,xipetotec1973,1
17-Feb-2023,50d,alexa,Av8tr1,1
17-Feb-2023,50d,alexa,Yeawesome1,1
17-Feb-2023,50d,alexa,Silent-Storm-3604,1
17-Feb-2023,50d,alexa,Thermidor2,1
17-Feb-2023,50d,alexa,-Nate-Dawg-,1
17-Feb-2023,50d,alexa,hg3hun7ur9,1
17-Feb-2023,50d,alexa,the_bookish_girl84,1
17-Feb-2023,50d,alexa,Lutzoey,1
17-Feb-2023,50d,alexa,Danimal__27,1
17-Feb-2023,50d,alexa,thegoalie,1
17-Feb-2023,50d,alexa,browandr,1
17-Feb-2023,50d,alexa,RandofCarter,1
17-Feb-2023,50d,alexa,jvaliga,1
17-Feb-2023,50d,alexa,Zippo_Willow,1
17-Feb-2023,50d,alexa,midigo6,1
17-Feb-2023,50d,alexa,ajaymishra5728,1
17-Feb-2023,50d,alexa,The_Bradenator,1
17-Feb-2023,50d,alexa,AdventureApe123,1
17-Feb-2023,50d,alexa,Crafty_Commission932,1
17-Feb-2023,50d,alexa,MedicineBeforeEdison,1
17-Feb-2023,50d,alexa,Comfortable-Abroad66,1
17-Feb-2023,50d,alexa,Froglog1,1
17-Feb-2023,50d,alexa,kreynen,1
17-Feb-2023,50d,alexa,techyy25,1
17-Feb-2023,50d,alexa,JonathanMurray272,1
17-Feb-2023,50d,alexa,devil_yager,1
17-Feb-2023,50d,alexa,coyote13mc,1
17-Feb-2023,50d,alexa,robm111,1
17-Feb-2023,50d,alexa,Merkaba1_0_8,1
17-Feb-2023,50d,alexa,FranktheLlama,1
17-Feb-2023,50d,alexa,McDuggets,1
17-Feb-2023,50d,alexa,Constant_Ad5277,1
17-Feb-2023,50d,alexa,tardis19999999,1
17-Feb-2023,50d,alexa,misterjenjen,1
17-Feb-2023,50d,alexa,FordMan100,1
17-Feb-2023,50d,alexa,DrBabs,1
17-Feb-2023,50d,alexa,shockingdevelopment,1
17-Feb-2023,50d,alexa,cayacoco,1
17-Feb-2023,50d,alexa,AvsWon33,1
17-Feb-2023,50d,alexa,DoctorWH0877,1
17-Feb-2023,50d,alexa,Trayja_Polar,1
17-Feb-2023,50d,alexa,greenwindex,1
17-Feb-2023,50d,alexa,SuperMario630,1
17-Feb-2023,50d,alexa,ImaginaryReaction,1
17-Feb-2023,50d,alexa,Pretty_Gorgeous,1
17-Feb-2023,50d,alexa,DrAllkane,1
17-Feb-2023,50d,alexa,YesAndItCounts,1
17-Feb-2023,50d,alexa,Squirrelmonkeycom,1
17-Feb-2023,50d,alexa,Certified_Chonky,1
17-Feb-2023,50d,alexa,NiloReborn,1
17-Feb-2023,50d,alexa,o_an0maly_o,1
17-Feb-2023,50d,alexa,DSethK93,1
17-Feb-2023,50d,alexa,Tired8281,1
17-Feb-2023,50d,alexa,Infamous_Yogurt2858,1
17-Feb-2023,50d,alexa,Desrever92,1
17-Feb-2023,50d,alexa,jakabo27,1
17-Feb-2023,50d,alexa,geminiwave,1
17-Feb-2023,50d,alexa,VayVay42,1
17-Feb-2023,50d,alexa,mrsheartbroken,1
17-Feb-2023,50d,alexa,Spamtickler,1
17-Feb-2023,50d,alexa,Rude-Knee-9732,1
17-Feb-2023,50d,alexa,aliomenti,1
17-Feb-2023,50d,alexa,ThrowItLikeItsHot420,1
17-Feb-2023,50d,alexa,bdtran2002,1
17-Feb-2023,50d,alexa,Physical-Swing4213,1
17-Feb-2023,50d,alexa,kd5nrh,1
17-Feb-2023,50d,alexa,Proxima_Centaurian,1
17-Feb-2023,50d,alexa,thebutterflyeff,1
17-Feb-2023,50d,alexa,sometin__else,1
17-Feb-2023,50d,alexa,throwaway16181171819,1
17-Feb-2023,50d,alexa,dsp_guy,1
17-Feb-2023,50d,alexa,Pockets713,1
17-Feb-2023,50d,alexa,renegade7879,1
17-Feb-2023,50d,alexa,keithITNoob,1
17-Feb-2023,50d,alexa,989x4000,1
17-Feb-2023,50d,alexa,sgxander,1
17-Feb-2023,50d,alexa,sarhoshamiral,1
17-Feb-2023,50d,alexa,MyCircusMyMonkeyz,1
17-Feb-2023,50d,alexa,decuyonombre,1
17-Feb-2023,50d,alexa,Illustrious_Map_0000,1
17-Feb-2023,50d,alexa,Baubascat,1
17-Feb-2023,50d,alexa,Shiviii__28,1
17-Feb-2023,50d,alexa,Famous-Perspective-3,1
17-Feb-2023,50d,alexa,DJ_Extra_Credit,1
17-Feb-2023,50d,alexa,Delicious-Chipmunk-7,1
17-Feb-2023,50d,alexa,CantFixMoronic,1
17-Feb-2023,50d,alexa,bluepuma77,1
17-Feb-2023,50d,alexa,lmucidas,1
17-Feb-2023,50d,alexa,burnthefallen,1
17-Feb-2023,50d,alexa,heboofedonme,1
17-Feb-2023,50d,alexa,Reason-Expensive,1
17-Feb-2023,50d,alexa,Tyrella,1
17-Feb-2023,50d,alexa,VenomXTs,1
17-Feb-2023,50d,alexa,jhannah123,1
17-Feb-2023,50d,alexa,Zemarkio,1
17-Feb-2023,50d,alexa,ivanjay2050,1
17-Feb-2023,50d,alexa,Orchestructive,1
17-Feb-2023,50d,alexa,Murphysburger,1
17-Feb-2023,50d,alexa,greenmelon182,1
17-Feb-2023,50d,alexa,Global_Sloth,1
17-Feb-2023,50d,alexa,AccomplishedGrab6415,1
17-Feb-2023,50d,alexa,JohnNameJohn,1
17-Feb-2023,50d,alexa,LSD05,1
17-Feb-2023,50d,alexa,WORLDWIDEWEBDEV,1
17-Feb-2023,50d,alexa,damnlegos,1
17-Feb-2023,50d,alexa,nnhood,1
17-Feb-2023,50d,alexa,Tonebr,1
17-Feb-2023,50d,alexa,IncapableOfLaughing,1
17-Feb-2023,50d,alexa,jenthewen,1
17-Feb-2023,50d,alexa,SexyMuthaFunka,1
17-Feb-2023,50d,alexa,Richard_Parker_,1
17-Feb-2023,50d,alexa,cutesanity,1
17-Feb-2023,50d,alexa,dmah99,1
17-Feb-2023,50d,alexa,Fricourt,1
17-Feb-2023,50d,alexa,marcospanontin,1
17-Feb-2023,50d,alexa,spaniolo,1
17-Feb-2023,50d,alexa,m3troGnome,1
17-Feb-2023,50d,alexa,Longwashere,1
17-Feb-2023,50d,alexa,KingJNF,1
17-Feb-2023,50d,alexa,Aggravated-by-alexa,1
17-Feb-2023,50d,alexa,amirkerimov1,1
17-Feb-2023,50d,alexa,hanfaedza,1
17-Feb-2023,50d,alexa,towergod2020,1
17-Feb-2023,50d,alexa,bigduck840B,1
17-Feb-2023,50d,alexa,3xploit_,1
17-Feb-2023,50d,alexa,Kingzman1041,1
17-Feb-2023,50d,alexa,pacificapilot,1
17-Feb-2023,50d,alexa,phenomenomnom,1
17-Feb-2023,50d,alexa,tits_on_a_nun,1
17-Feb-2023,50d,alexa,Professional-Fan-792,1
17-Feb-2023,50d,alexa,Infamous-Junket-9869,1
17-Feb-2023,50d,alexa,mdudewheresmacar,1
17-Feb-2023,50d,alexa,yendor5,1
17-Feb-2023,50d,alexa,MaximusMMIV,1
17-Feb-2023,50d,alexa,SOBPOSWTF,1
17-Feb-2023,50d,alexa,Lufferov,1
17-Feb-2023,50d,alexa,lunchdessert,1
17-Feb-2023,50d,alexa,mrkillmoney,1
17-Feb-2023,50d,alexa,crazierdad,1
17-Feb-2023,50d,alexa,solmssen,1
17-Feb-2023,50d,alexa,KoalaRaivoso,1
17-Feb-2023,50d,alexa,JasonGGorman,1
17-Feb-2023,50d,alexa,theepi_pillodu,1
17-Feb-2023,50d,alexa,ssg_partners,1
17-Feb-2023,50d,alexa,Momphus,1
17-Feb-2023,50d,alexa,gr8cornholio92,1
17-Feb-2023,50d,alexa,tunghoy,1
17-Feb-2023,50d,alexa,crymyselftosleep01,1
17-Feb-2023,50d,alexa,FallingKnife_,1
17-Feb-2023,50d,alexa,milspek,1
17-Feb-2023,50d,alexa,CantankerArt,1
17-Feb-2023,50d,alexa,Trailmagic,1
17-Feb-2023,50d,alexa,jumbiiq,1
17-Feb-2023,50d,alexa,dfernandez13,1
17-Feb-2023,50d,alexa,johnwayne2413,1
17-Feb-2023,50d,alexa,crblack24,1
17-Feb-2023,50d,alexa,badass2469,1
17-Feb-2023,50d,alexa,AlRjordan,1
17-Feb-2023,50d,alexa,SluSignGuy,1
17-Feb-2023,50d,alexa,XDark187,1
17-Feb-2023,50d,alexa,glagy,1
17-Feb-2023,50d,alexa,conorb69,1
17-Feb-2023,50d,alexa,LateChapter8596,1
17-Feb-2023,50d,alexa,Original-Ad-6423,1
17-Feb-2023,50d,alexa,MukkeDK,1
17-Feb-2023,50d,alexa,tdrusk,1
17-Feb-2023,50d,alexa,Jl20187,1
17-Feb-2023,50d,alexa,jeremyc711,1
17-Feb-2023,50d,alexa,Environmental-Emu242,1
17-Feb-2023,50d,alexa,Tokata0,1
17-Feb-2023,50d,alexa,MaoStevemao,1
17-Feb-2023,50d,alexa,D_animality,1
17-Feb-2023,50d,alexa,RecommendationOwn878,1
17-Feb-2023,50d,alexa,ria_ranged,1
17-Feb-2023,50d,alexa,TheToyBin,1
17-Feb-2023,50d,alexa,spasticunt,1
17-Feb-2023,50d,alexa,GLOFISH2000,1
17-Feb-2023,50d,alexa,Bearcarnikki,1
17-Feb-2023,50d,alexa,SilverBuff_,1
17-Feb-2023,50d,alexa,Worryrocck,1
17-Feb-2023,50d,alexa,Kema-Downna,1
17-Feb-2023,50d,alexa,cobaltfault,1
17-Feb-2023,50d,alexa,rnq_p,1
17-Feb-2023,50d,alexa,BoomerQc,1
17-Feb-2023,50d,alexa,aaronwhite1786,1
17-Feb-2023,50d,alexa,Lazy-Huckleberry-335,1
17-Feb-2023,50d,alexa,smexiikamikaze,1
17-Feb-2023,50d,alexa,Gillbobaggin,1
17-Feb-2023,50d,alexa,bannedfromredditlol_,1
17-Feb-2023,50d,alexa,Lambert_Lambert,1
17-Feb-2023,50d,alexa,forceblast,1
17-Feb-2023,50d,alexa,CrosslyMarvelous,1
17-Feb-2023,50d,alexa,Kensleylko,1
17-Feb-2023,50d,alexa,ThatJ4ke,1
17-Feb-2023,50d,alexa,steparak,1
17-Feb-2023,50d,alexa,undeadlyassassin,1
17-Feb-2023,50d,alexa,TreeOnFire69,1
17-Feb-2023,50d,alexa,SturnusVulgaris541,1
17-Feb-2023,50d,alexa,Nestik,1
17-Feb-2023,50d,alexa,puddlejumperAM,1
17-Feb-2023,50d,alexa,ididitalready,1
17-Feb-2023,50d,alexa,malpaaal,1
17-Feb-2023,50d,alexa,stittle,1
17-Feb-2023,50d,alexa,JaxzAlt,1
17-Feb-2023,50d,alexa,djimavicminipilot,1
17-Feb-2023,50d,alexa,bubblystudent4987,1
17-Feb-2023,50d,alexa,Nervous-Ad-5723,1
17-Feb-2023,50d,alexa,TempUsernameThing,1
17-Feb-2023,50d,alexa,farwesterner1,1
17-Feb-2023,50d,alexa,biggoosewendy,1
17-Feb-2023,50d,alexa,russsseeelll,1
17-Feb-2023,50d,alexa,iHack102,1
17-Feb-2023,50d,alexa,MrTeacherManSir,1
17-Feb-2023,50d,alexa,looker009,1
17-Feb-2023,50d,alexa,Revolutionary-Fact6,1
17-Feb-2023,50d,alexa,bharrishudson,1
17-Feb-2023,50d,alexa,Vinks86,1
17-Feb-2023,50d,alexa,BarnabyColeman,1
17-Feb-2023,50d,alexa,froggythemad,1
17-Feb-2023,50d,alexa,brentolapento,1
17-Feb-2023,50d,alexa,merchantofcville,1
17-Feb-2023,50d,alexa,do_add_unicorn,1
17-Feb-2023,50d,alexa,leichat,1
17-Feb-2023,50d,alexa,tated744,1
17-Feb-2023,50d,alexa,Hexsura,1
17-Feb-2023,50d,alexa,XotazAU,1
17-Feb-2023,50d,alexa,lxbrix,1
17-Feb-2023,50d,alexa,keystonecraft,1
17-Feb-2023,50d,alexa,radbag437,1
17-Feb-2023,50d,alexa,bobbcee,1
17-Feb-2023,50d,alexa,Interesting-Ask7615,1
17-Feb-2023,50d,alexa,scaryman088,1
17-Feb-2023,50d,alexa,mandaraprime,1
17-Feb-2023,50d,alexa,jastwood1,1
17-Feb-2023,50d,alexa,Bother-Present,1
17-Feb-2023,50d,alexa,Mackenzie_Wilson,1
17-Feb-2023,50d,alexa,Bird-Mad_Girl,1
17-Feb-2023,50d,alexa,fgdmorr,1
17-Feb-2023,50d,alexa,AmConfused324,1
17-Feb-2023,50d,alexa,AnAngryMelon,1
17-Feb-2023,50d,alexa,skaertus,1
17-Feb-2023,50d,alexa,jedibumblebee,1
17-Feb-2023,50d,alexa,Sylvaran,1
17-Feb-2023,50d,alexa,RecognitionBig4561,1
17-Feb-2023,50d,alexa,DramaOk2187,1
17-Feb-2023,50d,alexa,winslow462,1
17-Feb-2023,50d,alexa,GarfieldSighs3,1
17-Feb-2023,50d,alexa,WalterWilliams,1
17-Feb-2023,50d,alexa,starring2,1
17-Feb-2023,50d,alexa,RichDreamsBig,1
17-Feb-2023,50d,alexa,hibte,1
17-Feb-2023,50d,alexa,ActsOfV,1
17-Feb-2023,50d,alexa,stoolzmclingo,1
17-Feb-2023,50d,alexa,doctorlongghost,1
17-Feb-2023,50d,alexa,d0ntblink,1
17-Feb-2023,50d,alexa,_TheBloke_,1
17-Feb-2023,50d,alexa,DVinteens,1
17-Feb-2023,50d,alexa,twister65,1
17-Feb-2023,50d,alexa,FatMacchio,1
17-Feb-2023,50d,alexa,RolandMT32,1
17-Feb-2023,50d,alexa,Realistic-Divide-587,1
17-Feb-2023,50d,alexa,maddsloth,1
17-Feb-2023,50d,alexa,izay05,1
17-Feb-2023,50d,alexa,LankySquash4,1
17-Feb-2023,50d,alexa,Sullhammer,1
17-Feb-2023,50d,alexa,DoodlePanda36,1
17-Feb-2023,50d,alexa,thatotherguyboz,1
17-Feb-2023,50d,alexa,Jockey79,1
17-Feb-2023,50d,alexa,anotherbozo,1
17-Feb-2023,50d,alexa,MarkovnikovRules,1
17-Feb-2023,50d,alexa,Excellent-Zombie-470,1
17-Feb-2023,50d,alexa,Bsjensen1012,1
17-Feb-2023,50d,alexa,ijustburnedmymouth,1
17-Feb-2023,50d,alexa,tim0767,1
17-Feb-2023,50d,alexa,B8Slayer,1
17-Feb-2023,50d,alexa,gswaltz72,1
17-Feb-2023,50d,alexa,LostLight8,1
17-Feb-2023,50d,alexa,Smirkydarkdude,1
17-Feb-2023,50d,alexa,criper_lol,1
17-Feb-2023,50d,alexa,Powerful_Shop_1346,1
17-Feb-2023,50d,alexa,mrBill12,1
17-Feb-2023,50d,alexa,Duwsh,1
17-Feb-2023,50d,alexa,RichieP86,1
17-Feb-2023,50d,alexa,jazzageguy,1
17-Feb-2023,50d,alexa,Mixtopher,1
17-Feb-2023,50d,alexa,DannyOTM,1
17-Feb-2023,50d,alexa,fatchubbypupper,1
17-Feb-2023,50d,alexa,PaprikaMama,1
17-Feb-2023,50d,alexa,BeneficialSmoke3938,1
17-Feb-2023,50d,alexa,applepearz99,1
17-Feb-2023,50d,alexa,Odd_Explanation9506,1
17-Feb-2023,50d,alexa,wobblybootson,1
17-Feb-2023,50d,alexa,speedycat2014,1
17-Feb-2023,50d,alexa,dabbydoook,1
17-Feb-2023,50d,alexa,jackshmartinnz,1
17-Feb-2023,50d,alexa,Donone1953,1
17-Feb-2023,50d,alexa,33o3x,1
17-Feb-2023,50d,alexa,twoods450,1
17-Feb-2023,50d,alexa,Shirvana,1
17-Feb-2023,50d,alexa,DazzlingAlfalfa3632,1
17-Feb-2023,50d,alexa,nikolozX,1
17-Feb-2023,50d,alexa,m0lson,1
17-Feb-2023,50d,alexa,BigLab6287,1
17-Feb-2023,50d,alexa,Bigch88se,1
17-Feb-2023,50d,alexa,NWO-Flashback,1
17-Feb-2023,50d,alexa,Lovingmylife2020,1
17-Feb-2023,50d,alexa,redwingshat,1
17-Feb-2023,50d,alexa,Baultzak,1
17-Feb-2023,50d,alexa,chuweezey,1
17-Feb-2023,50d,alexa,Chire85,1
17-Feb-2023,50d,alexa,buzzybomb,1
17-Feb-2023,50d,alexa,kc9xg,1
17-Feb-2023,50d,alexa,EqualOpportunityTart,1
17-Feb-2023,50d,alexa,-subtext,1
17-Feb-2023,50d,alexa,el_smurfo,1
17-Feb-2023,50d,alexa,bhalf19,1
17-Feb-2023,50d,alexa,Steakman1971,1
17-Feb-2023,50d,alexa,Dragyn140,1
17-Feb-2023,50d,alexa,Stardran,1
17-Feb-2023,50d,alexa,TKJ,1
17-Feb-2023,50d,alexa,CoalitionShrimp,1
17-Feb-2023,50d,alexa,c010rb1indusa,1
17-Feb-2023,50d,alexa,eatsleepexplore,1
17-Feb-2023,50d,alexa,mkglass,1
17-Feb-2023,50d,alexa,humanessinmoderation,1
17-Feb-2023,50d,alexa,nicegaarden,1
17-Feb-2023,50d,alexa,italykenny,1
17-Feb-2023,50d,alexa,Burgundywine,1
17-Feb-2023,50d,alexa,SurviveAdaptWin,1
17-Feb-2023,50d,alexa,uncty,1
17-Feb-2023,50d,alexa,Zephaniah117,1
17-Feb-2023,50d,alexa,darkbeldin,1
17-Feb-2023,50d,alexa,UneakRabbit,1
17-Feb-2023,50d,alexa,KanashimiMusic,1
17-Feb-2023,50d,alexa,splatmatt,1
17-Feb-2023,50d,alexa,mattfox27,1
17-Feb-2023,50d,alexa,Responsible_Tell_496,1
17-Feb-2023,50d,alexa,senselessc0mic,1
17-Feb-2023,50d,alexa,Chieppipopo,1
17-Feb-2023,50d,alexa,johnkhoo,1
17-Feb-2023,50d,alexa,kyle2897,1
17-Feb-2023,50d,alexa,rszemacs,1
17-Feb-2023,50d,alexa,smartyhome,1
17-Feb-2023,50d,alexa,Interesting_Cod5300,1
17-Feb-2023,50d,alexa,gravypoptarts,1
17-Feb-2023,50d,alexa,vdodgymix,1
17-Feb-2023,50d,alexa,itsbrittanybitch369,1
17-Feb-2023,50d,alexa,SupremeShark061003,1
17-Feb-2023,50d,alexa,Affectionate_Letter7,1
17-Feb-2023,50d,alexa,richaardvark,1
17-Feb-2023,50d,alexa,Competitive-Ad-2643,1
17-Feb-2023,50d,alexa,gnooz39,1
17-Feb-2023,50d,alexa,Amanda-sb,1
17-Feb-2023,50d,alexa,SleepingCicada,1
17-Feb-2023,50d,alexa,deliveryguyuk,1
17-Feb-2023,50d,alexa,PockASqueeno,1
17-Feb-2023,50d,alexa,CaboDennis17,1
17-Feb-2023,50d,alexa,aguywiththoughts,1
17-Feb-2023,50d,alexa,weisslakeguy,1
17-Feb-2023,50d,alexa,Historical_Move_9601,1
17-Feb-2023,50d,alexa,TheAmateurRunner,1
17-Feb-2023,50d,alexa,Ok_Job_6159,1
17-Feb-2023,50d,alexa,Aderaxia,1
17-Feb-2023,50d,alexa,TheVoicesOfBrian,1
17-Feb-2023,50d,alexa,weirdbeardwolf,1
17-Feb-2023,50d,alexa,JoystikJester,1
17-Feb-2023,50d,alexa,R3stl3ssSalm0n,1
17-Feb-2023,50d,alexa,aa040371,1
17-Feb-2023,50d,alexa,RamblerUsa,1
17-Feb-2023,50d,alexa,jayprov,1
17-Feb-2023,50d,alexa,trifilij,1
17-Feb-2023,50d,alexa,sailing395,1
17-Feb-2023,50d,alexa,hearthackar,1
17-Feb-2023,50d,alexa,imperfectideal,1
17-Feb-2023,50d,alexa,AriaNevicate,1
17-Feb-2023,50d,alexa,Metalmarco,1
17-Feb-2023,50d,alexa,Sataka_Gintoki,1
17-Feb-2023,50d,alexa,Special-Clerk-5896,1
17-Feb-2023,50d,alexa,TobiasBloyd,1
17-Feb-2023,50d,alexa,MrDShark,1
17-Feb-2023,50d,alexa,babraeton,1
17-Feb-2023,50d,alexa,JustForThisSteel,1
17-Feb-2023,50d,alexa,Davvine,1
17-Feb-2023,50d,alexa,gracielynn72,1
17-Feb-2023,50d,alexa,Bushwhack92,1
17-Feb-2023,50d,alexa,thedraftpunk,1
17-Feb-2023,50d,alexa,Horror-Pay,1
17-Feb-2023,50d,alexa,rebobbecker,1
17-Feb-2023,50d,alexa,BruceBeardsley,1
17-Feb-2023,50d,alexa,Iphobe_3220,1
17-Feb-2023,50d,alexa,DrRomeoChaire,1
17-Feb-2023,50d,alexa,ejushiro,1
17-Feb-2023,50d,alexa,HuddiesMama,1
17-Feb-2023,50d,alexa,sexmountain,1
17-Feb-2023,50d,alexa,Silverlining4000,1
17-Feb-2023,50d,alexa,HoonCackles,1
17-Feb-2023,50d,alexa,steverosenthal,1
17-Feb-2023,50d,alexa,DateEnvironmental548,1
17-Feb-2023,50d,alexa,Hostageisbad,1
17-Feb-2023,50d,alexa,lianschelkle,1
17-Feb-2023,50d,alexa,LonelyChampionship17,1
17-Feb-2023,50d,alexa,phaze08,1
17-Feb-2023,50d,alexa,blueper01,1
17-Feb-2023,50d,alexa,lewiss15,1
17-Feb-2023,50d,alexa,Predator04,1
17-Feb-2023,50d,alexa,pleasesayUarekidding,1
17-Feb-2023,50d,alexa,Xur_and_the_Kodan,1
17-Feb-2023,50d,alexa,MagnusFireblade,1
17-Feb-2023,50d,alexa,theegoldenone,1
17-Feb-2023,50d,alexa,0dd1nn,1
17-Feb-2023,50d,alexa,GroundbreakingPain21,1
17-Feb-2023,50d,alexa,caliprelude,1
17-Feb-2023,50d,alexa,wildwood9843,1
17-Feb-2023,50d,alexa,Diligent-Base-4615,1
17-Feb-2023,50d,alexa,razzretina,1
17-Feb-2023,50d,alexa,Yeeterskewter,1
17-Feb-2023,50d,alexa,adb1146,1
17-Feb-2023,50d,alexa,fixerupper54287,1
17-Feb-2023,50d,alexa,Temporary_Monitor201,1
17-Feb-2023,50d,alexa,SCwarrior92,1
17-Feb-2023,50d,alexa,Ganglio_Side,1
17-Feb-2023,50d,alexa,ikgner,1
17-Feb-2023,50d,alexa,cc_207,1
17-Feb-2023,50d,alexa,Less_Masterpiece_450,1
17-Feb-2023,50d,alexa,JeffFromNH,1
17-Feb-2023,50d,alexa,slavemiddle,1
17-Feb-2023,50d,alexa,fuzzybat23,1
17-Feb-2023,50d,alexa,mmmmwhu,1
17-Feb-2023,50d,alexa,DifferentKey4,1
17-Feb-2023,50d,alexa,truth2121,1
17-Feb-2023,50d,alexa,DialUpInternet4Life,1
17-Feb-2023,50d,alexa,Pleasant_Resource113,1
17-Feb-2023,50d,alexa,Calm_Character_422,1
17-Feb-2023,50d,alexa,HYAR7E,1
17-Feb-2023,50d,alexa,Bendoza1,1
17-Feb-2023,50d,alexa,jschall2,1
17-Feb-2023,50d,alexa,realStuvis,1
17-Feb-2023,50d,alexa,sxrx0,1
17-Feb-2023,50d,alexa,heimdal77,1
17-Feb-2023,50d,alexa,DeftColeman05,1
17-Feb-2023,50d,alexa,RexRow,1
17-Feb-2023,50d,alexa,asapcr0cky,1
17-Feb-2023,50d,alexa,Gal_Axy,1
17-Feb-2023,50d,alexa,Gizmify,1
17-Feb-2023,50d,alexa,sparkle_runnergal,1
17-Feb-2023,50d,alexa,klef-ki,1
17-Feb-2023,50d,alexa,Klexal,1
17-Feb-2023,50d,alexa,OrcaInWater,1
17-Feb-2023,50d,alexa,Shitass10,1
17-Feb-2023,50d,alexa,ValHane,1
17-Feb-2023,50d,alexa,RoadconePhoto,1
17-Feb-2023,50d,alexa,rtr01t,1
17-Feb-2023,50d,alexa,Beastly4k,1
17-Feb-2023,50d,alexa,Sienna7676,1
17-Feb-2023,50d,alexa,StandardFee5124,1
17-Feb-2023,50d,alexa,digitalbeef,1
17-Feb-2023,50d,alexa,benlabscdk,1
17-Feb-2023,50d,alexa,eat_more_ovaltine,1
17-Feb-2023,50d,alexa,Motor-Ad9914,1
17-Feb-2023,50d,alexa,Maitland1988,1
17-Feb-2023,50d,alexa,WantureFleckinToots,1
17-Feb-2023,50d,alexa,SciFi_Author,1
17-Feb-2023,50d,alexa,ConversationFar5698,1
17-Feb-2023,50d,alexa,DurianGuacamole,1
17-Feb-2023,50d,alexa,mynonymouse,1
17-Feb-2023,50d,alexa,LordScyther998,1
17-Feb-2023,50d,alexa,damontoo,1
17-Feb-2023,50d,alexa,Emotional_Wait_9106,1
17-Feb-2023,50d,alexa,claryleighton,1
17-Feb-2023,50d,alexa,irishswede_13,1
17-Feb-2023,50d,alexa,UniqueNudes,1
17-Feb-2023,50d,alexa,CuriousConnect,1
17-Feb-2023,50d,alexa,Helpful_Elevator6406,1
17-Feb-2023,50d,alexa,cantthinkofxyz,1
17-Feb-2023,50d,alexa,LordDabz710,1
17-Feb-2023,50d,alexa,Raeganvg,1
17-Feb-2023,50d,alexa,aseenonthewebs,1
17-Feb-2023,50d,alexa,keilemi82,1
