query_date,before_date,subreddit,comment_author,comment_frequency
17-Feb-2023,100d,alexa,Dansk72,96
17-Feb-2023,100d,alexa,[deleted],63
17-Feb-2023,100d,alexa,dalmarnock,39
17-Feb-2023,100d,alexa,dokuromark,26
17-Feb-2023,100d,alexa,Wayne8766,23
17-Feb-2023,100d,alexa,Famous-Perspective-3,18
17-Feb-2023,100d,alexa,InevitableRhubarb232,16
17-Feb-2023,100d,alexa,RedMapleBat,15
17-Feb-2023,100d,alexa,brantome24,15
17-Feb-2023,100d,alexa,Helpful_Put_5274,13
17-Feb-2023,100d,alexa,val319,13
17-Feb-2023,100d,alexa,Important-Comfort,10
17-Feb-2023,100d,alexa,VdomanFla,10
17-Feb-2023,100d,alexa,hoistedbypetard,10
17-Feb-2023,100d,alexa,Scooter310,9
17-Feb-2023,100d,alexa,winelight,7
17-Feb-2023,100d,alexa,Nick_W1,7
17-Feb-2023,100d,alexa,rtrski,7
17-Feb-2023,100d,alexa,NikkiRoxi,6
17-Feb-2023,100d,alexa,Examiner7,6
17-Feb-2023,100d,alexa,_justalittlerain_,6
17-Feb-2023,100d,alexa,ebsebs,5
17-Feb-2023,100d,alexa,douger1957,5
17-Feb-2023,100d,alexa,maize_on_the_cob,5
17-Feb-2023,100d,alexa,unicorn_rainbow_goat,5
17-Feb-2023,100d,alexa,Large-Squash8379,5
17-Feb-2023,100d,alexa,MagickAspie,5
17-Feb-2023,100d,alexa,Slade_Williams,5
17-Feb-2023,100d,alexa,KitWat,4
17-Feb-2023,100d,alexa,mikeyshu,4
17-Feb-2023,100d,alexa,Temporary_Monitor201,4
17-Feb-2023,100d,alexa,tarzan_nojane,4
17-Feb-2023,100d,alexa,normal2norman,4
17-Feb-2023,100d,alexa,wotsit_sandwich,4
17-Feb-2023,100d,alexa,MaurokNC,4
17-Feb-2023,100d,alexa,flargenhargen,4
17-Feb-2023,100d,alexa,KenjiFox,4
17-Feb-2023,100d,alexa,BrianDerm,4
17-Feb-2023,100d,alexa,Baremegigjen,4
17-Feb-2023,100d,alexa,LordDabz710,4
17-Feb-2023,100d,alexa,irishswede_13,4
17-Feb-2023,100d,alexa,uscpsycho,4
17-Feb-2023,100d,alexa,din38ah,4
17-Feb-2023,100d,alexa,ErinPaperbackstash,4
17-Feb-2023,100d,alexa,Kezika,4
17-Feb-2023,100d,alexa,noncoolguy,4
17-Feb-2023,100d,alexa,waorak,4
17-Feb-2023,100d,alexa,Smart-Time6212,4
17-Feb-2023,100d,alexa,wuxxler,3
17-Feb-2023,100d,alexa,Pleasant_Resource113,3
17-Feb-2023,100d,alexa,Bendoza1,3
17-Feb-2023,100d,alexa,TwentyLegs,3
17-Feb-2023,100d,alexa,tellitelli555,3
17-Feb-2023,100d,alexa,digitalbeef,3
17-Feb-2023,100d,alexa,MyageEDH,3
17-Feb-2023,100d,alexa,billyions,3
17-Feb-2023,100d,alexa,HonnyBrown,3
17-Feb-2023,100d,alexa,shillyshally,3
17-Feb-2023,100d,alexa,damontoo,3
17-Feb-2023,100d,alexa,Lanyeet,3
17-Feb-2023,100d,alexa,JediBuji,3
17-Feb-2023,100d,alexa,soopafly,3
17-Feb-2023,100d,alexa,thedreaming2017,3
17-Feb-2023,100d,alexa,vaderag,3
17-Feb-2023,100d,alexa,Eccentrica_Gallumbit,3
17-Feb-2023,100d,alexa,mrbmi513,3
17-Feb-2023,100d,alexa,nolij420,3
17-Feb-2023,100d,alexa,antisane,3
17-Feb-2023,100d,alexa,Unusual-Award767,3
17-Feb-2023,100d,alexa,ElectriCole,3
17-Feb-2023,100d,alexa,hmhsbritannic12,3
17-Feb-2023,100d,alexa,ClaimedMinotaur,3
17-Feb-2023,100d,alexa,sara-alexa,3
17-Feb-2023,100d,alexa,AuntRobin,3
17-Feb-2023,100d,alexa,OvergrownGnome,3
17-Feb-2023,100d,alexa,tzadill,2
17-Feb-2023,100d,alexa,antlestxp,2
17-Feb-2023,100d,alexa,Ganglio_Side,2
17-Feb-2023,100d,alexa,JeffFromNH,2
17-Feb-2023,100d,alexa,demien87,2
17-Feb-2023,100d,alexa,DifferentKey4,2
17-Feb-2023,100d,alexa,chrivid,2
17-Feb-2023,100d,alexa,Infamous_Prompt_6126,2
17-Feb-2023,100d,alexa,tlfought,2
17-Feb-2023,100d,alexa,breakneckridge,2
17-Feb-2023,100d,alexa,AUSL0c0,2
17-Feb-2023,100d,alexa,9100,2
17-Feb-2023,100d,alexa,thegreen_goliath,2
17-Feb-2023,100d,alexa,ritchie70,2
17-Feb-2023,100d,alexa,my_fifth_new_account,2
17-Feb-2023,100d,alexa,Zevnadia,2
17-Feb-2023,100d,alexa,QuixoticRocket,2
17-Feb-2023,100d,alexa,RoadconePhoto,2
17-Feb-2023,100d,alexa,hyperpolaris,2
17-Feb-2023,100d,alexa,TrustLeft,2
17-Feb-2023,100d,alexa,2mnyq,2
17-Feb-2023,100d,alexa,Derekeys,2
17-Feb-2023,100d,alexa,marticored,2
17-Feb-2023,100d,alexa,ExcuseMe004,2
17-Feb-2023,100d,alexa,OrcaInWater,2
17-Feb-2023,100d,alexa,Kaileigh_McCall,2
17-Feb-2023,100d,alexa,rtr01t,2
17-Feb-2023,100d,alexa,kd5nrh,2
17-Feb-2023,100d,alexa,skittles_for_brains,2
17-Feb-2023,100d,alexa,Quacking_Plums,2
17-Feb-2023,100d,alexa,MegarangerBlue,2
17-Feb-2023,100d,alexa,peter888chan,2
17-Feb-2023,100d,alexa,KBert319,2
17-Feb-2023,100d,alexa,Cash-Machine,2
17-Feb-2023,100d,alexa,GIDAMIEN,2
17-Feb-2023,100d,alexa,Riquende,2
17-Feb-2023,100d,alexa,Maitland1988,2
17-Feb-2023,100d,alexa,GetMeOutdoors,2
17-Feb-2023,100d,alexa,jeffbaier,2
17-Feb-2023,100d,alexa,mangoappleorange,2
17-Feb-2023,100d,alexa,tippytoegirl,2
17-Feb-2023,100d,alexa,ohio_medic,2
17-Feb-2023,100d,alexa,cwoodaus17,2
17-Feb-2023,100d,alexa,CentralParkDuck,2
17-Feb-2023,100d,alexa,teckn9ne79,2
17-Feb-2023,100d,alexa,DOMesticBRAT,2
17-Feb-2023,100d,alexa,maskup-aslo,2
17-Feb-2023,100d,alexa,covingtonFF,2
17-Feb-2023,100d,alexa,NoonieP,2
17-Feb-2023,100d,alexa,4u2nv2019,2
17-Feb-2023,100d,alexa,BadDecisionPolice,2
17-Feb-2023,100d,alexa,Crowsby,2
17-Feb-2023,100d,alexa,mrBill12,2
17-Feb-2023,100d,alexa,LAANGRetention,2
17-Feb-2023,100d,alexa,baobab68,2
17-Feb-2023,100d,alexa,rrdein,2
17-Feb-2023,100d,alexa,spiderplex,2
17-Feb-2023,100d,alexa,Abdul-Ahmadinejad,2
17-Feb-2023,100d,alexa,Messiah,2
17-Feb-2023,100d,alexa,metal4life98,2
17-Feb-2023,100d,alexa,vivi_t3ch,2
17-Feb-2023,100d,alexa,kresbok,2
17-Feb-2023,100d,alexa,Butterscotch_Tall,2
17-Feb-2023,100d,alexa,Expensive_Taste3492,2
17-Feb-2023,100d,alexa,Mikhail_Petrov,2
17-Feb-2023,100d,alexa,CodeCat5,2
17-Feb-2023,100d,alexa,KomandirHoek,2
17-Feb-2023,100d,alexa,SerdST,2
17-Feb-2023,100d,alexa,towelrod,2
17-Feb-2023,100d,alexa,BadgersAndJam77,2
17-Feb-2023,100d,alexa,parkineos,2
17-Feb-2023,100d,alexa,A_Random_Polski,2
17-Feb-2023,100d,alexa,Suile-Bhride,2
17-Feb-2023,100d,alexa,Jekyllhyde,2
17-Feb-2023,100d,alexa,finlay88,2
17-Feb-2023,100d,alexa,JonMinusJon,2
17-Feb-2023,100d,alexa,BoxOfSnoo,2
17-Feb-2023,100d,alexa,NewSession9502,2
17-Feb-2023,100d,alexa,Mrbeankc,2
17-Feb-2023,100d,alexa,smoothEarlGrey,2
17-Feb-2023,100d,alexa,mchamp90,2
17-Feb-2023,100d,alexa,wolfelias2,2
17-Feb-2023,100d,alexa,LadyLoki5,1
17-Feb-2023,100d,alexa,Diligent-Base-4615,1
17-Feb-2023,100d,alexa,AskWhatWhen,1
17-Feb-2023,100d,alexa,Elnateo,1
17-Feb-2023,100d,alexa,bambam-on-reddit,1
17-Feb-2023,100d,alexa,JagerHands,1
17-Feb-2023,100d,alexa,m3troGnome,1
17-Feb-2023,100d,alexa,SaltTheRimG,1
17-Feb-2023,100d,alexa,Totallynotacar,1
17-Feb-2023,100d,alexa,Murphysburger,1
17-Feb-2023,100d,alexa,whoistheg,1
17-Feb-2023,100d,alexa,foxfai,1
17-Feb-2023,100d,alexa,krazydavid,1
17-Feb-2023,100d,alexa,peter_2900,1
17-Feb-2023,100d,alexa,fixerupper54287,1
17-Feb-2023,100d,alexa,dadudster,1
17-Feb-2023,100d,alexa,spygur1,1
17-Feb-2023,100d,alexa,theMOESIAH,1
17-Feb-2023,100d,alexa,redwingshat,1
17-Feb-2023,100d,alexa,onetirespins,1
17-Feb-2023,100d,alexa,professionalspooner,1
17-Feb-2023,100d,alexa,JinxThePetRock,1
17-Feb-2023,100d,alexa,bear_685,1
17-Feb-2023,100d,alexa,cc_207,1
17-Feb-2023,100d,alexa,Chicanery86,1
17-Feb-2023,100d,alexa,leantomorrow,1
17-Feb-2023,100d,alexa,DoctorMindWar,1
17-Feb-2023,100d,alexa,Drakknfyre,1
17-Feb-2023,100d,alexa,tortilla-king,1
17-Feb-2023,100d,alexa,CelsoSC,1
17-Feb-2023,100d,alexa,mdoj,1
17-Feb-2023,100d,alexa,Pilda,1
17-Feb-2023,100d,alexa,DialUpInternet4Life,1
17-Feb-2023,100d,alexa,winslow462,1
17-Feb-2023,100d,alexa,TheBestPantsRNoPants,1
17-Feb-2023,100d,alexa,OhSnapFit,1
17-Feb-2023,100d,alexa,afternoon_sun_robot,1
17-Feb-2023,100d,alexa,captainalphabet,1
17-Feb-2023,100d,alexa,triconda,1
17-Feb-2023,100d,alexa,crushingqwerty,1
17-Feb-2023,100d,alexa,MildredMay,1
17-Feb-2023,100d,alexa,Saltysalad,1
17-Feb-2023,100d,alexa,HumbleMartian,1
17-Feb-2023,100d,alexa,MasonInk,1
17-Feb-2023,100d,alexa,earthscribe,1
17-Feb-2023,100d,alexa,gyshall,1
17-Feb-2023,100d,alexa,realStuvis,1
17-Feb-2023,100d,alexa,sxrx0,1
17-Feb-2023,100d,alexa,cotuisano,1
17-Feb-2023,100d,alexa,ellisonpd44,1
17-Feb-2023,100d,alexa,francoroxor,1
17-Feb-2023,100d,alexa,simply-hopeless,1
17-Feb-2023,100d,alexa,PristineLog7,1
17-Feb-2023,100d,alexa,threadycat,1
17-Feb-2023,100d,alexa,claryleighton,1
17-Feb-2023,100d,alexa,Xalenn,1
17-Feb-2023,100d,alexa,BobaBoi1218,1
17-Feb-2023,100d,alexa,SandwitchStorm,1
17-Feb-2023,100d,alexa,Verity41,1
17-Feb-2023,100d,alexa,Aggravated-by-alexa,1
17-Feb-2023,100d,alexa,AraiMay,1
17-Feb-2023,100d,alexa,I-am-Phaedrus,1
17-Feb-2023,100d,alexa,anonymiz123,1
17-Feb-2023,100d,alexa,Klexal,1
17-Feb-2023,100d,alexa,Papushdo,1
17-Feb-2023,100d,alexa,KC3AKY,1
17-Feb-2023,100d,alexa,CherishSlan,1
17-Feb-2023,100d,alexa,RudiZarzoffs,1
17-Feb-2023,100d,alexa,play_deadT-T,1
17-Feb-2023,100d,alexa,rtsyn,1
17-Feb-2023,100d,alexa,rszemacs,1
17-Feb-2023,100d,alexa,carolineecouture,1
17-Feb-2023,100d,alexa,46boomerang,1
17-Feb-2023,100d,alexa,Phredee,1
17-Feb-2023,100d,alexa,KGB_MSP,1
17-Feb-2023,100d,alexa,Essar388,1
17-Feb-2023,100d,alexa,Beastly4k,1
17-Feb-2023,100d,alexa,PlotRocker,1
17-Feb-2023,100d,alexa,focuslife,1
17-Feb-2023,100d,alexa,andraes,1
17-Feb-2023,100d,alexa,Accomplished_Dream69,1
17-Feb-2023,100d,alexa,Methodical357,1
17-Feb-2023,100d,alexa,Texburrito03,1
17-Feb-2023,100d,alexa,Hush7,1
17-Feb-2023,100d,alexa,--ikindahatereddit--,1
17-Feb-2023,100d,alexa,TheRealFakeSteve,1
17-Feb-2023,100d,alexa,C20H25N3O-C21H30O2,1
17-Feb-2023,100d,alexa,JamieCristofani,1
17-Feb-2023,100d,alexa,cuevobat,1
17-Feb-2023,100d,alexa,wabbit983,1
17-Feb-2023,100d,alexa,ObiYawn,1
17-Feb-2023,100d,alexa,seansand,1
17-Feb-2023,100d,alexa,hTOKJTRHMdw,1
17-Feb-2023,100d,alexa,SciFi_Author,1
17-Feb-2023,100d,alexa,UniqueNudes,1
17-Feb-2023,100d,alexa,Lufferov,1
17-Feb-2023,100d,alexa,Flashy_Advertising94,1
17-Feb-2023,100d,alexa,zo3foxx,1
17-Feb-2023,100d,alexa,jdobem,1
17-Feb-2023,100d,alexa,Stormy-Monday,1
17-Feb-2023,100d,alexa,Keldar1997,1
17-Feb-2023,100d,alexa,Monkfich,1
17-Feb-2023,100d,alexa,aseenonthewebs,1
17-Feb-2023,100d,alexa,Countdown2_deletion,1
17-Feb-2023,100d,alexa,TheRealFarmerBob,1
17-Feb-2023,100d,alexa,eeladnohr,1
17-Feb-2023,100d,alexa,some12345thing,1
17-Feb-2023,100d,alexa,Scarab138,1
17-Feb-2023,100d,alexa,Helpful_Elevator6406,1
17-Feb-2023,100d,alexa,arealbigfan1,1
17-Feb-2023,100d,alexa,nekoneto,1
17-Feb-2023,100d,alexa,dexxus22,1
17-Feb-2023,100d,alexa,Darth_Pony83,1
17-Feb-2023,100d,alexa,BismarkUMD,1
17-Feb-2023,100d,alexa,wax66,1
17-Feb-2023,100d,alexa,garfath,1
17-Feb-2023,100d,alexa,slaeryx,1
17-Feb-2023,100d,alexa,Keeks73,1
17-Feb-2023,100d,alexa,09edwarc,1
17-Feb-2023,100d,alexa,zitsky,1
17-Feb-2023,100d,alexa,Jumile,1
17-Feb-2023,100d,alexa,hamo78,1
17-Feb-2023,100d,alexa,ChunkyLaFunga,1
17-Feb-2023,100d,alexa,LDB_1,1
17-Feb-2023,100d,alexa,Horsebiscut,1
17-Feb-2023,100d,alexa,themooglove,1
17-Feb-2023,100d,alexa,PartyDad69,1
17-Feb-2023,100d,alexa,PC_Junkie,1
17-Feb-2023,100d,alexa,zilops,1
17-Feb-2023,100d,alexa,alecatq2,1
17-Feb-2023,100d,alexa,Omg_stop,1
17-Feb-2023,100d,alexa,SC487,1
17-Feb-2023,100d,alexa,countthespokes,1
17-Feb-2023,100d,alexa,freebubbleup,1
17-Feb-2023,100d,alexa,oh_errol,1
17-Feb-2023,100d,alexa,DestructorNZ,1
17-Feb-2023,100d,alexa,989x4000,1
17-Feb-2023,100d,alexa,pOZORjED,1
17-Feb-2023,100d,alexa,TheValkyrieAsh,1
17-Feb-2023,100d,alexa,DanielGoodchild,1
17-Feb-2023,100d,alexa,joebruin32,1
17-Feb-2023,100d,alexa,wsd65,1
17-Feb-2023,100d,alexa,Metalneck,1
17-Feb-2023,100d,alexa,thepirateking7,1
17-Feb-2023,100d,alexa,gosti500,1
17-Feb-2023,100d,alexa,RockPaperShredder,1
17-Feb-2023,100d,alexa,UglyBagOfMostlyHOH,1
17-Feb-2023,100d,alexa,dsilverm1,1
17-Feb-2023,100d,alexa,Durant78,1
17-Feb-2023,100d,alexa,CallMeRawie,1
17-Feb-2023,100d,alexa,Away-Ad-8053,1
17-Feb-2023,100d,alexa,giantButzn33,1
17-Feb-2023,100d,alexa,TheRealRedknive,1
17-Feb-2023,100d,alexa,PTSDreamer333,1
17-Feb-2023,100d,alexa,thelastwilson,1
17-Feb-2023,100d,alexa,ithink,1
17-Feb-2023,100d,alexa,kajotaene,1
17-Feb-2023,100d,alexa,Kyosji,1
17-Feb-2023,100d,alexa,Bobby-Dazzling,1
17-Feb-2023,100d,alexa,bigmommythot,1
17-Feb-2023,100d,alexa,Background-Shoe-2491,1
17-Feb-2023,100d,alexa,emeraldsfax,1
17-Feb-2023,100d,alexa,diverareyouok,1
17-Feb-2023,100d,alexa,vidalong04,1
17-Feb-2023,100d,alexa,mfwood8,1
17-Feb-2023,100d,alexa,PretentiousDuck,1
17-Feb-2023,100d,alexa,blvrcks,1
17-Feb-2023,100d,alexa,kevy21,1
17-Feb-2023,100d,alexa,J4M0MU51C,1
17-Feb-2023,100d,alexa,J-COE,1
17-Feb-2023,100d,alexa,gettingbetteralways,1
17-Feb-2023,100d,alexa,swissthoemu,1
17-Feb-2023,100d,alexa,Kevin8503,1
17-Feb-2023,100d,alexa,hab136,1
17-Feb-2023,100d,alexa,Dragonavenger86,1
17-Feb-2023,100d,alexa,noonan706,1
17-Feb-2023,100d,alexa,someone383726,1
17-Feb-2023,100d,alexa,PS5player,1
17-Feb-2023,100d,alexa,KiwiCharles,1
17-Feb-2023,100d,alexa,todayithinkthis,1
17-Feb-2023,100d,alexa,TicklintheIvory,1
17-Feb-2023,100d,alexa,PrivatePilot9,1
17-Feb-2023,100d,alexa,blount-force-trauma,1
17-Feb-2023,100d,alexa,annetoal,1
17-Feb-2023,100d,alexa,WWMRD2016,1
17-Feb-2023,100d,alexa,CurvePuzzleheaded361,1
17-Feb-2023,100d,alexa,fkredditadminteam,1
17-Feb-2023,100d,alexa,DJDevon3,1
17-Feb-2023,100d,alexa,jordanundead,1
17-Feb-2023,100d,alexa,ketralnis,1
17-Feb-2023,100d,alexa,martw,1
17-Feb-2023,100d,alexa,jaxdraw,1
17-Feb-2023,100d,alexa,sylvar,1
17-Feb-2023,100d,alexa,blade_jenkins,1
17-Feb-2023,100d,alexa,McFeely_Smackup,1
17-Feb-2023,100d,alexa,Long_Lengthiness_566,1
17-Feb-2023,100d,alexa,paeioudia,1
17-Feb-2023,100d,alexa,Desert_Trader,1
17-Feb-2023,100d,alexa,JasonRocco77,1
17-Feb-2023,100d,alexa,ihaveajob79,1
17-Feb-2023,100d,alexa,NeilPork,1
17-Feb-2023,100d,alexa,PoshLagoon,1
17-Feb-2023,100d,alexa,r_Yellow01,1
17-Feb-2023,100d,alexa,ferrundibus,1
17-Feb-2023,100d,alexa,sperry1970,1
17-Feb-2023,100d,alexa,cross_fire133,1
17-Feb-2023,100d,alexa,Optimal_Performer87,1
17-Feb-2023,100d,alexa,PurplePaisley7,1
17-Feb-2023,100d,alexa,Rumblarr,1
17-Feb-2023,100d,alexa,aegnat,1
17-Feb-2023,100d,alexa,norbertyeahbert,1
17-Feb-2023,100d,alexa,pnt103,1
17-Feb-2023,100d,alexa,ArdRi6,1
17-Feb-2023,100d,alexa,jeffwi1,1
17-Feb-2023,100d,alexa,vantuckymyfoot,1
17-Feb-2023,100d,alexa,MetalAndAlsoBass,1
17-Feb-2023,100d,alexa,shrinkingnadia,1
17-Feb-2023,100d,alexa,kiln,1
17-Feb-2023,100d,alexa,speedycat2014,1
17-Feb-2023,100d,alexa,leftcoast-usa,1
17-Feb-2023,100d,alexa,After-Life-1101,1
17-Feb-2023,100d,alexa,kaorukaoru84,1
17-Feb-2023,100d,alexa,alexsinge,1
17-Feb-2023,100d,alexa,Cjafasttype,1
