query_date,before_date,subreddit,submission_author,submission_frequency
17-Feb-2023,70d,alexa,esgarnix,5
17-Feb-2023,70d,alexa,DoctorMindWar,4
17-Feb-2023,70d,alexa,[deleted],4
17-Feb-2023,70d,alexa,obitest11,3
17-Feb-2023,70d,alexa,Affectionate_File374,3
17-Feb-2023,70d,alexa,Martholomeow,3
17-Feb-2023,70d,alexa,MaurokNC,3
17-Feb-2023,70d,alexa,anonymousbrother00,3
17-Feb-2023,70d,alexa,KitWat,3
17-Feb-2023,70d,alexa,Aggressive-Fee-22,3
17-Feb-2023,70d,alexa,Beautiful-Relief1004,3
17-Feb-2023,70d,alexa,werdmouf,2
17-Feb-2023,70d,alexa,NewtoniteToo,2
17-Feb-2023,70d,alexa,00derek,2
17-Feb-2023,70d,alexa,TravelingChick,2
17-Feb-2023,70d,alexa,cur10us_ge0rge,2
17-Feb-2023,70d,alexa,tismo74,2
17-Feb-2023,70d,alexa,MicheleCostaITA,2
17-Feb-2023,70d,alexa,LilBabyGroot01,2
17-Feb-2023,70d,alexa,nodakskip,2
17-Feb-2023,70d,alexa,Nudelauge,2
17-Feb-2023,70d,alexa,UnnaturalCarrier,2
17-Feb-2023,70d,alexa,LoganJFisher,2
17-Feb-2023,70d,alexa,Fluffy_Ad7392,2
17-Feb-2023,70d,alexa,DSavoie6,2
17-Feb-2023,70d,alexa,ihatedrifting99,2
17-Feb-2023,70d,alexa,Whiskey_Fiasco,2
17-Feb-2023,70d,alexa,happygundi,2
17-Feb-2023,70d,alexa,theribrob,2
17-Feb-2023,70d,alexa,GrumblingDuke0,2
17-Feb-2023,70d,alexa,DidYouRebootIt,2
17-Feb-2023,70d,alexa,TaradoHonesto,2
17-Feb-2023,70d,alexa,ucefemad,2
17-Feb-2023,70d,alexa,Dry-Sun855,2
17-Feb-2023,70d,alexa,slawnz,2
17-Feb-2023,70d,alexa,Levitb2,2
17-Feb-2023,70d,alexa,mustarunallday,2
17-Feb-2023,70d,alexa,snorkel42,2
17-Feb-2023,70d,alexa,Kuro_Renshin_,2
17-Feb-2023,70d,alexa,DragonOfAgnor,2
17-Feb-2023,70d,alexa,KittenMaster6900,2
17-Feb-2023,70d,alexa,derrabe80,2
17-Feb-2023,70d,alexa,OnOnTrueTrail,2
17-Feb-2023,70d,alexa,RainGumDrop,2
17-Feb-2023,70d,alexa,Busy-Fun9242,2
17-Feb-2023,70d,alexa,PristineLog7,2
17-Feb-2023,70d,alexa,Av8tr1,1
17-Feb-2023,70d,alexa,Yeawesome1,1
17-Feb-2023,70d,alexa,Silent-Storm-3604,1
17-Feb-2023,70d,alexa,Thermidor2,1
17-Feb-2023,70d,alexa,-Nate-Dawg-,1
17-Feb-2023,70d,alexa,hg3hun7ur9,1
17-Feb-2023,70d,alexa,the_bookish_girl84,1
17-Feb-2023,70d,alexa,Lutzoey,1
17-Feb-2023,70d,alexa,Danimal__27,1
17-Feb-2023,70d,alexa,thegoalie,1
17-Feb-2023,70d,alexa,browandr,1
17-Feb-2023,70d,alexa,RandofCarter,1
17-Feb-2023,70d,alexa,jvaliga,1
17-Feb-2023,70d,alexa,Zippo_Willow,1
17-Feb-2023,70d,alexa,midigo6,1
17-Feb-2023,70d,alexa,ajaymishra5728,1
17-Feb-2023,70d,alexa,The_Bradenator,1
17-Feb-2023,70d,alexa,AdventureApe123,1
17-Feb-2023,70d,alexa,Crafty_Commission932,1
17-Feb-2023,70d,alexa,MedicineBeforeEdison,1
17-Feb-2023,70d,alexa,Comfortable-Abroad66,1
17-Feb-2023,70d,alexa,Froglog1,1
17-Feb-2023,70d,alexa,kreynen,1
17-Feb-2023,70d,alexa,techyy25,1
17-Feb-2023,70d,alexa,JonathanMurray272,1
17-Feb-2023,70d,alexa,devil_yager,1
17-Feb-2023,70d,alexa,coyote13mc,1
17-Feb-2023,70d,alexa,robm111,1
17-Feb-2023,70d,alexa,Merkaba1_0_8,1
17-Feb-2023,70d,alexa,FranktheLlama,1
17-Feb-2023,70d,alexa,McDuggets,1
17-Feb-2023,70d,alexa,Constant_Ad5277,1
17-Feb-2023,70d,alexa,tardis19999999,1
17-Feb-2023,70d,alexa,misterjenjen,1
17-Feb-2023,70d,alexa,FordMan100,1
17-Feb-2023,70d,alexa,DrBabs,1
17-Feb-2023,70d,alexa,shockingdevelopment,1
17-Feb-2023,70d,alexa,cayacoco,1
17-Feb-2023,70d,alexa,AvsWon33,1
17-Feb-2023,70d,alexa,DoctorWH0877,1
17-Feb-2023,70d,alexa,Trayja_Polar,1
17-Feb-2023,70d,alexa,greenwindex,1
17-Feb-2023,70d,alexa,SuperMario630,1
17-Feb-2023,70d,alexa,ImaginaryReaction,1
17-Feb-2023,70d,alexa,Pretty_Gorgeous,1
17-Feb-2023,70d,alexa,DrAllkane,1
17-Feb-2023,70d,alexa,YesAndItCounts,1
17-Feb-2023,70d,alexa,Squirrelmonkeycom,1
17-Feb-2023,70d,alexa,Certified_Chonky,1
17-Feb-2023,70d,alexa,NiloReborn,1
17-Feb-2023,70d,alexa,o_an0maly_o,1
17-Feb-2023,70d,alexa,DSethK93,1
17-Feb-2023,70d,alexa,Tired8281,1
17-Feb-2023,70d,alexa,Infamous_Yogurt2858,1
17-Feb-2023,70d,alexa,Desrever92,1
17-Feb-2023,70d,alexa,jakabo27,1
17-Feb-2023,70d,alexa,geminiwave,1
17-Feb-2023,70d,alexa,VayVay42,1
17-Feb-2023,70d,alexa,mrsheartbroken,1
17-Feb-2023,70d,alexa,Spamtickler,1
17-Feb-2023,70d,alexa,Rude-Knee-9732,1
17-Feb-2023,70d,alexa,aliomenti,1
17-Feb-2023,70d,alexa,ThrowItLikeItsHot420,1
17-Feb-2023,70d,alexa,bdtran2002,1
17-Feb-2023,70d,alexa,Physical-Swing4213,1
17-Feb-2023,70d,alexa,kd5nrh,1
17-Feb-2023,70d,alexa,Proxima_Centaurian,1
17-Feb-2023,70d,alexa,thebutterflyeff,1
17-Feb-2023,70d,alexa,sometin__else,1
17-Feb-2023,70d,alexa,throwaway16181171819,1
17-Feb-2023,70d,alexa,dsp_guy,1
17-Feb-2023,70d,alexa,Pockets713,1
17-Feb-2023,70d,alexa,renegade7879,1
17-Feb-2023,70d,alexa,keithITNoob,1
17-Feb-2023,70d,alexa,989x4000,1
17-Feb-2023,70d,alexa,sgxander,1
17-Feb-2023,70d,alexa,sarhoshamiral,1
17-Feb-2023,70d,alexa,MyCircusMyMonkeyz,1
17-Feb-2023,70d,alexa,decuyonombre,1
17-Feb-2023,70d,alexa,Illustrious_Map_0000,1
17-Feb-2023,70d,alexa,Baubascat,1
17-Feb-2023,70d,alexa,Shiviii__28,1
17-Feb-2023,70d,alexa,Famous-Perspective-3,1
17-Feb-2023,70d,alexa,DJ_Extra_Credit,1
17-Feb-2023,70d,alexa,Delicious-Chipmunk-7,1
17-Feb-2023,70d,alexa,Noellehyg,1
17-Feb-2023,70d,alexa,CantFixMoronic,1
17-Feb-2023,70d,alexa,djsolidsnake86,1
17-Feb-2023,70d,alexa,bluepuma77,1
17-Feb-2023,70d,alexa,lmucidas,1
17-Feb-2023,70d,alexa,burnthefallen,1
17-Feb-2023,70d,alexa,heboofedonme,1
17-Feb-2023,70d,alexa,Reason-Expensive,1
17-Feb-2023,70d,alexa,Tyrella,1
17-Feb-2023,70d,alexa,Silencer271,1
17-Feb-2023,70d,alexa,VenomXTs,1
17-Feb-2023,70d,alexa,jhannah123,1
17-Feb-2023,70d,alexa,Zemarkio,1
17-Feb-2023,70d,alexa,ivanjay2050,1
17-Feb-2023,70d,alexa,Orchestructive,1
17-Feb-2023,70d,alexa,Murphysburger,1
17-Feb-2023,70d,alexa,greenmelon182,1
17-Feb-2023,70d,alexa,Global_Sloth,1
17-Feb-2023,70d,alexa,AccomplishedGrab6415,1
17-Feb-2023,70d,alexa,JohnNameJohn,1
17-Feb-2023,70d,alexa,LSD05,1
17-Feb-2023,70d,alexa,WORLDWIDEWEBDEV,1
17-Feb-2023,70d,alexa,damnlegos,1
17-Feb-2023,70d,alexa,nnhood,1
17-Feb-2023,70d,alexa,Tonebr,1
17-Feb-2023,70d,alexa,IncapableOfLaughing,1
17-Feb-2023,70d,alexa,jenthewen,1
17-Feb-2023,70d,alexa,SexyMuthaFunka,1
17-Feb-2023,70d,alexa,Richard_Parker_,1
17-Feb-2023,70d,alexa,cutesanity,1
17-Feb-2023,70d,alexa,explictlyrics,1
17-Feb-2023,70d,alexa,dmah99,1
17-Feb-2023,70d,alexa,Fricourt,1
17-Feb-2023,70d,alexa,marcospanontin,1
17-Feb-2023,70d,alexa,spaniolo,1
17-Feb-2023,70d,alexa,m3troGnome,1
17-Feb-2023,70d,alexa,Longwashere,1
17-Feb-2023,70d,alexa,KingJNF,1
17-Feb-2023,70d,alexa,Aggravated-by-alexa,1
17-Feb-2023,70d,alexa,amirkerimov1,1
17-Feb-2023,70d,alexa,hanfaedza,1
17-Feb-2023,70d,alexa,towergod2020,1
17-Feb-2023,70d,alexa,bigduck840B,1
17-Feb-2023,70d,alexa,3xploit_,1
17-Feb-2023,70d,alexa,Kingzman1041,1
17-Feb-2023,70d,alexa,pacificapilot,1
17-Feb-2023,70d,alexa,phenomenomnom,1
17-Feb-2023,70d,alexa,tits_on_a_nun,1
17-Feb-2023,70d,alexa,Professional-Fan-792,1
17-Feb-2023,70d,alexa,Infamous-Junket-9869,1
17-Feb-2023,70d,alexa,mdudewheresmacar,1
17-Feb-2023,70d,alexa,yendor5,1
17-Feb-2023,70d,alexa,MaximusMMIV,1
17-Feb-2023,70d,alexa,SOBPOSWTF,1
17-Feb-2023,70d,alexa,Lufferov,1
17-Feb-2023,70d,alexa,lunchdessert,1
17-Feb-2023,70d,alexa,mrkillmoney,1
17-Feb-2023,70d,alexa,crazierdad,1
17-Feb-2023,70d,alexa,solmssen,1
17-Feb-2023,70d,alexa,KoalaRaivoso,1
17-Feb-2023,70d,alexa,JasonGGorman,1
17-Feb-2023,70d,alexa,theepi_pillodu,1
17-Feb-2023,70d,alexa,ssg_partners,1
17-Feb-2023,70d,alexa,Momphus,1
17-Feb-2023,70d,alexa,gr8cornholio92,1
17-Feb-2023,70d,alexa,tunghoy,1
17-Feb-2023,70d,alexa,crymyselftosleep01,1
17-Feb-2023,70d,alexa,FallingKnife_,1
17-Feb-2023,70d,alexa,milspek,1
17-Feb-2023,70d,alexa,CantankerArt,1
17-Feb-2023,70d,alexa,Trailmagic,1
17-Feb-2023,70d,alexa,jumbiiq,1
17-Feb-2023,70d,alexa,dfernandez13,1
17-Feb-2023,70d,alexa,johnwayne2413,1
17-Feb-2023,70d,alexa,crblack24,1
17-Feb-2023,70d,alexa,badass2469,1
17-Feb-2023,70d,alexa,AlRjordan,1
17-Feb-2023,70d,alexa,SluSignGuy,1
17-Feb-2023,70d,alexa,XDark187,1
17-Feb-2023,70d,alexa,glagy,1
17-Feb-2023,70d,alexa,conorb69,1
17-Feb-2023,70d,alexa,LateChapter8596,1
17-Feb-2023,70d,alexa,Original-Ad-6423,1
17-Feb-2023,70d,alexa,MukkeDK,1
17-Feb-2023,70d,alexa,tdrusk,1
17-Feb-2023,70d,alexa,Jl20187,1
17-Feb-2023,70d,alexa,jeremyc711,1
17-Feb-2023,70d,alexa,Environmental-Emu242,1
17-Feb-2023,70d,alexa,Tokata0,1
17-Feb-2023,70d,alexa,MaoStevemao,1
17-Feb-2023,70d,alexa,D_animality,1
17-Feb-2023,70d,alexa,RecommendationOwn878,1
17-Feb-2023,70d,alexa,ria_ranged,1
17-Feb-2023,70d,alexa,TheToyBin,1
17-Feb-2023,70d,alexa,spasticunt,1
17-Feb-2023,70d,alexa,GLOFISH2000,1
17-Feb-2023,70d,alexa,Bearcarnikki,1
17-Feb-2023,70d,alexa,SilverBuff_,1
17-Feb-2023,70d,alexa,Worryrocck,1
17-Feb-2023,70d,alexa,Kema-Downna,1
17-Feb-2023,70d,alexa,cobaltfault,1
17-Feb-2023,70d,alexa,rnq_p,1
17-Feb-2023,70d,alexa,BoomerQc,1
17-Feb-2023,70d,alexa,aaronwhite1786,1
17-Feb-2023,70d,alexa,Lazy-Huckleberry-335,1
17-Feb-2023,70d,alexa,smexiikamikaze,1
17-Feb-2023,70d,alexa,Gillbobaggin,1
17-Feb-2023,70d,alexa,bannedfromredditlol_,1
17-Feb-2023,70d,alexa,Lambert_Lambert,1
17-Feb-2023,70d,alexa,forceblast,1
17-Feb-2023,70d,alexa,CrosslyMarvelous,1
17-Feb-2023,70d,alexa,Kensleylko,1
17-Feb-2023,70d,alexa,ThatJ4ke,1
17-Feb-2023,70d,alexa,thedreaming2017,1
17-Feb-2023,70d,alexa,steparak,1
17-Feb-2023,70d,alexa,undeadlyassassin,1
17-Feb-2023,70d,alexa,Intelligent-Bath-137,1
17-Feb-2023,70d,alexa,TreeOnFire69,1
17-Feb-2023,70d,alexa,SturnusVulgaris541,1
17-Feb-2023,70d,alexa,Nestik,1
17-Feb-2023,70d,alexa,puddlejumperAM,1
17-Feb-2023,70d,alexa,ididitalready,1
17-Feb-2023,70d,alexa,malpaaal,1
17-Feb-2023,70d,alexa,stittle,1
17-Feb-2023,70d,alexa,JaxzAlt,1
17-Feb-2023,70d,alexa,djimavicminipilot,1
17-Feb-2023,70d,alexa,bubblystudent4987,1
17-Feb-2023,70d,alexa,Nervous-Ad-5723,1
17-Feb-2023,70d,alexa,TempUsernameThing,1
17-Feb-2023,70d,alexa,farwesterner1,1
17-Feb-2023,70d,alexa,biggoosewendy,1
17-Feb-2023,70d,alexa,russsseeelll,1
17-Feb-2023,70d,alexa,iHack102,1
17-Feb-2023,70d,alexa,MrTeacherManSir,1
17-Feb-2023,70d,alexa,shoalsmike,1
17-Feb-2023,70d,alexa,looker009,1
17-Feb-2023,70d,alexa,Revolutionary-Fact6,1
17-Feb-2023,70d,alexa,bharrishudson,1
17-Feb-2023,70d,alexa,Vinks86,1
17-Feb-2023,70d,alexa,BarnabyColeman,1
17-Feb-2023,70d,alexa,froggythemad,1
17-Feb-2023,70d,alexa,brentolapento,1
17-Feb-2023,70d,alexa,merchantofcville,1
17-Feb-2023,70d,alexa,do_add_unicorn,1
17-Feb-2023,70d,alexa,leichat,1
17-Feb-2023,70d,alexa,tated744,1
17-Feb-2023,70d,alexa,Hexsura,1
17-Feb-2023,70d,alexa,XotazAU,1
17-Feb-2023,70d,alexa,lxbrix,1
17-Feb-2023,70d,alexa,keystonecraft,1
17-Feb-2023,70d,alexa,radbag437,1
17-Feb-2023,70d,alexa,bobbcee,1
17-Feb-2023,70d,alexa,Interesting-Ask7615,1
17-Feb-2023,70d,alexa,scaryman088,1
17-Feb-2023,70d,alexa,mandaraprime,1
17-Feb-2023,70d,alexa,jastwood1,1
17-Feb-2023,70d,alexa,Bother-Present,1
17-Feb-2023,70d,alexa,Mackenzie_Wilson,1
17-Feb-2023,70d,alexa,Bird-Mad_Girl,1
17-Feb-2023,70d,alexa,fgdmorr,1
17-Feb-2023,70d,alexa,AmConfused324,1
17-Feb-2023,70d,alexa,AnAngryMelon,1
17-Feb-2023,70d,alexa,skaertus,1
17-Feb-2023,70d,alexa,jedibumblebee,1
17-Feb-2023,70d,alexa,Sylvaran,1
17-Feb-2023,70d,alexa,RecognitionBig4561,1
17-Feb-2023,70d,alexa,DramaOk2187,1
17-Feb-2023,70d,alexa,winslow462,1
17-Feb-2023,70d,alexa,GarfieldSighs3,1
17-Feb-2023,70d,alexa,WalterWilliams,1
17-Feb-2023,70d,alexa,starring2,1
17-Feb-2023,70d,alexa,RichDreamsBig,1
17-Feb-2023,70d,alexa,hibte,1
17-Feb-2023,70d,alexa,ActsOfV,1
17-Feb-2023,70d,alexa,stoolzmclingo,1
17-Feb-2023,70d,alexa,doctorlongghost,1
17-Feb-2023,70d,alexa,d0ntblink,1
17-Feb-2023,70d,alexa,_TheBloke_,1
17-Feb-2023,70d,alexa,DVinteens,1
17-Feb-2023,70d,alexa,twister65,1
17-Feb-2023,70d,alexa,FatMacchio,1
17-Feb-2023,70d,alexa,thedangerman007,1
17-Feb-2023,70d,alexa,RolandMT32,1
17-Feb-2023,70d,alexa,Realistic-Divide-587,1
17-Feb-2023,70d,alexa,maddsloth,1
17-Feb-2023,70d,alexa,izay05,1
17-Feb-2023,70d,alexa,LankySquash4,1
17-Feb-2023,70d,alexa,Sullhammer,1
17-Feb-2023,70d,alexa,DoodlePanda36,1
17-Feb-2023,70d,alexa,thatotherguyboz,1
17-Feb-2023,70d,alexa,Jockey79,1
17-Feb-2023,70d,alexa,anotherbozo,1
17-Feb-2023,70d,alexa,MarkovnikovRules,1
17-Feb-2023,70d,alexa,Excellent-Zombie-470,1
17-Feb-2023,70d,alexa,Bsjensen1012,1
17-Feb-2023,70d,alexa,ijustburnedmymouth,1
17-Feb-2023,70d,alexa,tim0767,1
17-Feb-2023,70d,alexa,B8Slayer,1
17-Feb-2023,70d,alexa,gswaltz72,1
17-Feb-2023,70d,alexa,LostLight8,1
17-Feb-2023,70d,alexa,Smirkydarkdude,1
17-Feb-2023,70d,alexa,criper_lol,1
17-Feb-2023,70d,alexa,Powerful_Shop_1346,1
17-Feb-2023,70d,alexa,mrBill12,1
17-Feb-2023,70d,alexa,Duwsh,1
17-Feb-2023,70d,alexa,RichieP86,1
17-Feb-2023,70d,alexa,jazzageguy,1
17-Feb-2023,70d,alexa,Mixtopher,1
17-Feb-2023,70d,alexa,DannyOTM,1
17-Feb-2023,70d,alexa,fatchubbypupper,1
17-Feb-2023,70d,alexa,PaprikaMama,1
17-Feb-2023,70d,alexa,BeneficialSmoke3938,1
17-Feb-2023,70d,alexa,applepearz99,1
17-Feb-2023,70d,alexa,Odd_Explanation9506,1
17-Feb-2023,70d,alexa,wobblybootson,1
17-Feb-2023,70d,alexa,speedycat2014,1
17-Feb-2023,70d,alexa,dabbydoook,1
17-Feb-2023,70d,alexa,jackshmartinnz,1
17-Feb-2023,70d,alexa,Donone1953,1
17-Feb-2023,70d,alexa,33o3x,1
17-Feb-2023,70d,alexa,twoods450,1
17-Feb-2023,70d,alexa,Shirvana,1
17-Feb-2023,70d,alexa,DazzlingAlfalfa3632,1
17-Feb-2023,70d,alexa,nikolozX,1
17-Feb-2023,70d,alexa,m0lson,1
17-Feb-2023,70d,alexa,BigLab6287,1
17-Feb-2023,70d,alexa,Bigch88se,1
17-Feb-2023,70d,alexa,NWO-Flashback,1
17-Feb-2023,70d,alexa,Lovingmylife2020,1
17-Feb-2023,70d,alexa,redwingshat,1
17-Feb-2023,70d,alexa,Baultzak,1
17-Feb-2023,70d,alexa,chuweezey,1
17-Feb-2023,70d,alexa,Chire85,1
17-Feb-2023,70d,alexa,buzzybomb,1
17-Feb-2023,70d,alexa,kc9xg,1
17-Feb-2023,70d,alexa,bigj2552,1
17-Feb-2023,70d,alexa,EqualOpportunityTart,1
17-Feb-2023,70d,alexa,-subtext,1
17-Feb-2023,70d,alexa,el_smurfo,1
17-Feb-2023,70d,alexa,bhalf19,1
17-Feb-2023,70d,alexa,Steakman1971,1
17-Feb-2023,70d,alexa,Dragyn140,1
17-Feb-2023,70d,alexa,Stardran,1
17-Feb-2023,70d,alexa,TKJ,1
17-Feb-2023,70d,alexa,CoalitionShrimp,1
17-Feb-2023,70d,alexa,c010rb1indusa,1
17-Feb-2023,70d,alexa,eatsleepexplore,1
17-Feb-2023,70d,alexa,mkglass,1
17-Feb-2023,70d,alexa,humanessinmoderation,1
17-Feb-2023,70d,alexa,nicegaarden,1
17-Feb-2023,70d,alexa,italykenny,1
17-Feb-2023,70d,alexa,Burgundywine,1
17-Feb-2023,70d,alexa,SurviveAdaptWin,1
17-Feb-2023,70d,alexa,uncty,1
17-Feb-2023,70d,alexa,Zephaniah117,1
17-Feb-2023,70d,alexa,darkbeldin,1
17-Feb-2023,70d,alexa,UneakRabbit,1
17-Feb-2023,70d,alexa,KanashimiMusic,1
17-Feb-2023,70d,alexa,splatmatt,1
17-Feb-2023,70d,alexa,mattfox27,1
17-Feb-2023,70d,alexa,Responsible_Tell_496,1
17-Feb-2023,70d,alexa,senselessc0mic,1
17-Feb-2023,70d,alexa,Chieppipopo,1
17-Feb-2023,70d,alexa,johnkhoo,1
17-Feb-2023,70d,alexa,kyle2897,1
17-Feb-2023,70d,alexa,rszemacs,1
17-Feb-2023,70d,alexa,smartyhome,1
17-Feb-2023,70d,alexa,Interesting_Cod5300,1
17-Feb-2023,70d,alexa,gravypoptarts,1
17-Feb-2023,70d,alexa,vdodgymix,1
17-Feb-2023,70d,alexa,itsbrittanybitch369,1
17-Feb-2023,70d,alexa,SupremeShark061003,1
17-Feb-2023,70d,alexa,SupremeSTI,1
17-Feb-2023,70d,alexa,Affectionate_Letter7,1
17-Feb-2023,70d,alexa,richaardvark,1
17-Feb-2023,70d,alexa,Competitive-Ad-2643,1
17-Feb-2023,70d,alexa,gnooz39,1
17-Feb-2023,70d,alexa,Amanda-sb,1
17-Feb-2023,70d,alexa,SleepingCicada,1
17-Feb-2023,70d,alexa,deliveryguyuk,1
17-Feb-2023,70d,alexa,PockASqueeno,1
17-Feb-2023,70d,alexa,CaboDennis17,1
17-Feb-2023,70d,alexa,aguywiththoughts,1
17-Feb-2023,70d,alexa,weisslakeguy,1
17-Feb-2023,70d,alexa,Historical_Move_9601,1
17-Feb-2023,70d,alexa,TheAmateurRunner,1
17-Feb-2023,70d,alexa,Ok_Job_6159,1
17-Feb-2023,70d,alexa,Aderaxia,1
17-Feb-2023,70d,alexa,TheVoicesOfBrian,1
17-Feb-2023,70d,alexa,weirdbeardwolf,1
17-Feb-2023,70d,alexa,JoystikJester,1
17-Feb-2023,70d,alexa,R3stl3ssSalm0n,1
17-Feb-2023,70d,alexa,aa040371,1
17-Feb-2023,70d,alexa,RamblerUsa,1
17-Feb-2023,70d,alexa,jayprov,1
17-Feb-2023,70d,alexa,trifilij,1
17-Feb-2023,70d,alexa,sailing395,1
17-Feb-2023,70d,alexa,hearthackar,1
17-Feb-2023,70d,alexa,imperfectideal,1
17-Feb-2023,70d,alexa,AriaNevicate,1
17-Feb-2023,70d,alexa,Metalmarco,1
17-Feb-2023,70d,alexa,Sataka_Gintoki,1
17-Feb-2023,70d,alexa,Special-Clerk-5896,1
17-Feb-2023,70d,alexa,TobiasBloyd,1
17-Feb-2023,70d,alexa,MrDShark,1
17-Feb-2023,70d,alexa,babraeton,1
17-Feb-2023,70d,alexa,JustForThisSteel,1
17-Feb-2023,70d,alexa,Davvine,1
17-Feb-2023,70d,alexa,gracielynn72,1
17-Feb-2023,70d,alexa,Bushwhack92,1
17-Feb-2023,70d,alexa,thedraftpunk,1
17-Feb-2023,70d,alexa,Horror-Pay,1
17-Feb-2023,70d,alexa,rebobbecker,1
17-Feb-2023,70d,alexa,BruceBeardsley,1
17-Feb-2023,70d,alexa,Iphobe_3220,1
17-Feb-2023,70d,alexa,DrRomeoChaire,1
17-Feb-2023,70d,alexa,ejushiro,1
17-Feb-2023,70d,alexa,HuddiesMama,1
17-Feb-2023,70d,alexa,sexmountain,1
17-Feb-2023,70d,alexa,Silverlining4000,1
17-Feb-2023,70d,alexa,HoonCackles,1
17-Feb-2023,70d,alexa,steverosenthal,1
17-Feb-2023,70d,alexa,DateEnvironmental548,1
17-Feb-2023,70d,alexa,Hostageisbad,1
17-Feb-2023,70d,alexa,lianschelkle,1
17-Feb-2023,70d,alexa,LonelyChampionship17,1
17-Feb-2023,70d,alexa,phaze08,1
17-Feb-2023,70d,alexa,blueper01,1
17-Feb-2023,70d,alexa,lewiss15,1
17-Feb-2023,70d,alexa,Predator04,1
17-Feb-2023,70d,alexa,pleasesayUarekidding,1
17-Feb-2023,70d,alexa,Xur_and_the_Kodan,1
17-Feb-2023,70d,alexa,MagnusFireblade,1
17-Feb-2023,70d,alexa,theegoldenone,1
17-Feb-2023,70d,alexa,0dd1nn,1
17-Feb-2023,70d,alexa,GroundbreakingPain21,1
17-Feb-2023,70d,alexa,caliprelude,1
17-Feb-2023,70d,alexa,wildwood9843,1
17-Feb-2023,70d,alexa,Diligent-Base-4615,1
17-Feb-2023,70d,alexa,razzretina,1
17-Feb-2023,70d,alexa,Yeeterskewter,1
17-Feb-2023,70d,alexa,josh-i,1
17-Feb-2023,70d,alexa,adb1146,1
17-Feb-2023,70d,alexa,fixerupper54287,1
17-Feb-2023,70d,alexa,Temporary_Monitor201,1
17-Feb-2023,70d,alexa,SCwarrior92,1
17-Feb-2023,70d,alexa,Ganglio_Side,1
17-Feb-2023,70d,alexa,ikgner,1
17-Feb-2023,70d,alexa,cc_207,1
17-Feb-2023,70d,alexa,Less_Masterpiece_450,1
17-Feb-2023,70d,alexa,JeffFromNH,1
17-Feb-2023,70d,alexa,slavemiddle,1
17-Feb-2023,70d,alexa,fuzzybat23,1
17-Feb-2023,70d,alexa,mmmmwhu,1
17-Feb-2023,70d,alexa,DifferentKey4,1
17-Feb-2023,70d,alexa,truth2121,1
17-Feb-2023,70d,alexa,DialUpInternet4Life,1
17-Feb-2023,70d,alexa,Pleasant_Resource113,1
17-Feb-2023,70d,alexa,Calm_Character_422,1
17-Feb-2023,70d,alexa,HYAR7E,1
17-Feb-2023,70d,alexa,Bendoza1,1
17-Feb-2023,70d,alexa,jschall2,1
17-Feb-2023,70d,alexa,realStuvis,1
17-Feb-2023,70d,alexa,sxrx0,1
17-Feb-2023,70d,alexa,heimdal77,1
17-Feb-2023,70d,alexa,DeftColeman05,1
17-Feb-2023,70d,alexa,RexRow,1
17-Feb-2023,70d,alexa,asapcr0cky,1
17-Feb-2023,70d,alexa,Gal_Axy,1
17-Feb-2023,70d,alexa,Gizmify,1
17-Feb-2023,70d,alexa,sparkle_runnergal,1
17-Feb-2023,70d,alexa,klef-ki,1
17-Feb-2023,70d,alexa,Klexal,1
17-Feb-2023,70d,alexa,OrcaInWater,1
17-Feb-2023,70d,alexa,Shitass10,1
17-Feb-2023,70d,alexa,ValHane,1
17-Feb-2023,70d,alexa,RoadconePhoto,1
17-Feb-2023,70d,alexa,rtr01t,1
17-Feb-2023,70d,alexa,Beastly4k,1
17-Feb-2023,70d,alexa,Sienna7676,1
17-Feb-2023,70d,alexa,StandardFee5124,1
17-Feb-2023,70d,alexa,digitalbeef,1
17-Feb-2023,70d,alexa,benlabscdk,1
17-Feb-2023,70d,alexa,tellitelli555,1
17-Feb-2023,70d,alexa,eat_more_ovaltine,1
17-Feb-2023,70d,alexa,Motor-Ad9914,1
17-Feb-2023,70d,alexa,Maitland1988,1
17-Feb-2023,70d,alexa,WantureFleckinToots,1
17-Feb-2023,70d,alexa,SciFi_Author,1
17-Feb-2023,70d,alexa,ConversationFar5698,1
17-Feb-2023,70d,alexa,DurianGuacamole,1
17-Feb-2023,70d,alexa,mynonymouse,1
17-Feb-2023,70d,alexa,LordScyther998,1
17-Feb-2023,70d,alexa,damontoo,1
17-Feb-2023,70d,alexa,Emotional_Wait_9106,1
17-Feb-2023,70d,alexa,claryleighton,1
17-Feb-2023,70d,alexa,irishswede_13,1
17-Feb-2023,70d,alexa,UniqueNudes,1
17-Feb-2023,70d,alexa,CuriousConnect,1
17-Feb-2023,70d,alexa,Helpful_Elevator6406,1
17-Feb-2023,70d,alexa,cantthinkofxyz,1
17-Feb-2023,70d,alexa,LordDabz710,1
17-Feb-2023,70d,alexa,Raeganvg,1
17-Feb-2023,70d,alexa,aseenonthewebs,1
17-Feb-2023,70d,alexa,keilemi82,1
