query_date,before_date,subreddit,comment_author,comment_frequency
17-Feb-2023,90d,alexa,[deleted],95
17-Feb-2023,90d,alexa,Dansk72,81
17-Feb-2023,90d,alexa,richaardvark,18
17-Feb-2023,90d,alexa,Famous-Perspective-3,16
17-Feb-2023,90d,alexa,Wayne8766,14
17-Feb-2023,90d,alexa,brantome24,13
17-Feb-2023,90d,alexa,RedMapleBat,11
17-Feb-2023,90d,alexa,splatmatt,10
17-Feb-2023,90d,alexa,sexmountain,9
17-Feb-2023,90d,alexa,Important-Comfort,9
17-Feb-2023,90d,alexa,DrRomeoChaire,9
17-Feb-2023,90d,alexa,Blondeambitchion,7
17-Feb-2023,90d,alexa,HonnyBrown,7
17-Feb-2023,90d,alexa,redwingshat,6
17-Feb-2023,90d,alexa,blisterment,6
17-Feb-2023,90d,alexa,dalmarnock,6
17-Feb-2023,90d,alexa,RainGumDrop,6
17-Feb-2023,90d,alexa,shortbusskid,5
17-Feb-2023,90d,alexa,honestduane,5
17-Feb-2023,90d,alexa,Miata_GT,5
17-Feb-2023,90d,alexa,bluenautilus2,5
17-Feb-2023,90d,alexa,mkglass,5
17-Feb-2023,90d,alexa,Baremegigjen,5
17-Feb-2023,90d,alexa,Philmehew,5
17-Feb-2023,90d,alexa,Shinzakura,5
17-Feb-2023,90d,alexa,arianebx,5
17-Feb-2023,90d,alexa,diverareyouok,5
17-Feb-2023,90d,alexa,9100,4
17-Feb-2023,90d,alexa,jeweliegb,4
17-Feb-2023,90d,alexa,-subtext,4
17-Feb-2023,90d,alexa,el_smurfo,4
17-Feb-2023,90d,alexa,TheVoicesOfBrian,4
17-Feb-2023,90d,alexa,gripesandmoans,4
17-Feb-2023,90d,alexa,QuixoticRocket,4
17-Feb-2023,90d,alexa,Aggravated-by-alexa,4
17-Feb-2023,90d,alexa,Tonebr,4
17-Feb-2023,90d,alexa,anonymiz123,4
17-Feb-2023,90d,alexa,trekkier,4
17-Feb-2023,90d,alexa,Helpful_Put_5274,3
17-Feb-2023,90d,alexa,kc9xg,3
17-Feb-2023,90d,alexa,Iangh007,3
17-Feb-2023,90d,alexa,smartyhome,3
17-Feb-2023,90d,alexa,3PointMolly,3
17-Feb-2023,90d,alexa,winelight,3
17-Feb-2023,90d,alexa,antisane,3
17-Feb-2023,90d,alexa,FaviousM,3
17-Feb-2023,90d,alexa,Sp1r1tofg0nz0,3
17-Feb-2023,90d,alexa,Laeif,3
17-Feb-2023,90d,alexa,BigBudZombie,3
17-Feb-2023,90d,alexa,ErinPaperbackstash,3
17-Feb-2023,90d,alexa,Ptibogvader,3
17-Feb-2023,90d,alexa,DOF1186,3
17-Feb-2023,90d,alexa,Countdown2_deletion,3
17-Feb-2023,90d,alexa,40trieslater,3
17-Feb-2023,90d,alexa,Abdul-Ahmadinejad,3
17-Feb-2023,90d,alexa,TimmyGUNZ,3
17-Feb-2023,90d,alexa,Affectionate-Pop-197,3
17-Feb-2023,90d,alexa,Extension-Crow5184,3
17-Feb-2023,90d,alexa,Smart-Time6212,3
17-Feb-2023,90d,alexa,mreed911,3
17-Feb-2023,90d,alexa,ebsebs,3
17-Feb-2023,90d,alexa,derrabe80,3
17-Feb-2023,90d,alexa,thedraftpunk,3
17-Feb-2023,90d,alexa,Horror-Pay,3
17-Feb-2023,90d,alexa,dadudster,3
17-Feb-2023,90d,alexa,mustarunallday,2
17-Feb-2023,90d,alexa,Mod-chick,2
17-Feb-2023,90d,alexa,b0ej1den,2
17-Feb-2023,90d,alexa,Baultzak,2
17-Feb-2023,90d,alexa,C0D10X,2
17-Feb-2023,90d,alexa,CurvePuzzleheaded361,2
17-Feb-2023,90d,alexa,Breezeoffthewater,2
17-Feb-2023,90d,alexa,bhalf19,2
17-Feb-2023,90d,alexa,Papushdo,2
17-Feb-2023,90d,alexa,peterh1979,2
17-Feb-2023,90d,alexa,threadycat,2
17-Feb-2023,90d,alexa,Mouthtrap,2
17-Feb-2023,90d,alexa,Florida_zonian,2
17-Feb-2023,90d,alexa,DJDevon3,2
17-Feb-2023,90d,alexa,hisbleu,2
17-Feb-2023,90d,alexa,Fluffy_Ad7392,2
17-Feb-2023,90d,alexa,AraiMay,2
17-Feb-2023,90d,alexa,G_user999,2
17-Feb-2023,90d,alexa,s_boa,2
17-Feb-2023,90d,alexa,paulsmt,2
17-Feb-2023,90d,alexa,Murphysburger,2
17-Feb-2023,90d,alexa,c010rb1indusa,2
17-Feb-2023,90d,alexa,eatsleepexplore,2
17-Feb-2023,90d,alexa,Doctor_Walrus321,2
17-Feb-2023,90d,alexa,w0ndwerw0man,2
17-Feb-2023,90d,alexa,SurviveAdaptWin,2
17-Feb-2023,90d,alexa,Eyerate,2
17-Feb-2023,90d,alexa,squipysquip,2
17-Feb-2023,90d,alexa,TheMancalaEffect,2
17-Feb-2023,90d,alexa,snachodog,2
17-Feb-2023,90d,alexa,flargenhargen,2
17-Feb-2023,90d,alexa,Massive-Ad-7110,2
17-Feb-2023,90d,alexa,Pilene,2
17-Feb-2023,90d,alexa,rszemacs,2
17-Feb-2023,90d,alexa,DragonOfAgnor,2
17-Feb-2023,90d,alexa,Affectionate_Letter7,2
17-Feb-2023,90d,alexa,WillyFisterBussy,2
17-Feb-2023,90d,alexa,kd5nrh,2
17-Feb-2023,90d,alexa,JeffFromNH,2
17-Feb-2023,90d,alexa,pokenonfan123,2
17-Feb-2023,90d,alexa,Newokie1959,2
17-Feb-2023,90d,alexa,dokuromark,2
17-Feb-2023,90d,alexa,GreatTao,2
17-Feb-2023,90d,alexa,Loobeedo,2
17-Feb-2023,90d,alexa,tellitelli555,2
17-Feb-2023,90d,alexa,infield_fly_rule,2
17-Feb-2023,90d,alexa,aguywiththoughts,2
17-Feb-2023,90d,alexa,ireddedit,2
17-Feb-2023,90d,alexa,theepi_pillodu,2
17-Feb-2023,90d,alexa,jorgetOR,2
17-Feb-2023,90d,alexa,McFeely_Smackup,2
17-Feb-2023,90d,alexa,Bitgod1,2
17-Feb-2023,90d,alexa,Beerlvr71,2
17-Feb-2023,90d,alexa,R3stl3ssSalm0n,2
17-Feb-2023,90d,alexa,aa040371,2
17-Feb-2023,90d,alexa,ChiefBroady,2
17-Feb-2023,90d,alexa,BlossomPNW,2
17-Feb-2023,90d,alexa,elfbeans,2
17-Feb-2023,90d,alexa,imperfectideal,2
17-Feb-2023,90d,alexa,SC487,2
17-Feb-2023,90d,alexa,ttran857,2
17-Feb-2023,90d,alexa,LilBabyGroot01,2
17-Feb-2023,90d,alexa,Gundeals_Homeboy69,2
17-Feb-2023,90d,alexa,TobiasBloyd,2
17-Feb-2023,90d,alexa,wildwood9843,2
17-Feb-2023,90d,alexa,Narobic,2
17-Feb-2023,90d,alexa,thinkofsomethingood,2
17-Feb-2023,90d,alexa,carolineecouture,2
17-Feb-2023,90d,alexa,krisiteenie,2
17-Feb-2023,90d,alexa,zitsky,2
17-Feb-2023,90d,alexa,LifelessLewis,2
17-Feb-2023,90d,alexa,Zeta_Crossfire,2
17-Feb-2023,90d,alexa,DateEnvironmental548,2
17-Feb-2023,90d,alexa,IncapableOfLaughing,2
17-Feb-2023,90d,alexa,lewiss15,2
17-Feb-2023,90d,alexa,J-Wo24601,2
17-Feb-2023,90d,alexa,blueper01,2
17-Feb-2023,90d,alexa,rejus32,2
17-Feb-2023,90d,alexa,MAZzle42,2
17-Feb-2023,90d,alexa,mfwood8,2
17-Feb-2023,90d,alexa,ShenroEU,2
17-Feb-2023,90d,alexa,Reddit-Mgmt,1
17-Feb-2023,90d,alexa,fortfisherhermit,1
17-Feb-2023,90d,alexa,BigLab6287,1
17-Feb-2023,90d,alexa,KenjiFox,1
17-Feb-2023,90d,alexa,Nobody_home,1
17-Feb-2023,90d,alexa,Andrew_Wheeler1,1
17-Feb-2023,90d,alexa,NWO-Flashback,1
17-Feb-2023,90d,alexa,scupking83,1
17-Feb-2023,90d,alexa,indubitablymine,1
17-Feb-2023,90d,alexa,Pojidu,1
17-Feb-2023,90d,alexa,SolidPig,1
17-Feb-2023,90d,alexa,DryHJ,1
17-Feb-2023,90d,alexa,TaradoHonesto,1
17-Feb-2023,90d,alexa,riptyde14,1
17-Feb-2023,90d,alexa,TheYoungWan,1
17-Feb-2023,90d,alexa,Zakkana,1
17-Feb-2023,90d,alexa,buzzybomb,1
17-Feb-2023,90d,alexa,Riquende,1
17-Feb-2023,90d,alexa,LeastRaspberry3598,1
17-Feb-2023,90d,alexa,bigj2552,1
17-Feb-2023,90d,alexa,Environmental-Emu242,1
17-Feb-2023,90d,alexa,Revolutionary-Fact6,1
17-Feb-2023,90d,alexa,Artgod,1
17-Feb-2023,90d,alexa,lucky232323,1
17-Feb-2023,90d,alexa,Dragonavenger86,1
17-Feb-2023,90d,alexa,The_Wizeguy,1
17-Feb-2023,90d,alexa,Randy_McKay,1
17-Feb-2023,90d,alexa,douger1957,1
17-Feb-2023,90d,alexa,ascrublife,1
17-Feb-2023,90d,alexa,ashdeezttv,1
17-Feb-2023,90d,alexa,EmpressOphidia,1
17-Feb-2023,90d,alexa,Bluedemonde,1
17-Feb-2023,90d,alexa,washburn100,1
17-Feb-2023,90d,alexa,Ellie624,1
17-Feb-2023,90d,alexa,BobtheBeatlefan,1
17-Feb-2023,90d,alexa,danielkindra,1
17-Feb-2023,90d,alexa,TheJessicator,1
17-Feb-2023,90d,alexa,VerticalGeophysicist,1
17-Feb-2023,90d,alexa,sorryiredditwrong,1
17-Feb-2023,90d,alexa,Stardran,1
17-Feb-2023,90d,alexa,VisualReversal,1
17-Feb-2023,90d,alexa,buygonetimes,1
17-Feb-2023,90d,alexa,TheJagOffAssassin,1
17-Feb-2023,90d,alexa,bowtyracr88,1
17-Feb-2023,90d,alexa,BongRippinSithLord,1
17-Feb-2023,90d,alexa,TheOneTrueChris,1
17-Feb-2023,90d,alexa,DavidnNC,1
17-Feb-2023,90d,alexa,PRHarker,1
17-Feb-2023,90d,alexa,elister,1
17-Feb-2023,90d,alexa,GrandpaSteve4562,1
17-Feb-2023,90d,alexa,sweet_puhtayda,1
17-Feb-2023,90d,alexa,Veristitalian_,1
17-Feb-2023,90d,alexa,hloucurry,1
17-Feb-2023,90d,alexa,catheterhero,1
17-Feb-2023,90d,alexa,TKJ,1
17-Feb-2023,90d,alexa,CoalitionShrimp,1
17-Feb-2023,90d,alexa,diadem,1
17-Feb-2023,90d,alexa,Konarkanuck,1
17-Feb-2023,90d,alexa,TimPig4,1
17-Feb-2023,90d,alexa,Dori777,1
17-Feb-2023,90d,alexa,Otherwise_Big_4815,1
17-Feb-2023,90d,alexa,JasonRocco77,1
17-Feb-2023,90d,alexa,PogThroughThePain,1
17-Feb-2023,90d,alexa,barristonTheBrave,1
17-Feb-2023,90d,alexa,Wolf-Yakuza-47,1
17-Feb-2023,90d,alexa,Behbista,1
17-Feb-2023,90d,alexa,Soggy_Midnight980,1
17-Feb-2023,90d,alexa,jewishbroke1,1
17-Feb-2023,90d,alexa,Davvine,1
17-Feb-2023,90d,alexa,melonssuck,1
17-Feb-2023,90d,alexa,SpaceBlob99,1
17-Feb-2023,90d,alexa,Crowsby,1
17-Feb-2023,90d,alexa,hoistedbypetard,1
17-Feb-2023,90d,alexa,uncty,1
17-Feb-2023,90d,alexa,KanashimiMusic,1
17-Feb-2023,90d,alexa,marticored,1
17-Feb-2023,90d,alexa,darkbeldin,1
17-Feb-2023,90d,alexa,powderline,1
17-Feb-2023,90d,alexa,HeathEarnshaw,1
17-Feb-2023,90d,alexa,Worried_Patience_117,1
17-Feb-2023,90d,alexa,slawnz,1
17-Feb-2023,90d,alexa,WigerAndToods,1
17-Feb-2023,90d,alexa,DaBigBoosa,1
17-Feb-2023,90d,alexa,Manucarba,1
17-Feb-2023,90d,alexa,ElectriCole,1
17-Feb-2023,90d,alexa,diablette,1
17-Feb-2023,90d,alexa,SexyStyrofoamPuns,1
17-Feb-2023,90d,alexa,AMG_63,1
17-Feb-2023,90d,alexa,lRunAway,1
17-Feb-2023,90d,alexa,vdodgymix,1
17-Feb-2023,90d,alexa,T_TChaos,1
17-Feb-2023,90d,alexa,tavandy1,1
17-Feb-2023,90d,alexa,Inquisicook,1
17-Feb-2023,90d,alexa,itsbrittanybitch369,1
17-Feb-2023,90d,alexa,autotldr,1
17-Feb-2023,90d,alexa,SupremeSTI,1
17-Feb-2023,90d,alexa,MaesterInTraining,1
17-Feb-2023,90d,alexa,cybertruckboat,1
17-Feb-2023,90d,alexa,gldoorii,1
17-Feb-2023,90d,alexa,emeraldgirl08,1
17-Feb-2023,90d,alexa,omgitzdaniel22,1
17-Feb-2023,90d,alexa,scubadude10-24,1
17-Feb-2023,90d,alexa,animate12,1
17-Feb-2023,90d,alexa,lacaras21,1
17-Feb-2023,90d,alexa,EpicEpyc,1
17-Feb-2023,90d,alexa,Tedswurf,1
17-Feb-2023,90d,alexa,Xalenn,1
17-Feb-2023,90d,alexa,Travassicuss,1
17-Feb-2023,90d,alexa,RudiZarzoffs,1
17-Feb-2023,90d,alexa,curiousjohn12,1
17-Feb-2023,90d,alexa,ketralnis,1
17-Feb-2023,90d,alexa,Whoz_Yerdaddi,1
17-Feb-2023,90d,alexa,TheRealRedknive,1
17-Feb-2023,90d,alexa,patermortis,1
17-Feb-2023,90d,alexa,MichaelScottette,1
17-Feb-2023,90d,alexa,RelevantUserName55,1
17-Feb-2023,90d,alexa,TopGoodman,1
17-Feb-2023,90d,alexa,TangleOfWires,1
17-Feb-2023,90d,alexa,Rustybolts_,1
17-Feb-2023,90d,alexa,ScaryLoss3239,1
17-Feb-2023,90d,alexa,DifferentKey4,1
17-Feb-2023,90d,alexa,reyayayah,1
17-Feb-2023,90d,alexa,FoferJ,1
17-Feb-2023,90d,alexa,KillerPussyToo,1
17-Feb-2023,90d,alexa,Amanda-sb,1
17-Feb-2023,90d,alexa,PandaShake,1
17-Feb-2023,90d,alexa,ProdigyXVII,1
17-Feb-2023,90d,alexa,broyuken,1
17-Feb-2023,90d,alexa,thedreaming2017,1
17-Feb-2023,90d,alexa,CartographerNo1759,1
17-Feb-2023,90d,alexa,The_Original_JGA,1
17-Feb-2023,90d,alexa,goldenmoca28,1
17-Feb-2023,90d,alexa,JF-SEBASTION,1
17-Feb-2023,90d,alexa,rynep,1
17-Feb-2023,90d,alexa,Netowichita,1
17-Feb-2023,90d,alexa,Davmilasav,1
17-Feb-2023,90d,alexa,RawCarrot,1
17-Feb-2023,90d,alexa,mveerman,1
17-Feb-2023,90d,alexa,touchbar,1
17-Feb-2023,90d,alexa,alexmeth,1
17-Feb-2023,90d,alexa,Oztravels,1
17-Feb-2023,90d,alexa,sperry1970,1
17-Feb-2023,90d,alexa,Jessie372,1
17-Feb-2023,90d,alexa,LordElfa,1
17-Feb-2023,90d,alexa,vantuckymyfoot,1
17-Feb-2023,90d,alexa,antlestxp,1
17-Feb-2023,90d,alexa,hillsfar,1
17-Feb-2023,90d,alexa,openupyoureye,1
17-Feb-2023,90d,alexa,slip63,1
17-Feb-2023,90d,alexa,jdubtrey,1
17-Feb-2023,90d,alexa,PingPong1216,1
17-Feb-2023,90d,alexa,FlyingEmu36,1
17-Feb-2023,90d,alexa,DankYogi,1
17-Feb-2023,90d,alexa,leantomorrow,1
17-Feb-2023,90d,alexa,MarkEdwards,1
17-Feb-2023,90d,alexa,mrsheartbroken,1
17-Feb-2023,90d,alexa,sabrefudge,1
17-Feb-2023,90d,alexa,david01usa,1
17-Feb-2023,90d,alexa,a1b3rt,1
17-Feb-2023,90d,alexa,monstercar,1
17-Feb-2023,90d,alexa,jaquan123ism,1
17-Feb-2023,90d,alexa,RonH2K,1
17-Feb-2023,90d,alexa,sandypants93,1
17-Feb-2023,90d,alexa,Zariayn,1
17-Feb-2023,90d,alexa,printerati,1
17-Feb-2023,90d,alexa,killrtaco,1
17-Feb-2023,90d,alexa,azra1l,1
17-Feb-2023,90d,alexa,slaeyer99,1
17-Feb-2023,90d,alexa,CriscoWithLime,1
17-Feb-2023,90d,alexa,DarkWatch1,1
17-Feb-2023,90d,alexa,mikeinmass,1
17-Feb-2023,90d,alexa,Bitter-Cost5672,1
17-Feb-2023,90d,alexa,Encrypted_Heart,1
17-Feb-2023,90d,alexa,matdrywall,1
17-Feb-2023,90d,alexa,PoconoChuck,1
17-Feb-2023,90d,alexa,AJeepDude,1
17-Feb-2023,90d,alexa,remberzz,1
17-Feb-2023,90d,alexa,GlumNature,1
17-Feb-2023,90d,alexa,Thatcoolguy2559,1
17-Feb-2023,90d,alexa,Junish40,1
17-Feb-2023,90d,alexa,willem39,1
17-Feb-2023,90d,alexa,Twisted9Demented,1
17-Feb-2023,90d,alexa,Mrbeankc,1
17-Feb-2023,90d,alexa,Silver2Black,1
17-Feb-2023,90d,alexa,TheAmateurRunner,1
17-Feb-2023,90d,alexa,Just_Lime_456,1
17-Feb-2023,90d,alexa,Mike123456789000,1
17-Feb-2023,90d,alexa,doctor91,1
17-Feb-2023,90d,alexa,tomsloane,1
17-Feb-2023,90d,alexa,Conundrum1911,1
17-Feb-2023,90d,alexa,umpalumpajj,1
17-Feb-2023,90d,alexa,Black_Rose67,1
17-Feb-2023,90d,alexa,KiwiCharles,1
17-Feb-2023,90d,alexa,Tired8281,1
17-Feb-2023,90d,alexa,Tphowell,1
17-Feb-2023,90d,alexa,grrlwonder,1
17-Feb-2023,90d,alexa,DatBoyCody,1
17-Feb-2023,90d,alexa,BurpFartBurp,1
17-Feb-2023,90d,alexa,erowell1974,1
17-Feb-2023,90d,alexa,BeastFremont,1
17-Feb-2023,90d,alexa,SSppaacceeGGhhoosstt,1
17-Feb-2023,90d,alexa,Lady_Imperatrix,1
17-Feb-2023,90d,alexa,PixelDonkey,1
17-Feb-2023,90d,alexa,CrayonandMarker,1
17-Feb-2023,90d,alexa,snoslicer8,1
17-Feb-2023,90d,alexa,Mindless-Pangolin841,1
17-Feb-2023,90d,alexa,EdithMassey,1
17-Feb-2023,90d,alexa,Raiiny00,1
17-Feb-2023,90d,alexa,JoystikJester,1
17-Feb-2023,90d,alexa,aleks1980,1
17-Feb-2023,90d,alexa,Takkumi,1
17-Feb-2023,90d,alexa,matt0214,1
17-Feb-2023,90d,alexa,PURKITTY,1
17-Feb-2023,90d,alexa,kingu42,1
17-Feb-2023,90d,alexa,spygur1,1
17-Feb-2023,90d,alexa,AriaNevicate,1
17-Feb-2023,90d,alexa,BinjiC0D3R,1
17-Feb-2023,90d,alexa,Manic_Murderino,1
17-Feb-2023,90d,alexa,Sfdaishi3388,1
17-Feb-2023,90d,alexa,Beastly4k,1
17-Feb-2023,90d,alexa,J4M0MU51C,1
17-Feb-2023,90d,alexa,Equivalent-Energy-26,1
17-Feb-2023,90d,alexa,iapawv,1
17-Feb-2023,90d,alexa,Drjjr,1
17-Feb-2023,90d,alexa,LumpMaroon,1
17-Feb-2023,90d,alexa,buffalobill36001,1
17-Feb-2023,90d,alexa,JLSnow,1
17-Feb-2023,90d,alexa,BlackAliss82,1
17-Feb-2023,90d,alexa,Metalmarco,1
17-Feb-2023,90d,alexa,druality,1
17-Feb-2023,90d,alexa,ConfusedPhDLemur,1
17-Feb-2023,90d,alexa,SandyLady11,1
17-Feb-2023,90d,alexa,Le_Comments,1
17-Feb-2023,90d,alexa,reefhugger,1
17-Feb-2023,90d,alexa,Kasdaya,1
17-Feb-2023,90d,alexa,Jeffb957,1
17-Feb-2023,90d,alexa,Safety_Freak,1
17-Feb-2023,90d,alexa,Deshes011,1
17-Feb-2023,90d,alexa,mindy_marvel_mom,1
17-Feb-2023,90d,alexa,perfectlyfrank7,1
17-Feb-2023,90d,alexa,bhc317,1
17-Feb-2023,90d,alexa,meeshahope,1
17-Feb-2023,90d,alexa,ldaisy1017,1
17-Feb-2023,90d,alexa,redcolumbine,1
17-Feb-2023,90d,alexa,Dareelbomb259,1
17-Feb-2023,90d,alexa,knipknap,1
17-Feb-2023,90d,alexa,Snoo_39881,1
17-Feb-2023,90d,alexa,retiredairborne,1
17-Feb-2023,90d,alexa,Moss-cle,1
17-Feb-2023,90d,alexa,Boomchakachow,1
17-Feb-2023,90d,alexa,thecodontosaurus,1
17-Feb-2023,90d,alexa,waorak,1
17-Feb-2023,90d,alexa,Nyc5764,1
17-Feb-2023,90d,alexa,R22L16,1
17-Feb-2023,90d,alexa,beattysgirl,1
17-Feb-2023,90d,alexa,trifilij,1
17-Feb-2023,90d,alexa,trelaina,1
17-Feb-2023,90d,alexa,lavender-noise,1
17-Feb-2023,90d,alexa,KungFuHamster,1
17-Feb-2023,90d,alexa,drdeno,1
17-Feb-2023,90d,alexa,No-Bother-5085,1
17-Feb-2023,90d,alexa,JaffaJaffaJaffa,1
17-Feb-2023,90d,alexa,JDMils,1
17-Feb-2023,90d,alexa,Er014W0620OC622,1
17-Feb-2023,90d,alexa,afewster,1
17-Feb-2023,90d,alexa,hdizzle7,1
17-Feb-2023,90d,alexa,Waywardson74,1
17-Feb-2023,90d,alexa,MrDShark,1
17-Feb-2023,90d,alexa,iamkeiou,1
17-Feb-2023,90d,alexa,argonzo,1
17-Feb-2023,90d,alexa,bobbingblondie,1
17-Feb-2023,90d,alexa,Texburrito03,1
17-Feb-2023,90d,alexa,Essar388,1
17-Feb-2023,90d,alexa,Flammy,1
17-Feb-2023,90d,alexa,mandm_87,1
17-Feb-2023,90d,alexa,niknah,1
17-Feb-2023,90d,alexa,An-Old-Fart,1
17-Feb-2023,90d,alexa,mirdragon,1
17-Feb-2023,90d,alexa,z84847369,1
17-Feb-2023,90d,alexa,iwashwindows,1
17-Feb-2023,90d,alexa,PaprikaMama,1
17-Feb-2023,90d,alexa,shortspecialbus,1
17-Feb-2023,90d,alexa,norbertyeahbert,1
17-Feb-2023,90d,alexa,rwhal06,1
17-Feb-2023,90d,alexa,phlex77,1
17-Feb-2023,90d,alexa,Verbail,1
17-Feb-2023,90d,alexa,BruceBeardsley,1
17-Feb-2023,90d,alexa,Tank905,1
17-Feb-2023,90d,alexa,Jane_StClair,1
17-Feb-2023,90d,alexa,DoctorMindWar,1
17-Feb-2023,90d,alexa,Q48VW,1
17-Feb-2023,90d,alexa,Firebirdapache,1
17-Feb-2023,90d,alexa,TDMcCormick,1
17-Feb-2023,90d,alexa,dekimwow,1
17-Feb-2023,90d,alexa,yeahmaybe,1
17-Feb-2023,90d,alexa,snorkel42,1
17-Feb-2023,90d,alexa,HazarJast,1
17-Feb-2023,90d,alexa,Iphobe_3220,1
17-Feb-2023,90d,alexa,thsvnlwn,1
17-Feb-2023,90d,alexa,watcher2001,1
17-Feb-2023,90d,alexa,Scooter310,1
17-Feb-2023,90d,alexa,tarzan_nojane,1
17-Feb-2023,90d,alexa,ohenriquez65,1
17-Feb-2023,90d,alexa,Stormy-Monday,1
17-Feb-2023,90d,alexa,thedangerman007,1
17-Feb-2023,90d,alexa,Garden2Day,1
17-Feb-2023,90d,alexa,curtis_brabo,1
17-Feb-2023,90d,alexa,steverosenthal,1
17-Feb-2023,90d,alexa,mattfox27,1
17-Feb-2023,90d,alexa,BGFlyingToaster,1
17-Feb-2023,90d,alexa,wuxxler,1
17-Feb-2023,90d,alexa,ShaneWookie,1
17-Feb-2023,90d,alexa,Barbeder,1
17-Feb-2023,90d,alexa,TwentyLegs,1
17-Feb-2023,90d,alexa,Jmillzzzzzz,1
17-Feb-2023,90d,alexa,kreiger-69,1
17-Feb-2023,90d,alexa,MaurokNC,1
17-Feb-2023,90d,alexa,EndrFlare,1
17-Feb-2023,90d,alexa,vaderag,1
17-Feb-2023,90d,alexa,jtaol,1
17-Feb-2023,90d,alexa,UglyBagOfMostlyHOH,1
17-Feb-2023,90d,alexa,blade_jenkins,1
17-Feb-2023,90d,alexa,Kezika,1
17-Feb-2023,90d,alexa,elchignacio,1
17-Feb-2023,90d,alexa,billsteve,1
17-Feb-2023,90d,alexa,jcursiolf,1
17-Feb-2023,90d,alexa,kkeene,1
17-Feb-2023,90d,alexa,phaze08,1
17-Feb-2023,90d,alexa,gamerfury,1
17-Feb-2023,90d,alexa,DamnedVirus,1
17-Feb-2023,90d,alexa,Boniferous13,1
17-Feb-2023,90d,alexa,thekosmicfool,1
17-Feb-2023,90d,alexa,PTSDreamer333,1
17-Feb-2023,90d,alexa,WilhelmStroker,1
17-Feb-2023,90d,alexa,KitWat,1
17-Feb-2023,90d,alexa,Koheitamura,1
17-Feb-2023,90d,alexa,MoiJaimeLesCrepes,1
17-Feb-2023,90d,alexa,PurpleFrogMBA,1
17-Feb-2023,90d,alexa,Predator04,1
17-Feb-2023,90d,alexa,friendlyhermit,1
