query_date,before_date,subreddit,submission_author,submission_frequency
17-Apr-2023,10d,amazon,AmazonNewsBot,102
17-Apr-2023,10d,amazon,[deleted],5
17-Apr-2023,10d,amazon,afrinbappy6163,5
17-Apr-2023,10d,amazon,hirezdezines,3
17-Apr-2023,10d,amazon,Lusha-Quine,3
17-Apr-2023,10d,amazon,Scared-Security-3868,3
17-Apr-2023,10d,amazon,malphadour,3
17-Apr-2023,10d,amazon,Midesales3,3
17-Apr-2023,10d,amazon,Latter-Specialist-24,3
17-Apr-2023,10d,amazon,CardiologistEarly483,2
17-Apr-2023,10d,amazon,AvaniSimcha,2
17-Apr-2023,10d,amazon,rattling_nomad,2
17-Apr-2023,10d,amazon,Future_Luck27,2
17-Apr-2023,10d,amazon,ahsan2221,2
17-Apr-2023,10d,amazon,howaboutno_op,2
17-Apr-2023,10d,amazon,kylekevinriley,2
17-Apr-2023,10d,amazon,tonybasil2001,2
17-Apr-2023,10d,amazon,Flaky_Echo_9421,2
17-Apr-2023,10d,amazon,Fluffy-Hedgehog-69,2
17-Apr-2023,10d,amazon,JaipurGlobalServices,2
17-Apr-2023,10d,amazon,todayofferbyali,2
17-Apr-2023,10d,amazon,JOHN30011887,2
17-Apr-2023,10d,amazon,VillegasGroup,2
17-Apr-2023,10d,amazon,Efteri,2
17-Apr-2023,10d,amazon,ilovedeadbees,2
17-Apr-2023,10d,amazon,DragonfruitStatus681,2
17-Apr-2023,10d,amazon,angryfortunecookie,2
17-Apr-2023,10d,amazon,jakishababers,2
17-Apr-2023,10d,amazon,Crafty_Midnight7845,2
17-Apr-2023,10d,amazon,sleeksleek,2
17-Apr-2023,10d,amazon,JustHereForYourData,2
17-Apr-2023,10d,amazon,PixelDaisy,2
17-Apr-2023,10d,amazon,Frequent_Net9324,2
17-Apr-2023,10d,amazon,patabroad,2
17-Apr-2023,10d,amazon,Independent_Value350,2
17-Apr-2023,10d,amazon,Tazzz777zzz,2
17-Apr-2023,10d,amazon,codyB113,2
17-Apr-2023,10d,amazon,Estimate3363,2
17-Apr-2023,10d,amazon,CedarPointDada,2
17-Apr-2023,10d,amazon,wallpapersdance,2
17-Apr-2023,10d,amazon,nicfanz,2
17-Apr-2023,10d,amazon,Alex_ZH1,2
17-Apr-2023,10d,amazon,eberkain,2
17-Apr-2023,10d,amazon,Small_Promotion4380,2
17-Apr-2023,10d,amazon,Background_Table_593,2
17-Apr-2023,10d,amazon,konsoru-paysan,2
17-Apr-2023,10d,amazon,BuyOk4135,2
17-Apr-2023,10d,amazon,roberik111,2
17-Apr-2023,10d,amazon,Super-Essay-7596,2
17-Apr-2023,10d,amazon,Suspicious-Strike-78,2
17-Apr-2023,10d,amazon,chotikhaber,2
17-Apr-2023,10d,amazon,Inevitable-Panic-555,2
17-Apr-2023,10d,amazon,Maximus_Gaming_227,2
17-Apr-2023,10d,amazon,FindWonderland,2
17-Apr-2023,10d,amazon,Expensive-Band-2547,2
17-Apr-2023,10d,amazon,Ismailhosen1,2
17-Apr-2023,10d,amazon,Moviescommunity,2
17-Apr-2023,10d,amazon,BusinessPromotion_,2
17-Apr-2023,10d,amazon,thegrandyeetmaster,2
17-Apr-2023,10d,amazon,Kitchen-Werewolf-691,2
17-Apr-2023,10d,amazon,sfgreg10,2
17-Apr-2023,10d,amazon,Photoproguy,2
17-Apr-2023,10d,amazon,ikollokii,2
17-Apr-2023,10d,amazon,ian1234554321,2
17-Apr-2023,10d,amazon,Bluspider12,1
17-Apr-2023,10d,amazon,bigfootbussy,1
17-Apr-2023,10d,amazon,Captainsquishi,1
17-Apr-2023,10d,amazon,baph0metis,1
17-Apr-2023,10d,amazon,rslmnk,1
17-Apr-2023,10d,amazon,FackJooBish,1
17-Apr-2023,10d,amazon,cheappapayasoap,1
17-Apr-2023,10d,amazon,everybunnyfour23,1
17-Apr-2023,10d,amazon,michpink73,1
17-Apr-2023,10d,amazon,Ok_Peak538,1
17-Apr-2023,10d,amazon,Nice_Firefighter8551,1
17-Apr-2023,10d,amazon,bonobobricks,1
17-Apr-2023,10d,amazon,Weak-Flamingo-9793,1
17-Apr-2023,10d,amazon,foxyshere,1
17-Apr-2023,10d,amazon,Alternative-Carob-22,1
17-Apr-2023,10d,amazon,No-Planetorgin,1
17-Apr-2023,10d,amazon,Ok_Mycologist3059,1
17-Apr-2023,10d,amazon,Spanking6itches,1
17-Apr-2023,10d,amazon,Goodman1012,1
17-Apr-2023,10d,amazon,9nox,1
17-Apr-2023,10d,amazon,_daiyan_,1
17-Apr-2023,10d,amazon,usesaround,1
17-Apr-2023,10d,amazon,ContrarianEdge,1
17-Apr-2023,10d,amazon,Ok-Celebration4910,1
17-Apr-2023,10d,amazon,LChanelT,1
17-Apr-2023,10d,amazon,IIKrazeeII,1
17-Apr-2023,10d,amazon,CartographerIll8287,1
17-Apr-2023,10d,amazon,Nervous_Vegetable132,1
17-Apr-2023,10d,amazon,Killuaxjennie,1
17-Apr-2023,10d,amazon,Real-Pen-5559,1
17-Apr-2023,10d,amazon,Prudent-Depth-2009,1
17-Apr-2023,10d,amazon,cherrycarnage,1
17-Apr-2023,10d,amazon,Bearheroine,1
17-Apr-2023,10d,amazon,TentiTiger11,1
17-Apr-2023,10d,amazon,puestadelsol,1
17-Apr-2023,10d,amazon,Gigizulini,1
17-Apr-2023,10d,amazon,3773x3,1
17-Apr-2023,10d,amazon,Virtual-Network-5295,1
17-Apr-2023,10d,amazon,lurkerHardlyKnowHer,1
17-Apr-2023,10d,amazon,TheStoffer,1
17-Apr-2023,10d,amazon,ohkayonce,1
17-Apr-2023,10d,amazon,eleanor0302,1
17-Apr-2023,10d,amazon,d3nv3rite,1
17-Apr-2023,10d,amazon,AnyDrug,1
17-Apr-2023,10d,amazon,mtmirror,1
17-Apr-2023,10d,amazon,xosketleton0,1
17-Apr-2023,10d,amazon,Sad_Contribution_876,1
17-Apr-2023,10d,amazon,Kamykhan1,1
17-Apr-2023,10d,amazon,Enough-Photo1935,1
17-Apr-2023,10d,amazon,Video-Dapper,1
17-Apr-2023,10d,amazon,Substantial-Goat3846,1
17-Apr-2023,10d,amazon,AsuraRefunds,1
17-Apr-2023,10d,amazon,Meowinhiemer,1
17-Apr-2023,10d,amazon,blockedlogin,1
17-Apr-2023,10d,amazon,server_maintenance,1
17-Apr-2023,10d,amazon,True-Platinum-1523,1
17-Apr-2023,10d,amazon,SnooGoats8733,1
17-Apr-2023,10d,amazon,VeryBestUsername,1
17-Apr-2023,10d,amazon,PreviousPhilosophy88,1
17-Apr-2023,10d,amazon,MuddlingZombies,1
17-Apr-2023,10d,amazon,Young_Alternative,1
17-Apr-2023,10d,amazon,Practical_Year_4425,1
17-Apr-2023,10d,amazon,iloveeggsalot,1
17-Apr-2023,10d,amazon,AdTasty5290,1
17-Apr-2023,10d,amazon,Around_The_Globe,1
17-Apr-2023,10d,amazon,No-Relationship6964,1
17-Apr-2023,10d,amazon,thewhitewalker99,1
17-Apr-2023,10d,amazon,Gentleigh21,1
17-Apr-2023,10d,amazon,codybmusser,1
17-Apr-2023,10d,amazon,Bloomingpretty101,1
17-Apr-2023,10d,amazon,ladesantis,1
17-Apr-2023,10d,amazon,Diamond_Mediah,1
17-Apr-2023,10d,amazon,neto333,1
17-Apr-2023,10d,amazon,ItzzCammss,1
17-Apr-2023,10d,amazon,craftycat1135,1
17-Apr-2023,10d,amazon,pixelartistjewelie,1
17-Apr-2023,10d,amazon,markoNW,1
17-Apr-2023,10d,amazon,monsieurlee,1
17-Apr-2023,10d,amazon,SchonHen,1
17-Apr-2023,10d,amazon,chris5692,1
17-Apr-2023,10d,amazon,ldnkmms420,1
17-Apr-2023,10d,amazon,Hot-Detective-8163,1
17-Apr-2023,10d,amazon,Siyuen_Tea,1
17-Apr-2023,10d,amazon,GTRacer1972,1
17-Apr-2023,10d,amazon,patros36,1
17-Apr-2023,10d,amazon,Upstairs_Ladder_9625,1
17-Apr-2023,10d,amazon,Legitimate-Cut-5988,1
17-Apr-2023,10d,amazon,Scouse_Nuts,1
17-Apr-2023,10d,amazon,xferragamoFalcon,1
17-Apr-2023,10d,amazon,EmmyS1972,1
17-Apr-2023,10d,amazon,JGlynn101,1
17-Apr-2023,10d,amazon,HkHockey29,1
17-Apr-2023,10d,amazon,brasscup,1
17-Apr-2023,10d,amazon,Previous-Ad294,1
17-Apr-2023,10d,amazon,Luke_Atmi,1
17-Apr-2023,10d,amazon,DAT_DROP,1
17-Apr-2023,10d,amazon,Sea_Victory_6328,1
17-Apr-2023,10d,amazon,iloveehotmoms,1
17-Apr-2023,10d,amazon,bunoboz,1
17-Apr-2023,10d,amazon,cjp1873,1
17-Apr-2023,10d,amazon,OnlyWhenIBreathe,1
17-Apr-2023,10d,amazon,SwayX_X,1
17-Apr-2023,10d,amazon,redditupf2,1
17-Apr-2023,10d,amazon,isholamhi01,1
17-Apr-2023,10d,amazon,BeehiveStudio00,1
17-Apr-2023,10d,amazon,Unfair_Band_722,1
17-Apr-2023,10d,amazon,Whereismyflashlight,1
17-Apr-2023,10d,amazon,Janeb48,1
17-Apr-2023,10d,amazon,usamanajam,1
17-Apr-2023,10d,amazon,stefannnnnd,1
17-Apr-2023,10d,amazon,AlexInThePalace,1
17-Apr-2023,10d,amazon,Specialist-Ask8890,1
17-Apr-2023,10d,amazon,Pink-neck-Steven,1
17-Apr-2023,10d,amazon,divinexoxo,1
17-Apr-2023,10d,amazon,simmessi,1
17-Apr-2023,10d,amazon,R3pa1r3d,1
17-Apr-2023,10d,amazon,mc510,1
17-Apr-2023,10d,amazon,vitaliyh,1
17-Apr-2023,10d,amazon,gRAVErGurl,1
17-Apr-2023,10d,amazon,Kitchen-Owl8952,1
17-Apr-2023,10d,amazon,pidgeonatemypidgeon,1
17-Apr-2023,10d,amazon,LiquidC001,1
17-Apr-2023,10d,amazon,NickFireplace,1
17-Apr-2023,10d,amazon,StressedAfraid_,1
17-Apr-2023,10d,amazon,bettymarilynsmith,1
17-Apr-2023,10d,amazon,whitley5,1
17-Apr-2023,10d,amazon,Aju_vee,1
17-Apr-2023,10d,amazon,Fruitsklo,1
17-Apr-2023,10d,amazon,Tcat9822,1
17-Apr-2023,10d,amazon,SanctuaryMoon,1
17-Apr-2023,10d,amazon,BatFastardRedditor,1
17-Apr-2023,10d,amazon,Raleighwood007,1
17-Apr-2023,10d,amazon,SureAd2323,1
17-Apr-2023,10d,amazon,chibinightray,1
17-Apr-2023,10d,amazon,SamMcGroovy,1
17-Apr-2023,10d,amazon,Adventurous_Echo2878,1
17-Apr-2023,10d,amazon,Acceptable_Pop_4393,1
17-Apr-2023,10d,amazon,pixelrogue,1
17-Apr-2023,10d,amazon,stonecats,1
17-Apr-2023,10d,amazon,ZaidS0405,1
17-Apr-2023,10d,amazon,Positive-Feed393,1
17-Apr-2023,10d,amazon,Potential_Display662,1
17-Apr-2023,10d,amazon,A9TOP6,1
17-Apr-2023,10d,amazon,Longjumping_Relief50,1
17-Apr-2023,10d,amazon,Prior-Common-8069,1
17-Apr-2023,10d,amazon,A7X_Z,1
17-Apr-2023,10d,amazon,moshedanger,1
17-Apr-2023,10d,amazon,The_Overgiver,1
17-Apr-2023,10d,amazon,Either-Bodybuilder60,1
17-Apr-2023,10d,amazon,CarterCornish,1
17-Apr-2023,10d,amazon,DekuSussyBaka,1
17-Apr-2023,10d,amazon,anyaxwakuwaku,1
17-Apr-2023,10d,amazon,etarag,1
17-Apr-2023,10d,amazon,italian_mom,1
17-Apr-2023,10d,amazon,Macondra2014,1
17-Apr-2023,10d,amazon,doorbell19,1
17-Apr-2023,10d,amazon,dairy666,1
17-Apr-2023,10d,amazon,new_gift_card,1
17-Apr-2023,10d,amazon,Organic-Purple-6351,1
17-Apr-2023,10d,amazon,Asleep-Ad6137,1
17-Apr-2023,10d,amazon,Main-Magician9145,1
17-Apr-2023,10d,amazon,PanicLogically,1
17-Apr-2023,10d,amazon,Professional-Slide68,1
17-Apr-2023,10d,amazon,Business_coach77,1
17-Apr-2023,10d,amazon,cz108,1
17-Apr-2023,10d,amazon,Heidirs,1
17-Apr-2023,10d,amazon,AlwaysWantedToAsk93,1
17-Apr-2023,10d,amazon,Standard-Report-2298,1
17-Apr-2023,10d,amazon,Alert_Safe_4440,1
17-Apr-2023,10d,amazon,whussain5,1
17-Apr-2023,10d,amazon,makemoney2024,1
17-Apr-2023,10d,amazon,PleasantCurrant-FAT1,1
17-Apr-2023,10d,amazon,thesunsetcatcher,1
17-Apr-2023,10d,amazon,Kayzer2410,1
17-Apr-2023,10d,amazon,Stunning-Ear-9087,1
17-Apr-2023,10d,amazon,abonaser23,1
17-Apr-2023,10d,amazon,ItsOceanPlayz_Reddit,1
17-Apr-2023,10d,amazon,Kamin-Sky,1
17-Apr-2023,10d,amazon,racerimmortal87,1
17-Apr-2023,10d,amazon,measchway,1
17-Apr-2023,10d,amazon,Usual-Draft9942,1
17-Apr-2023,10d,amazon,bob_ross_reddit_yea,1
17-Apr-2023,10d,amazon,Crafty_Cap5275,1
17-Apr-2023,10d,amazon,pallladin,1
17-Apr-2023,10d,amazon,Valin123,1
17-Apr-2023,10d,amazon,Dan-in-Va,1
17-Apr-2023,10d,amazon,NewinTown109,1
17-Apr-2023,10d,amazon,XercesGetsDown,1
17-Apr-2023,10d,amazon,Odd_Sleep3990,1
17-Apr-2023,10d,amazon,sarmi34,1
17-Apr-2023,10d,amazon,dunbarskii,1
17-Apr-2023,10d,amazon,Spuds4Duds,1
17-Apr-2023,10d,amazon,garoto_enxaqueca,1
17-Apr-2023,10d,amazon,No-Celery-7711,1
17-Apr-2023,10d,amazon,Notdestorm,1
17-Apr-2023,10d,amazon,0b4macare,1
17-Apr-2023,10d,amazon,Thomas_RD,1
17-Apr-2023,10d,amazon,Last_Ad3255,1
17-Apr-2023,10d,amazon,kevinheart22,1
17-Apr-2023,10d,amazon,Sea_Journalist_3615,1
17-Apr-2023,10d,amazon,MagicMyc10,1
17-Apr-2023,10d,amazon,Raven-XTreme,1
17-Apr-2023,10d,amazon,Puzzleheaded_You_689,1
17-Apr-2023,10d,amazon,CardiologistWarm9029,1
17-Apr-2023,10d,amazon,leechtealady,1
17-Apr-2023,10d,amazon,firewell_313,1
17-Apr-2023,10d,amazon,evolved92,1
17-Apr-2023,10d,amazon,Savwire,1
17-Apr-2023,10d,amazon,FastNeighborhood2767,1
17-Apr-2023,10d,amazon,Master-Environment95,1
17-Apr-2023,10d,amazon,QA_Nerd,1
17-Apr-2023,10d,amazon,Aboy_hasnoname,1
17-Apr-2023,10d,amazon,Fun-Librarian5941,1
17-Apr-2023,10d,amazon,UnderstandingDry9660,1
17-Apr-2023,10d,amazon,owotismwastaken,1
17-Apr-2023,10d,amazon,5eul-gi,1
17-Apr-2023,10d,amazon,Ryukashin94,1
17-Apr-2023,10d,amazon,edelclaude,1
17-Apr-2023,10d,amazon,Downtown_Row_4051,1
17-Apr-2023,10d,amazon,METASHOPUF,1
17-Apr-2023,10d,amazon,Possible_Tiger_695,1
17-Apr-2023,10d,amazon,icepalpa,1
17-Apr-2023,10d,amazon,Technical-Gur-382,1
17-Apr-2023,10d,amazon,AdforThepoorfamily,1
17-Apr-2023,10d,amazon,-Jeanne-dArc,1
17-Apr-2023,10d,amazon,League_Different,1
17-Apr-2023,10d,amazon,shadowhood25,1
17-Apr-2023,10d,amazon,ChocolateRich4122,1
17-Apr-2023,10d,amazon,bennett7569,1
17-Apr-2023,10d,amazon,TheOriginalDerpMan,1
17-Apr-2023,10d,amazon,louisvuittonlatte,1
17-Apr-2023,10d,amazon,thisismypornaltlolol,1
17-Apr-2023,10d,amazon,shemeanswelll,1
17-Apr-2023,10d,amazon,AffectionateField225,1
17-Apr-2023,10d,amazon,cnbc_official,1
17-Apr-2023,10d,amazon,mahdy89,1
17-Apr-2023,10d,amazon,Archieauthor,1
17-Apr-2023,10d,amazon,rkarl7777,1
17-Apr-2023,10d,amazon,Sweaty-Cut7578,1
17-Apr-2023,10d,amazon,TThe_Improvisor,1
17-Apr-2023,10d,amazon,Lazy-Sorbet-5999,1
17-Apr-2023,10d,amazon,Broccoli-Trickster,1
17-Apr-2023,10d,amazon,Minimocha_27,1
17-Apr-2023,10d,amazon,cheesymod,1
17-Apr-2023,10d,amazon,TEMUDEVELOPER,1
17-Apr-2023,10d,amazon,Smooth-Mycologist652,1
17-Apr-2023,10d,amazon,david123_brown,1
17-Apr-2023,10d,amazon,StebLoL,1
17-Apr-2023,10d,amazon,thinkagain1,1
17-Apr-2023,10d,amazon,Snappytomcat,1
17-Apr-2023,10d,amazon,Verduzcos,1
17-Apr-2023,10d,amazon,KeiraMurat,1
17-Apr-2023,10d,amazon,zyf444e668,1
17-Apr-2023,10d,amazon,SoftPois0n,1
17-Apr-2023,10d,amazon,Competitive_Shift206,1
17-Apr-2023,10d,amazon,Variety43,1
17-Apr-2023,10d,amazon,Semicolonhope,1
17-Apr-2023,10d,amazon,tebbytear,1
17-Apr-2023,10d,amazon,lagi444crus,1
17-Apr-2023,10d,amazon,Unlikely-Ad-4031,1
17-Apr-2023,10d,amazon,makeit2102-,1
17-Apr-2023,10d,amazon,Whoargche,1
17-Apr-2023,10d,amazon,2004HondaCivicK20,1
17-Apr-2023,10d,amazon,NoFanofThis,1
17-Apr-2023,10d,amazon,r9800pro,1
17-Apr-2023,10d,amazon,ido1990,1
17-Apr-2023,10d,amazon,William_1200,1
17-Apr-2023,10d,amazon,CeldonKnight,1
17-Apr-2023,10d,amazon,Newuser13131313,1
17-Apr-2023,10d,amazon,Robertcurry2,1
17-Apr-2023,10d,amazon,tin87tin,1
17-Apr-2023,10d,amazon,aiaor,1
17-Apr-2023,10d,amazon,MaddCricket,1
17-Apr-2023,10d,amazon,Hel5_,1
17-Apr-2023,10d,amazon,External_Monk_5370,1
17-Apr-2023,10d,amazon,brobarb,1
17-Apr-2023,10d,amazon,Random-white-ish-gal,1
17-Apr-2023,10d,amazon,Lost_Rub_8453,1
17-Apr-2023,10d,amazon,c4catz,1
17-Apr-2023,10d,amazon,RoodNewb,1
17-Apr-2023,10d,amazon,Fkmeitscold,1
17-Apr-2023,10d,amazon,PakAttack86,1
17-Apr-2023,10d,amazon,Stonkover9000,1
17-Apr-2023,10d,amazon,fucking_idiot2,1
17-Apr-2023,10d,amazon,InterestingWord4188,1
17-Apr-2023,10d,amazon,throwaway1230100,1
17-Apr-2023,10d,amazon,mourning_wood_again,1
17-Apr-2023,10d,amazon,TheBeastGamer2507,1
17-Apr-2023,10d,amazon,Successful-11,1
17-Apr-2023,10d,amazon,BunnyNinja2379,1
17-Apr-2023,10d,amazon,hazza987,1
17-Apr-2023,10d,amazon,LazarianV,1
17-Apr-2023,10d,amazon,missinglinksman,1
17-Apr-2023,10d,amazon,lizzieismydog,1
17-Apr-2023,10d,amazon,ashykamal95,1
17-Apr-2023,10d,amazon,todayofferbyali4,1
17-Apr-2023,10d,amazon,-JEFF007-,1
17-Apr-2023,10d,amazon,Prem_bhalerao_12,1
17-Apr-2023,10d,amazon,Trip_2,1
17-Apr-2023,10d,amazon,Relevant-Locksmith75,1
17-Apr-2023,10d,amazon,BackgroundGrouchy41,1
17-Apr-2023,10d,amazon,ShauWolf,1
17-Apr-2023,10d,amazon,tareqaziz95,1
17-Apr-2023,10d,amazon,Corybacon,1
17-Apr-2023,10d,amazon,Lake_Serperior,1
17-Apr-2023,10d,amazon,Titanguru7,1
17-Apr-2023,10d,amazon,CynicMV,1
17-Apr-2023,10d,amazon,Drdverse,1
17-Apr-2023,10d,amazon,AstarothBeelzebub,1
17-Apr-2023,10d,amazon,Rancidbones813,1
17-Apr-2023,10d,amazon,katr422,1
17-Apr-2023,10d,amazon,Hobbit_Holes,1
17-Apr-2023,10d,amazon,EddySam69,1
17-Apr-2023,10d,amazon,OrganizationNo6074,1
17-Apr-2023,10d,amazon,Affectionate_Owl_832,1
17-Apr-2023,10d,amazon,wlexxx2,1
17-Apr-2023,10d,amazon,Severe_Librarian_249,1
17-Apr-2023,10d,amazon,TypicalAsian0,1
17-Apr-2023,10d,amazon,msklovesmath,1
17-Apr-2023,10d,amazon,East_Preference4754,1
17-Apr-2023,10d,amazon,joshuamarius,1
17-Apr-2023,10d,amazon,Kahless_2K,1
17-Apr-2023,10d,amazon,Sanstheprotector,1
17-Apr-2023,10d,amazon,JustElthadorr,1
17-Apr-2023,10d,amazon,Sophie_derv-23,1
17-Apr-2023,10d,amazon,RoughTheory3006,1
17-Apr-2023,10d,amazon,cyper_1,1
17-Apr-2023,10d,amazon,triplethreat1469,1
17-Apr-2023,10d,amazon,Bomptomp,1
17-Apr-2023,10d,amazon,brownsl66,1
17-Apr-2023,10d,amazon,galernalovestore,1
17-Apr-2023,10d,amazon,Makeupaholicx,1
17-Apr-2023,10d,amazon,serinde_miriel,1
17-Apr-2023,10d,amazon,LockeColeFF,1
17-Apr-2023,10d,amazon,jellownina,1
17-Apr-2023,10d,amazon,Fabulous_Mud_8773,1
17-Apr-2023,10d,amazon,Jon_Lach,1
17-Apr-2023,10d,amazon,Rubikslayer07,1
17-Apr-2023,10d,amazon,kitsen_battousai,1
17-Apr-2023,10d,amazon,ams3401,1
17-Apr-2023,10d,amazon,Normal-Feeling-7386,1
17-Apr-2023,10d,amazon,Emotional_Abalone270,1
17-Apr-2023,10d,amazon,Material_Cold_3318,1
17-Apr-2023,10d,amazon,AlivePatient7226,1
17-Apr-2023,10d,amazon,BitchBass,1
17-Apr-2023,10d,amazon,Ok_Buy_8776,1
17-Apr-2023,10d,amazon,Dude_of_York,1
17-Apr-2023,10d,amazon,BlueFaygo2003,1
17-Apr-2023,10d,amazon,dreamer881,1
17-Apr-2023,10d,amazon,KaKaPooPooPePeShire,1
17-Apr-2023,10d,amazon,IDoBelieveInGarys,1
17-Apr-2023,10d,amazon,Kind_Specialist8986,1
17-Apr-2023,10d,amazon,mennydream,1
17-Apr-2023,10d,amazon,Zestyclose_Log_6456,1
17-Apr-2023,10d,amazon,Due-One2837,1
17-Apr-2023,10d,amazon,thedesolatehopeitsme,1
17-Apr-2023,10d,amazon,SashaMitchener,1
17-Apr-2023,10d,amazon,AmazonPickMeUp,1
17-Apr-2023,10d,amazon,howisaraven,1
17-Apr-2023,10d,amazon,durjoy_hajra,1
17-Apr-2023,10d,amazon,thekingleone,1
17-Apr-2023,10d,amazon,StrangeRalph,1
17-Apr-2023,10d,amazon,Trending_Now2023,1
17-Apr-2023,10d,amazon,Ivaklom,1
17-Apr-2023,10d,amazon,TheNewLevi,1
17-Apr-2023,10d,amazon,McFascism,1
17-Apr-2023,10d,amazon,Mysterious-Resist-56,1
17-Apr-2023,10d,amazon,GoldenDealsTexas,1
17-Apr-2023,10d,amazon,4500_MASS_EAT,1
17-Apr-2023,10d,amazon,kindnessisallwehave,1
17-Apr-2023,10d,amazon,GurAdventurous2170,1
17-Apr-2023,10d,amazon,lindafromevildead,1
17-Apr-2023,10d,amazon,Dull_Committee_5559,1
17-Apr-2023,10d,amazon,Giversneverlack2,1
17-Apr-2023,10d,amazon,Tall_Principle_3458,1
17-Apr-2023,10d,amazon,SellerAi,1
17-Apr-2023,10d,amazon,RealEpicAaron,1
17-Apr-2023,10d,amazon,merkavasiman4,1
17-Apr-2023,10d,amazon,RandomFemboy82,1
17-Apr-2023,10d,amazon,Ok-Actuator8558,1
17-Apr-2023,10d,amazon,Miserable_Boat_7801,1
17-Apr-2023,10d,amazon,Angxlmilk,1
17-Apr-2023,10d,amazon,teth21,1
17-Apr-2023,10d,amazon,m_saad_2000,1
17-Apr-2023,10d,amazon,Due-Charity2393,1
17-Apr-2023,10d,amazon,Spicy_Poo,1
17-Apr-2023,10d,amazon,JonneyMillar,1
17-Apr-2023,10d,amazon,frankirv,1
17-Apr-2023,10d,amazon,Electronic-Crazy781,1
17-Apr-2023,10d,amazon,TPN247,1
17-Apr-2023,10d,amazon,chauhan_1810,1
17-Apr-2023,10d,amazon,SmilyPizza275,1
17-Apr-2023,10d,amazon,scaique_NFT,1
17-Apr-2023,10d,amazon,ghostofthecomputer,1
17-Apr-2023,10d,amazon,holyguaxamole,1
17-Apr-2023,10d,amazon,Zestyclose_Leader315,1
17-Apr-2023,10d,amazon,horny_kink,1
17-Apr-2023,10d,amazon,pepsipaul,1
17-Apr-2023,10d,amazon,Wrist-Violinist,1
17-Apr-2023,10d,amazon,10marketing8,1
17-Apr-2023,10d,amazon,Sure_guide_,1
17-Apr-2023,10d,amazon,ConfidentCandidate96,1
17-Apr-2023,10d,amazon,CatPaw-,1
17-Apr-2023,10d,amazon,TurtleChrist,1
17-Apr-2023,10d,amazon,ryry334673,1
17-Apr-2023,10d,amazon,Rajfashionblog,1
17-Apr-2023,10d,amazon,iceman0613,1
17-Apr-2023,10d,amazon,DaRealDorseyBruh,1
17-Apr-2023,10d,amazon,SiliconSandCastle,1
17-Apr-2023,10d,amazon,_am-bi-baby_,1
17-Apr-2023,10d,amazon,VintageCorduroy,1
17-Apr-2023,10d,amazon,Jokersplaycard,1
17-Apr-2023,10d,amazon,ShyGuy5555,1
17-Apr-2023,10d,amazon,NoImplement8218,1
17-Apr-2023,10d,amazon,Ext4byte,1
17-Apr-2023,10d,amazon,summerlove713,1
17-Apr-2023,10d,amazon,Winter-Complaint1457,1
17-Apr-2023,10d,amazon,CathbadTheDruid,1
17-Apr-2023,10d,amazon,RuddyDailyPost19,1
17-Apr-2023,10d,amazon,TrapNoCap,1
17-Apr-2023,10d,amazon,Antobam040,1
17-Apr-2023,10d,amazon,AceDenied,1
17-Apr-2023,10d,amazon,WonderWanderWayfarer,1
17-Apr-2023,10d,amazon,brett695,1
17-Apr-2023,10d,amazon,PaleontologistFew138,1
17-Apr-2023,10d,amazon,DesignerArmy9495,1
17-Apr-2023,10d,amazon,AQDUyYN7cgbDa4eYtxTq,1
17-Apr-2023,10d,amazon,grmljemkx,1
17-Apr-2023,10d,amazon,Bigdaddyshaw348,1
17-Apr-2023,10d,amazon,CorthNarolina,1
17-Apr-2023,10d,amazon,FXXUCK,1
17-Apr-2023,10d,amazon,voidvampire07,1
17-Apr-2023,10d,amazon,Hairy_Edge_7378,1
17-Apr-2023,10d,amazon,toastar-phone,1
17-Apr-2023,10d,amazon,Dread_Nugget,1
17-Apr-2023,10d,amazon,IonEagle21,1
17-Apr-2023,10d,amazon,TheGuy636,1
17-Apr-2023,10d,amazon,Ancient-Agency,1
17-Apr-2023,10d,amazon,Lanky-Dependent,1
17-Apr-2023,10d,amazon,One-Character5870,1
17-Apr-2023,10d,amazon,michaelmotorcycle92,1
17-Apr-2023,10d,amazon,safijiivar,1
17-Apr-2023,10d,amazon,TheScarletPeacock,1
17-Apr-2023,10d,amazon,mohammednageh61,1
17-Apr-2023,10d,amazon,DryRaspberry9838,1
17-Apr-2023,10d,amazon,malikshops,1
17-Apr-2023,10d,amazon,CloseEnvironment,1
17-Apr-2023,10d,amazon,santaklaw,1
17-Apr-2023,10d,amazon,Derpy847,1
17-Apr-2023,10d,amazon,MLtoonguy,1
17-Apr-2023,10d,amazon,jaxssy,1
17-Apr-2023,10d,amazon,Epyon_,1
17-Apr-2023,10d,amazon,NocturnalAx,1
17-Apr-2023,10d,amazon,Devid9073,1
17-Apr-2023,10d,amazon,omarjarrah,1
17-Apr-2023,10d,amazon,PoeBoyJoe,1
17-Apr-2023,10d,amazon,marabou22,1
17-Apr-2023,10d,amazon,Terrible_Terrance,1
17-Apr-2023,10d,amazon,useventeen,1
17-Apr-2023,10d,amazon,thegrey92,1
17-Apr-2023,10d,amazon,Ravinha,1
17-Apr-2023,10d,amazon,Worth-Swordfish-8506,1
17-Apr-2023,10d,amazon,Only_Tomorrow_6964,1
17-Apr-2023,10d,amazon,outofmemory01,1
17-Apr-2023,10d,amazon,Fluid_Pension2531,1
17-Apr-2023,10d,amazon,TiMELeSS526,1
17-Apr-2023,10d,amazon,hichaam2,1
17-Apr-2023,10d,amazon,Penthar_Mull,1
17-Apr-2023,10d,amazon,jiffeydotcom1,1
17-Apr-2023,10d,amazon,Fair-View5747,1
17-Apr-2023,10d,amazon,larryseltzer,1
17-Apr-2023,10d,amazon,NewAd7190,1
17-Apr-2023,10d,amazon,Realistic-Joke-9345,1
17-Apr-2023,10d,amazon,Ok_Albatross4026,1
17-Apr-2023,10d,amazon,Ok_Day3050,1
17-Apr-2023,10d,amazon,daleyyc,1
17-Apr-2023,10d,amazon,Still-Ad-7132,1
17-Apr-2023,10d,amazon,yhankhee,1
17-Apr-2023,10d,amazon,Asimuvas,1
17-Apr-2023,10d,amazon,fakefitter,1
17-Apr-2023,10d,amazon,BroJJ25,1
17-Apr-2023,10d,amazon,SevenBendsBotanicals,1
17-Apr-2023,10d,amazon,Careless-Ad3790,1
17-Apr-2023,10d,amazon,Haileymotionless,1
17-Apr-2023,10d,amazon,faaki,1
17-Apr-2023,10d,amazon,KazArisato,1
17-Apr-2023,10d,amazon,NebulaBrew,1
17-Apr-2023,10d,amazon,caymenpope,1
17-Apr-2023,10d,amazon,PsychologicalAd8012,1
17-Apr-2023,10d,amazon,ProfessionalShirt176,1
17-Apr-2023,10d,amazon,fr4nk0ce4n,1
17-Apr-2023,10d,amazon,Acceptable_Sale5723,1
17-Apr-2023,10d,amazon,martialexa,1
17-Apr-2023,10d,amazon,SmartBrowsingSociety,1
17-Apr-2023,10d,amazon,Sensitive_Current_44,1
17-Apr-2023,10d,amazon,Shinozakeh,1
17-Apr-2023,10d,amazon,Weak-Comfortable7085,1
17-Apr-2023,10d,amazon,Hour-Environment4087,1
17-Apr-2023,10d,amazon,MuddyBubble32-,1
17-Apr-2023,10d,amazon,PyroCorvid,1
17-Apr-2023,10d,amazon,shez19833,1
17-Apr-2023,10d,amazon,Garnet1970,1
17-Apr-2023,10d,amazon,frdarkz,1
17-Apr-2023,10d,amazon,Bon_yaqwq,1
17-Apr-2023,10d,amazon,PartyNightAway,1
17-Apr-2023,10d,amazon,Rubbel-DieKatz,1
17-Apr-2023,10d,amazon,dontcringeme,1
17-Apr-2023,10d,amazon,Reasonable-Mind1982,1
17-Apr-2023,10d,amazon,Sad_Mind306,1
17-Apr-2023,10d,amazon,Jflogistics,1
17-Apr-2023,10d,amazon,Bulky_Ad_388,1
17-Apr-2023,10d,amazon,ScooterManCR,1
17-Apr-2023,10d,amazon,hypefaxin72,1
17-Apr-2023,10d,amazon,itme103,1
17-Apr-2023,10d,amazon,Dangerous-Bluebird59,1
17-Apr-2023,10d,amazon,Yummy-money,1
17-Apr-2023,10d,amazon,Chart_Legitimate,1
17-Apr-2023,10d,amazon,unexpectedly_common,1
17-Apr-2023,10d,amazon,Silverphile,1
17-Apr-2023,10d,amazon,purelombardi,1
17-Apr-2023,10d,amazon,Wafflee21,1
17-Apr-2023,10d,amazon,1C3NT,1
17-Apr-2023,10d,amazon,averageidea,1
17-Apr-2023,10d,amazon,RIP_Don_Vito,1
17-Apr-2023,10d,amazon,Secret-Afternoon-645,1
17-Apr-2023,10d,amazon,mound_maker,1
17-Apr-2023,10d,amazon,One_Friendship8658,1
17-Apr-2023,10d,amazon,DelfreGo,1
17-Apr-2023,10d,amazon,unlockrepairllcshop,1
17-Apr-2023,10d,amazon,Whimsywarrior21,1
17-Apr-2023,10d,amazon,George90731,1
17-Apr-2023,10d,amazon,LtDangley,1
17-Apr-2023,10d,amazon,hkesteloo,1
17-Apr-2023,10d,amazon,Evya_IL,1
17-Apr-2023,10d,amazon,MJ12369,1
17-Apr-2023,10d,amazon,necessarystores24,1
17-Apr-2023,10d,amazon,MaizeLeft4272,1
17-Apr-2023,10d,amazon,Tiny-Effective-9810,1
17-Apr-2023,10d,amazon,pythonNlpLovers,1
17-Apr-2023,10d,amazon,WxaithBrynger,1
17-Apr-2023,10d,amazon,elcigala20,1
17-Apr-2023,10d,amazon,littlemisssunshine40,1
17-Apr-2023,10d,amazon,LifeguardPutrid2993,1
17-Apr-2023,10d,amazon,SirMarcMatthews,1
17-Apr-2023,10d,amazon,CuriousPsychosis,1
17-Apr-2023,10d,amazon,rachel-angelina,1
17-Apr-2023,10d,amazon,babaganoooshh,1
17-Apr-2023,10d,amazon,ciendagrace,1
17-Apr-2023,10d,amazon,xbbykittenmelx,1
17-Apr-2023,10d,amazon,pooted_zooted,1
17-Apr-2023,10d,amazon,Alarming-Addition-30,1
17-Apr-2023,10d,amazon,Mostafeca,1
17-Apr-2023,10d,amazon,4eyedweirdo,1
17-Apr-2023,10d,amazon,Fun_Fuel333,1
17-Apr-2023,10d,amazon,Araliance,1
17-Apr-2023,10d,amazon,0ashkan4,1
17-Apr-2023,10d,amazon,m_rishab,1
17-Apr-2023,10d,amazon,raptorbluez,1
17-Apr-2023,10d,amazon,That-Cable6761,1
17-Apr-2023,10d,amazon,GratefulGourmand,1
17-Apr-2023,10d,amazon,Libensborn,1
17-Apr-2023,10d,amazon,Plastic_kangaroo,1
17-Apr-2023,10d,amazon,BaburZahir,1
17-Apr-2023,10d,amazon,genesis3337,1
17-Apr-2023,10d,amazon,PeaGroundbreaking664,1
17-Apr-2023,10d,amazon,Express-Hornet4573,1
17-Apr-2023,10d,amazon,MichiganYooper,1
17-Apr-2023,10d,amazon,Altruistic_Bank_1721,1
17-Apr-2023,10d,amazon,DOGzilla6624,1
17-Apr-2023,10d,amazon,lividfantasia,1
17-Apr-2023,10d,amazon,KEYm_0NO,1
17-Apr-2023,10d,amazon,Far_Struggle_1375,1
17-Apr-2023,10d,amazon,BlckWithWhtBirthmark,1
17-Apr-2023,10d,amazon,Spirited_Memory9446,1
17-Apr-2023,10d,amazon,Sodisna2,1
17-Apr-2023,10d,amazon,wil123forde,1
17-Apr-2023,10d,amazon,Retrograde-Planet,1
17-Apr-2023,10d,amazon,spyncer2020,1
17-Apr-2023,10d,amazon,Willing_Cicada9057,1
17-Apr-2023,10d,amazon,Jamie2990,1
17-Apr-2023,10d,amazon,Julio76402012,1
17-Apr-2023,10d,amazon,simplyaless,1
17-Apr-2023,10d,amazon,mindonautca,1
17-Apr-2023,10d,amazon,Mountain-Grab2519,1
17-Apr-2023,10d,amazon,cleangravy,1
17-Apr-2023,10d,amazon,Graye_Skreen,1
17-Apr-2023,10d,amazon,benmills66,1
17-Apr-2023,10d,amazon,AmyGirlVl,1
17-Apr-2023,10d,amazon,Mad-Andre,1
17-Apr-2023,10d,amazon,ALLEYEDFORK,1
17-Apr-2023,10d,amazon,Desperate-Step-5832,1
17-Apr-2023,10d,amazon,AtomikRadio,1
17-Apr-2023,10d,amazon,Interesting-Hat-6182,1
17-Apr-2023,10d,amazon,ArnieGumble,1
17-Apr-2023,10d,amazon,Randomfive98,1
17-Apr-2023,10d,amazon,alternativebeep,1
17-Apr-2023,10d,amazon,Fungusamongus27,1
17-Apr-2023,10d,amazon,Hustling_101,1
17-Apr-2023,10d,amazon,BroadwayGuy123,1
17-Apr-2023,10d,amazon,aehanken,1
17-Apr-2023,10d,amazon,TheFrillyVista,1
17-Apr-2023,10d,amazon,trsands,1
17-Apr-2023,10d,amazon,Unkle_Bonji,1
17-Apr-2023,10d,amazon,thats-pretty-cool-,1
17-Apr-2023,10d,amazon,cryingcowplants_,1
17-Apr-2023,10d,amazon,mustardeater247,1
17-Apr-2023,10d,amazon,W5ociety,1
17-Apr-2023,10d,amazon,omkar-goodb,1
17-Apr-2023,10d,amazon,IcyCattle6374,1
17-Apr-2023,10d,amazon,jimmjucy,1
17-Apr-2023,10d,amazon,neetusingh01,1
17-Apr-2023,10d,amazon,Naf_Reddit,1
17-Apr-2023,10d,amazon,Rich_Rutabaga9252,1
17-Apr-2023,10d,amazon,Ryder1329_,1
17-Apr-2023,10d,amazon,Toop200,1
17-Apr-2023,10d,amazon,Idiottttttic,1
17-Apr-2023,10d,amazon,NP_Steve,1
17-Apr-2023,10d,amazon,fatboyglen21,1
17-Apr-2023,10d,amazon,imjustherewatup,1
17-Apr-2023,10d,amazon,Khano143,1
17-Apr-2023,10d,amazon,HotFan1739,1
17-Apr-2023,10d,amazon,Outrageous-Ladder-72,1
17-Apr-2023,10d,amazon,Distinct_Valuable908,1
17-Apr-2023,10d,amazon,FreddyFromunda,1
17-Apr-2023,10d,amazon,bala400,1
17-Apr-2023,10d,amazon,Think_Raccoon_5425,1
17-Apr-2023,10d,amazon,No-Department7310,1
17-Apr-2023,10d,amazon,Ghostwood7,1
17-Apr-2023,10d,amazon,Kirc1701,1
17-Apr-2023,10d,amazon,Jpaylay42016,1
17-Apr-2023,10d,amazon,ChrisBarse86,1
17-Apr-2023,10d,amazon,aisiv,1
17-Apr-2023,10d,amazon,RevolutionaryLog6248,1
17-Apr-2023,10d,amazon,PasswordPussy,1
17-Apr-2023,10d,amazon,Tyzka,1
17-Apr-2023,10d,amazon,manuelg01,1
17-Apr-2023,10d,amazon,WhizWithout,1
17-Apr-2023,10d,amazon,4everban,1
17-Apr-2023,10d,amazon,JhancockLakota1,1
17-Apr-2023,10d,amazon,Honigdachs69,1
17-Apr-2023,10d,amazon,Stumble19,1
17-Apr-2023,10d,amazon,Hopeful-System-8786,1
17-Apr-2023,10d,amazon,ShouresSoote,1
17-Apr-2023,10d,amazon,CoryardBG,1
17-Apr-2023,10d,amazon,sarahnottsara,1
17-Apr-2023,10d,amazon,RedshirtBlueshirt97,1
17-Apr-2023,10d,amazon,Limestone360,1
17-Apr-2023,10d,amazon,jfjenehd,1
17-Apr-2023,10d,amazon,bsn2000,1
17-Apr-2023,10d,amazon,akool_technology,1
17-Apr-2023,10d,amazon,ConRev23,1
17-Apr-2023,10d,amazon,puzzifer,1
17-Apr-2023,10d,amazon,swordgeek,1
17-Apr-2023,10d,amazon,Worried_Fishing3531,1
17-Apr-2023,10d,amazon,sowhatnardis,1
17-Apr-2023,10d,amazon,Glad-Pomegranate930,1
17-Apr-2023,10d,amazon,FshineD,1
17-Apr-2023,10d,amazon,fiercefv,1
17-Apr-2023,10d,amazon,mikeybhoy_1985,1
17-Apr-2023,10d,amazon,rayberto1972,1
17-Apr-2023,10d,amazon,ArtisticTry1423,1
17-Apr-2023,10d,amazon,Comfortable_Pool5326,1
17-Apr-2023,10d,amazon,rainbowtoucan1992,1
17-Apr-2023,10d,amazon,Latter_Ad_670,1
17-Apr-2023,10d,amazon,Pottkinder,1
17-Apr-2023,10d,amazon,GeneCheng,1
17-Apr-2023,10d,amazon,TranslatorNeat5331,1
17-Apr-2023,10d,amazon,Ok_News_406,1
17-Apr-2023,10d,amazon,Ashe_Doomsday,1
17-Apr-2023,10d,amazon,ravensfan852,1
17-Apr-2023,10d,amazon,nikkococo1998,1
17-Apr-2023,10d,amazon,summerricko,1
17-Apr-2023,10d,amazon,Sadosamko,1
17-Apr-2023,10d,amazon,EdibleCheeseGuy,1
17-Apr-2023,10d,amazon,Amjad_20222,1
17-Apr-2023,10d,amazon,HudsonDad56,1
17-Apr-2023,10d,amazon,Willing-Ad-5083,1
17-Apr-2023,10d,amazon,inheretoreadcomments,1
17-Apr-2023,10d,amazon,Ordinary-Swimming917,1
17-Apr-2023,10d,amazon,hellorobby,1
17-Apr-2023,10d,amazon,Asleep-Leg-9635,1
17-Apr-2023,10d,amazon,antihero_zero,1
17-Apr-2023,10d,amazon,FrenchToesSticks,1
17-Apr-2023,10d,amazon,Sofia5633,1
17-Apr-2023,10d,amazon,ohnoafeeling,1
17-Apr-2023,10d,amazon,caesardilf,1
17-Apr-2023,10d,amazon,Sharfuzzaman,1
17-Apr-2023,10d,amazon,BreathlessSins,1
17-Apr-2023,10d,amazon,23Bow,1
17-Apr-2023,10d,amazon,TrueDarkZidane,1
17-Apr-2023,10d,amazon,jshji252,1
17-Apr-2023,10d,amazon,Gr8NW,1
17-Apr-2023,10d,amazon,CriticallyAbnormal,1
17-Apr-2023,10d,amazon,Pandamoanium777,1
17-Apr-2023,10d,amazon,thelivsterette1,1
17-Apr-2023,10d,amazon,GeekyGrannyTexas,1
17-Apr-2023,10d,amazon,Kill_All_With_Fire,1
17-Apr-2023,10d,amazon,Own_Cable_43,1
17-Apr-2023,10d,amazon,yohihi_,1
17-Apr-2023,10d,amazon,Kindly_Put_5065,1
17-Apr-2023,10d,amazon,IMO2021,1
17-Apr-2023,10d,amazon,yukesfire,1
17-Apr-2023,10d,amazon,Connect-Sort217,1
17-Apr-2023,10d,amazon,No-Problem-Big-Man,1
17-Apr-2023,10d,amazon,ComprehensiveGrab69,1
17-Apr-2023,10d,amazon,ThinkSteak5765,1
17-Apr-2023,10d,amazon,fjgwey,1
17-Apr-2023,10d,amazon,TakeYourVitamin,1
17-Apr-2023,10d,amazon,shaunfly1,1
17-Apr-2023,10d,amazon,THC_For_Sale,1
17-Apr-2023,10d,amazon,Few-Juggernaut-9227,1
17-Apr-2023,10d,amazon,saxisa,1
17-Apr-2023,10d,amazon,Affectionate-Ad-649,1
17-Apr-2023,10d,amazon,CroninChris,1
17-Apr-2023,10d,amazon,South_Outside4948,1
17-Apr-2023,10d,amazon,theoniwan87,1
17-Apr-2023,10d,amazon,Tomukami,1
17-Apr-2023,10d,amazon,ImNotPamela,1
17-Apr-2023,10d,amazon,jaysmaan,1
17-Apr-2023,10d,amazon,throwaway44792,1
17-Apr-2023,10d,amazon,Ok_Act8214,1
17-Apr-2023,10d,amazon,noobiewithboobiess,1
17-Apr-2023,10d,amazon,zcodes_xyz,1
17-Apr-2023,10d,amazon,Sylveon9087,1
17-Apr-2023,10d,amazon,Adalwolf311,1
17-Apr-2023,10d,amazon,BadAtTechStufff,1
17-Apr-2023,10d,amazon,Lost_Improvement_463,1
17-Apr-2023,10d,amazon,SSSantanaa,1
17-Apr-2023,10d,amazon,jojomott,1
17-Apr-2023,10d,amazon,ibzcnote604,1
17-Apr-2023,10d,amazon,Historical_State80,1
17-Apr-2023,10d,amazon,Radiant_Set_8953,1
17-Apr-2023,10d,amazon,trebory6,1
17-Apr-2023,10d,amazon,Secret_Willingness78,1
17-Apr-2023,10d,amazon,Fluid-Creme-7943,1
17-Apr-2023,10d,amazon,prodigyash5124,1
17-Apr-2023,10d,amazon,Emotional_Track1583,1
17-Apr-2023,10d,amazon,mamaway,1
17-Apr-2023,10d,amazon,mytextgoeshere,1
17-Apr-2023,10d,amazon,lima_echo_lima,1
17-Apr-2023,10d,amazon,btadams1971,1
17-Apr-2023,10d,amazon,Mrs_Milk333,1
17-Apr-2023,10d,amazon,Loose-Equivalent-715,1
17-Apr-2023,10d,amazon,jesiel055,1
17-Apr-2023,10d,amazon,spenzurk,1
17-Apr-2023,10d,amazon,M010220,1
17-Apr-2023,10d,amazon,SFarm666,1
17-Apr-2023,10d,amazon,Blanche-0406,1
17-Apr-2023,10d,amazon,monitorsareprison,1
17-Apr-2023,10d,amazon,Noah30dz,1
17-Apr-2023,10d,amazon,milesdavis1939,1
17-Apr-2023,10d,amazon,julcyfruit,1
17-Apr-2023,10d,amazon,batsychan,1
17-Apr-2023,10d,amazon,honey495,1
17-Apr-2023,10d,amazon,LeanPicachu,1
17-Apr-2023,10d,amazon,Dense-Dependent-4351,1
17-Apr-2023,10d,amazon,fiddleleafpop,1
17-Apr-2023,10d,amazon,wockheartzz,1
17-Apr-2023,10d,amazon,SirMrSheep,1
17-Apr-2023,10d,amazon,elderscrolls1993,1
