query_date,before_date,subreddit,comment_author,comment_frequency
17-Feb-2023,20d,amazon,AutoModerator,332
17-Feb-2023,20d,amazon,[deleted],89
17-Feb-2023,20d,amazon,sibman,19
17-Feb-2023,20d,amazon,known_starfield,16
17-Feb-2023,20d,amazon,stuartgatzo,12
17-Feb-2023,20d,amazon,tlong1124,12
17-Feb-2023,20d,amazon,BlueBabyButterfly,6
17-Feb-2023,20d,amazon,Tricky_Climate1636,6
17-Feb-2023,20d,amazon,searchenginewatchdog,5
17-Feb-2023,20d,amazon,CJ_Southworth,5
17-Feb-2023,20d,amazon,Tooblicker,5
17-Feb-2023,20d,amazon,Mizzou0579,5
17-Feb-2023,20d,amazon,jarritto1,5
17-Feb-2023,20d,amazon,Asherjade,4
17-Feb-2023,20d,amazon,Ok-Background-7897,4
17-Feb-2023,20d,amazon,Sarfbot,4
17-Feb-2023,20d,amazon,MonkeyBellyStarToes,4
17-Feb-2023,20d,amazon,Lexta222,4
17-Feb-2023,20d,amazon,kindall,4
17-Feb-2023,20d,amazon,imran04june,3
17-Feb-2023,20d,amazon,Entertainmentv8195,3
17-Feb-2023,20d,amazon,thirdlost,3
17-Feb-2023,20d,amazon,crazynotsocrazy,3
17-Feb-2023,20d,amazon,Lillabee18,3
17-Feb-2023,20d,amazon,anonymiz123,3
17-Feb-2023,20d,amazon,Weird-Ingenuity9331,3
17-Feb-2023,20d,amazon,Multiverse_Money,3
17-Feb-2023,20d,amazon,jrhoffa,3
17-Feb-2023,20d,amazon,Helgafjell4Me,3
17-Feb-2023,20d,amazon,DelEmma17,3
17-Feb-2023,20d,amazon,WhoCareZB1tezH,3
17-Feb-2023,20d,amazon,Extreme-Internet7842,3
17-Feb-2023,20d,amazon,Varon_DiStefano,3
17-Feb-2023,20d,amazon,fatty__boi,3
17-Feb-2023,20d,amazon,GeoChallenge,3
17-Feb-2023,20d,amazon,areweserious00,3
17-Feb-2023,20d,amazon,GetRiceCrispy,3
17-Feb-2023,20d,amazon,KittyWingsx,3
17-Feb-2023,20d,amazon,mentoyas,3
17-Feb-2023,20d,amazon,ElementofTreachery,3
17-Feb-2023,20d,amazon,EglinAfarce,3
17-Feb-2023,20d,amazon,Ocanannain,3
17-Feb-2023,20d,amazon,Heavy-Car1363,3
17-Feb-2023,20d,amazon,SplishSploosh2000,2
17-Feb-2023,20d,amazon,vuwildcat07,2
17-Feb-2023,20d,amazon,earthscribe,2
17-Feb-2023,20d,amazon,Diegobyte,2
17-Feb-2023,20d,amazon,RahdronRTHTGH,2
17-Feb-2023,20d,amazon,aspektx,2
17-Feb-2023,20d,amazon,horizontalcracker,2
17-Feb-2023,20d,amazon,NotNow_NotEver_,2
17-Feb-2023,20d,amazon,Possible-Strategy520,2
17-Feb-2023,20d,amazon,fatboyjonas,2
17-Feb-2023,20d,amazon,JessDesserts,2
17-Feb-2023,20d,amazon,Odd_Refrigerator1787,2
17-Feb-2023,20d,amazon,TasteOfMexico,2
17-Feb-2023,20d,amazon,schurgy16,2
17-Feb-2023,20d,amazon,_glasstables,2
17-Feb-2023,20d,amazon,zombarista,2
17-Feb-2023,20d,amazon,Mysterious-Theory-66,2
17-Feb-2023,20d,amazon,Sea_Push_7261,2
17-Feb-2023,20d,amazon,pman6,2
17-Feb-2023,20d,amazon,TwoThirdsDone,2
17-Feb-2023,20d,amazon,Jambo526,2
17-Feb-2023,20d,amazon,Quacker_United,2
17-Feb-2023,20d,amazon,FatBearWeekKatmai,2
17-Feb-2023,20d,amazon,FaultOut,2
17-Feb-2023,20d,amazon,Who_is_I_today,2
17-Feb-2023,20d,amazon,Thatsabitmulch,2
17-Feb-2023,20d,amazon,Round_Responsible,2
17-Feb-2023,20d,amazon,Valkyrie5984,2
17-Feb-2023,20d,amazon,DPlainview69,2
17-Feb-2023,20d,amazon,Kolamer,2
17-Feb-2023,20d,amazon,RickestRickSea137,2
17-Feb-2023,20d,amazon,Fix-this1975,2
17-Feb-2023,20d,amazon,Wrestlingfan3434,2
17-Feb-2023,20d,amazon,liarandathief,2
17-Feb-2023,20d,amazon,Ansh_6743,2
17-Feb-2023,20d,amazon,The_Egg_came_first,2
17-Feb-2023,20d,amazon,IamNOTGaryBusey,2
17-Feb-2023,20d,amazon,GradeAPrimeFuckery,2
17-Feb-2023,20d,amazon,C_Steele96,2
17-Feb-2023,20d,amazon,Swimming_Mammoth_874,2
17-Feb-2023,20d,amazon,shash270,2
17-Feb-2023,20d,amazon,Single-Neck-8506,2
17-Feb-2023,20d,amazon,JasonBeorn,2
17-Feb-2023,20d,amazon,aadapts,2
17-Feb-2023,20d,amazon,twoandaquarter83,2
17-Feb-2023,20d,amazon,bopit_rockit_stopit,2
17-Feb-2023,20d,amazon,quiken4,2
17-Feb-2023,20d,amazon,catherinesawhore,2
17-Feb-2023,20d,amazon,fjccommish,2
17-Feb-2023,20d,amazon,duluoz1,2
17-Feb-2023,20d,amazon,Throwingshead,2
17-Feb-2023,20d,amazon,Oscarsome,2
17-Feb-2023,20d,amazon,JohnBrownStan,2
17-Feb-2023,20d,amazon,falloutjackal,2
17-Feb-2023,20d,amazon,KR-Raz,1
17-Feb-2023,20d,amazon,ThingsThatComeToMind,1
17-Feb-2023,20d,amazon,The_Giver_Of_Tea,1
17-Feb-2023,20d,amazon,nvhustler,1
17-Feb-2023,20d,amazon,eudimonia-84,1
17-Feb-2023,20d,amazon,Orpheus31,1
17-Feb-2023,20d,amazon,JSMIN_,1
17-Feb-2023,20d,amazon,BotDamian,1
17-Feb-2023,20d,amazon,srishti387,1
17-Feb-2023,20d,amazon,Flimsy-Grocery-1008,1
17-Feb-2023,20d,amazon,duybach50,1
17-Feb-2023,20d,amazon,danie-l,1
17-Feb-2023,20d,amazon,RamRealDadRisyasring,1
17-Feb-2023,20d,amazon,orcatwins,1
17-Feb-2023,20d,amazon,NoAbbreviations290,1
17-Feb-2023,20d,amazon,Recent-Skill7022,1
17-Feb-2023,20d,amazon,Kuckarot,1
17-Feb-2023,20d,amazon,NenDalte,1
17-Feb-2023,20d,amazon,foofyboon,1
17-Feb-2023,20d,amazon,ImClaaara,1
17-Feb-2023,20d,amazon,RyWeezy,1
17-Feb-2023,20d,amazon,spoofrice11,1
17-Feb-2023,20d,amazon,cuteman,1
17-Feb-2023,20d,amazon,Forward_Paramedic222,1
17-Feb-2023,20d,amazon,ID-10T_Error,1
17-Feb-2023,20d,amazon,Flimsy_Most1636,1
17-Feb-2023,20d,amazon,wineyb1tch,1
17-Feb-2023,20d,amazon,DeanDeanington,1
17-Feb-2023,20d,amazon,BetterRecognition7,1
17-Feb-2023,20d,amazon,FletchNZ,1
17-Feb-2023,20d,amazon,KaylaKittyCreations,1
17-Feb-2023,20d,amazon,Felbeast2,1
17-Feb-2023,20d,amazon,Glum_Physics9040,1
17-Feb-2023,20d,amazon,Dobson_Butter,1
17-Feb-2023,20d,amazon,WiF1,1
17-Feb-2023,20d,amazon,Hermit_Painter,1
17-Feb-2023,20d,amazon,echelon37,1
17-Feb-2023,20d,amazon,pho008,1
17-Feb-2023,20d,amazon,FlavoredButtHair,1
17-Feb-2023,20d,amazon,StampinHannah,1
17-Feb-2023,20d,amazon,jeetkap,1
17-Feb-2023,20d,amazon,thetall0ne1,1
17-Feb-2023,20d,amazon,driekus456,1
17-Feb-2023,20d,amazon,Impossible_Okra,1
17-Feb-2023,20d,amazon,transporteraccident,1
17-Feb-2023,20d,amazon,BubbaChanel,1
17-Feb-2023,20d,amazon,robotrousers,1
17-Feb-2023,20d,amazon,86Rocked,1
17-Feb-2023,20d,amazon,skyrunner15,1
17-Feb-2023,20d,amazon,synchronicityii,1
17-Feb-2023,20d,amazon,mushrooms,1
17-Feb-2023,20d,amazon,VampireVillain,1
17-Feb-2023,20d,amazon,TowinDaLine,1
17-Feb-2023,20d,amazon,johnqhu,1
17-Feb-2023,20d,amazon,EN1009,1
17-Feb-2023,20d,amazon,Shoddy_Program_8891,1
17-Feb-2023,20d,amazon,poke-chan,1
17-Feb-2023,20d,amazon,brycats,1
17-Feb-2023,20d,amazon,AbbreviationsKey3609,1
17-Feb-2023,20d,amazon,AbbreviationsDry6557,1
17-Feb-2023,20d,amazon,Stretchy_Cat,1
17-Feb-2023,20d,amazon,New-OldCow,1
17-Feb-2023,20d,amazon,XercesGetsDown,1
17-Feb-2023,20d,amazon,m5kurt4,1
17-Feb-2023,20d,amazon,Mace-Moneta,1
17-Feb-2023,20d,amazon,Cute-Garlic_girl,1
17-Feb-2023,20d,amazon,chip-paywallbot,1
17-Feb-2023,20d,amazon,bluebellrose,1
17-Feb-2023,20d,amazon,Martian_Zombie50,1
17-Feb-2023,20d,amazon,TheDadRockPodcast,1
17-Feb-2023,20d,amazon,pixiedreamsquirrel,1
17-Feb-2023,20d,amazon,ConsiderationCalm980,1
17-Feb-2023,20d,amazon,HaXxXoVtotheZ,1
17-Feb-2023,20d,amazon,gojiraaltforreasons,1
17-Feb-2023,20d,amazon,Elmonatorrrre,1
17-Feb-2023,20d,amazon,silvermoonhowler,1
17-Feb-2023,20d,amazon,PuppetMaster000,1
17-Feb-2023,20d,amazon,MoonlitShadow4416,1
17-Feb-2023,20d,amazon,hurtyewh,1
17-Feb-2023,20d,amazon,Mr_Goring,1
17-Feb-2023,20d,amazon,cancercureall,1
17-Feb-2023,20d,amazon,Illenaz,1
17-Feb-2023,20d,amazon,fuckxoffxthanks,1
17-Feb-2023,20d,amazon,Odd_Mycologist_5460,1
17-Feb-2023,20d,amazon,rchllwr,1
17-Feb-2023,20d,amazon,Negative-Sugar-1188,1
17-Feb-2023,20d,amazon,looktowindward,1
17-Feb-2023,20d,amazon,adamsky1997,1
17-Feb-2023,20d,amazon,Visible_Intern4835,1
17-Feb-2023,20d,amazon,grigglegroggle,1
17-Feb-2023,20d,amazon,CIemson,1
17-Feb-2023,20d,amazon,Annahsbananas,1
17-Feb-2023,20d,amazon,OriginalBad,1
17-Feb-2023,20d,amazon,Responsible-Tutor901,1
17-Feb-2023,20d,amazon,CrushedCandi,1
17-Feb-2023,20d,amazon,URRRRRRGHIMSOMAD,1
17-Feb-2023,20d,amazon,AFXC1,1
17-Feb-2023,20d,amazon,Kamjiang,1
17-Feb-2023,20d,amazon,CaptainCookiePuss,1
17-Feb-2023,20d,amazon,aleinss,1
17-Feb-2023,20d,amazon,Careful_Lie5532,1
17-Feb-2023,20d,amazon,Relative_Principle41,1
17-Feb-2023,20d,amazon,Putrid-Ad8736,1
17-Feb-2023,20d,amazon,MtnMaiden,1
17-Feb-2023,20d,amazon,Still-Nectarine-9914,1
17-Feb-2023,20d,amazon,unpopular_tooth,1
17-Feb-2023,20d,amazon,_Astrogimp,1
17-Feb-2023,20d,amazon,woohah2,1
17-Feb-2023,20d,amazon,hottempsc,1
17-Feb-2023,20d,amazon,Lack0fCommunication,1
17-Feb-2023,20d,amazon,Acceptable_Excuse_62,1
17-Feb-2023,20d,amazon,ElliotJM64,1
17-Feb-2023,20d,amazon,MurderElm82,1
17-Feb-2023,20d,amazon,doorbell19,1
17-Feb-2023,20d,amazon,gonejahman,1
17-Feb-2023,20d,amazon,CamelRacer,1
17-Feb-2023,20d,amazon,fiercevillain,1
17-Feb-2023,20d,amazon,dragunslay,1
17-Feb-2023,20d,amazon,cotafam,1
17-Feb-2023,20d,amazon,Zastruguh,1
17-Feb-2023,20d,amazon,Httpshoneybee,1
17-Feb-2023,20d,amazon,Chuckie-R-Hangerdeck,1
17-Feb-2023,20d,amazon,designedtodesign,1
17-Feb-2023,20d,amazon,And-rei,1
17-Feb-2023,20d,amazon,Pikanyaa,1
17-Feb-2023,20d,amazon,ShakeyMay,1
17-Feb-2023,20d,amazon,daisyiris,1
17-Feb-2023,20d,amazon,Qiqirnmercenary,1
17-Feb-2023,20d,amazon,myfingersandtoes,1
17-Feb-2023,20d,amazon,JGS747-,1
17-Feb-2023,20d,amazon,CrassDemon,1
17-Feb-2023,20d,amazon,alkevarsky,1
17-Feb-2023,20d,amazon,atari2600forever,1
17-Feb-2023,20d,amazon,Yuvneas,1
17-Feb-2023,20d,amazon,mtux96,1
17-Feb-2023,20d,amazon,discrete_apparatus,1
17-Feb-2023,20d,amazon,TheSword043,1
17-Feb-2023,20d,amazon,monaegely,1
17-Feb-2023,20d,amazon,McFloppyBacon,1
17-Feb-2023,20d,amazon,ds679,1
17-Feb-2023,20d,amazon,AshingtonDC,1
17-Feb-2023,20d,amazon,Cerberus73,1
17-Feb-2023,20d,amazon,Dr_Hilarious,1
17-Feb-2023,20d,amazon,St_gabriel_of_skane,1
17-Feb-2023,20d,amazon,alittlespacey,1
17-Feb-2023,20d,amazon,ztjuh,1
17-Feb-2023,20d,amazon,MissFerne,1
17-Feb-2023,20d,amazon,Jodi_Blu,1
17-Feb-2023,20d,amazon,VoidMageZero,1
17-Feb-2023,20d,amazon,stylusxyz,1
17-Feb-2023,20d,amazon,Hazza4Hire,1
17-Feb-2023,20d,amazon,Forsaken-Thought,1
17-Feb-2023,20d,amazon,rumhampelstiltskin,1
17-Feb-2023,20d,amazon,LittleLostDoll,1
17-Feb-2023,20d,amazon,mybigfatreddit,1
17-Feb-2023,20d,amazon,Jirb30,1
17-Feb-2023,20d,amazon,ohioMX5,1
17-Feb-2023,20d,amazon,Clerkle,1
17-Feb-2023,20d,amazon,Wafercrackertack,1
17-Feb-2023,20d,amazon,KennethDev,1
17-Feb-2023,20d,amazon,BlazingReaper09,1
17-Feb-2023,20d,amazon,shillyshally,1
17-Feb-2023,20d,amazon,RoscoeOnReddit,1
17-Feb-2023,20d,amazon,betonhaus123,1
17-Feb-2023,20d,amazon,dumpsterfirecore,1
17-Feb-2023,20d,amazon,Numerous-Broccoli-28,1
17-Feb-2023,20d,amazon,GiraffesForHigher,1
17-Feb-2023,20d,amazon,TryingNotToGoCrazy48,1
17-Feb-2023,20d,amazon,shrewmeister123,1
17-Feb-2023,20d,amazon,LoveBug23118,1
17-Feb-2023,20d,amazon,dalifemme77,1
17-Feb-2023,20d,amazon,Calm_Loss9237,1
17-Feb-2023,20d,amazon,mwalsh5757,1
17-Feb-2023,20d,amazon,NWDrive,1
17-Feb-2023,20d,amazon,BumTumTingle,1
17-Feb-2023,20d,amazon,battlecatsahead,1
17-Feb-2023,20d,amazon,Adohnai,1
17-Feb-2023,20d,amazon,No_Interaction_5206,1
17-Feb-2023,20d,amazon,turtlenationman,1
17-Feb-2023,20d,amazon,PresidentOfAlphaBeta,1
17-Feb-2023,20d,amazon,IssueDuJour,1
17-Feb-2023,20d,amazon,SK1Y101,1
17-Feb-2023,20d,amazon,Kookiano,1
17-Feb-2023,20d,amazon,Spyder638,1
17-Feb-2023,20d,amazon,lariaenl,1
17-Feb-2023,20d,amazon,Phantom465,1
17-Feb-2023,20d,amazon,thegerbilz,1
17-Feb-2023,20d,amazon,hxgmmgxh,1
17-Feb-2023,20d,amazon,ShadeezBack,1
17-Feb-2023,20d,amazon,therealsongoku,1
17-Feb-2023,20d,amazon,x3rohero,1
17-Feb-2023,20d,amazon,FederalArugula,1
17-Feb-2023,20d,amazon,partyorca,1
17-Feb-2023,20d,amazon,DisconnectedDays,1
17-Feb-2023,20d,amazon,AssmunchStarpuncher,1
17-Feb-2023,20d,amazon,alanizat,1
17-Feb-2023,20d,amazon,Booyah_7,1
17-Feb-2023,20d,amazon,pigsqueakz,1
17-Feb-2023,20d,amazon,dxk3355,1
17-Feb-2023,20d,amazon,bananapeel,1
17-Feb-2023,20d,amazon,OldClocksRock,1
17-Feb-2023,20d,amazon,NaiveChoiceMaker,1
17-Feb-2023,20d,amazon,ilovefacebook,1
17-Feb-2023,20d,amazon,Neoreloaded313,1
17-Feb-2023,20d,amazon,NebulaBrew,1
17-Feb-2023,20d,amazon,kimjongunhair,1
17-Feb-2023,20d,amazon,Cariboudjan,1
17-Feb-2023,20d,amazon,Arkaega,1
17-Feb-2023,20d,amazon,farmecologist,1
17-Feb-2023,20d,amazon,thebigkevdogg,1
17-Feb-2023,20d,amazon,trogon,1
17-Feb-2023,20d,amazon,Curious-Money2515,1
17-Feb-2023,20d,amazon,Linkin_G,1
17-Feb-2023,20d,amazon,NewCoderNoob,1
17-Feb-2023,20d,amazon,drj87,1
17-Feb-2023,20d,amazon,Professional_Show918,1
17-Feb-2023,20d,amazon,atomicproton,1
17-Feb-2023,20d,amazon,Theifs_Black,1
17-Feb-2023,20d,amazon,PotatoIsWatching,1
17-Feb-2023,20d,amazon,Dazzling-Judge-1816,1
17-Feb-2023,20d,amazon,kiloodowd,1
17-Feb-2023,20d,amazon,blakk_foxe,1
17-Feb-2023,20d,amazon,atuckk15,1
17-Feb-2023,20d,amazon,Jameswood79,1
17-Feb-2023,20d,amazon,firewave1001,1
17-Feb-2023,20d,amazon,Imallvol7,1
17-Feb-2023,20d,amazon,Cool-MoDmd-5,1
17-Feb-2023,20d,amazon,DarthGonkXx,1
17-Feb-2023,20d,amazon,aegrotatio,1
17-Feb-2023,20d,amazon,jsgraphitti,1
17-Feb-2023,20d,amazon,GT_Jammy,1
17-Feb-2023,20d,amazon,tako1984,1
17-Feb-2023,20d,amazon,crazyherb,1
17-Feb-2023,20d,amazon,Zassssss,1
17-Feb-2023,20d,amazon,aLostEngineer,1
17-Feb-2023,20d,amazon,sdfgesarg,1
17-Feb-2023,20d,amazon,sokraftmatic,1
17-Feb-2023,20d,amazon,WaifusHusband,1
17-Feb-2023,20d,amazon,Mandygurl79,1
17-Feb-2023,20d,amazon,DescentFromAntiquity,1
17-Feb-2023,20d,amazon,treestanby,1
17-Feb-2023,20d,amazon,HazelMystery,1
17-Feb-2023,20d,amazon,Intrepid_Watch_1916,1
17-Feb-2023,20d,amazon,xXindiePressantXx,1
17-Feb-2023,20d,amazon,Evilkong,1
17-Feb-2023,20d,amazon,Crafty-Cost-781,1
17-Feb-2023,20d,amazon,reduser876,1
17-Feb-2023,20d,amazon,Thud2,1
17-Feb-2023,20d,amazon,LuvCats13,1
17-Feb-2023,20d,amazon,redditgirlwz,1
17-Feb-2023,20d,amazon,whizewhan,1
17-Feb-2023,20d,amazon,tightneden,1
17-Feb-2023,20d,amazon,beautyofdeduction,1
17-Feb-2023,20d,amazon,ArizonaCapitalIlva,1
17-Feb-2023,20d,amazon,burnerhardlyknower5,1
17-Feb-2023,20d,amazon,Fun-Musician-1979,1
17-Feb-2023,20d,amazon,macmanjimmy,1
17-Feb-2023,20d,amazon,RazorHowlitzer,1
17-Feb-2023,20d,amazon,elusnuga,1
17-Feb-2023,20d,amazon,SteveAlpineFulfill,1
17-Feb-2023,20d,amazon,AJ_Mexico,1
17-Feb-2023,20d,amazon,chadventurer,1
17-Feb-2023,20d,amazon,darkseid001,1
17-Feb-2023,20d,amazon,chopinrocks,1
17-Feb-2023,20d,amazon,memorablehandle,1
17-Feb-2023,20d,amazon,talenteddog,1
17-Feb-2023,20d,amazon,Competitive_Sorbet34,1
17-Feb-2023,20d,amazon,alantheking22,1
17-Feb-2023,20d,amazon,DrewDonut,1
17-Feb-2023,20d,amazon,ibuildcommunities,1
17-Feb-2023,20d,amazon,Dotquantum,1
17-Feb-2023,20d,amazon,ChubbyHotMess,1
17-Feb-2023,20d,amazon,cluelessminer,1
17-Feb-2023,20d,amazon,treenetee,1
17-Feb-2023,20d,amazon,whereisgodhiding,1
17-Feb-2023,20d,amazon,sanfrantokyotron,1
17-Feb-2023,20d,amazon,yamumsda4,1
17-Feb-2023,20d,amazon,lonely_coin,1
17-Feb-2023,20d,amazon,iECOMMERCE,1
