query_date,before_date,subreddit,comment_author,comment_frequency
17-Feb-2023,70d,amazon,AutoModerator,275
17-Feb-2023,70d,amazon,[deleted],132
17-Feb-2023,70d,amazon,sibman,39
17-Feb-2023,70d,amazon,Ok_Shoe_3988,36
17-Feb-2023,70d,amazon,known_starfield,25
17-Feb-2023,70d,amazon,Mizzou0579,7
17-Feb-2023,70d,amazon,Cat-mom-4-life,5
17-Feb-2023,70d,amazon,Maleficent_Wing9845,5
17-Feb-2023,70d,amazon,SnooGuavas8120,5
17-Feb-2023,70d,amazon,stobben,5
17-Feb-2023,70d,amazon,OnlyPicklehead,4
17-Feb-2023,70d,amazon,Laura9624,4
17-Feb-2023,70d,amazon,GreenTeaRex007,4
17-Feb-2023,70d,amazon,K1dBUU_,4
17-Feb-2023,70d,amazon,Alloyd11,4
17-Feb-2023,70d,amazon,captaincrapple,4
17-Feb-2023,70d,amazon,oneKev,4
17-Feb-2023,70d,amazon,tvfanatic1337,4
17-Feb-2023,70d,amazon,doucement_doucement,4
17-Feb-2023,70d,amazon,buzzgun,4
17-Feb-2023,70d,amazon,LotheronPrime,4
17-Feb-2023,70d,amazon,aGeekyGuy,4
17-Feb-2023,70d,amazon,oofboii_911,3
17-Feb-2023,70d,amazon,tvfeet,3
17-Feb-2023,70d,amazon,Triggered1941,3
17-Feb-2023,70d,amazon,Man_Bear_Beaver,3
17-Feb-2023,70d,amazon,italian_mom,3
17-Feb-2023,70d,amazon,Any_Serve4913,3
17-Feb-2023,70d,amazon,CommandaarMandaar,3
17-Feb-2023,70d,amazon,Nick_Sputnik,3
17-Feb-2023,70d,amazon,hernric1,3
17-Feb-2023,70d,amazon,aiiryyyy,3
17-Feb-2023,70d,amazon,sleezygorditabrunch,3
17-Feb-2023,70d,amazon,jrhoffa,3
17-Feb-2023,70d,amazon,expsg18,3
17-Feb-2023,70d,amazon,EliasAinzworth,3
17-Feb-2023,70d,amazon,Andr00H67,3
17-Feb-2023,70d,amazon,fretit,3
17-Feb-2023,70d,amazon,sweetpeapickle,3
17-Feb-2023,70d,amazon,Locomule,3
17-Feb-2023,70d,amazon,hikuri05,2
17-Feb-2023,70d,amazon,cpc_niklaos,2
17-Feb-2023,70d,amazon,blacksewerdog,2
17-Feb-2023,70d,amazon,anormalgeek,2
17-Feb-2023,70d,amazon,AbrasiveSandpiper,2
17-Feb-2023,70d,amazon,TheShangWang,2
17-Feb-2023,70d,amazon,hearthegrassgrow,2
17-Feb-2023,70d,amazon,LLGTactical,2
17-Feb-2023,70d,amazon,isabelcity,2
17-Feb-2023,70d,amazon,DTake2012,2
17-Feb-2023,70d,amazon,I_want_to_love_,2
17-Feb-2023,70d,amazon,Optimet,2
17-Feb-2023,70d,amazon,employeetk421_,2
17-Feb-2023,70d,amazon,Chiyurie,2
17-Feb-2023,70d,amazon,SillyNilly9000,2
17-Feb-2023,70d,amazon,Brodinskigg,2
17-Feb-2023,70d,amazon,DevonAndChris,2
17-Feb-2023,70d,amazon,AtomikRadio,2
17-Feb-2023,70d,amazon,ZombierBob,2
17-Feb-2023,70d,amazon,zitsky,2
17-Feb-2023,70d,amazon,scarymoose,2
17-Feb-2023,70d,amazon,kendannedy,2
17-Feb-2023,70d,amazon,ames6254,2
17-Feb-2023,70d,amazon,Tight-Let7494,2
17-Feb-2023,70d,amazon,d_grace,2
17-Feb-2023,70d,amazon,Padadof2,2
17-Feb-2023,70d,amazon,anonymiz123,2
17-Feb-2023,70d,amazon,OneGoodRib,2
17-Feb-2023,70d,amazon,sometin__else,2
17-Feb-2023,70d,amazon,roberto_sc,2
17-Feb-2023,70d,amazon,Burnin8or70,2
17-Feb-2023,70d,amazon,Ililisister,2
17-Feb-2023,70d,amazon,_Sydus_,2
17-Feb-2023,70d,amazon,rawkey,2
17-Feb-2023,70d,amazon,Climber_Joe,2
17-Feb-2023,70d,amazon,moonbeam127,2
17-Feb-2023,70d,amazon,80korvus,2
17-Feb-2023,70d,amazon,dallasdave22,2
17-Feb-2023,70d,amazon,mertgah,2
17-Feb-2023,70d,amazon,Jackol4ntrn,2
17-Feb-2023,70d,amazon,Moosupply,2
17-Feb-2023,70d,amazon,Tobi1107,2
17-Feb-2023,70d,amazon,achoou_mlemsl,2
17-Feb-2023,70d,amazon,-Ein,2
17-Feb-2023,70d,amazon,Unable-Fox-312,1
17-Feb-2023,70d,amazon,votingcitizen,1
17-Feb-2023,70d,amazon,Peterwithnobones,1
17-Feb-2023,70d,amazon,Unlucky_Sun1601,1
17-Feb-2023,70d,amazon,noakai,1
17-Feb-2023,70d,amazon,BidenDaPedo,1
17-Feb-2023,70d,amazon,DarthBlood,1
17-Feb-2023,70d,amazon,Extreme-Cupcake5929,1
17-Feb-2023,70d,amazon,electricskuller8000,1
17-Feb-2023,70d,amazon,davezl3514,1
17-Feb-2023,70d,amazon,ClassicDirt4237,1
17-Feb-2023,70d,amazon,lilynut,1
17-Feb-2023,70d,amazon,quietset2020,1
17-Feb-2023,70d,amazon,ATINYNEKO,1
17-Feb-2023,70d,amazon,slew801,1
17-Feb-2023,70d,amazon,Saptree21,1
17-Feb-2023,70d,amazon,ben7337,1
17-Feb-2023,70d,amazon,Metalaggression,1
17-Feb-2023,70d,amazon,gregers007,1
17-Feb-2023,70d,amazon,sadsaddie,1
17-Feb-2023,70d,amazon,IggyBiggy420,1
17-Feb-2023,70d,amazon,NutellanMochi,1
17-Feb-2023,70d,amazon,Rhombico,1
17-Feb-2023,70d,amazon,doctorzoom,1
17-Feb-2023,70d,amazon,Higgs_Br0son,1
17-Feb-2023,70d,amazon,Ceecilion,1
17-Feb-2023,70d,amazon,Lonyyy,1
17-Feb-2023,70d,amazon,-SilentHill-,1
17-Feb-2023,70d,amazon,jsnipy,1
17-Feb-2023,70d,amazon,LanceFree,1
17-Feb-2023,70d,amazon,a_name_ofsomesort,1
17-Feb-2023,70d,amazon,Fluffeh_Panda,1
17-Feb-2023,70d,amazon,JohnGillnitz,1
17-Feb-2023,70d,amazon,waffles153,1
17-Feb-2023,70d,amazon,FOSSGuy2,1
17-Feb-2023,70d,amazon,hopsterNC,1
17-Feb-2023,70d,amazon,fluffiestjunior,1
17-Feb-2023,70d,amazon,welcometolavaland02,1
17-Feb-2023,70d,amazon,weinbs,1
17-Feb-2023,70d,amazon,buyerbeware23,1
17-Feb-2023,70d,amazon,tt_222,1
17-Feb-2023,70d,amazon,FuzzyFox17,1
17-Feb-2023,70d,amazon,yeahimjustarandomguy,1
17-Feb-2023,70d,amazon,thegree2112,1
17-Feb-2023,70d,amazon,arcticaction,1
17-Feb-2023,70d,amazon,tenniskitten,1
17-Feb-2023,70d,amazon,mushrooms,1
17-Feb-2023,70d,amazon,alstergee,1
17-Feb-2023,70d,amazon,MakeMeTea,1
17-Feb-2023,70d,amazon,AdditionalAd5349,1
17-Feb-2023,70d,amazon,Accomplished_Act1489,1
17-Feb-2023,70d,amazon,DrCapper,1
17-Feb-2023,70d,amazon,Grenadier_user,1
17-Feb-2023,70d,amazon,DewSchnozzle,1
17-Feb-2023,70d,amazon,Ill_Tension3078,1
17-Feb-2023,70d,amazon,melonhart,1
17-Feb-2023,70d,amazon,trailruns,1
17-Feb-2023,70d,amazon,Dear_Casspants27,1
17-Feb-2023,70d,amazon,Icuh8me2,1
17-Feb-2023,70d,amazon,ew73,1
17-Feb-2023,70d,amazon,Smash_Factor,1
17-Feb-2023,70d,amazon,MaleManX,1
17-Feb-2023,70d,amazon,thirdlost,1
17-Feb-2023,70d,amazon,Pork_Taco,1
17-Feb-2023,70d,amazon,criminalsunrise,1
17-Feb-2023,70d,amazon,mkmore4,1
17-Feb-2023,70d,amazon,Icy_Selection_4847,1
17-Feb-2023,70d,amazon,BustinDieber8,1
17-Feb-2023,70d,amazon,ghostggirll,1
17-Feb-2023,70d,amazon,gsxrjade750,1
17-Feb-2023,70d,amazon,toiletflush69,1
17-Feb-2023,70d,amazon,Lynke524,1
17-Feb-2023,70d,amazon,MontrealUrbanist,1
17-Feb-2023,70d,amazon,tomix1199,1
17-Feb-2023,70d,amazon,bankman99,1
17-Feb-2023,70d,amazon,WonkySeams,1
17-Feb-2023,70d,amazon,Reasonable_Basil5546,1
17-Feb-2023,70d,amazon,Mike-Phenex,1
17-Feb-2023,70d,amazon,Inner-Membership-175,1
17-Feb-2023,70d,amazon,alab_dessert,1
17-Feb-2023,70d,amazon,CiderDoughnutFiend,1
17-Feb-2023,70d,amazon,daleybread,1
17-Feb-2023,70d,amazon,WorriedWeedUser,1
17-Feb-2023,70d,amazon,Fernpick,1
17-Feb-2023,70d,amazon,AccomplishedRun7978,1
17-Feb-2023,70d,amazon,CharacterDev_Arc,1
17-Feb-2023,70d,amazon,charles87white,1
17-Feb-2023,70d,amazon,Prestigious_Gas_6690,1
17-Feb-2023,70d,amazon,matthewfelgate,1
17-Feb-2023,70d,amazon,snietzsche,1
17-Feb-2023,70d,amazon,0907sean,1
17-Feb-2023,70d,amazon,laughuntilithurts,1
17-Feb-2023,70d,amazon,burymeintheuk,1
17-Feb-2023,70d,amazon,sgbyow,1
17-Feb-2023,70d,amazon,IntuitivePenguin,1
17-Feb-2023,70d,amazon,DeathIIAmerikkka,1
17-Feb-2023,70d,amazon,1stCitizen,1
17-Feb-2023,70d,amazon,evguy2,1
17-Feb-2023,70d,amazon,Lcsnow13,1
17-Feb-2023,70d,amazon,Edwoooon,1
17-Feb-2023,70d,amazon,geminiwave,1
17-Feb-2023,70d,amazon,bunger98,1
17-Feb-2023,70d,amazon,MisterSegundus,1
17-Feb-2023,70d,amazon,BruhIsEveryNameTaken,1
17-Feb-2023,70d,amazon,CaptainHunt,1
17-Feb-2023,70d,amazon,Bournekillerz,1
17-Feb-2023,70d,amazon,jfjejdjd,1
17-Feb-2023,70d,amazon,dont_judge_me_monkey,1
17-Feb-2023,70d,amazon,circuitji,1
17-Feb-2023,70d,amazon,Isolatte,1
17-Feb-2023,70d,amazon,younginvestor23,1
17-Feb-2023,70d,amazon,badass2000,1
17-Feb-2023,70d,amazon,Any-Amoeba-2711,1
17-Feb-2023,70d,amazon,waterfalls55,1
17-Feb-2023,70d,amazon,NewCoderNoob,1
17-Feb-2023,70d,amazon,Capecrusader39,1
17-Feb-2023,70d,amazon,crazyherb,1
17-Feb-2023,70d,amazon,mnszrt,1
17-Feb-2023,70d,amazon,Grimes-Redfield,1
17-Feb-2023,70d,amazon,GTXMittens,1
17-Feb-2023,70d,amazon,zwof,1
17-Feb-2023,70d,amazon,Mikmaki,1
17-Feb-2023,70d,amazon,southdakotagirl,1
17-Feb-2023,70d,amazon,RecordingEmotional51,1
17-Feb-2023,70d,amazon,darladee1234,1
17-Feb-2023,70d,amazon,shelll1,1
17-Feb-2023,70d,amazon,partyorca,1
17-Feb-2023,70d,amazon,therandomguy427,1
17-Feb-2023,70d,amazon,IBuildBusinesses,1
17-Feb-2023,70d,amazon,quettil,1
17-Feb-2023,70d,amazon,Fra06,1
17-Feb-2023,70d,amazon,Subject-Restaurant97,1
17-Feb-2023,70d,amazon,Chrispeedoff,1
17-Feb-2023,70d,amazon,starrehmooneh,1
17-Feb-2023,70d,amazon,Ok_Condition3195,1
17-Feb-2023,70d,amazon,AFresh1984,1
17-Feb-2023,70d,amazon,mrSunshine-_,1
17-Feb-2023,70d,amazon,XG417,1
17-Feb-2023,70d,amazon,narakusdemon88,1
17-Feb-2023,70d,amazon,Tgirl_Courtney1996,1
17-Feb-2023,70d,amazon,martinnmarshal,1
17-Feb-2023,70d,amazon,Henrik-Powers,1
17-Feb-2023,70d,amazon,Thossi99,1
17-Feb-2023,70d,amazon,SignificantViolinist,1
17-Feb-2023,70d,amazon,RDR2watercolor,1
17-Feb-2023,70d,amazon,divDevGuy,1
17-Feb-2023,70d,amazon,D4RK5P1R3,1
17-Feb-2023,70d,amazon,GOLIATH_946,1
17-Feb-2023,70d,amazon,SB89,1
17-Feb-2023,70d,amazon,regmeyster,1
17-Feb-2023,70d,amazon,Photononic,1
17-Feb-2023,70d,amazon,pdinc,1
17-Feb-2023,70d,amazon,Oh-Lord-Yeah,1
17-Feb-2023,70d,amazon,NextAnswer8689,1
17-Feb-2023,70d,amazon,misssmooth,1
17-Feb-2023,70d,amazon,that_tom_,1
17-Feb-2023,70d,amazon,Al1onredd1t,1
17-Feb-2023,70d,amazon,Wizard_of_lolz_,1
17-Feb-2023,70d,amazon,lostsoul497,1
17-Feb-2023,70d,amazon,riquezjp,1
17-Feb-2023,70d,amazon,DrFunt,1
17-Feb-2023,70d,amazon,hereforthekix,1
17-Feb-2023,70d,amazon,spacewalk__,1
17-Feb-2023,70d,amazon,DefiantLogician84915,1
17-Feb-2023,70d,amazon,silverfang789,1
17-Feb-2023,70d,amazon,the-straight-risks,1
17-Feb-2023,70d,amazon,Ach3r0n-,1
17-Feb-2023,70d,amazon,EgregiousNeurons,1
17-Feb-2023,70d,amazon,krystufek,1
17-Feb-2023,70d,amazon,ohheyforrest,1
17-Feb-2023,70d,amazon,smooth6er,1
17-Feb-2023,70d,amazon,JoeFlabeetz,1
17-Feb-2023,70d,amazon,DrunkenGolfer,1
17-Feb-2023,70d,amazon,Isonium,1
17-Feb-2023,70d,amazon,saminkus,1
17-Feb-2023,70d,amazon,Jessup05,1
17-Feb-2023,70d,amazon,fgtfo,1
17-Feb-2023,70d,amazon,Hellcat2k20,1
17-Feb-2023,70d,amazon,retromadder,1
17-Feb-2023,70d,amazon,Special-Hair-9328,1
17-Feb-2023,70d,amazon,GTRacer1972,1
17-Feb-2023,70d,amazon,BoxLegitimate4903,1
17-Feb-2023,70d,amazon,faraznomani,1
17-Feb-2023,70d,amazon,Professorbananas11,1
17-Feb-2023,70d,amazon,brennenderopa,1
17-Feb-2023,70d,amazon,-_ABP_-,1
17-Feb-2023,70d,amazon,AsianZaid,1
17-Feb-2023,70d,amazon,Berns429,1
17-Feb-2023,70d,amazon,Acrobatic_Climate201,1
17-Feb-2023,70d,amazon,ZogemWho,1
17-Feb-2023,70d,amazon,MechKeybNut,1
17-Feb-2023,70d,amazon,LegitAndroid,1
17-Feb-2023,70d,amazon,bbvr,1
17-Feb-2023,70d,amazon,Supergreen62,1
17-Feb-2023,70d,amazon,FrightenedOfSpoons,1
17-Feb-2023,70d,amazon,java-the-alien,1
17-Feb-2023,70d,amazon,Weirdhipster294,1
17-Feb-2023,70d,amazon,Manderpander88,1
17-Feb-2023,70d,amazon,BEEDELLROKEJULIANLOC,1
17-Feb-2023,70d,amazon,deebert,1
17-Feb-2023,70d,amazon,Zak_Fellows,1
17-Feb-2023,70d,amazon,GanJaSparks,1
17-Feb-2023,70d,amazon,ky-92,1
17-Feb-2023,70d,amazon,blochsound,1
17-Feb-2023,70d,amazon,thesweetsknees,1
17-Feb-2023,70d,amazon,bruv4723,1
17-Feb-2023,70d,amazon,Awkward_Screen2987,1
17-Feb-2023,70d,amazon,RandomGuy622170,1
17-Feb-2023,70d,amazon,99Wolves,1
17-Feb-2023,70d,amazon,RealCanadianDragon,1
17-Feb-2023,70d,amazon,asshairanonymous,1
17-Feb-2023,70d,amazon,InhumanePerson,1
17-Feb-2023,70d,amazon,Siva_Sauga,1
17-Feb-2023,70d,amazon,ZealousDrySponge,1
17-Feb-2023,70d,amazon,-baguette--,1
17-Feb-2023,70d,amazon,Lord_Chanka_69,1
17-Feb-2023,70d,amazon,runescapefisher,1
17-Feb-2023,70d,amazon,liersi35,1
17-Feb-2023,70d,amazon,btlraaschk,1
17-Feb-2023,70d,amazon,HotCucumber3914,1
17-Feb-2023,70d,amazon,CapableHair429,1
17-Feb-2023,70d,amazon,Intelligent-Rice-833,1
17-Feb-2023,70d,amazon,JustATrabadour020,1
17-Feb-2023,70d,amazon,otherTM,1
17-Feb-2023,70d,amazon,AbsoliteZero,1
17-Feb-2023,70d,amazon,BoxSecure,1
17-Feb-2023,70d,amazon,Direct-Specialist764,1
17-Feb-2023,70d,amazon,kingbroot,1
17-Feb-2023,70d,amazon,D64015,1
17-Feb-2023,70d,amazon,Accomplished-Row-223,1
17-Feb-2023,70d,amazon,rpmmaniac,1
17-Feb-2023,70d,amazon,SueDisco,1
17-Feb-2023,70d,amazon,KillDaHo,1
17-Feb-2023,70d,amazon,WoobidyWoo,1
17-Feb-2023,70d,amazon,Potential-001,1
17-Feb-2023,70d,amazon,BurantX40,1
17-Feb-2023,70d,amazon,huntour,1
17-Feb-2023,70d,amazon,angel_soap,1
17-Feb-2023,70d,amazon,New_Ambassador256,1
17-Feb-2023,70d,amazon,booklover1309,1
17-Feb-2023,70d,amazon,OutstandingNickname,1
17-Feb-2023,70d,amazon,Afraid_Start_4930,1
17-Feb-2023,70d,amazon,Matt_the_Engineer,1
17-Feb-2023,70d,amazon,Southern-Seat-9420,1
17-Feb-2023,70d,amazon,hrhashley,1
17-Feb-2023,70d,amazon,StaceyLuvsChad,1
17-Feb-2023,70d,amazon,ConfusedGirly123,1
17-Feb-2023,70d,amazon,silkswan808,1
17-Feb-2023,70d,amazon,YeaNa1,1
17-Feb-2023,70d,amazon,Italiankeyboard,1
17-Feb-2023,70d,amazon,traumalt,1
17-Feb-2023,70d,amazon,gh_0sty,1
17-Feb-2023,70d,amazon,First-Funnies,1
17-Feb-2023,70d,amazon,Dakotahray,1
17-Feb-2023,70d,amazon,Truckngirl63,1
17-Feb-2023,70d,amazon,spectrepepper,1
17-Feb-2023,70d,amazon,happier-throwaway,1
17-Feb-2023,70d,amazon,Waltuh-_-Waltuh,1
17-Feb-2023,70d,amazon,JohnnyBeMediocre,1
17-Feb-2023,70d,amazon,QueenofGeek,1
17-Feb-2023,70d,amazon,Sad_Cut5809,1
17-Feb-2023,70d,amazon,SpectacularLifeNoise,1
17-Feb-2023,70d,amazon,kasseek,1
17-Feb-2023,70d,amazon,DazzledAura,1
17-Feb-2023,70d,amazon,Shakeyjakey5,1
17-Feb-2023,70d,amazon,N00mad_,1
17-Feb-2023,70d,amazon,Italian_warehouse,1
17-Feb-2023,70d,amazon,ashykamal95,1
17-Feb-2023,70d,amazon,Present-Wonder8415,1
17-Feb-2023,70d,amazon,phillytrane,1
17-Feb-2023,70d,amazon,RoadtoPS5,1
17-Feb-2023,70d,amazon,Call_you_nextuesday,1
