query_date,before_date,subreddit,submission_author,submission_frequency
17-Feb-2023,20d,amazon,AmazonNewsBot,93
17-Feb-2023,20d,amazon,[deleted],63
17-Feb-2023,20d,amazon,1HourBar,24
17-Feb-2023,20d,amazon,Competitive_Match_47,15
17-Feb-2023,20d,amazon,OkDiamond79,13
17-Feb-2023,20d,amazon,InevitablePicture658,9
17-Feb-2023,20d,amazon,TTGenera,9
17-Feb-2023,20d,amazon,ChartLive6836,8
17-Feb-2023,20d,amazon,8410main,5
17-Feb-2023,20d,amazon,iphone14pro09,4
17-Feb-2023,20d,amazon,TGeneraa0,4
17-Feb-2023,20d,amazon,01TG0,4
17-Feb-2023,20d,amazon,Soft-Deal8569,3
17-Feb-2023,20d,amazon,omega_exp12,3
17-Feb-2023,20d,amazon,trumpfamily2020,3
17-Feb-2023,20d,amazon,AM21C,3
17-Feb-2023,20d,amazon,Flat-Slice4959,3
17-Feb-2023,20d,amazon,BikeAny12,3
17-Feb-2023,20d,amazon,RightCat5128,3
17-Feb-2023,20d,amazon,Party-Ad-8606,3
17-Feb-2023,20d,amazon,Odd-Play4172,3
17-Feb-2023,20d,amazon,AAcrobatic,3
17-Feb-2023,20d,amazon,CanineAssBandit,3
17-Feb-2023,20d,amazon,KnightFtw,3
17-Feb-2023,20d,amazon,98terra,3
17-Feb-2023,20d,amazon,najblowstacks,2
17-Feb-2023,20d,amazon,redatola,2
17-Feb-2023,20d,amazon,presidentofalgeria,2
17-Feb-2023,20d,amazon,1-Up-Boy,2
17-Feb-2023,20d,amazon,NabeelShoukat,2
17-Feb-2023,20d,amazon,hurtyewh,2
17-Feb-2023,20d,amazon,Mizzou0579,2
17-Feb-2023,20d,amazon,AwfulPhotographer,2
17-Feb-2023,20d,amazon,DonnaFunke,2
17-Feb-2023,20d,amazon,GoldenAmazonSearch,2
17-Feb-2023,20d,amazon,PartyNo4851,2
17-Feb-2023,20d,amazon,charlescharlie1310,2
17-Feb-2023,20d,amazon,BumTumTingle,2
17-Feb-2023,20d,amazon,antdude,2
17-Feb-2023,20d,amazon,Scared-Security-3868,2
17-Feb-2023,20d,amazon,ThisQuietLifeOfMine,2
17-Feb-2023,20d,amazon,daws159,2
17-Feb-2023,20d,amazon,Informal_Ad_8755,2
17-Feb-2023,20d,amazon,Puzzleheaded_Arm761,2
17-Feb-2023,20d,amazon,R3volt75,2
17-Feb-2023,20d,amazon,KateKrause,2
17-Feb-2023,20d,amazon,stacibu,2
17-Feb-2023,20d,amazon,theCakestomach,2
17-Feb-2023,20d,amazon,Reasonable-Farm-8124,2
17-Feb-2023,20d,amazon,Electronic-Meal2185,2
17-Feb-2023,20d,amazon,ComfortableAd4436,2
17-Feb-2023,20d,amazon,mk_dnk,2
17-Feb-2023,20d,amazon,Fresh_Can296,2
17-Feb-2023,20d,amazon,ComfortableContext78,2
17-Feb-2023,20d,amazon,ellen_tube,2
17-Feb-2023,20d,amazon,dansmit2003,2
17-Feb-2023,20d,amazon,MiWheele,2
17-Feb-2023,20d,amazon,j8dla9988,1
17-Feb-2023,20d,amazon,AscentAtLast,1
17-Feb-2023,20d,amazon,PsychologicalShoe743,1
17-Feb-2023,20d,amazon,just_one_random_guy,1
17-Feb-2023,20d,amazon,Legitimate_Code5997,1
17-Feb-2023,20d,amazon,EquivalentMirror5967,1
17-Feb-2023,20d,amazon,FootFungus100,1
17-Feb-2023,20d,amazon,Timbo303,1
17-Feb-2023,20d,amazon,LarryPer123,1
17-Feb-2023,20d,amazon,eudimonia-84,1
17-Feb-2023,20d,amazon,Careless-Bison9393,1
17-Feb-2023,20d,amazon,AdhesivenessLeft141,1
17-Feb-2023,20d,amazon,astrobrick,1
17-Feb-2023,20d,amazon,Ordinary_Speech1814,1
17-Feb-2023,20d,amazon,BotDamian,1
17-Feb-2023,20d,amazon,VauIt-Tec,1
17-Feb-2023,20d,amazon,JazzminsterAbbey,1
17-Feb-2023,20d,amazon,Big-Passenger-1375,1
17-Feb-2023,20d,amazon,MechanicalWhispers,1
17-Feb-2023,20d,amazon,davecreeker,1
17-Feb-2023,20d,amazon,davelipus,1
17-Feb-2023,20d,amazon,redaviter,1
17-Feb-2023,20d,amazon,Much_Space_5461,1
17-Feb-2023,20d,amazon,GOPfascists,1
17-Feb-2023,20d,amazon,illegiblebastard,1
17-Feb-2023,20d,amazon,One_Caterpillar_4926,1
17-Feb-2023,20d,amazon,Ecommlog12010,1
17-Feb-2023,20d,amazon,Best_Spinach1773,1
17-Feb-2023,20d,amazon,Due_Contribution_683,1
17-Feb-2023,20d,amazon,gamercoolpt,1
17-Feb-2023,20d,amazon,GhostOf_George_Floyd,1
17-Feb-2023,20d,amazon,Dense-Bullfrog1046,1
17-Feb-2023,20d,amazon,liquidocelotYT,1
17-Feb-2023,20d,amazon,Much_Way5672,1
17-Feb-2023,20d,amazon,blogger_1991,1
17-Feb-2023,20d,amazon,Kattleapple,1
17-Feb-2023,20d,amazon,comixjuan,1
17-Feb-2023,20d,amazon,Sanmends,1
17-Feb-2023,20d,amazon,Turbulent-Lawyer7618,1
17-Feb-2023,20d,amazon,JAXTraccer,1
17-Feb-2023,20d,amazon,Solid_Reindeer_4990,1
17-Feb-2023,20d,amazon,Various-Cheetah-4963,1
17-Feb-2023,20d,amazon,Mrmarketing99,1
17-Feb-2023,20d,amazon,Glittering-Package91,1
17-Feb-2023,20d,amazon,PastExpiryDotCom,1
17-Feb-2023,20d,amazon,Ecstatic_Custard7009,1
17-Feb-2023,20d,amazon,mkhlblshkv,1
17-Feb-2023,20d,amazon,tibsbulls2021,1
17-Feb-2023,20d,amazon,weeddidit44,1
17-Feb-2023,20d,amazon,Azimulislam_Age1316,1
17-Feb-2023,20d,amazon,Last-Run-1252,1
17-Feb-2023,20d,amazon,Gonnakillurass,1
17-Feb-2023,20d,amazon,Goldenbear0705,1
17-Feb-2023,20d,amazon,Relevant_Word_9888,1
17-Feb-2023,20d,amazon,coolkid173928,1
17-Feb-2023,20d,amazon,Groovy_Gooby69,1
17-Feb-2023,20d,amazon,sinfulmawile,1
17-Feb-2023,20d,amazon,FletchNZ,1
17-Feb-2023,20d,amazon,cybrpunk_,1
17-Feb-2023,20d,amazon,searchenginewatchdog,1
17-Feb-2023,20d,amazon,Snicole1989,1
17-Feb-2023,20d,amazon,Euphoric_Ad4408,1
17-Feb-2023,20d,amazon,kjvii,1
17-Feb-2023,20d,amazon,WebNeoRaven,1
17-Feb-2023,20d,amazon,Dobson_Butter,1
17-Feb-2023,20d,amazon,RIP_Don_Vito,1
17-Feb-2023,20d,amazon,pho008,1
17-Feb-2023,20d,amazon,vxbd,1
17-Feb-2023,20d,amazon,Vertigo103,1
17-Feb-2023,20d,amazon,lil_squiddy_,1
17-Feb-2023,20d,amazon,miamigirl101,1
17-Feb-2023,20d,amazon,DegeneRagingX,1
17-Feb-2023,20d,amazon,SplishSploosh2000,1
17-Feb-2023,20d,amazon,robotrousers,1
17-Feb-2023,20d,amazon,Intelligent_Energy16,1
17-Feb-2023,20d,amazon,WaffleBot626,1
17-Feb-2023,20d,amazon,AffectionateSize552,1
17-Feb-2023,20d,amazon,CatFemboyJordan,1
17-Feb-2023,20d,amazon,Infamous_Custard7113,1
17-Feb-2023,20d,amazon,Trippy_Beanz,1
17-Feb-2023,20d,amazon,johnqhu,1
17-Feb-2023,20d,amazon,Ok-Imagination5816,1
17-Feb-2023,20d,amazon,UnworthyAdversary,1
17-Feb-2023,20d,amazon,Timely_Alarm_3842,1
17-Feb-2023,20d,amazon,Throwaway695326,1
17-Feb-2023,20d,amazon,MaizeOk6222,1
17-Feb-2023,20d,amazon,zizodum,1
17-Feb-2023,20d,amazon,AbbreviationsDry6557,1
17-Feb-2023,20d,amazon,gemcoffee,1
17-Feb-2023,20d,amazon,slakerjak,1
17-Feb-2023,20d,amazon,Lilchardonnay,1
17-Feb-2023,20d,amazon,sellerarka,1
17-Feb-2023,20d,amazon,burpeedevil,1
17-Feb-2023,20d,amazon,m5kurt4,1
17-Feb-2023,20d,amazon,temperarian,1
17-Feb-2023,20d,amazon,Squishy321,1
17-Feb-2023,20d,amazon,Alarming_Sorbet_205,1
17-Feb-2023,20d,amazon,themarketbyte,1
17-Feb-2023,20d,amazon,emmabfell1,1
17-Feb-2023,20d,amazon,Cute-Garlic_girl,1
17-Feb-2023,20d,amazon,TopMathematician4401,1
17-Feb-2023,20d,amazon,survibin,1
17-Feb-2023,20d,amazon,jimy_the_wolf,1
17-Feb-2023,20d,amazon,Rowroot,1
17-Feb-2023,20d,amazon,Kingdom_OChem,1
17-Feb-2023,20d,amazon,Master_Gold_6894,1
17-Feb-2023,20d,amazon,ivonhxhh5-,1
17-Feb-2023,20d,amazon,TheDadRockPodcast,1
17-Feb-2023,20d,amazon,BlackScaped,1
17-Feb-2023,20d,amazon,moisesg88,1
17-Feb-2023,20d,amazon,PlusShoe5,1
17-Feb-2023,20d,amazon,Helgafjell4Me,1
17-Feb-2023,20d,amazon,visiosaur,1
17-Feb-2023,20d,amazon,user21403,1
17-Feb-2023,20d,amazon,Fun-Entertainer-1837,1
17-Feb-2023,20d,amazon,gojiraaltforreasons,1
17-Feb-2023,20d,amazon,Osama10708,1
17-Feb-2023,20d,amazon,kevsmakin,1
17-Feb-2023,20d,amazon,chilipeppercook,1
17-Feb-2023,20d,amazon,Hnanavan,1
17-Feb-2023,20d,amazon,amjadsur,1
17-Feb-2023,20d,amazon,OppositePolicy5508,1
17-Feb-2023,20d,amazon,Enkiisaac,1
17-Feb-2023,20d,amazon,Progenitor3,1
17-Feb-2023,20d,amazon,birbcat76,1
17-Feb-2023,20d,amazon,ReaMet2,1
17-Feb-2023,20d,amazon,rchllwr,1
17-Feb-2023,20d,amazon,Negative-Sugar-1188,1
17-Feb-2023,20d,amazon,Direct_House4094,1
17-Feb-2023,20d,amazon,daanverbeek,1
17-Feb-2023,20d,amazon,PuppetMaster000,1
17-Feb-2023,20d,amazon,largelcd,1
17-Feb-2023,20d,amazon,peroxybensoic,1
17-Feb-2023,20d,amazon,grigglegroggle,1
17-Feb-2023,20d,amazon,Denigma11,1
17-Feb-2023,20d,amazon,QuasarSurfr,1
17-Feb-2023,20d,amazon,URRRRRRGHIMSOMAD,1
17-Feb-2023,20d,amazon,Mathdoy2,1
17-Feb-2023,20d,amazon,Unreasonable_Hedger,1
17-Feb-2023,20d,amazon,Mistrz_mobile,1
17-Feb-2023,20d,amazon,unsolveddd,1
17-Feb-2023,20d,amazon,Pure-Statistician831,1
17-Feb-2023,20d,amazon,Careful_Lie5532,1
17-Feb-2023,20d,amazon,Nadira74,1
17-Feb-2023,20d,amazon,sagarmaruth1,1
17-Feb-2023,20d,amazon,Aceofwands111,1
17-Feb-2023,20d,amazon,River_Pleasant,1
17-Feb-2023,20d,amazon,AnnaWhiteOnOnly,1
17-Feb-2023,20d,amazon,CC713-LCTX,1
17-Feb-2023,20d,amazon,AfricanInvestor,1
17-Feb-2023,20d,amazon,iKankzz,1
17-Feb-2023,20d,amazon,fiercevillain,1
17-Feb-2023,20d,amazon,Common_Ad_678,1
17-Feb-2023,20d,amazon,Choice-Front3182,1
17-Feb-2023,20d,amazon,Mobz39,1
17-Feb-2023,20d,amazon,Ozzpala,1
17-Feb-2023,20d,amazon,Httpshoneybee,1
17-Feb-2023,20d,amazon,ChicagoJoe3,1
17-Feb-2023,20d,amazon,Gamer_AC,1
17-Feb-2023,20d,amazon,Miixv,1
17-Feb-2023,20d,amazon,Such_Introduction412,1
17-Feb-2023,20d,amazon,KimchiTheGreatest,1
17-Feb-2023,20d,amazon,WorkforceWonk,1
17-Feb-2023,20d,amazon,designedtodesign,1
17-Feb-2023,20d,amazon,problem_solver_evrdy,1
17-Feb-2023,20d,amazon,Suspicious_Falcon_97,1
17-Feb-2023,20d,amazon,Odd_Refrigerator1787,1
17-Feb-2023,20d,amazon,FaultOut,1
17-Feb-2023,20d,amazon,didJunome,1
17-Feb-2023,20d,amazon,mrosenfeld_shisha1,1
17-Feb-2023,20d,amazon,Eitan4700,1
17-Feb-2023,20d,amazon,PleasantOperation167,1
17-Feb-2023,20d,amazon,JGS747-,1
17-Feb-2023,20d,amazon,Jambo526,1
17-Feb-2023,20d,amazon,FuckGoogle69420,1
17-Feb-2023,20d,amazon,mdashik09,1
17-Feb-2023,20d,amazon,XxTh3Unkn0wnxX,1
17-Feb-2023,20d,amazon,WhisperingWillow006,1
17-Feb-2023,20d,amazon,yourmotherisfatt,1
17-Feb-2023,20d,amazon,Significant-Stick-99,1
17-Feb-2023,20d,amazon,Quacker_United,1
17-Feb-2023,20d,amazon,Bright-Report,1
17-Feb-2023,20d,amazon,Smash_Factor,1
17-Feb-2023,20d,amazon,usa788788,1
17-Feb-2023,20d,amazon,Successful_Shower_96,1
17-Feb-2023,20d,amazon,snoopshovel,1
17-Feb-2023,20d,amazon,Ch_dogs_only,1
17-Feb-2023,20d,amazon,Mk_Makanaki,1
17-Feb-2023,20d,amazon,Sad-Armadillo1680,1
17-Feb-2023,20d,amazon,Serious_Strawberryy,1
17-Feb-2023,20d,amazon,CrocodilianDan,1
17-Feb-2023,20d,amazon,ztjuh,1
17-Feb-2023,20d,amazon,Forsaken-Thought,1
17-Feb-2023,20d,amazon,BrainTech36,1
17-Feb-2023,20d,amazon,TenacityTough,1
17-Feb-2023,20d,amazon,RidZak,1
17-Feb-2023,20d,amazon,glbltvlr,1
17-Feb-2023,20d,amazon,sochieberry,1
17-Feb-2023,20d,amazon,Marketing-Flare,1
17-Feb-2023,20d,amazon,LuckFlaky1511,1
17-Feb-2023,20d,amazon,Additional_Paint_379,1
17-Feb-2023,20d,amazon,RickestRickSea137,1
17-Feb-2023,20d,amazon,Puzzleheaded_Money33,1
17-Feb-2023,20d,amazon,Necessary_Musician44,1
17-Feb-2023,20d,amazon,JamaicanKyng,1
17-Feb-2023,20d,amazon,Emotional_Raccoon651,1
17-Feb-2023,20d,amazon,Dehydrated_Jellyfish,1
17-Feb-2023,20d,amazon,00tfu_,1
17-Feb-2023,20d,amazon,GeoChallenge,1
17-Feb-2023,20d,amazon,Yungtoaster69,1
17-Feb-2023,20d,amazon,GiraffesForHigher,1
17-Feb-2023,20d,amazon,Fix-this1975,1
17-Feb-2023,20d,amazon,shrewmeister123,1
17-Feb-2023,20d,amazon,Steinfan94,1
17-Feb-2023,20d,amazon,root_switch,1
17-Feb-2023,20d,amazon,LoveBug23118,1
17-Feb-2023,20d,amazon,wockheartzz,1
17-Feb-2023,20d,amazon,mwalsh5757,1
17-Feb-2023,20d,amazon,Cultural_Iron_7488,1
17-Feb-2023,20d,amazon,Large_Film_2284,1
17-Feb-2023,20d,amazon,External-Writer-7141,1
17-Feb-2023,20d,amazon,Dansk72,1
17-Feb-2023,20d,amazon,BadP3NN1,1
17-Feb-2023,20d,amazon,gendulf,1
17-Feb-2023,20d,amazon,battlecatsahead,1
17-Feb-2023,20d,amazon,Different_Form8286,1
17-Feb-2023,20d,amazon,SonMendes,1
17-Feb-2023,20d,amazon,liarandathief,1
17-Feb-2023,20d,amazon,burymeintheuk,1
17-Feb-2023,20d,amazon,Wrestlingfan3434,1
17-Feb-2023,20d,amazon,Emergency_Special_34,1
17-Feb-2023,20d,amazon,anandamid26,1
17-Feb-2023,20d,amazon,greatoutdoorworld,1
17-Feb-2023,20d,amazon,Single-Neck-8506,1
17-Feb-2023,20d,amazon,PC_Man18,1
17-Feb-2023,20d,amazon,hellooonurse23,1
17-Feb-2023,20d,amazon,ethperience,1
17-Feb-2023,20d,amazon,AnonymouseAltAccount,1
17-Feb-2023,20d,amazon,Rice_Pudding8000,1
17-Feb-2023,20d,amazon,pigsqueakz,1
17-Feb-2023,20d,amazon,cookeree2008,1
17-Feb-2023,20d,amazon,timex17,1
17-Feb-2023,20d,amazon,NaiveChoiceMaker,1
17-Feb-2023,20d,amazon,ilovefacebook,1
17-Feb-2023,20d,amazon,Rocketdogcoco,1
17-Feb-2023,20d,amazon,FatBearWeekKatmai,1
17-Feb-2023,20d,amazon,Desperate_Broccoli80,1
17-Feb-2023,20d,amazon,myroon5,1
17-Feb-2023,20d,amazon,crazunggoy47,1
17-Feb-2023,20d,amazon,mitsam8,1
17-Feb-2023,20d,amazon,lclaxvp,1
17-Feb-2023,20d,amazon,JohnnyX18,1
17-Feb-2023,20d,amazon,TheBigGermanGuy,1
17-Feb-2023,20d,amazon,crypto_options,1
17-Feb-2023,20d,amazon,Max_Powers-,1
17-Feb-2023,20d,amazon,Cariboudjan,1
17-Feb-2023,20d,amazon,SyCoREAPER,1
17-Feb-2023,20d,amazon,tagno25,1
17-Feb-2023,20d,amazon,klsingapore,1
17-Feb-2023,20d,amazon,Player5xxx,1
17-Feb-2023,20d,amazon,Dragonfiremule,1
17-Feb-2023,20d,amazon,raphaeladidas,1
17-Feb-2023,20d,amazon,Prairie_Dog,1
17-Feb-2023,20d,amazon,thebigkevdogg,1
17-Feb-2023,20d,amazon,farmecologist,1
17-Feb-2023,20d,amazon,thomas_deans,1
17-Feb-2023,20d,amazon,flimspringfield,1
17-Feb-2023,20d,amazon,tim36272,1
17-Feb-2023,20d,amazon,OlliePop8,1
17-Feb-2023,20d,amazon,mjurek,1
17-Feb-2023,20d,amazon,jhovudu1,1
17-Feb-2023,20d,amazon,TheMacMan,1
17-Feb-2023,20d,amazon,RlyCoolCat,1
17-Feb-2023,20d,amazon,drj87,1
17-Feb-2023,20d,amazon,Fai1ed_ab0rtion,1
17-Feb-2023,20d,amazon,johnlim12,1
17-Feb-2023,20d,amazon,Theifs_Black,1
17-Feb-2023,20d,amazon,Dazzling-Judge-1816,1
17-Feb-2023,20d,amazon,blakk_foxe,1
17-Feb-2023,20d,amazon,babybuttoneyes,1
17-Feb-2023,20d,amazon,BrandNewDT,1
17-Feb-2023,20d,amazon,KiltyMilty,1
17-Feb-2023,20d,amazon,DarthGonkXx,1
17-Feb-2023,20d,amazon,Gullible-Historian10,1
17-Feb-2023,20d,amazon,aLostEngineer,1
17-Feb-2023,20d,amazon,Reisted,1
17-Feb-2023,20d,amazon,jerkstorenumber9,1
17-Feb-2023,20d,amazon,flightMom123,1
17-Feb-2023,20d,amazon,qaelith2112,1
17-Feb-2023,20d,amazon,GeauxSaints315,1
17-Feb-2023,20d,amazon,Few-Zookeepergame-60,1
17-Feb-2023,20d,amazon,quiken4,1
17-Feb-2023,20d,amazon,RegularCandidate4891,1
17-Feb-2023,20d,amazon,OkNegotiation186,1
17-Feb-2023,20d,amazon,Calm_Ad_343,1
17-Feb-2023,20d,amazon,SainttValentine,1
17-Feb-2023,20d,amazon,Crafty-Cost-781,1
17-Feb-2023,20d,amazon,Johnrtx94,1
17-Feb-2023,20d,amazon,QuetzalGamer,1
17-Feb-2023,20d,amazon,Thud2,1
17-Feb-2023,20d,amazon,redditgirlwz,1
17-Feb-2023,20d,amazon,CypherMcAfee,1
17-Feb-2023,20d,amazon,zgrizz,1
17-Feb-2023,20d,amazon,HazelMystery,1
17-Feb-2023,20d,amazon,soulmagic123,1
17-Feb-2023,20d,amazon,Point_Me_At_The_Sky-,1
17-Feb-2023,20d,amazon,Bulkratos,1
17-Feb-2023,20d,amazon,tightneden,1
17-Feb-2023,20d,amazon,IowaWBB,1
17-Feb-2023,20d,amazon,beautyofdeduction,1
17-Feb-2023,20d,amazon,burnerhardlyknower5,1
17-Feb-2023,20d,amazon,Heavy-Car1363,1
17-Feb-2023,20d,amazon,Beneficial_Ideal_690,1
17-Feb-2023,20d,amazon,Fun-Musician-1979,1
17-Feb-2023,20d,amazon,macmanjimmy,1
17-Feb-2023,20d,amazon,Zee2A,1
17-Feb-2023,20d,amazon,HicSvntDracones_4242,1
17-Feb-2023,20d,amazon,Stackingseason,1
17-Feb-2023,20d,amazon,Ocanannain,1
17-Feb-2023,20d,amazon,lawraxo,1
17-Feb-2023,20d,amazon,Savande,1
17-Feb-2023,20d,amazon,chopinrocks,1
17-Feb-2023,20d,amazon,talenteddog,1
17-Feb-2023,20d,amazon,ohsojosho,1
17-Feb-2023,20d,amazon,cugrad16,1
17-Feb-2023,20d,amazon,Business-Meat-4244,1
17-Feb-2023,20d,amazon,Realistic_Ocelot_836,1
17-Feb-2023,20d,amazon,SteveAlpineFulfill,1
17-Feb-2023,20d,amazon,log2211logie,1
17-Feb-2023,20d,amazon,Digital_Enterprenuer,1
17-Feb-2023,20d,amazon,SmellProfessional603,1
17-Feb-2023,20d,amazon,brenthicc,1
17-Feb-2023,20d,amazon,SimplyGrim,1
17-Feb-2023,20d,amazon,Accomplished_Win6989,1
17-Feb-2023,20d,amazon,falloutjackal,1
17-Feb-2023,20d,amazon,Maleficent_Band1201,1
17-Feb-2023,20d,amazon,Great_Entrance_415,1
17-Feb-2023,20d,amazon,alixhero,1
17-Feb-2023,20d,amazon,Any_Accountant_6291,1
17-Feb-2023,20d,amazon,dealsposter1,1
17-Feb-2023,20d,amazon,telxonhacker,1
17-Feb-2023,20d,amazon,bookishspider,1
17-Feb-2023,20d,amazon,susygomezd,1
17-Feb-2023,20d,amazon,cobalt82302,1
17-Feb-2023,20d,amazon,toemv,1
17-Feb-2023,20d,amazon,Oscarsome,1
17-Feb-2023,20d,amazon,Weird-Entertainer763,1
17-Feb-2023,20d,amazon,eraclee,1
17-Feb-2023,20d,amazon,monteverdevecchio,1
17-Feb-2023,20d,amazon,TitaniumBoa,1
17-Feb-2023,20d,amazon,AZwriterJD,1
17-Feb-2023,20d,amazon,coupsuper,1
17-Feb-2023,20d,amazon,helpful-amzn-product,1
17-Feb-2023,20d,amazon,keema_giveaway,1
17-Feb-2023,20d,amazon,thehighdon,1
17-Feb-2023,20d,amazon,MaxineC01,1
17-Feb-2023,20d,amazon,Nvmyprixgt,1
17-Feb-2023,20d,amazon,MelvinDiggs,1
17-Feb-2023,20d,amazon,Nickyweg,1
17-Feb-2023,20d,amazon,dhokes,1
17-Feb-2023,20d,amazon,thisismynewaccountig,1
17-Feb-2023,20d,amazon,Chrisbradley1,1
17-Feb-2023,20d,amazon,Gold-Appointment-534,1
17-Feb-2023,20d,amazon,neurosciguy2022,1
17-Feb-2023,20d,amazon,LaidbackLuke77,1
17-Feb-2023,20d,amazon,TheGreatTraveller,1
17-Feb-2023,20d,amazon,iluvmommymilkrs,1
17-Feb-2023,20d,amazon,ubanmaker,1
17-Feb-2023,20d,amazon,Varon_DiStefano,1
17-Feb-2023,20d,amazon,Still_Vacation_3534,1
17-Feb-2023,20d,amazon,Leafyistrippy,1
17-Feb-2023,20d,amazon,tommymila,1
17-Feb-2023,20d,amazon,ArdenTheProtector,1
17-Feb-2023,20d,amazon,jimmyhiccups,1
17-Feb-2023,20d,amazon,PurpsMcNuggets,1
17-Feb-2023,20d,amazon,PenaltyPositive4826,1
17-Feb-2023,20d,amazon,FoxReview-,1
17-Feb-2023,20d,amazon,Clmcm400,1
17-Feb-2023,20d,amazon,BEABETTERHUMAN2020,1
17-Feb-2023,20d,amazon,Samoj23,1
17-Feb-2023,20d,amazon,CroninChris,1
17-Feb-2023,20d,amazon,DrCorneliuss,1
17-Feb-2023,20d,amazon,aCupOhJoe,1
17-Feb-2023,20d,amazon,shaadow,1
17-Feb-2023,20d,amazon,BarefootBiker10,1
17-Feb-2023,20d,amazon,ihateriyyan,1
17-Feb-2023,20d,amazon,BatmanIsAwesome15,1
17-Feb-2023,20d,amazon,yeppeunxria,1
17-Feb-2023,20d,amazon,Mundane-Industry-794,1
17-Feb-2023,20d,amazon,Adorable_Ad_9740,1
17-Feb-2023,20d,amazon,SunBeeRocks,1
17-Feb-2023,20d,amazon,bamboozledlion02,1
17-Feb-2023,20d,amazon,leticiashirayu3,1
17-Feb-2023,20d,amazon,SilentOutcome225,1
17-Feb-2023,20d,amazon,GeekgirlOtt,1
17-Feb-2023,20d,amazon,Soulshadeuwu,1
17-Feb-2023,20d,amazon,Flabja,1
17-Feb-2023,20d,amazon,Illustrious-Egg1832,1
17-Feb-2023,20d,amazon,EvanMcD3,1
17-Feb-2023,20d,amazon,betasynn,1
17-Feb-2023,20d,amazon,RiseUpGamers92,1
17-Feb-2023,20d,amazon,No-Signature1219,1
17-Feb-2023,20d,amazon,ChickenTitilater,1
17-Feb-2023,20d,amazon,J2_012,1
17-Feb-2023,20d,amazon,aylons,1
17-Feb-2023,20d,amazon,KaioSavage,1
17-Feb-2023,20d,amazon,Aljajah,1
17-Feb-2023,20d,amazon,InternationalDot2671,1
17-Feb-2023,20d,amazon,ebridgewater,1
17-Feb-2023,20d,amazon,Sxffer_A1one,1
17-Feb-2023,20d,amazon,Vast-Respect-4048,1
17-Feb-2023,20d,amazon,ZakirMalikBlogger,1
17-Feb-2023,20d,amazon,_Strider___,1
17-Feb-2023,20d,amazon,USFBIOTECH,1
17-Feb-2023,20d,amazon,LunaticHound,1
17-Feb-2023,20d,amazon,yourheartisaweapon,1
17-Feb-2023,20d,amazon,cainoom,1
17-Feb-2023,20d,amazon,Theepicmason,1
17-Feb-2023,20d,amazon,phenom1tsmith,1
17-Feb-2023,20d,amazon,slaythrowaway2848,1
17-Feb-2023,20d,amazon,Intrepid-Scientist85,1
17-Feb-2023,20d,amazon,Pristine-Snow5526,1
17-Feb-2023,20d,amazon,qu3tr1x,1
17-Feb-2023,20d,amazon,AuspiciousHamster,1
17-Feb-2023,20d,amazon,Waxy_Tea,1
17-Feb-2023,20d,amazon,Wilddog73,1
17-Feb-2023,20d,amazon,NewCartoonist2317,1
17-Feb-2023,20d,amazon,GuaranteeIcy1076,1
17-Feb-2023,20d,amazon,sanfollowill,1
17-Feb-2023,20d,amazon,RoyalCart,1
17-Feb-2023,20d,amazon,LamoidZombieDog,1
17-Feb-2023,20d,amazon,DoAndroidsDrmOfSheep,1
17-Feb-2023,20d,amazon,Work_Ambassador2023,1
17-Feb-2023,20d,amazon,safa8033,1
17-Feb-2023,20d,amazon,humblegarrick,1
17-Feb-2023,20d,amazon,yol-a,1
17-Feb-2023,20d,amazon,Agonizel,1
17-Feb-2023,20d,amazon,Wrong_Sprinkles7901,1
17-Feb-2023,20d,amazon,whereisbadbunny,1
17-Feb-2023,20d,amazon,devind_407,1
17-Feb-2023,20d,amazon,its_just_vibe,1
17-Feb-2023,20d,amazon,DagonParty,1
17-Feb-2023,20d,amazon,Cmoney2020,1
17-Feb-2023,20d,amazon,Zealousideal_Monk6,1
17-Feb-2023,20d,amazon,ShopEzy,1
17-Feb-2023,20d,amazon,4kings,1
17-Feb-2023,20d,amazon,MikeKaye,1
17-Feb-2023,20d,amazon,marooned222,1
17-Feb-2023,20d,amazon,Deltaactual234,1
17-Feb-2023,20d,amazon,OkDependent4,1
17-Feb-2023,20d,amazon,technicolourhappy,1
17-Feb-2023,20d,amazon,KovacsAkos05,1
17-Feb-2023,20d,amazon,Shadelsayr17,1
17-Feb-2023,20d,amazon,MuzammilThaheem,1
17-Feb-2023,20d,amazon,Snoo53329,1
17-Feb-2023,20d,amazon,Dalyth_,1
17-Feb-2023,20d,amazon,bmaxj,1
17-Feb-2023,20d,amazon,barelylegalcomesexme,1
17-Feb-2023,20d,amazon,momsniper600,1
17-Feb-2023,20d,amazon,bobbym247,1
17-Feb-2023,20d,amazon,Main_Mix_4576,1
17-Feb-2023,20d,amazon,No-Introduction4003,1
17-Feb-2023,20d,amazon,dkibbled,1
17-Feb-2023,20d,amazon,actingupastorm,1
17-Feb-2023,20d,amazon,Popular-Exit-9908,1
17-Feb-2023,20d,amazon,Lyniaer,1
17-Feb-2023,20d,amazon,ATrueGmr,1
17-Feb-2023,20d,amazon,YamZealousideal8422,1
17-Feb-2023,20d,amazon,Bulky_Assist8240,1
17-Feb-2023,20d,amazon,nebirah,1
17-Feb-2023,20d,amazon,Jazzlike_Action1828,1
17-Feb-2023,20d,amazon,Ill_Shop7800,1
17-Feb-2023,20d,amazon,freeagent16cr,1
17-Feb-2023,20d,amazon,seekwww,1
17-Feb-2023,20d,amazon,ichbinmac,1
17-Feb-2023,20d,amazon,Longjumping_Jello862,1
17-Feb-2023,20d,amazon,zhuque48,1
17-Feb-2023,20d,amazon,SuperCoop26,1
17-Feb-2023,20d,amazon,princevzn,1
17-Feb-2023,20d,amazon,Skyyyyyyyler,1
17-Feb-2023,20d,amazon,AccurateChaos,1
17-Feb-2023,20d,amazon,Glarus30,1
17-Feb-2023,20d,amazon,mindmydarkness,1
17-Feb-2023,20d,amazon,No-Hovercraft3168,1
17-Feb-2023,20d,amazon,Sea_Bumblebee3118,1
17-Feb-2023,20d,amazon,Resident-Candy-9447,1
17-Feb-2023,20d,amazon,wallstreetamc,1
17-Feb-2023,20d,amazon,ResidentGuard6855,1
17-Feb-2023,20d,amazon,Xtryaq,1
17-Feb-2023,20d,amazon,127JT7,1
17-Feb-2023,20d,amazon,mav0499,1
17-Feb-2023,20d,amazon,lynsu27,1
17-Feb-2023,20d,amazon,FaggolaMcGee,1
17-Feb-2023,20d,amazon,iAmFlexy,1
17-Feb-2023,20d,amazon,Sharkscatsbuffy,1
17-Feb-2023,20d,amazon,_queen_bee01_,1
17-Feb-2023,20d,amazon,Danganboi,1
17-Feb-2023,20d,amazon,Decimus_of_the_VIII,1
17-Feb-2023,20d,amazon,jbafofi4,1
17-Feb-2023,20d,amazon,krazy_kool,1
17-Feb-2023,20d,amazon,Eternal_solitude666,1
17-Feb-2023,20d,amazon,zlatan_06,1
17-Feb-2023,20d,amazon,Qiqirnmercenary,1
17-Feb-2023,20d,amazon,retiredminion,1
17-Feb-2023,20d,amazon,mericafuckyes,1
17-Feb-2023,20d,amazon,Bright-Cake7380,1
17-Feb-2023,20d,amazon,STEPH5_,1
17-Feb-2023,20d,amazon,IAmYourMother__,1
17-Feb-2023,20d,amazon,mbr_creative,1
17-Feb-2023,20d,amazon,Real-Talk489,1
17-Feb-2023,20d,amazon,Mammoth-Bullfrog-274,1
17-Feb-2023,20d,amazon,ArtemixNelson,1
17-Feb-2023,20d,amazon,Real_Verix,1
17-Feb-2023,20d,amazon,Empty_Western_1999,1
17-Feb-2023,20d,amazon,MrDobalina916,1
17-Feb-2023,20d,amazon,Andrew_285,1
17-Feb-2023,20d,amazon,herequeerandgreat,1
17-Feb-2023,20d,amazon,ohwowpickle,1
17-Feb-2023,20d,amazon,VapingAmy,1
17-Feb-2023,20d,amazon,Hattix,1
17-Feb-2023,20d,amazon,vulzes,1
17-Feb-2023,20d,amazon,sungwon2k,1
17-Feb-2023,20d,amazon,Acceptable-Shoe7175,1
17-Feb-2023,20d,amazon,AbbreviationsPast772,1
17-Feb-2023,20d,amazon,HighHelloThereGround,1
17-Feb-2023,20d,amazon,Gettingitdone1,1
17-Feb-2023,20d,amazon,khaled109,1
17-Feb-2023,20d,amazon,JYanezez,1
17-Feb-2023,20d,amazon,_TENT_,1
17-Feb-2023,20d,amazon,software2023new,1
17-Feb-2023,20d,amazon,descending_angel,1
17-Feb-2023,20d,amazon,RobsterLobster_7,1
17-Feb-2023,20d,amazon,brandonlkb,1
17-Feb-2023,20d,amazon,Hokague27,1
17-Feb-2023,20d,amazon,Neither-Elderberry47,1
17-Feb-2023,20d,amazon,sanictheripoff,1
17-Feb-2023,20d,amazon,scarlettfiggy,1
17-Feb-2023,20d,amazon,knuckboy,1
17-Feb-2023,20d,amazon,NiftyKnickKnacks,1
17-Feb-2023,20d,amazon,Beginning-Cherry1360,1
17-Feb-2023,20d,amazon,Additional_Arachnid4,1
17-Feb-2023,20d,amazon,Badmoon1220,1
17-Feb-2023,20d,amazon,f00dl3,1
17-Feb-2023,20d,amazon,babahasan68,1
17-Feb-2023,20d,amazon,unknown_toothbrush,1
17-Feb-2023,20d,amazon,arditveseli1999,1
17-Feb-2023,20d,amazon,Emotional_Reindeer79,1
17-Feb-2023,20d,amazon,Dense_Technician_203,1
17-Feb-2023,20d,amazon,Powerful_Cut_722,1
17-Feb-2023,20d,amazon,Southern_Ad744,1
17-Feb-2023,20d,amazon,iblack7,1
17-Feb-2023,20d,amazon,Trick_Listen,1
17-Feb-2023,20d,amazon,MinuteNarwhal6820,1
17-Feb-2023,20d,amazon,Sad_Lavishness7860,1
17-Feb-2023,20d,amazon,im_still_water,1
17-Feb-2023,20d,amazon,Letusso,1
17-Feb-2023,20d,amazon,Feisty_Adeptness7725,1
17-Feb-2023,20d,amazon,makki-grey-0220,1
17-Feb-2023,20d,amazon,Jumpy_Fix7604,1
17-Feb-2023,20d,amazon,Many_Cauliflower_290,1
17-Feb-2023,20d,amazon,LogicGateKeeper123,1
17-Feb-2023,20d,amazon,Lemons9020,1
17-Feb-2023,20d,amazon,McGrufNStuf,1
17-Feb-2023,20d,amazon,moomjeeboop,1
17-Feb-2023,20d,amazon,Smallsled,1
17-Feb-2023,20d,amazon,Ice_Future1092,1
17-Feb-2023,20d,amazon,Sanelieu,1
17-Feb-2023,20d,amazon,Super-View7967,1
17-Feb-2023,20d,amazon,Trixualz,1
17-Feb-2023,20d,amazon,woniwonu,1
17-Feb-2023,20d,amazon,Autobotworrier11111,1
17-Feb-2023,20d,amazon,Ok-Heart-2884,1
17-Feb-2023,20d,amazon,narcoyouth,1
17-Feb-2023,20d,amazon,Jewbay,1
17-Feb-2023,20d,amazon,Johanne007,1
17-Feb-2023,20d,amazon,ulaeJ,1
17-Feb-2023,20d,amazon,Careless-Yesterday-6,1
17-Feb-2023,20d,amazon,Major_Singer,1
17-Feb-2023,20d,amazon,Efron12,1
17-Feb-2023,20d,amazon,Sensitive-Feed3189,1
17-Feb-2023,20d,amazon,Monibul,1
17-Feb-2023,20d,amazon,ptr727,1
17-Feb-2023,20d,amazon,Lazy_Country3962,1
17-Feb-2023,20d,amazon,Bigg_Dick_Energy,1
17-Feb-2023,20d,amazon,JustSoHappy,1
17-Feb-2023,20d,amazon,Low_Conversation_442,1
17-Feb-2023,20d,amazon,nejitenfan01,1
17-Feb-2023,20d,amazon,IlyasKona,1
17-Feb-2023,20d,amazon,Snoo81468,1
17-Feb-2023,20d,amazon,Drey_master,1
17-Feb-2023,20d,amazon,Party_Set_6587,1
17-Feb-2023,20d,amazon,Legal_Boysenberry_36,1
17-Feb-2023,20d,amazon,poopinbound,1
17-Feb-2023,20d,amazon,Evening_bush,1
17-Feb-2023,20d,amazon,Bristid,1
17-Feb-2023,20d,amazon,ExplorerStandard6440,1
17-Feb-2023,20d,amazon,niniyass,1
17-Feb-2023,20d,amazon,davkistner,1
17-Feb-2023,20d,amazon,Prestigious_Scene360,1
17-Feb-2023,20d,amazon,drboofmaster,1
17-Feb-2023,20d,amazon,Excellent-Lemon-2127,1
17-Feb-2023,20d,amazon,webbslinger_0,1
17-Feb-2023,20d,amazon,iAxstic,1
17-Feb-2023,20d,amazon,FaZeMcKid2,1
17-Feb-2023,20d,amazon,TitanBeats_YT,1
17-Feb-2023,20d,amazon,designinme,1
17-Feb-2023,20d,amazon,slop10101,1
17-Feb-2023,20d,amazon,IcedColdMine,1
17-Feb-2023,20d,amazon,BrilliantCabinet8,1
17-Feb-2023,20d,amazon,WorriedArm3364,1
17-Feb-2023,20d,amazon,AlexandraRutt,1
17-Feb-2023,20d,amazon,Responsible-Note-363,1
17-Feb-2023,20d,amazon,goorinjap,1
17-Feb-2023,20d,amazon,furqanm1995A,1
17-Feb-2023,20d,amazon,Mariposabloom,1
17-Feb-2023,20d,amazon,calebchetty5,1
17-Feb-2023,20d,amazon,Itsrichyyy,1
17-Feb-2023,20d,amazon,IslandReign,1
17-Feb-2023,20d,amazon,icanhasreclaims,1
17-Feb-2023,20d,amazon,Highguy801,1
17-Feb-2023,20d,amazon,rawclipper,1
17-Feb-2023,20d,amazon,twoaspensimages,1
17-Feb-2023,20d,amazon,Mrs-Nugget,1
17-Feb-2023,20d,amazon,Ryeiran,1
17-Feb-2023,20d,amazon,A_Annon,1
17-Feb-2023,20d,amazon,Swimming_Fortune,1
17-Feb-2023,20d,amazon,AXLP_LaZEReD,1
17-Feb-2023,20d,amazon,sasksean,1
17-Feb-2023,20d,amazon,dmtraina,1
17-Feb-2023,20d,amazon,Accomplished-Log8484,1
17-Feb-2023,20d,amazon,NeighborhoodThick423,1
17-Feb-2023,20d,amazon,Brannig,1
17-Feb-2023,20d,amazon,doodoobby,1
17-Feb-2023,20d,amazon,upalnyt,1
17-Feb-2023,20d,amazon,lu_cas2904,1
17-Feb-2023,20d,amazon,Kitchen-Ad-9386,1
17-Feb-2023,20d,amazon,KitchenBreadfruit816,1
17-Feb-2023,20d,amazon,02nz,1
17-Feb-2023,20d,amazon,yawaworhtsuoivbona,1
17-Feb-2023,20d,amazon,John_Sknow,1
17-Feb-2023,20d,amazon,theghostcreeper,1
17-Feb-2023,20d,amazon,peepyboy,1
17-Feb-2023,20d,amazon,Traditional-List8254,1
17-Feb-2023,20d,amazon,Illustrious-Key-755,1
17-Feb-2023,20d,amazon,HeadLord4,1
17-Feb-2023,20d,amazon,lesbian867530,1
