query_date,before_date,subreddit,comment_author,comment_frequency
18-Apr-2023,0d,alexa,[deleted],70
18-Apr-2023,0d,alexa,Dansk72,27
18-Apr-2023,0d,alexa,antisane,23
18-Apr-2023,0d,alexa,Important-Comfort,20
18-Apr-2023,0d,alexa,brantome24,15
18-Apr-2023,0d,alexa,Famous-Perspective-3,15
18-Apr-2023,0d,alexa,gangsteroflove1,13
18-Apr-2023,0d,alexa,KingZakyu,12
18-Apr-2023,0d,alexa,katemonster_22,12
18-Apr-2023,0d,alexa,BSBitch47,11
18-Apr-2023,0d,alexa,LazarianV,11
18-Apr-2023,0d,alexa,InterstellarDeathPur,9
18-Apr-2023,0d,alexa,winelight,8
18-Apr-2023,0d,alexa,WinnieGirl22,8
18-Apr-2023,0d,alexa,No_Carry_3991,8
18-Apr-2023,0d,alexa,I-AM-Savannah,8
18-Apr-2023,0d,alexa,GruntledEx,8
18-Apr-2023,0d,alexa,TheRealFarmerBob,7
18-Apr-2023,0d,alexa,thedreaming2017,7
18-Apr-2023,0d,alexa,Smirkydarkdude,7
18-Apr-2023,0d,alexa,rlast1956,7
18-Apr-2023,0d,alexa,WhatWouldTNGPicardDo,7
18-Apr-2023,0d,alexa,AndyPryceManUtd,7
18-Apr-2023,0d,alexa,MannyGTSkyrimModder,7
18-Apr-2023,0d,alexa,RedMapleBat,6
18-Apr-2023,0d,alexa,Wayne8766,6
18-Apr-2023,0d,alexa,azz3879,6
18-Apr-2023,0d,alexa,meowkittykitty510,6
18-Apr-2023,0d,alexa,Muted_Sorts,5
18-Apr-2023,0d,alexa,imdatkibble223,5
18-Apr-2023,0d,alexa,oahusurfer2018,5
18-Apr-2023,0d,alexa,MayhemReignsTV,5
18-Apr-2023,0d,alexa,tarzan_nojane,5
18-Apr-2023,0d,alexa,el_smurfo,5
18-Apr-2023,0d,alexa,Cordcutter77,5
18-Apr-2023,0d,alexa,staticfive,5
18-Apr-2023,0d,alexa,snarkywolverine,5
18-Apr-2023,0d,alexa,Jack_Benney,5
18-Apr-2023,0d,alexa,Assist-Visual,5
18-Apr-2023,0d,alexa,diverareyouok,4
18-Apr-2023,0d,alexa,Laura9624,4
18-Apr-2023,0d,alexa,Official_Government,4
18-Apr-2023,0d,alexa,Smart-Time6212,4
18-Apr-2023,0d,alexa,outdoorintrovert1,4
18-Apr-2023,0d,alexa,Exact_Roll_4048,4
18-Apr-2023,0d,alexa,LoveAndData,4
18-Apr-2023,0d,alexa,Roleplaynotrealplay,4
18-Apr-2023,0d,alexa,stormpetrichor,4
18-Apr-2023,0d,alexa,Man_Bear_Beaver,4
18-Apr-2023,0d,alexa,mrkruk,4
18-Apr-2023,0d,alexa,Soggy_Midnight980,4
18-Apr-2023,0d,alexa,Dingdongmycatisgone,4
18-Apr-2023,0d,alexa,xamomax,4
18-Apr-2023,0d,alexa,breakneckridge,4
18-Apr-2023,0d,alexa,flargenhargen,4
18-Apr-2023,0d,alexa,bxclnt,4
18-Apr-2023,0d,alexa,J-COE,4
18-Apr-2023,0d,alexa,uscpsycho,4
18-Apr-2023,0d,alexa,roblu001,4
18-Apr-2023,0d,alexa,MarvinG1984,4
18-Apr-2023,0d,alexa,netmommy,3
18-Apr-2023,0d,alexa,StarComet04,3
18-Apr-2023,0d,alexa,Cousin-Jack,3
18-Apr-2023,0d,alexa,CrabbitJambo,3
18-Apr-2023,0d,alexa,MILK_DUD_NIPPLES,3
18-Apr-2023,0d,alexa,Old_AP_Pro,3
18-Apr-2023,0d,alexa,riverside507,3
18-Apr-2023,0d,alexa,Samisoy001,3
18-Apr-2023,0d,alexa,Natey_Two,3
18-Apr-2023,0d,alexa,monolithtma,3
18-Apr-2023,0d,alexa,Realistic-Divide-587,3
18-Apr-2023,0d,alexa,Time2GoGo,3
18-Apr-2023,0d,alexa,bucwaboos,3
18-Apr-2023,0d,alexa,dor_hi,3
18-Apr-2023,0d,alexa,dontlaukatme,3
18-Apr-2023,0d,alexa,AdaptableVision,3
18-Apr-2023,0d,alexa,beeedeee,3
18-Apr-2023,0d,alexa,dalmarnock,3
18-Apr-2023,0d,alexa,FatNorm,3
18-Apr-2023,0d,alexa,Upyakakychute,3
18-Apr-2023,0d,alexa,nit4sz,3
18-Apr-2023,0d,alexa,RetroGamingGuy,3
18-Apr-2023,0d,alexa,ockhams-razor,3
18-Apr-2023,0d,alexa,squeamish,3
18-Apr-2023,0d,alexa,HonnyBrown,3
18-Apr-2023,0d,alexa,No_Bad_4363,3
18-Apr-2023,0d,alexa,ggs657,3
18-Apr-2023,0d,alexa,FantasticMrPox,3
18-Apr-2023,0d,alexa,Laura--Rampart,3
18-Apr-2023,0d,alexa,bingobango2911,3
18-Apr-2023,0d,alexa,Fire_The_Torpedo2011,3
18-Apr-2023,0d,alexa,maniac365,3
18-Apr-2023,0d,alexa,yyzworker,3
18-Apr-2023,0d,alexa,Jimbo415650,2
18-Apr-2023,0d,alexa,Big_Attempt6783,2
18-Apr-2023,0d,alexa,Ecstatic_Simple3205,2
18-Apr-2023,0d,alexa,Philmehew,2
18-Apr-2023,0d,alexa,Saltysalad,2
18-Apr-2023,0d,alexa,kp2119,2
18-Apr-2023,0d,alexa,rcroche01,2
18-Apr-2023,0d,alexa,Glass-Material5689,2
18-Apr-2023,0d,alexa,nyeargin,2
18-Apr-2023,0d,alexa,Turbulent_Tale6497,2
18-Apr-2023,0d,alexa,X0AN,2
18-Apr-2023,0d,alexa,TheTacticalFerret,2
18-Apr-2023,0d,alexa,CMKiefer,2
18-Apr-2023,0d,alexa,Miata_GT,2
18-Apr-2023,0d,alexa,pee_face_applehead,2
18-Apr-2023,0d,alexa,fadetoblack1004,2
18-Apr-2023,0d,alexa,soopafly,2
18-Apr-2023,0d,alexa,CaptainGreezy,2
18-Apr-2023,0d,alexa,aRandom_redditor,2
18-Apr-2023,0d,alexa,Myztic84,2
18-Apr-2023,0d,alexa,tjeast,2
18-Apr-2023,0d,alexa,BlossomPNW,2
18-Apr-2023,0d,alexa,ritchie70,2
18-Apr-2023,0d,alexa,Whyeff89,2
18-Apr-2023,0d,alexa,atomicxblue,2
18-Apr-2023,0d,alexa,jdobem,2
18-Apr-2023,0d,alexa,Monkfich,2
18-Apr-2023,0d,alexa,washburn100,2
18-Apr-2023,0d,alexa,throwaway06262010,2
18-Apr-2023,0d,alexa,mchamp90,2
18-Apr-2023,0d,alexa,Edragon85,2
18-Apr-2023,0d,alexa,NoodleCheeseThief,2
18-Apr-2023,0d,alexa,Best-Perception-694,2
18-Apr-2023,0d,alexa,Nick_W1,2
18-Apr-2023,0d,alexa,DismasX,2
18-Apr-2023,0d,alexa,Abdul-Ahmadinejad,2
18-Apr-2023,0d,alexa,phamton1150,2
18-Apr-2023,0d,alexa,NikkiRoxi,2
18-Apr-2023,0d,alexa,ThunkBlug,2
18-Apr-2023,0d,alexa,normal2norman,2
18-Apr-2023,0d,alexa,jaymartinez,2
18-Apr-2023,0d,alexa,thisdckaintFREEEE,2
18-Apr-2023,0d,alexa,BigVeganski420,2
18-Apr-2023,0d,alexa,brdgz,2
18-Apr-2023,0d,alexa,isaiahfranco,2
18-Apr-2023,0d,alexa,sum_yungai,2
18-Apr-2023,0d,alexa,WallaWallaWally,2
18-Apr-2023,0d,alexa,BahaMan69,2
18-Apr-2023,0d,alexa,Guido-thekillerpimp,2
18-Apr-2023,0d,alexa,Born100YearsTooSoon,2
18-Apr-2023,0d,alexa,vbcarvalho,2
18-Apr-2023,0d,alexa,Quacking_Plums,2
18-Apr-2023,0d,alexa,killysmurf,2
18-Apr-2023,0d,alexa,Irishuser2022,2
18-Apr-2023,0d,alexa,mdiinpaean,2
18-Apr-2023,0d,alexa,googy55,2
18-Apr-2023,0d,alexa,Revolutionary-Fact6,2
18-Apr-2023,0d,alexa,iamtheundefined,2
18-Apr-2023,0d,alexa,seancho,2
18-Apr-2023,0d,alexa,Happyrobcafe,2
18-Apr-2023,0d,alexa,Jmckeown2,2
18-Apr-2023,0d,alexa,codecrackx15,2
18-Apr-2023,0d,alexa,ExcitingInsurance887,2
18-Apr-2023,0d,alexa,deeohdoublegzzy,2
18-Apr-2023,0d,alexa,Big-Introduction9159,2
18-Apr-2023,0d,alexa,sanfranchristo,2
18-Apr-2023,0d,alexa,Bother-Present,2
18-Apr-2023,0d,alexa,MrsSmiles09,2
18-Apr-2023,0d,alexa,leopoldovitch,2
18-Apr-2023,0d,alexa,nasbig1,2
18-Apr-2023,0d,alexa,Torontobeachboy,2
18-Apr-2023,0d,alexa,Zealousideal-Rub-701,2
18-Apr-2023,0d,alexa,N1ck9141,2
18-Apr-2023,0d,alexa,KoditasOwO,1
18-Apr-2023,0d,alexa,colonelcat,1
18-Apr-2023,0d,alexa,daelite,1
18-Apr-2023,0d,alexa,Bagel42,1
18-Apr-2023,0d,alexa,Never4end,1
18-Apr-2023,0d,alexa,gdoor,1
18-Apr-2023,0d,alexa,lllF3ARlll,1
18-Apr-2023,0d,alexa,leftcoast-usa,1
18-Apr-2023,0d,alexa,Huge-Habit-6201,1
18-Apr-2023,0d,alexa,LilKSong7,1
18-Apr-2023,0d,alexa,Haitsmelol,1
18-Apr-2023,0d,alexa,userid666,1
18-Apr-2023,0d,alexa,EveningMinute,1
18-Apr-2023,0d,alexa,RaptorO-1,1
18-Apr-2023,0d,alexa,TheDudeTodd,1
18-Apr-2023,0d,alexa,OldShipwrecked,1
18-Apr-2023,0d,alexa,PanDiStelleIsAmazing,1
18-Apr-2023,0d,alexa,harlows_monkeys,1
18-Apr-2023,0d,alexa,Tokata0,1
18-Apr-2023,0d,alexa,devianpctek,1
18-Apr-2023,0d,alexa,lilmike8080,1
18-Apr-2023,0d,alexa,r3mdh,1
18-Apr-2023,0d,alexa,_thegrringirl,1
18-Apr-2023,0d,alexa,rjdebenedictis,1
18-Apr-2023,0d,alexa,crocing,1
18-Apr-2023,0d,alexa,boy_luxxxa,1
18-Apr-2023,0d,alexa,eyeronik1,1
18-Apr-2023,0d,alexa,0SwifTBuddY0,1
18-Apr-2023,0d,alexa,noejose99,1
18-Apr-2023,0d,alexa,CYPH3R_22,1
18-Apr-2023,0d,alexa,theweeklyexpert,1
18-Apr-2023,0d,alexa,Responsible-Exit-901,1
18-Apr-2023,0d,alexa,Calm_Character_422,1
18-Apr-2023,0d,alexa,gardenbrain,1
18-Apr-2023,0d,alexa,im_not_here_man,1
18-Apr-2023,0d,alexa,DOF1186,1
18-Apr-2023,0d,alexa,tat21985,1
18-Apr-2023,0d,alexa,ceciledian,1
18-Apr-2023,0d,alexa,skelley5000,1
18-Apr-2023,0d,alexa,JasperGibson80,1
18-Apr-2023,0d,alexa,MysticStorm1,1
18-Apr-2023,0d,alexa,cejaay,1
18-Apr-2023,0d,alexa,jswinner59,1
18-Apr-2023,0d,alexa,Whatchuuumeaaaan,1
18-Apr-2023,0d,alexa,dogunter,1
18-Apr-2023,0d,alexa,sometin__else,1
18-Apr-2023,0d,alexa,OsborneCoxMemoir3,1
18-Apr-2023,0d,alexa,Mistervimes65,1
18-Apr-2023,0d,alexa,freelancerjourn,1
18-Apr-2023,0d,alexa,lindalee5479,1
18-Apr-2023,0d,alexa,Talnesa,1
18-Apr-2023,0d,alexa,Comfortable-Fox9153,1
18-Apr-2023,0d,alexa,T_TChaos,1
18-Apr-2023,0d,alexa,Valus_,1
18-Apr-2023,0d,alexa,Reditt16,1
18-Apr-2023,0d,alexa,AlotLovesYou,1
18-Apr-2023,0d,alexa,vaderfan1,1
18-Apr-2023,0d,alexa,harmonyscher,1
18-Apr-2023,0d,alexa,InfiniteCheck,1
18-Apr-2023,0d,alexa,DualDier,1
18-Apr-2023,0d,alexa,annetoal,1
18-Apr-2023,0d,alexa,wkomorow,1
18-Apr-2023,0d,alexa,sorkinfan79,1
18-Apr-2023,0d,alexa,laharmon,1
18-Apr-2023,0d,alexa,rconn2,1
18-Apr-2023,0d,alexa,Tufflaw,1
18-Apr-2023,0d,alexa,MediocreCommenter,1
18-Apr-2023,0d,alexa,ThisBytes5,1
18-Apr-2023,0d,alexa,punknamedesire,1
18-Apr-2023,0d,alexa,Jayrrock,1
18-Apr-2023,0d,alexa,Watashifr,1
18-Apr-2023,0d,alexa,mikeinmass,1
18-Apr-2023,0d,alexa,whelanjh,1
18-Apr-2023,0d,alexa,RonH2K,1
18-Apr-2023,0d,alexa,Minkiemink,1
18-Apr-2023,0d,alexa,Albert_Borland,1
18-Apr-2023,0d,alexa,TheRatPatrol1,1
18-Apr-2023,0d,alexa,rack88,1
18-Apr-2023,0d,alexa,MiserableComment425,1
18-Apr-2023,0d,alexa,Kayshanski,1
18-Apr-2023,0d,alexa,Starslasher_422,1
18-Apr-2023,0d,alexa,farside_cow,1
18-Apr-2023,0d,alexa,morac,1
18-Apr-2023,0d,alexa,smartyhome,1
18-Apr-2023,0d,alexa,ThatsNotMyDogma,1
18-Apr-2023,0d,alexa,icecold24k,1
18-Apr-2023,0d,alexa,swerveliscious,1
18-Apr-2023,0d,alexa,Rhutrow,1
18-Apr-2023,0d,alexa,Magnospider,1
18-Apr-2023,0d,alexa,otter111a,1
18-Apr-2023,0d,alexa,EctoRiddler,1
18-Apr-2023,0d,alexa,MrDanKHimself,1
18-Apr-2023,0d,alexa,euphewl,1
18-Apr-2023,0d,alexa,awajitoka,1
18-Apr-2023,0d,alexa,r0n1n2021,1
18-Apr-2023,0d,alexa,bkdotcom,1
18-Apr-2023,0d,alexa,SignificantDealer667,1
18-Apr-2023,0d,alexa,Scarify,1
18-Apr-2023,0d,alexa,ReddiMayne,1
18-Apr-2023,0d,alexa,zipcad,1
18-Apr-2023,0d,alexa,LoFiCami,1
18-Apr-2023,0d,alexa,exclaim_bot,1
18-Apr-2023,0d,alexa,natdog1993,1
18-Apr-2023,0d,alexa,RepresentativeEmu335,1
18-Apr-2023,0d,alexa,Dr_Dust,1
18-Apr-2023,0d,alexa,Lumpymaximus,1
18-Apr-2023,0d,alexa,Locke-,1
18-Apr-2023,0d,alexa,Chaos_Blades,1
18-Apr-2023,0d,alexa,loserboi22,1
18-Apr-2023,0d,alexa,drake129103,1
18-Apr-2023,0d,alexa,LeonardoMyst,1
18-Apr-2023,0d,alexa,bigdizizzle,1
18-Apr-2023,0d,alexa,FurtherMentality,1
18-Apr-2023,0d,alexa,youagreewithit,1
18-Apr-2023,0d,alexa,ianganderton,1
18-Apr-2023,0d,alexa,mia_smith257,1
18-Apr-2023,0d,alexa,ianishomer,1
18-Apr-2023,0d,alexa,iamgodatpf,1
18-Apr-2023,0d,alexa,Anonymous_Bozo,1
18-Apr-2023,0d,alexa,lycon3,1
18-Apr-2023,0d,alexa,blogsymcblogsalot,1
18-Apr-2023,0d,alexa,WanjiSan,1
18-Apr-2023,0d,alexa,Dalrint,1
18-Apr-2023,0d,alexa,rtrski,1
18-Apr-2023,0d,alexa,TemplarIRL,1
18-Apr-2023,0d,alexa,Nasty9999,1
18-Apr-2023,0d,alexa,douger1957,1
18-Apr-2023,0d,alexa,Exemplar1968,1
18-Apr-2023,0d,alexa,porterhouse0,1
18-Apr-2023,0d,alexa,mo__1987,1
18-Apr-2023,0d,alexa,aequitasXI,1
18-Apr-2023,0d,alexa,RockPaperShredder,1
18-Apr-2023,0d,alexa,Steven8786,1
18-Apr-2023,0d,alexa,hab136,1
18-Apr-2023,0d,alexa,prolikewhoa,1
18-Apr-2023,0d,alexa,neon_Hermit,1
18-Apr-2023,0d,alexa,Intrepid00,1
18-Apr-2023,0d,alexa,ugh_you_swine,1
18-Apr-2023,0d,alexa,Chochofosho,1
18-Apr-2023,0d,alexa,NewPart3244,1
18-Apr-2023,0d,alexa,Flamboyant1220,1
18-Apr-2023,0d,alexa,The_Frame,1
18-Apr-2023,0d,alexa,baobab68,1
18-Apr-2023,0d,alexa,SenDit26,1
18-Apr-2023,0d,alexa,Ecstatic_Builder8325,1
18-Apr-2023,0d,alexa,YellowRadi0,1
18-Apr-2023,0d,alexa,VisualReversal,1
18-Apr-2023,0d,alexa,Rostgnom,1
18-Apr-2023,0d,alexa,l3enjamin5in,1
18-Apr-2023,0d,alexa,rupertthecactus,1
18-Apr-2023,0d,alexa,ViscountBurrito,1
18-Apr-2023,0d,alexa,jeweliegb,1
18-Apr-2023,0d,alexa,honeyandivy,1
18-Apr-2023,0d,alexa,johngault,1
18-Apr-2023,0d,alexa,LevianMcBirdo,1
18-Apr-2023,0d,alexa,SantaCruzDad,1
18-Apr-2023,0d,alexa,RocksNotDead,1
18-Apr-2023,0d,alexa,TangleOfWires,1
18-Apr-2023,0d,alexa,48fifteen162342,1
18-Apr-2023,0d,alexa,tombammann,1
18-Apr-2023,0d,alexa,King-Noddy,1
18-Apr-2023,0d,alexa,Eccohawk,1
18-Apr-2023,0d,alexa,kid_wonderbread,1
18-Apr-2023,0d,alexa,Pogger_boi10,1
18-Apr-2023,0d,alexa,Black_Rose67,1
18-Apr-2023,0d,alexa,WomanOfEld,1
18-Apr-2023,0d,alexa,Amata82,1
18-Apr-2023,0d,alexa,Donzer72,1
18-Apr-2023,0d,alexa,Wintermute3333,1
18-Apr-2023,0d,alexa,Danuvius_Wave,1
18-Apr-2023,0d,alexa,Iiawgiwbi,1
18-Apr-2023,0d,alexa,jagger1973,1
18-Apr-2023,0d,alexa,gods10rules,1
18-Apr-2023,0d,alexa,Trick-Two497,1
18-Apr-2023,0d,alexa,coaudavman,1
18-Apr-2023,0d,alexa,lmarzoli7,1
18-Apr-2023,0d,alexa,SomeRando1967,1
18-Apr-2023,0d,alexa,SatoriSon,1
18-Apr-2023,0d,alexa,Hot-Specialist-6824,1
18-Apr-2023,0d,alexa,NicoJunco,1
18-Apr-2023,0d,alexa,GrokEverything,1
18-Apr-2023,0d,alexa,ImDerekJeterUShotMe,1
18-Apr-2023,0d,alexa,rokrishnan,1
18-Apr-2023,0d,alexa,zz1kjamaica,1
18-Apr-2023,0d,alexa,Repulsive_Figure_292,1
18-Apr-2023,0d,alexa,i2ndshenanigans,1
18-Apr-2023,0d,alexa,babraeton,1
18-Apr-2023,0d,alexa,Ok_Appeal_4637,1
18-Apr-2023,0d,alexa,jmcboom,1
18-Apr-2023,0d,alexa,Mike12mt,1
18-Apr-2023,0d,alexa,cstevensonuk,1
18-Apr-2023,0d,alexa,J4MEJ,1
18-Apr-2023,0d,alexa,Gasai-alexa,1
18-Apr-2023,0d,alexa,Baconfatty,1
18-Apr-2023,0d,alexa,bigj2552,1
18-Apr-2023,0d,alexa,honestduane,1
18-Apr-2023,0d,alexa,kprecor,1
18-Apr-2023,0d,alexa,jaquan123ism,1
18-Apr-2023,0d,alexa,Moppmopp,1
18-Apr-2023,0d,alexa,rmv74,1
18-Apr-2023,0d,alexa,Ichthius,1
18-Apr-2023,0d,alexa,Special_Technology,1
18-Apr-2023,0d,alexa,xxparrotxx,1
18-Apr-2023,0d,alexa,Cottonita,1
18-Apr-2023,0d,alexa,Examiner7,1
18-Apr-2023,0d,alexa,Rustybolts_,1
18-Apr-2023,0d,alexa,ExperiencedOptimist,1
18-Apr-2023,0d,alexa,codewolf,1
18-Apr-2023,0d,alexa,StartingaGwen,1
18-Apr-2023,0d,alexa,Freeagnt,1
18-Apr-2023,0d,alexa,EverReddyKilowatt,1
18-Apr-2023,0d,alexa,slesher27,1
18-Apr-2023,0d,alexa,mrskilljoy616,1
18-Apr-2023,0d,alexa,TheChronosus,1
18-Apr-2023,0d,alexa,aram654,1
18-Apr-2023,0d,alexa,santaklaw,1
18-Apr-2023,0d,alexa,okoikoi,1
18-Apr-2023,0d,alexa,wild_muppen_appeared,1
18-Apr-2023,0d,alexa,IncapableOfLaughing,1
18-Apr-2023,0d,alexa,rr777,1
18-Apr-2023,0d,alexa,Desert_Trader,1
18-Apr-2023,0d,alexa,hopsfield80,1
18-Apr-2023,0d,alexa,realtrancefury,1
18-Apr-2023,0d,alexa,law506,1
18-Apr-2023,0d,alexa,Formal-Ad8037,1
18-Apr-2023,0d,alexa,veedems,1
18-Apr-2023,0d,alexa,NotYourReddit18,1
18-Apr-2023,0d,alexa,I_am_Red_velvet,1
18-Apr-2023,0d,alexa,JustCallMeBubbles,1
18-Apr-2023,0d,alexa,DragonOfAgnor,1
18-Apr-2023,0d,alexa,Davmilasav,1
18-Apr-2023,0d,alexa,AwkwardAd42,1
18-Apr-2023,0d,alexa,WhenMayCalls,1
18-Apr-2023,0d,alexa,siderhater4,1
18-Apr-2023,0d,alexa,stadelafuck,1
18-Apr-2023,0d,alexa,patheticsalad,1
18-Apr-2023,0d,alexa,ElectriCole,1
18-Apr-2023,0d,alexa,ErinPaperbackstash,1
18-Apr-2023,0d,alexa,lapeen4,1
18-Apr-2023,0d,alexa,vitucadrus,1
18-Apr-2023,0d,alexa,saturn480,1
18-Apr-2023,0d,alexa,Eccentrica_Gallumbit,1
18-Apr-2023,0d,alexa,Fast-air-6575,1
18-Apr-2023,0d,alexa,ArticleIcicle,1
18-Apr-2023,0d,alexa,spyderspyders,1
18-Apr-2023,0d,alexa,RallyPointAlpha,1
18-Apr-2023,0d,alexa,Scooter310,1
18-Apr-2023,0d,alexa,orabmag,1
18-Apr-2023,0d,alexa,rhgla,1
18-Apr-2023,0d,alexa,Ianyat,1
18-Apr-2023,0d,alexa,banisheduser,1
18-Apr-2023,0d,alexa,kelsiersghost,1
18-Apr-2023,0d,alexa,Tindjin,1
18-Apr-2023,0d,alexa,Anonymous_Otters,1
18-Apr-2023,0d,alexa,edust1958,1
18-Apr-2023,0d,alexa,bern_turner,1
18-Apr-2023,0d,alexa,Oztravels,1
18-Apr-2023,0d,alexa,rubs_tshirts,1
18-Apr-2023,0d,alexa,DeathWray,1
18-Apr-2023,0d,alexa,crustaceanjellybeans,1
18-Apr-2023,0d,alexa,Mission_Highway5032,1
18-Apr-2023,0d,alexa,squipysquip,1
18-Apr-2023,0d,alexa,YetiMcYetface,1
18-Apr-2023,0d,alexa,Sumpskildpadden,1
