query_date,before_date,subreddit,submission_author,submission_frequency
18-Apr-2023,0d,amazon,AmazonNewsBot,99
18-Apr-2023,0d,amazon,Substantial-Goat3846,5
18-Apr-2023,0d,amazon,gift-card-amazon,5
18-Apr-2023,0d,amazon,daniramm,4
18-Apr-2023,0d,amazon,Lusha-Quine,4
18-Apr-2023,0d,amazon,smitpatel910,3
18-Apr-2023,0d,amazon,isholamhi01,3
18-Apr-2023,0d,amazon,[deleted],3
18-Apr-2023,0d,amazon,pixelartistjewelie,3
18-Apr-2023,0d,amazon,hirezdezines,3
18-Apr-2023,0d,amazon,Either-Bodybuilder60,2
18-Apr-2023,0d,amazon,Working-Wolf-9560,2
18-Apr-2023,0d,amazon,Oelomatic,2
18-Apr-2023,0d,amazon,bob54874,2
18-Apr-2023,0d,amazon,Liamnelson95,2
18-Apr-2023,0d,amazon,Jose_daScientist409,2
18-Apr-2023,0d,amazon,ashleyddavis12,2
18-Apr-2023,0d,amazon,sarahjtallent123,2
18-Apr-2023,0d,amazon,d3nv3rite,2
18-Apr-2023,0d,amazon,SJSEng,2
18-Apr-2023,0d,amazon,Coolboymark,2
18-Apr-2023,0d,amazon,Inside-Committee-277,2
18-Apr-2023,0d,amazon,CMic_,2
18-Apr-2023,0d,amazon,Competitive_Crazy268,2
18-Apr-2023,0d,amazon,Cooking-Designer,2
18-Apr-2023,0d,amazon,EconomicsPotential88,2
18-Apr-2023,0d,amazon,TheCuriousDesigner,2
18-Apr-2023,0d,amazon,Key_Point_4063,2
18-Apr-2023,0d,amazon,tree4reaI,2
18-Apr-2023,0d,amazon,Whereismyflashlight,2
18-Apr-2023,0d,amazon,CardiologistEarly483,2
18-Apr-2023,0d,amazon,rattling_nomad,2
18-Apr-2023,0d,amazon,Future_Luck27,2
18-Apr-2023,0d,amazon,ahsan2221,2
18-Apr-2023,0d,amazon,howaboutno_op,2
18-Apr-2023,0d,amazon,kylekevinriley,2
18-Apr-2023,0d,amazon,tonybasil2001,2
18-Apr-2023,0d,amazon,Flaky_Echo_9421,2
18-Apr-2023,0d,amazon,Fluffy-Hedgehog-69,2
18-Apr-2023,0d,amazon,JaipurGlobalServices,2
18-Apr-2023,0d,amazon,todayofferbyali,2
18-Apr-2023,0d,amazon,JOHN30011887,2
18-Apr-2023,0d,amazon,VillegasGroup,2
18-Apr-2023,0d,amazon,Efteri,2
18-Apr-2023,0d,amazon,ilovedeadbees,2
18-Apr-2023,0d,amazon,DragonfruitStatus681,2
18-Apr-2023,0d,amazon,angryfortunecookie,2
18-Apr-2023,0d,amazon,jakishababers,2
18-Apr-2023,0d,amazon,Crafty_Midnight7845,2
18-Apr-2023,0d,amazon,sleeksleek,2
18-Apr-2023,0d,amazon,JustHereForYourData,2
18-Apr-2023,0d,amazon,PixelDaisy,2
18-Apr-2023,0d,amazon,afrinbappy6163,2
18-Apr-2023,0d,amazon,patabroad,2
18-Apr-2023,0d,amazon,Independent_Value350,2
18-Apr-2023,0d,amazon,Tazzz777zzz,2
18-Apr-2023,0d,amazon,codyB113,2
18-Apr-2023,0d,amazon,Estimate3363,2
18-Apr-2023,0d,amazon,CedarPointDada,2
18-Apr-2023,0d,amazon,nicfanz,2
18-Apr-2023,0d,amazon,eberkain,2
18-Apr-2023,0d,amazon,konsoru-paysan,2
18-Apr-2023,0d,amazon,roberik111,2
18-Apr-2023,0d,amazon,Suspicious-Strike-78,2
18-Apr-2023,0d,amazon,Maximus_Gaming_227,2
18-Apr-2023,0d,amazon,According-Ad-8783,1
18-Apr-2023,0d,amazon,5120,1
18-Apr-2023,0d,amazon,Wehow_,1
18-Apr-2023,0d,amazon,FihneRichard,1
18-Apr-2023,0d,amazon,not-saf1,1
18-Apr-2023,0d,amazon,babyjonny9898,1
18-Apr-2023,0d,amazon,AdditionalWorking318,1
18-Apr-2023,0d,amazon,rtsuid,1
18-Apr-2023,0d,amazon,iplayonreddit,1
18-Apr-2023,0d,amazon,AdBeautiful5832,1
18-Apr-2023,0d,amazon,rockyon,1
18-Apr-2023,0d,amazon,ITGenix,1
18-Apr-2023,0d,amazon,TheTorontoExplorer,1
18-Apr-2023,0d,amazon,ItsAJ90,1
18-Apr-2023,0d,amazon,Icy_Bicycle_5850,1
18-Apr-2023,0d,amazon,Solid-Challenge8376,1
18-Apr-2023,0d,amazon,Average_Sinner,1
18-Apr-2023,0d,amazon,Valuable-Car4226,1
18-Apr-2023,0d,amazon,purple18892,1
18-Apr-2023,0d,amazon,tweetysvoice,1
18-Apr-2023,0d,amazon,loveforemost,1
18-Apr-2023,0d,amazon,Even-Masterpiece1731,1
18-Apr-2023,0d,amazon,Jonafam,1
18-Apr-2023,0d,amazon,Amazonfreebies7861,1
18-Apr-2023,0d,amazon,Lost_Organization279,1
18-Apr-2023,0d,amazon,cf19buzzkill,1
18-Apr-2023,0d,amazon,Shakyshane23,1
18-Apr-2023,0d,amazon,Busy-Care-6249,1
18-Apr-2023,0d,amazon,mygreyspace,1
18-Apr-2023,0d,amazon,Sewer-Urchin,1
18-Apr-2023,0d,amazon,solarujn,1
18-Apr-2023,0d,amazon,free-stuff-adds-up,1
18-Apr-2023,0d,amazon,Wendylovetoy,1
18-Apr-2023,0d,amazon,SukMeReddit,1
18-Apr-2023,0d,amazon,dopplerblackpearl,1
18-Apr-2023,0d,amazon,pettyGandalf,1
18-Apr-2023,0d,amazon,curl4ever,1
18-Apr-2023,0d,amazon,phunterdot,1
18-Apr-2023,0d,amazon,John_4380,1
18-Apr-2023,0d,amazon,inb4wtf,1
18-Apr-2023,0d,amazon,Extreme_Region_1730,1
18-Apr-2023,0d,amazon,giants-yankees,1
18-Apr-2023,0d,amazon,Melotemis,1
18-Apr-2023,0d,amazon,SM177Y23,1
18-Apr-2023,0d,amazon,yameerooo,1
18-Apr-2023,0d,amazon,SnooComics3978,1
18-Apr-2023,0d,amazon,CauliflowerFine734,1
18-Apr-2023,0d,amazon,Jurangi,1
18-Apr-2023,0d,amazon,G_O_D_S_E_L_F,1
18-Apr-2023,0d,amazon,ThatsNotMyDogma,1
18-Apr-2023,0d,amazon,Matthewr122206,1
18-Apr-2023,0d,amazon,EffectiveEvening285,1
18-Apr-2023,0d,amazon,Longjumping-Two-9284,1
18-Apr-2023,0d,amazon,Resonant-Dabster-416,1
18-Apr-2023,0d,amazon,YABOIMIKEY13,1
18-Apr-2023,0d,amazon,HylianGeekBoy,1
18-Apr-2023,0d,amazon,DankDodgeUnmasked,1
18-Apr-2023,0d,amazon,s3r3ng,1
18-Apr-2023,0d,amazon,Samanta_Alikan,1
18-Apr-2023,0d,amazon,AntimatterPvP,1
18-Apr-2023,0d,amazon,Dry_Cheesecake_4636,1
18-Apr-2023,0d,amazon,igvectot,1
18-Apr-2023,0d,amazon,Golden_Week,1
18-Apr-2023,0d,amazon,DVL73,1
18-Apr-2023,0d,amazon,moonshotss,1
18-Apr-2023,0d,amazon,jyy0610,1
18-Apr-2023,0d,amazon,Due_Attitude765,1
18-Apr-2023,0d,amazon,9393andersson,1
18-Apr-2023,0d,amazon,sorryformyquestion,1
18-Apr-2023,0d,amazon,Potential_Beginning8,1
18-Apr-2023,0d,amazon,Wifdat,1
18-Apr-2023,0d,amazon,Impossible-Stuff8951,1
18-Apr-2023,0d,amazon,Beginning_Diamond471,1
18-Apr-2023,0d,amazon,Significant_Air_8972,1
18-Apr-2023,0d,amazon,Alaskan_Lost,1
18-Apr-2023,0d,amazon,Tesseract_512,1
18-Apr-2023,0d,amazon,mike26301,1
18-Apr-2023,0d,amazon,Mikhakin,1
18-Apr-2023,0d,amazon,bag_of_loots,1
18-Apr-2023,0d,amazon,Ok_Willingness9282,1
18-Apr-2023,0d,amazon,spaceghost589,1
18-Apr-2023,0d,amazon,LegitimateRadio9815,1
18-Apr-2023,0d,amazon,Bokoblin-1,1
18-Apr-2023,0d,amazon,Sbkskjdkwiwjdjf,1
18-Apr-2023,0d,amazon,OooooWhatALuckyMan,1
18-Apr-2023,0d,amazon,userusernamenamea,1
18-Apr-2023,0d,amazon,motherfudgersob,1
18-Apr-2023,0d,amazon,Limestone360,1
18-Apr-2023,0d,amazon,TheFragan,1
18-Apr-2023,0d,amazon,konorM,1
18-Apr-2023,0d,amazon,JonBuqajIsSUS,1
18-Apr-2023,0d,amazon,International-Fox265,1
18-Apr-2023,0d,amazon,Dismal_Feeling6231,1
18-Apr-2023,0d,amazon,EstablishmentHuge629,1
18-Apr-2023,0d,amazon,doomedratboy,1
18-Apr-2023,0d,amazon,Ill_Sweet_5975,1
18-Apr-2023,0d,amazon,marvelkidy,1
18-Apr-2023,0d,amazon,chris9940,1
18-Apr-2023,0d,amazon,danielkotkk,1
18-Apr-2023,0d,amazon,skarnerirl,1
18-Apr-2023,0d,amazon,Eloquent_Wheat,1
18-Apr-2023,0d,amazon,oliveblake14,1
18-Apr-2023,0d,amazon,monitorsareprison,1
18-Apr-2023,0d,amazon,Numerous_Ad_1940,1
18-Apr-2023,0d,amazon,Kurhho,1
18-Apr-2023,0d,amazon,locolobo,1
18-Apr-2023,0d,amazon,mybrainmelting,1
18-Apr-2023,0d,amazon,Educational-Duck-451,1
18-Apr-2023,0d,amazon,Logical-Ad-3685,1
18-Apr-2023,0d,amazon,Brooklynboi718,1
18-Apr-2023,0d,amazon,CoreNerd,1
18-Apr-2023,0d,amazon,Raphspike,1
18-Apr-2023,0d,amazon,FamilyShelter,1
18-Apr-2023,0d,amazon,AnswerInner6817,1
18-Apr-2023,0d,amazon,EqualComfortable7696,1
18-Apr-2023,0d,amazon,sneakysnek09,1
18-Apr-2023,0d,amazon,IntelligentRace7819,1
18-Apr-2023,0d,amazon,oneputtgreens,1
18-Apr-2023,0d,amazon,hotelshowers,1
18-Apr-2023,0d,amazon,kartheek710,1
18-Apr-2023,0d,amazon,Mo-baller,1
18-Apr-2023,0d,amazon,Spear-of-Destiny,1
18-Apr-2023,0d,amazon,OldBenKenobi1265,1
18-Apr-2023,0d,amazon,Pigeon-Pudding,1
18-Apr-2023,0d,amazon,Scary_General_2350,1
18-Apr-2023,0d,amazon,LLSuperVegeta-_-,1
18-Apr-2023,0d,amazon,JRPGNATION,1
18-Apr-2023,0d,amazon,u193,1
18-Apr-2023,0d,amazon,ParticularAthlete831,1
18-Apr-2023,0d,amazon,otheraxxount,1
18-Apr-2023,0d,amazon,According-Run-3296,1
18-Apr-2023,0d,amazon,Interesting-Light-13,1
18-Apr-2023,0d,amazon,j3434,1
18-Apr-2023,0d,amazon,Piper929,1
18-Apr-2023,0d,amazon,gixxxer750,1
18-Apr-2023,0d,amazon,Thefutbolgenius17,1
18-Apr-2023,0d,amazon,teethhic3,1
18-Apr-2023,0d,amazon,gunnersboy2000,1
18-Apr-2023,0d,amazon,theseawoof,1
18-Apr-2023,0d,amazon,Ok_Dog_1155,1
18-Apr-2023,0d,amazon,SttSr,1
18-Apr-2023,0d,amazon,Geadz,1
18-Apr-2023,0d,amazon,PlaneShoulder6014,1
18-Apr-2023,0d,amazon,Afraid_Ad6167,1
18-Apr-2023,0d,amazon,SourceAwkward,1
18-Apr-2023,0d,amazon,FatherMellow,1
18-Apr-2023,0d,amazon,TrickEmotional8462,1
18-Apr-2023,0d,amazon,MsSeraphim,1
18-Apr-2023,0d,amazon,LightsOutAwayWeG0,1
18-Apr-2023,0d,amazon,yakovsmom,1
18-Apr-2023,0d,amazon,Catonkey70,1
18-Apr-2023,0d,amazon,Grandicer,1
18-Apr-2023,0d,amazon,backtosquareb,1
18-Apr-2023,0d,amazon,Sophia_richardson01,1
18-Apr-2023,0d,amazon,blakenator1,1
18-Apr-2023,0d,amazon,Odd-Bee8144,1
18-Apr-2023,0d,amazon,TurnoverHistorical45,1
18-Apr-2023,0d,amazon,TroyeeeM,1
18-Apr-2023,0d,amazon,Narrow_Jelly3544,1
18-Apr-2023,0d,amazon,Jazzlike_Ocelot_557,1
18-Apr-2023,0d,amazon,Appropriate_Ad_6941,1
18-Apr-2023,0d,amazon,amentaleffect,1
18-Apr-2023,0d,amazon,imprezzed13,1
18-Apr-2023,0d,amazon,KingpinOfTheSlum,1
18-Apr-2023,0d,amazon,MEKK-the-MIGHTY,1
18-Apr-2023,0d,amazon,Legitimate-Peace-658,1
18-Apr-2023,0d,amazon,KINGCOMEDOWN,1
18-Apr-2023,0d,amazon,PrestigiousAlps7365,1
18-Apr-2023,0d,amazon,LIVEFan33,1
18-Apr-2023,0d,amazon,JuicyBoiii67,1
18-Apr-2023,0d,amazon,ImAPancakeDealer,1
18-Apr-2023,0d,amazon,mellywheats,1
18-Apr-2023,0d,amazon,DoYaLikeCheese,1
18-Apr-2023,0d,amazon,EarnSomeRespect,1
18-Apr-2023,0d,amazon,mksatish369,1
18-Apr-2023,0d,amazon,hannanhanif443,1
18-Apr-2023,0d,amazon,sxrxhmanning,1
18-Apr-2023,0d,amazon,Impossible_Holiday76,1
18-Apr-2023,0d,amazon,faceboobs701,1
18-Apr-2023,0d,amazon,The_Fictitious_Man,1
18-Apr-2023,0d,amazon,thecub222,1
18-Apr-2023,0d,amazon,Street-Ad2434,1
18-Apr-2023,0d,amazon,Hassan4950,1
18-Apr-2023,0d,amazon,skatardrummer,1
18-Apr-2023,0d,amazon,64-Savage,1
18-Apr-2023,0d,amazon,MRRANGER420,1
18-Apr-2023,0d,amazon,Ambitious_Engine7491,1
18-Apr-2023,0d,amazon,esouthern,1
18-Apr-2023,0d,amazon,Robart3,1
18-Apr-2023,0d,amazon,DoctorGlittering6328,1
18-Apr-2023,0d,amazon,Styrene166,1
18-Apr-2023,0d,amazon,yusuke8,1
18-Apr-2023,0d,amazon,slowiijoey,1
18-Apr-2023,0d,amazon,Vixen22213,1
18-Apr-2023,0d,amazon,Friendly_Life_7042,1
18-Apr-2023,0d,amazon,belfastgt,1
18-Apr-2023,0d,amazon,Hitoride44,1
18-Apr-2023,0d,amazon,apizzameghan,1
18-Apr-2023,0d,amazon,SadhbhTheCowardly,1
18-Apr-2023,0d,amazon,MasonCO91,1
18-Apr-2023,0d,amazon,Beneficial-Annual133,1
18-Apr-2023,0d,amazon,New_Treat_489,1
18-Apr-2023,0d,amazon,Bobofett69,1
18-Apr-2023,0d,amazon,joshgrsjones349,1
18-Apr-2023,0d,amazon,captaincrapple,1
18-Apr-2023,0d,amazon,TERODACTYLOVER,1
18-Apr-2023,0d,amazon,EliDwebster,1
18-Apr-2023,0d,amazon,bruhareufrlrn,1
18-Apr-2023,0d,amazon,bkdlays,1
18-Apr-2023,0d,amazon,theunboiledegg,1
18-Apr-2023,0d,amazon,Maleficent-Gear-4464,1
18-Apr-2023,0d,amazon,locallovelydemon,1
18-Apr-2023,0d,amazon,Awarenesswarm336,1
18-Apr-2023,0d,amazon,spudmashernz,1
18-Apr-2023,0d,amazon,TheBrickFarmer,1
18-Apr-2023,0d,amazon,blxwerss,1
18-Apr-2023,0d,amazon,Appropriate-Voice112,1
18-Apr-2023,0d,amazon,ReserveOk6906,1
18-Apr-2023,0d,amazon,pacwess,1
18-Apr-2023,0d,amazon,MooshPotatoes,1
18-Apr-2023,0d,amazon,AayushBhatia06,1
18-Apr-2023,0d,amazon,ThrowAway2MD,1
18-Apr-2023,0d,amazon,LowPlatypus6119,1
18-Apr-2023,0d,amazon,kameronbennett,1
18-Apr-2023,0d,amazon,cmredd,1
18-Apr-2023,0d,amazon,Neeralazra,1
18-Apr-2023,0d,amazon,Natey_Two,1
18-Apr-2023,0d,amazon,DolphinsFan123,1
18-Apr-2023,0d,amazon,Narrow-Spend-4813,1
18-Apr-2023,0d,amazon,DoMyBest2bPositive,1
18-Apr-2023,0d,amazon,Maleficent_Smell_963,1
18-Apr-2023,0d,amazon,Dumbluigi989,1
18-Apr-2023,0d,amazon,charmedesme,1
18-Apr-2023,0d,amazon,Bluspider12,1
18-Apr-2023,0d,amazon,bigfootbussy,1
18-Apr-2023,0d,amazon,Captainsquishi,1
18-Apr-2023,0d,amazon,baph0metis,1
18-Apr-2023,0d,amazon,rslmnk,1
18-Apr-2023,0d,amazon,FackJooBish,1
18-Apr-2023,0d,amazon,cheappapayasoap,1
18-Apr-2023,0d,amazon,everybunnyfour23,1
18-Apr-2023,0d,amazon,michpink73,1
18-Apr-2023,0d,amazon,Ok_Peak538,1
18-Apr-2023,0d,amazon,Nice_Firefighter8551,1
18-Apr-2023,0d,amazon,bonobobricks,1
18-Apr-2023,0d,amazon,Weak-Flamingo-9793,1
18-Apr-2023,0d,amazon,foxyshere,1
18-Apr-2023,0d,amazon,Alternative-Carob-22,1
18-Apr-2023,0d,amazon,No-Planetorgin,1
18-Apr-2023,0d,amazon,Ok_Mycologist3059,1
18-Apr-2023,0d,amazon,Spanking6itches,1
18-Apr-2023,0d,amazon,Goodman1012,1
18-Apr-2023,0d,amazon,9nox,1
18-Apr-2023,0d,amazon,_daiyan_,1
18-Apr-2023,0d,amazon,usesaround,1
18-Apr-2023,0d,amazon,ContrarianEdge,1
18-Apr-2023,0d,amazon,Ok-Celebration4910,1
18-Apr-2023,0d,amazon,LChanelT,1
18-Apr-2023,0d,amazon,IIKrazeeII,1
18-Apr-2023,0d,amazon,CartographerIll8287,1
18-Apr-2023,0d,amazon,Nervous_Vegetable132,1
18-Apr-2023,0d,amazon,Killuaxjennie,1
18-Apr-2023,0d,amazon,Real-Pen-5559,1
18-Apr-2023,0d,amazon,AvaniSimcha,1
18-Apr-2023,0d,amazon,Prudent-Depth-2009,1
18-Apr-2023,0d,amazon,cherrycarnage,1
18-Apr-2023,0d,amazon,Bearheroine,1
18-Apr-2023,0d,amazon,TentiTiger11,1
18-Apr-2023,0d,amazon,puestadelsol,1
18-Apr-2023,0d,amazon,Gigizulini,1
18-Apr-2023,0d,amazon,3773x3,1
18-Apr-2023,0d,amazon,Virtual-Network-5295,1
18-Apr-2023,0d,amazon,lurkerHardlyKnowHer,1
18-Apr-2023,0d,amazon,TheStoffer,1
18-Apr-2023,0d,amazon,ohkayonce,1
18-Apr-2023,0d,amazon,eleanor0302,1
18-Apr-2023,0d,amazon,AnyDrug,1
18-Apr-2023,0d,amazon,mtmirror,1
18-Apr-2023,0d,amazon,xosketleton0,1
18-Apr-2023,0d,amazon,Sad_Contribution_876,1
18-Apr-2023,0d,amazon,Kamykhan1,1
18-Apr-2023,0d,amazon,Enough-Photo1935,1
18-Apr-2023,0d,amazon,Video-Dapper,1
18-Apr-2023,0d,amazon,AsuraRefunds,1
18-Apr-2023,0d,amazon,Meowinhiemer,1
18-Apr-2023,0d,amazon,blockedlogin,1
18-Apr-2023,0d,amazon,server_maintenance,1
18-Apr-2023,0d,amazon,True-Platinum-1523,1
18-Apr-2023,0d,amazon,SnooGoats8733,1
18-Apr-2023,0d,amazon,VeryBestUsername,1
18-Apr-2023,0d,amazon,PreviousPhilosophy88,1
18-Apr-2023,0d,amazon,MuddlingZombies,1
18-Apr-2023,0d,amazon,Young_Alternative,1
18-Apr-2023,0d,amazon,Practical_Year_4425,1
18-Apr-2023,0d,amazon,iloveeggsalot,1
18-Apr-2023,0d,amazon,AdTasty5290,1
18-Apr-2023,0d,amazon,Around_The_Globe,1
18-Apr-2023,0d,amazon,No-Relationship6964,1
18-Apr-2023,0d,amazon,thewhitewalker99,1
18-Apr-2023,0d,amazon,Gentleigh21,1
18-Apr-2023,0d,amazon,codybmusser,1
18-Apr-2023,0d,amazon,Bloomingpretty101,1
18-Apr-2023,0d,amazon,ladesantis,1
18-Apr-2023,0d,amazon,Diamond_Mediah,1
18-Apr-2023,0d,amazon,neto333,1
18-Apr-2023,0d,amazon,ItzzCammss,1
18-Apr-2023,0d,amazon,craftycat1135,1
18-Apr-2023,0d,amazon,markoNW,1
18-Apr-2023,0d,amazon,monsieurlee,1
18-Apr-2023,0d,amazon,SchonHen,1
18-Apr-2023,0d,amazon,chris5692,1
18-Apr-2023,0d,amazon,ldnkmms420,1
18-Apr-2023,0d,amazon,Hot-Detective-8163,1
18-Apr-2023,0d,amazon,Siyuen_Tea,1
18-Apr-2023,0d,amazon,GTRacer1972,1
18-Apr-2023,0d,amazon,patros36,1
18-Apr-2023,0d,amazon,Upstairs_Ladder_9625,1
18-Apr-2023,0d,amazon,Legitimate-Cut-5988,1
18-Apr-2023,0d,amazon,Scouse_Nuts,1
18-Apr-2023,0d,amazon,xferragamoFalcon,1
18-Apr-2023,0d,amazon,EmmyS1972,1
18-Apr-2023,0d,amazon,JGlynn101,1
18-Apr-2023,0d,amazon,HkHockey29,1
18-Apr-2023,0d,amazon,brasscup,1
18-Apr-2023,0d,amazon,Previous-Ad294,1
18-Apr-2023,0d,amazon,Luke_Atmi,1
18-Apr-2023,0d,amazon,DAT_DROP,1
18-Apr-2023,0d,amazon,Sea_Victory_6328,1
18-Apr-2023,0d,amazon,iloveehotmoms,1
18-Apr-2023,0d,amazon,bunoboz,1
18-Apr-2023,0d,amazon,cjp1873,1
18-Apr-2023,0d,amazon,OnlyWhenIBreathe,1
18-Apr-2023,0d,amazon,SwayX_X,1
18-Apr-2023,0d,amazon,redditupf2,1
18-Apr-2023,0d,amazon,BeehiveStudio00,1
18-Apr-2023,0d,amazon,Unfair_Band_722,1
18-Apr-2023,0d,amazon,Janeb48,1
18-Apr-2023,0d,amazon,usamanajam,1
18-Apr-2023,0d,amazon,stefannnnnd,1
18-Apr-2023,0d,amazon,AlexInThePalace,1
18-Apr-2023,0d,amazon,Specialist-Ask8890,1
18-Apr-2023,0d,amazon,Pink-neck-Steven,1
18-Apr-2023,0d,amazon,divinexoxo,1
18-Apr-2023,0d,amazon,simmessi,1
18-Apr-2023,0d,amazon,R3pa1r3d,1
18-Apr-2023,0d,amazon,mc510,1
18-Apr-2023,0d,amazon,vitaliyh,1
18-Apr-2023,0d,amazon,gRAVErGurl,1
18-Apr-2023,0d,amazon,Kitchen-Owl8952,1
18-Apr-2023,0d,amazon,pidgeonatemypidgeon,1
18-Apr-2023,0d,amazon,LiquidC001,1
18-Apr-2023,0d,amazon,NickFireplace,1
18-Apr-2023,0d,amazon,StressedAfraid_,1
18-Apr-2023,0d,amazon,bettymarilynsmith,1
18-Apr-2023,0d,amazon,whitley5,1
18-Apr-2023,0d,amazon,Aju_vee,1
18-Apr-2023,0d,amazon,Fruitsklo,1
18-Apr-2023,0d,amazon,Tcat9822,1
18-Apr-2023,0d,amazon,SanctuaryMoon,1
18-Apr-2023,0d,amazon,BatFastardRedditor,1
18-Apr-2023,0d,amazon,Raleighwood007,1
18-Apr-2023,0d,amazon,SureAd2323,1
18-Apr-2023,0d,amazon,chibinightray,1
18-Apr-2023,0d,amazon,SamMcGroovy,1
18-Apr-2023,0d,amazon,Adventurous_Echo2878,1
18-Apr-2023,0d,amazon,Acceptable_Pop_4393,1
18-Apr-2023,0d,amazon,pixelrogue,1
18-Apr-2023,0d,amazon,stonecats,1
18-Apr-2023,0d,amazon,ZaidS0405,1
18-Apr-2023,0d,amazon,Positive-Feed393,1
18-Apr-2023,0d,amazon,Potential_Display662,1
18-Apr-2023,0d,amazon,A9TOP6,1
18-Apr-2023,0d,amazon,Longjumping_Relief50,1
18-Apr-2023,0d,amazon,Prior-Common-8069,1
18-Apr-2023,0d,amazon,A7X_Z,1
18-Apr-2023,0d,amazon,moshedanger,1
18-Apr-2023,0d,amazon,The_Overgiver,1
18-Apr-2023,0d,amazon,CarterCornish,1
18-Apr-2023,0d,amazon,DekuSussyBaka,1
18-Apr-2023,0d,amazon,anyaxwakuwaku,1
18-Apr-2023,0d,amazon,etarag,1
18-Apr-2023,0d,amazon,italian_mom,1
18-Apr-2023,0d,amazon,Macondra2014,1
18-Apr-2023,0d,amazon,doorbell19,1
18-Apr-2023,0d,amazon,dairy666,1
18-Apr-2023,0d,amazon,new_gift_card,1
18-Apr-2023,0d,amazon,Organic-Purple-6351,1
18-Apr-2023,0d,amazon,Asleep-Ad6137,1
18-Apr-2023,0d,amazon,Main-Magician9145,1
18-Apr-2023,0d,amazon,PanicLogically,1
18-Apr-2023,0d,amazon,Professional-Slide68,1
18-Apr-2023,0d,amazon,Business_coach77,1
18-Apr-2023,0d,amazon,cz108,1
18-Apr-2023,0d,amazon,Heidirs,1
18-Apr-2023,0d,amazon,AlwaysWantedToAsk93,1
18-Apr-2023,0d,amazon,Standard-Report-2298,1
18-Apr-2023,0d,amazon,Alert_Safe_4440,1
18-Apr-2023,0d,amazon,whussain5,1
18-Apr-2023,0d,amazon,makemoney2024,1
18-Apr-2023,0d,amazon,PleasantCurrant-FAT1,1
18-Apr-2023,0d,amazon,thesunsetcatcher,1
18-Apr-2023,0d,amazon,Kayzer2410,1
18-Apr-2023,0d,amazon,Stunning-Ear-9087,1
18-Apr-2023,0d,amazon,abonaser23,1
18-Apr-2023,0d,amazon,ItsOceanPlayz_Reddit,1
18-Apr-2023,0d,amazon,Kamin-Sky,1
18-Apr-2023,0d,amazon,racerimmortal87,1
18-Apr-2023,0d,amazon,measchway,1
18-Apr-2023,0d,amazon,Usual-Draft9942,1
18-Apr-2023,0d,amazon,bob_ross_reddit_yea,1
18-Apr-2023,0d,amazon,Crafty_Cap5275,1
18-Apr-2023,0d,amazon,pallladin,1
18-Apr-2023,0d,amazon,Valin123,1
18-Apr-2023,0d,amazon,Dan-in-Va,1
18-Apr-2023,0d,amazon,NewinTown109,1
18-Apr-2023,0d,amazon,XercesGetsDown,1
18-Apr-2023,0d,amazon,Odd_Sleep3990,1
18-Apr-2023,0d,amazon,sarmi34,1
18-Apr-2023,0d,amazon,dunbarskii,1
18-Apr-2023,0d,amazon,Spuds4Duds,1
18-Apr-2023,0d,amazon,garoto_enxaqueca,1
18-Apr-2023,0d,amazon,No-Celery-7711,1
18-Apr-2023,0d,amazon,Notdestorm,1
18-Apr-2023,0d,amazon,0b4macare,1
18-Apr-2023,0d,amazon,Thomas_RD,1
18-Apr-2023,0d,amazon,Last_Ad3255,1
18-Apr-2023,0d,amazon,kevinheart22,1
18-Apr-2023,0d,amazon,Sea_Journalist_3615,1
18-Apr-2023,0d,amazon,MagicMyc10,1
18-Apr-2023,0d,amazon,Raven-XTreme,1
18-Apr-2023,0d,amazon,Puzzleheaded_You_689,1
18-Apr-2023,0d,amazon,CardiologistWarm9029,1
18-Apr-2023,0d,amazon,leechtealady,1
18-Apr-2023,0d,amazon,firewell_313,1
18-Apr-2023,0d,amazon,evolved92,1
18-Apr-2023,0d,amazon,Savwire,1
18-Apr-2023,0d,amazon,FastNeighborhood2767,1
18-Apr-2023,0d,amazon,Master-Environment95,1
18-Apr-2023,0d,amazon,QA_Nerd,1
18-Apr-2023,0d,amazon,Aboy_hasnoname,1
18-Apr-2023,0d,amazon,Fun-Librarian5941,1
18-Apr-2023,0d,amazon,UnderstandingDry9660,1
18-Apr-2023,0d,amazon,owotismwastaken,1
18-Apr-2023,0d,amazon,5eul-gi,1
18-Apr-2023,0d,amazon,Ryukashin94,1
18-Apr-2023,0d,amazon,edelclaude,1
18-Apr-2023,0d,amazon,Downtown_Row_4051,1
18-Apr-2023,0d,amazon,METASHOPUF,1
18-Apr-2023,0d,amazon,Possible_Tiger_695,1
18-Apr-2023,0d,amazon,icepalpa,1
18-Apr-2023,0d,amazon,Technical-Gur-382,1
18-Apr-2023,0d,amazon,AdforThepoorfamily,1
18-Apr-2023,0d,amazon,-Jeanne-dArc,1
18-Apr-2023,0d,amazon,League_Different,1
18-Apr-2023,0d,amazon,shadowhood25,1
18-Apr-2023,0d,amazon,ChocolateRich4122,1
18-Apr-2023,0d,amazon,bennett7569,1
18-Apr-2023,0d,amazon,TheOriginalDerpMan,1
18-Apr-2023,0d,amazon,louisvuittonlatte,1
18-Apr-2023,0d,amazon,thisismypornaltlolol,1
18-Apr-2023,0d,amazon,shemeanswelll,1
18-Apr-2023,0d,amazon,AffectionateField225,1
18-Apr-2023,0d,amazon,cnbc_official,1
18-Apr-2023,0d,amazon,mahdy89,1
18-Apr-2023,0d,amazon,Archieauthor,1
18-Apr-2023,0d,amazon,rkarl7777,1
18-Apr-2023,0d,amazon,Sweaty-Cut7578,1
18-Apr-2023,0d,amazon,TThe_Improvisor,1
18-Apr-2023,0d,amazon,Lazy-Sorbet-5999,1
18-Apr-2023,0d,amazon,Broccoli-Trickster,1
18-Apr-2023,0d,amazon,Minimocha_27,1
18-Apr-2023,0d,amazon,cheesymod,1
18-Apr-2023,0d,amazon,TEMUDEVELOPER,1
18-Apr-2023,0d,amazon,Smooth-Mycologist652,1
18-Apr-2023,0d,amazon,david123_brown,1
18-Apr-2023,0d,amazon,StebLoL,1
18-Apr-2023,0d,amazon,thinkagain1,1
18-Apr-2023,0d,amazon,Snappytomcat,1
18-Apr-2023,0d,amazon,Verduzcos,1
18-Apr-2023,0d,amazon,KeiraMurat,1
18-Apr-2023,0d,amazon,zyf444e668,1
18-Apr-2023,0d,amazon,SoftPois0n,1
18-Apr-2023,0d,amazon,Competitive_Shift206,1
18-Apr-2023,0d,amazon,Variety43,1
18-Apr-2023,0d,amazon,Semicolonhope,1
18-Apr-2023,0d,amazon,tebbytear,1
18-Apr-2023,0d,amazon,lagi444crus,1
18-Apr-2023,0d,amazon,Unlikely-Ad-4031,1
18-Apr-2023,0d,amazon,makeit2102-,1
18-Apr-2023,0d,amazon,Whoargche,1
18-Apr-2023,0d,amazon,2004HondaCivicK20,1
18-Apr-2023,0d,amazon,NoFanofThis,1
18-Apr-2023,0d,amazon,r9800pro,1
18-Apr-2023,0d,amazon,ido1990,1
18-Apr-2023,0d,amazon,William_1200,1
18-Apr-2023,0d,amazon,CeldonKnight,1
18-Apr-2023,0d,amazon,Newuser13131313,1
18-Apr-2023,0d,amazon,Robertcurry2,1
18-Apr-2023,0d,amazon,tin87tin,1
18-Apr-2023,0d,amazon,aiaor,1
18-Apr-2023,0d,amazon,MaddCricket,1
18-Apr-2023,0d,amazon,Hel5_,1
18-Apr-2023,0d,amazon,External_Monk_5370,1
18-Apr-2023,0d,amazon,brobarb,1
18-Apr-2023,0d,amazon,Random-white-ish-gal,1
18-Apr-2023,0d,amazon,Lost_Rub_8453,1
18-Apr-2023,0d,amazon,c4catz,1
18-Apr-2023,0d,amazon,RoodNewb,1
18-Apr-2023,0d,amazon,Fkmeitscold,1
18-Apr-2023,0d,amazon,PakAttack86,1
18-Apr-2023,0d,amazon,Stonkover9000,1
18-Apr-2023,0d,amazon,fucking_idiot2,1
18-Apr-2023,0d,amazon,InterestingWord4188,1
18-Apr-2023,0d,amazon,throwaway1230100,1
18-Apr-2023,0d,amazon,mourning_wood_again,1
18-Apr-2023,0d,amazon,TheBeastGamer2507,1
18-Apr-2023,0d,amazon,Successful-11,1
18-Apr-2023,0d,amazon,BunnyNinja2379,1
18-Apr-2023,0d,amazon,hazza987,1
18-Apr-2023,0d,amazon,LazarianV,1
18-Apr-2023,0d,amazon,missinglinksman,1
18-Apr-2023,0d,amazon,lizzieismydog,1
18-Apr-2023,0d,amazon,ashykamal95,1
18-Apr-2023,0d,amazon,todayofferbyali4,1
18-Apr-2023,0d,amazon,-JEFF007-,1
18-Apr-2023,0d,amazon,Prem_bhalerao_12,1
18-Apr-2023,0d,amazon,Trip_2,1
18-Apr-2023,0d,amazon,Relevant-Locksmith75,1
18-Apr-2023,0d,amazon,BackgroundGrouchy41,1
18-Apr-2023,0d,amazon,ShauWolf,1
18-Apr-2023,0d,amazon,tareqaziz95,1
18-Apr-2023,0d,amazon,Corybacon,1
18-Apr-2023,0d,amazon,Lake_Serperior,1
18-Apr-2023,0d,amazon,Titanguru7,1
18-Apr-2023,0d,amazon,CynicMV,1
18-Apr-2023,0d,amazon,Drdverse,1
18-Apr-2023,0d,amazon,AstarothBeelzebub,1
18-Apr-2023,0d,amazon,Rancidbones813,1
18-Apr-2023,0d,amazon,katr422,1
18-Apr-2023,0d,amazon,Hobbit_Holes,1
18-Apr-2023,0d,amazon,EddySam69,1
18-Apr-2023,0d,amazon,OrganizationNo6074,1
18-Apr-2023,0d,amazon,Affectionate_Owl_832,1
18-Apr-2023,0d,amazon,wlexxx2,1
18-Apr-2023,0d,amazon,Severe_Librarian_249,1
18-Apr-2023,0d,amazon,TypicalAsian0,1
18-Apr-2023,0d,amazon,msklovesmath,1
18-Apr-2023,0d,amazon,East_Preference4754,1
18-Apr-2023,0d,amazon,joshuamarius,1
18-Apr-2023,0d,amazon,Kahless_2K,1
18-Apr-2023,0d,amazon,Sanstheprotector,1
18-Apr-2023,0d,amazon,JustElthadorr,1
18-Apr-2023,0d,amazon,Sophie_derv-23,1
18-Apr-2023,0d,amazon,RoughTheory3006,1
18-Apr-2023,0d,amazon,cyper_1,1
18-Apr-2023,0d,amazon,triplethreat1469,1
18-Apr-2023,0d,amazon,Bomptomp,1
18-Apr-2023,0d,amazon,brownsl66,1
18-Apr-2023,0d,amazon,galernalovestore,1
18-Apr-2023,0d,amazon,Makeupaholicx,1
18-Apr-2023,0d,amazon,serinde_miriel,1
18-Apr-2023,0d,amazon,Frequent_Net9324,1
18-Apr-2023,0d,amazon,LockeColeFF,1
18-Apr-2023,0d,amazon,jellownina,1
18-Apr-2023,0d,amazon,Fabulous_Mud_8773,1
18-Apr-2023,0d,amazon,Jon_Lach,1
18-Apr-2023,0d,amazon,Rubikslayer07,1
18-Apr-2023,0d,amazon,kitsen_battousai,1
18-Apr-2023,0d,amazon,ams3401,1
18-Apr-2023,0d,amazon,Normal-Feeling-7386,1
18-Apr-2023,0d,amazon,Emotional_Abalone270,1
18-Apr-2023,0d,amazon,Material_Cold_3318,1
18-Apr-2023,0d,amazon,AlivePatient7226,1
18-Apr-2023,0d,amazon,BitchBass,1
18-Apr-2023,0d,amazon,Ok_Buy_8776,1
18-Apr-2023,0d,amazon,Dude_of_York,1
18-Apr-2023,0d,amazon,BlueFaygo2003,1
18-Apr-2023,0d,amazon,dreamer881,1
18-Apr-2023,0d,amazon,KaKaPooPooPePeShire,1
18-Apr-2023,0d,amazon,IDoBelieveInGarys,1
18-Apr-2023,0d,amazon,Kind_Specialist8986,1
18-Apr-2023,0d,amazon,mennydream,1
18-Apr-2023,0d,amazon,Zestyclose_Log_6456,1
18-Apr-2023,0d,amazon,Due-One2837,1
18-Apr-2023,0d,amazon,thedesolatehopeitsme,1
18-Apr-2023,0d,amazon,SashaMitchener,1
18-Apr-2023,0d,amazon,AmazonPickMeUp,1
18-Apr-2023,0d,amazon,howisaraven,1
18-Apr-2023,0d,amazon,durjoy_hajra,1
18-Apr-2023,0d,amazon,thekingleone,1
18-Apr-2023,0d,amazon,StrangeRalph,1
18-Apr-2023,0d,amazon,Trending_Now2023,1
18-Apr-2023,0d,amazon,Ivaklom,1
18-Apr-2023,0d,amazon,TheNewLevi,1
18-Apr-2023,0d,amazon,McFascism,1
18-Apr-2023,0d,amazon,Mysterious-Resist-56,1
18-Apr-2023,0d,amazon,GoldenDealsTexas,1
18-Apr-2023,0d,amazon,4500_MASS_EAT,1
18-Apr-2023,0d,amazon,kindnessisallwehave,1
18-Apr-2023,0d,amazon,GurAdventurous2170,1
18-Apr-2023,0d,amazon,lindafromevildead,1
18-Apr-2023,0d,amazon,Dull_Committee_5559,1
18-Apr-2023,0d,amazon,Giversneverlack2,1
18-Apr-2023,0d,amazon,Tall_Principle_3458,1
18-Apr-2023,0d,amazon,SellerAi,1
18-Apr-2023,0d,amazon,RealEpicAaron,1
18-Apr-2023,0d,amazon,merkavasiman4,1
18-Apr-2023,0d,amazon,Scared-Security-3868,1
18-Apr-2023,0d,amazon,RandomFemboy82,1
18-Apr-2023,0d,amazon,Ok-Actuator8558,1
18-Apr-2023,0d,amazon,Miserable_Boat_7801,1
18-Apr-2023,0d,amazon,Angxlmilk,1
18-Apr-2023,0d,amazon,teth21,1
18-Apr-2023,0d,amazon,m_saad_2000,1
18-Apr-2023,0d,amazon,wallpapersdance,1
18-Apr-2023,0d,amazon,Due-Charity2393,1
18-Apr-2023,0d,amazon,Spicy_Poo,1
18-Apr-2023,0d,amazon,JonneyMillar,1
18-Apr-2023,0d,amazon,frankirv,1
18-Apr-2023,0d,amazon,Electronic-Crazy781,1
18-Apr-2023,0d,amazon,TPN247,1
18-Apr-2023,0d,amazon,chauhan_1810,1
18-Apr-2023,0d,amazon,SmilyPizza275,1
18-Apr-2023,0d,amazon,scaique_NFT,1
18-Apr-2023,0d,amazon,ghostofthecomputer,1
18-Apr-2023,0d,amazon,holyguaxamole,1
18-Apr-2023,0d,amazon,Zestyclose_Leader315,1
18-Apr-2023,0d,amazon,horny_kink,1
18-Apr-2023,0d,amazon,Alex_ZH1,1
18-Apr-2023,0d,amazon,pepsipaul,1
18-Apr-2023,0d,amazon,Wrist-Violinist,1
18-Apr-2023,0d,amazon,10marketing8,1
18-Apr-2023,0d,amazon,Sure_guide_,1
18-Apr-2023,0d,amazon,ConfidentCandidate96,1
18-Apr-2023,0d,amazon,CatPaw-,1
18-Apr-2023,0d,amazon,TurtleChrist,1
18-Apr-2023,0d,amazon,ryry334673,1
18-Apr-2023,0d,amazon,Rajfashionblog,1
18-Apr-2023,0d,amazon,iceman0613,1
18-Apr-2023,0d,amazon,DaRealDorseyBruh,1
18-Apr-2023,0d,amazon,SiliconSandCastle,1
18-Apr-2023,0d,amazon,_am-bi-baby_,1
18-Apr-2023,0d,amazon,VintageCorduroy,1
18-Apr-2023,0d,amazon,Jokersplaycard,1
18-Apr-2023,0d,amazon,Small_Promotion4380,1
18-Apr-2023,0d,amazon,Background_Table_593,1
18-Apr-2023,0d,amazon,ShyGuy5555,1
18-Apr-2023,0d,amazon,NoImplement8218,1
18-Apr-2023,0d,amazon,Ext4byte,1
18-Apr-2023,0d,amazon,summerlove713,1
18-Apr-2023,0d,amazon,Winter-Complaint1457,1
18-Apr-2023,0d,amazon,CathbadTheDruid,1
18-Apr-2023,0d,amazon,RuddyDailyPost19,1
18-Apr-2023,0d,amazon,TrapNoCap,1
18-Apr-2023,0d,amazon,Antobam040,1
18-Apr-2023,0d,amazon,AceDenied,1
18-Apr-2023,0d,amazon,WonderWanderWayfarer,1
18-Apr-2023,0d,amazon,brett695,1
18-Apr-2023,0d,amazon,PaleontologistFew138,1
18-Apr-2023,0d,amazon,DesignerArmy9495,1
18-Apr-2023,0d,amazon,AQDUyYN7cgbDa4eYtxTq,1
18-Apr-2023,0d,amazon,grmljemkx,1
18-Apr-2023,0d,amazon,Bigdaddyshaw348,1
18-Apr-2023,0d,amazon,CorthNarolina,1
18-Apr-2023,0d,amazon,FXXUCK,1
18-Apr-2023,0d,amazon,voidvampire07,1
18-Apr-2023,0d,amazon,Hairy_Edge_7378,1
18-Apr-2023,0d,amazon,toastar-phone,1
18-Apr-2023,0d,amazon,Dread_Nugget,1
18-Apr-2023,0d,amazon,IonEagle21,1
18-Apr-2023,0d,amazon,TheGuy636,1
18-Apr-2023,0d,amazon,Ancient-Agency,1
18-Apr-2023,0d,amazon,Lanky-Dependent,1
18-Apr-2023,0d,amazon,One-Character5870,1
18-Apr-2023,0d,amazon,michaelmotorcycle92,1
18-Apr-2023,0d,amazon,safijiivar,1
18-Apr-2023,0d,amazon,TheScarletPeacock,1
18-Apr-2023,0d,amazon,mohammednageh61,1
18-Apr-2023,0d,amazon,DryRaspberry9838,1
18-Apr-2023,0d,amazon,malikshops,1
18-Apr-2023,0d,amazon,CloseEnvironment,1
18-Apr-2023,0d,amazon,santaklaw,1
18-Apr-2023,0d,amazon,Derpy847,1
18-Apr-2023,0d,amazon,MLtoonguy,1
18-Apr-2023,0d,amazon,jaxssy,1
18-Apr-2023,0d,amazon,Epyon_,1
18-Apr-2023,0d,amazon,NocturnalAx,1
18-Apr-2023,0d,amazon,Devid9073,1
18-Apr-2023,0d,amazon,omarjarrah,1
18-Apr-2023,0d,amazon,PoeBoyJoe,1
18-Apr-2023,0d,amazon,marabou22,1
18-Apr-2023,0d,amazon,Terrible_Terrance,1
18-Apr-2023,0d,amazon,useventeen,1
18-Apr-2023,0d,amazon,thegrey92,1
18-Apr-2023,0d,amazon,Ravinha,1
18-Apr-2023,0d,amazon,Worth-Swordfish-8506,1
18-Apr-2023,0d,amazon,Only_Tomorrow_6964,1
18-Apr-2023,0d,amazon,outofmemory01,1
18-Apr-2023,0d,amazon,Fluid_Pension2531,1
18-Apr-2023,0d,amazon,TiMELeSS526,1
18-Apr-2023,0d,amazon,hichaam2,1
18-Apr-2023,0d,amazon,Penthar_Mull,1
18-Apr-2023,0d,amazon,jiffeydotcom1,1
18-Apr-2023,0d,amazon,Fair-View5747,1
18-Apr-2023,0d,amazon,larryseltzer,1
18-Apr-2023,0d,amazon,BuyOk4135,1
18-Apr-2023,0d,amazon,NewAd7190,1
18-Apr-2023,0d,amazon,Realistic-Joke-9345,1
18-Apr-2023,0d,amazon,Ok_Albatross4026,1
18-Apr-2023,0d,amazon,Super-Essay-7596,1
18-Apr-2023,0d,amazon,Ok_Day3050,1
18-Apr-2023,0d,amazon,daleyyc,1
18-Apr-2023,0d,amazon,Still-Ad-7132,1
18-Apr-2023,0d,amazon,yhankhee,1
18-Apr-2023,0d,amazon,Asimuvas,1
18-Apr-2023,0d,amazon,fakefitter,1
18-Apr-2023,0d,amazon,BroJJ25,1
18-Apr-2023,0d,amazon,SevenBendsBotanicals,1
18-Apr-2023,0d,amazon,Careless-Ad3790,1
18-Apr-2023,0d,amazon,Haileymotionless,1
18-Apr-2023,0d,amazon,faaki,1
18-Apr-2023,0d,amazon,KazArisato,1
18-Apr-2023,0d,amazon,NebulaBrew,1
18-Apr-2023,0d,amazon,caymenpope,1
18-Apr-2023,0d,amazon,PsychologicalAd8012,1
18-Apr-2023,0d,amazon,ProfessionalShirt176,1
18-Apr-2023,0d,amazon,fr4nk0ce4n,1
18-Apr-2023,0d,amazon,Acceptable_Sale5723,1
18-Apr-2023,0d,amazon,martialexa,1
18-Apr-2023,0d,amazon,SmartBrowsingSociety,1
18-Apr-2023,0d,amazon,Sensitive_Current_44,1
18-Apr-2023,0d,amazon,Shinozakeh,1
18-Apr-2023,0d,amazon,Weak-Comfortable7085,1
18-Apr-2023,0d,amazon,Hour-Environment4087,1
18-Apr-2023,0d,amazon,MuddyBubble32-,1
18-Apr-2023,0d,amazon,PyroCorvid,1
18-Apr-2023,0d,amazon,shez19833,1
18-Apr-2023,0d,amazon,Garnet1970,1
18-Apr-2023,0d,amazon,frdarkz,1
18-Apr-2023,0d,amazon,Bon_yaqwq,1
18-Apr-2023,0d,amazon,chotikhaber,1
18-Apr-2023,0d,amazon,PartyNightAway,1
18-Apr-2023,0d,amazon,Rubbel-DieKatz,1
18-Apr-2023,0d,amazon,dontcringeme,1
18-Apr-2023,0d,amazon,Reasonable-Mind1982,1
18-Apr-2023,0d,amazon,Sad_Mind306,1
18-Apr-2023,0d,amazon,Jflogistics,1
18-Apr-2023,0d,amazon,Bulky_Ad_388,1
18-Apr-2023,0d,amazon,ScooterManCR,1
18-Apr-2023,0d,amazon,Inevitable-Panic-555,1
18-Apr-2023,0d,amazon,hypefaxin72,1
18-Apr-2023,0d,amazon,itme103,1
18-Apr-2023,0d,amazon,Dangerous-Bluebird59,1
18-Apr-2023,0d,amazon,Yummy-money,1
18-Apr-2023,0d,amazon,Chart_Legitimate,1
18-Apr-2023,0d,amazon,unexpectedly_common,1
18-Apr-2023,0d,amazon,Silverphile,1
18-Apr-2023,0d,amazon,purelombardi,1
