created_unix_utc,created_datetime_pst,id,subreddit,url,author,commenters
1684180805.0,15-May-2023 13:00:05,13iinvb,amazon,https://www.bloomberg.com/news/articles/2023-05-15/amazon-plans-to-add-chatgpt-style-search-to-its-online-store,AmazonNewsBot,"['barrystrawbridgess', 'JadedCampaign9', 'Maksimil']"
1684148410.0,15-May-2023 04:00:10,13i4x6u,amazon,https://www.reddit.com/r/amazon/comments/13i4x6u/meltdown_monday_complaint_department/,AmazonNewsBot,['Gjgsx']
1684144805.0,15-May-2023 03:00:05,13i3rm6,amazon,https://www.reddit.com/r/amazon/comments/13i3rm6/weekly_help_and_discussion_thread_for_the_week_of/,AmazonNewsBot,"['Ok-Gold-6504', 'Jld101', 'ASlowBee', 'CantFixMoronic', 'maketheworldbetter83', 'gingfreecsisbad', 'Cream4389', 'ItsBrenOakes', 'pigeonmaster_252', '04to12avril', 'jrhoffa']"
1684072804.0,14-May-2023 07:00:04,13hcztc,amazon,https://www.foxbusiness.com/markets/amazon-increase-delivery-speed-while-cutting-costs,AmazonNewsBot,"['Ok-Gold-6504', 'different-angle', 'shillyshally', 'AnmaLove', 'FluffySticks', 'MisterSlippers', 'Productpusher']"
1684062007.0,14-May-2023 04:00:07,13h99q7,amazon,https://www.reddit.com/r/amazon/comments/13h99q7/streaming_sunday_amazon_prime_video/,AmazonNewsBot,[]
1684008004.0,13-May-2023 13:00:04,13gr606,amazon,https://www.forbes.com/sites/erikkain/2023/05/12/what-to-stream-this-week-on-netflix-hbo-amazon-prime-video-hulu-apple-tv-and-more/,AmazonNewsBot,['chip-paywallbot']
1683975604.0,13-May-2023 04:00:04,13gehmc,amazon,https://www.reddit.com/r/amazon/comments/13gehmc/echo_alexa_saturday_virtual_assistants/,AmazonNewsBot,[]
1683943205.0,12-May-2023 19:00:05,13g422c,amazon,https://www.theverge.com/2023/5/12/23721400/amazon-astro-smarter-home-robot-ai,AmazonNewsBot,['Mace-Moneta']
1683921604.0,12-May-2023 13:00:04,13fvdre,amazon,https://www.bloomberg.com/news/articles/2023-05-12/amazon-workers-launch-battle-to-unionize-in-britain,AmazonNewsBot,"['None', 'sibman']"
1683900004.0,12-May-2023 07:00:04,13fm1dv,amazon,https://www.businesswire.com/news/home/20230511005717/en/%25C2%25A0AWS-Announces-Amazon-Aurora-IO-Optimized,AmazonNewsBot,['OleRoy2023']
1683889205.0,12-May-2023 04:00:05,13fht7u,amazon,https://www.reddit.com/r/amazon/comments/13fht7u/fire_tv_friday_fire_tv_cube_and_stick/,AmazonNewsBot,[]
1683835204.0,11-May-2023 13:00:04,13ey7bk,amazon,https://www.marketwatch.com/story/amazon-stock-marches-toward-best-winning-streak-in-nearly-5-years-5e7a9758,AmazonNewsBot,[]
1683813603.0,11-May-2023 07:00:03,13eo8sx,amazon,https://www.zdnet.com/article/microsoft-word-users-can-now-export-documents-to-amazon-kindle/,AmazonNewsBot,[]
1683802805.0,11-May-2023 04:00:05,13ejxlk,amazon,https://www.reddit.com/r/amazon/comments/13ejxlk/review_thursday_all_about_reviews/,AmazonNewsBot,['Tomorrowsgarden']
1683770404.0,10-May-2023 19:00:04,13ea23i,amazon,https://www.seattletimes.com/business/coroner-says-blunt-force-injury-killed-20-year-old-worker-at-amazon-warehouse-in-indiana/,AmazonNewsBot,[]
1683748804.0,10-May-2023 13:00:04,13e1h7l,amazon,https://www.vice.com/en/article/dy3p9k/amazon-accused-anime-figurines-of-promoting-child-exploitation,AmazonNewsBot,"['guynamedjames', 'Gloomy_Ad_8567', 'Mysterious-Theory-66']"
1683727205.0,10-May-2023 07:00:05,13drjsi,amazon,https://www.cnet.com/home/smart-home/trouble-falling-asleep-your-amazon-echo-can-help-you/,AmazonNewsBot,[]
1683716404.0,10-May-2023 04:00:04,13dn4ce,amazon,https://www.reddit.com/r/amazon/comments/13dn4ce/worker_wednesday_workers_and_sellers/,AmazonNewsBot,[]
1683684005.0,09-May-2023 19:00:05,13dd6s1,amazon,https://variety.com/2023/tv/news/the-outlaws-season-3-amazon-prime-video-bbc-one-1235607129/,AmazonNewsBot,['Graspswasps']
1683662405.0,09-May-2023 13:00:05,13d48ug,amazon,https://arstechnica.com/gaming/2023/05/amazon-originals-no-longer-have-to-be-amazon-exclusives/,AmazonNewsBot,[]
1683640804.0,09-May-2023 07:00:04,13cqslt,amazon,https://www.usnews.com/news/us/articles/2023-05-08/worker-fatally-injured-at-amazon-warehouse-in-fort-wayne,AmazonNewsBot,"['zimmerman5050', 'zo3foxx', 'Laura9624']"
1683597604.0,08-May-2023 19:00:04,13cc14p,amazon,https://www.seattletimes.com/business/worker-fatally-injured-at-amazon-warehouse-in-fort-wayne/,AmazonNewsBot,"['dragunslay', 'ComradeBumblejack', 'tearsxandxrain', 'ahwez', 'ARATAS11']"
1683630005.0,09-May-2023 04:00:05,13cmauq,amazon,https://www.reddit.com/r/amazon/comments/13cmauq/tablet_tuesday_kindle_and_fire_tablet/,AmazonNewsBot,"['MyWay0rHighway_210', 'richleebruce', 'Autobotworrier11111']"
1683554405.0,08-May-2023 07:00:05,13bq8f6,amazon,https://www.forbes.com/sites/walterloeb/2023/05/08/amazon-turns-to-ai-to-drive-advertising-revenues-as-overall-ai-use-grows/,AmazonNewsBot,[]
1683543612.0,08-May-2023 04:00:12,13bllnu,amazon,https://www.reddit.com/r/amazon/comments/13bllnu/meltdown_monday_complaint_department/,AmazonNewsBot,"['Darkchyldeone', 'ljpwyo', 'Muted-Mousse-3110', 'None', 'atari_guy', 'Middle_Duck6580', 'Mother_Capital_MOFO', 'TheSubredditPolice', 'amblygonal', 'amazon-ModTeam']"
1683540006.0,08-May-2023 03:00:06,13bkc9w,amazon,https://www.reddit.com/r/amazon/comments/13bkc9w/weekly_help_and_discussion_thread_for_the_week_of/,AmazonNewsBot,"['Rice_0001', 'None', 'Theflyingeggplant', 'Puzzleheaded_Lab9790', 'Deadline_Zero', 'None', 'KenTheMusician', 'bobbafettuccini', 'Dreyus212', 'joaogustavosla', 'who_is_desmond', 'snowyKat7', 'Lowprioritypatient', 'Jld101', 'None', 'Jazzlike_Suit_5424', 'Shinola79', 'None', 'evilpoltergeist', 'FeganFloop2006', 'kungfuwizardd', 'Roobin13', 'rddd4', 'Specialist_Cell2174', 'None', 'KaptinKibblezzz', 'akanaan5', 'None', 'None', 'Khi360', 'takethecann0lis', 'Fatebringer87', 'Puzzleheaded-Stay158', 'conductorofpooptrane', 'LyraAraPeverellBlack', 'VortexDestroyer99', 'JesusJuice6969', 'Mayros_Nipple', 'SnooPuppers5953', 'Man_in_the_uk', 'Goodguyferi', 'oneaujsny', 'raging_catf1sh', 'Qovz22', 'GiorGiorgio', 'TomokoSakurai', '_ARPATRON_', 'VerdantFaery', 'Jodez99', 'Sea-Efficiency7248', 'cshin09', 'Mountkosiosko', 'None', 'Goodgamer78', 'VelvetMerryweather', 'Nirvana12345678', 'PhilosopherDon0001', 'ItsBrenOakes', 'icantoteit136', 'Fantastic_Brain3563', 'onceaday8', 'None', 'AgileSignature7215', 'PaymentTurbulent193', 'pergunta-rapida', 'sibman', 'known_starfield', 'Deadline_Zero', 'amazon-ModTeam', 'known_starfield', 'sibman', 'amazon-ModTeam', 'amazon-ModTeam', 'known_starfield', 'sibman', 'known_starfield', 'rddd4', 'amazon-ModTeam', 'KaptinKibblezzz', 'known_starfield', 'amazon-ModTeam', 'amazon-ModTeam', 'sibman', 'sibman', 'sibman', 'Mountkosiosko', '_ARPATRON_', 'sibman', 'sibman', 'sibman', 'amazon-ModTeam', 'sibman', 'known_starfield', 'sibman', 'amazon-ModTeam', 'known_starfield', 'bobbafettuccini', 'evilpoltergeist', 'Roobin13', 'akanaan5', 'Fatebringer87', 'LyraAraPeverellBlack', 'VortexDestroyer99', 'known_starfield', 'known_starfield', 'known_starfield', 'sibman', 'bobbafettuccini']"
1683468004.0,07-May-2023 07:00:04,13aohev,amazon,https://www.businessinsider.com/flexport-deliverr-acquisition-shopify-complement-amazon-competition-2023-5,AmazonNewsBot,[]
1683457205.0,07-May-2023 04:00:05,13aki9c,amazon,https://www.reddit.com/r/amazon/comments/13aki9c/streaming_sunday_amazon_prime_video/,AmazonNewsBot,[]
1683424804.0,06-May-2023 19:00:04,13a9czg,amazon,https://techcrunch.com/2023/05/06/amazon-launches-free-channels-check-marks-come-to-gmail-and-openai-raises-more-moolah/,AmazonNewsBot,[]
1683403204.0,06-May-2023 13:00:04,13a0em6,amazon,https://www.npr.org/2023/05/06/1174468793/amazons-affordable-healthcare-service-has-a-hidden-cost-your-privacy,AmazonNewsBot,"['the-kale-magician', 'one-and-zero', 'LEAP-er', 'faceacheradish', 'sibman', 'Additional-Clerk6123', 'stowns3', 'cisbimale', 'ARATAS11', 'Shannon_Space', 'LEAP-er', 'FluffySticks']"
1683381604.0,06-May-2023 07:00:04,139pivt,amazon,https://www.cnet.com/tech/amazons-latest-ai-acquisition-is-for-podcasts-on-amazon-music/,AmazonNewsBot,[]
1683370805.0,06-May-2023 04:00:05,139jolv,amazon,https://www.reddit.com/r/amazon/comments/139jolv/echo_alexa_saturday_virtual_assistants/,AmazonNewsBot,['RamblerUsa']
1683338405.0,05-May-2023 19:00:05,1398ni4,amazon,https://www.usatoday.com/story/money/2023/05/05/bunk-beds-recall-walmart-amazon/70187540007/,AmazonNewsBot,"['rileyk', 'nokturnle']"
1683284405.0,05-May-2023 04:00:05,138i6ke,amazon,https://www.reddit.com/r/amazon/comments/138i6ke/fire_tv_friday_fire_tv_cube_and_stick/,AmazonNewsBot,[]
1683252004.0,04-May-2023 19:00:04,13878c8,amazon,https://arstechnica.com/gadgets/2023/05/as-alexa-flounders-amazon-hopes-homegrown-generative-ai-can-find-it-revenue/,AmazonNewsBot,"['vanschmak', 'Nidungr', 'anomalous_cowherd', 'Maximum_Employer5580', 'Mike65XX', 'CentralParkStruggler', 'EricMichaelis', 'CentralParkStruggler', 'anomalous_cowherd', 'vanschmak', 'Mike65XX', 'vanschmak', 'freebubbleup', 'Mike65XX', 'vanschmak']"
1683208804.0,04-May-2023 07:00:04,137lj7v,amazon,https://www.forbes.com/sites/greatspeculations/2023/05/04/amazon-stock-is-undervalued/,AmazonNewsBot,"['guynamedjames', 'fender4645', 'ETERNALBLADE47', 'chip-paywallbot', 'Kodabey', 'discrete_apparatus', 'RealCommandOfficial', 'stowns3', 'guynamedjames']"
1683198006.0,04-May-2023 04:00:06,137h73h,amazon,https://www.reddit.com/r/amazon/comments/137h73h/review_thursday_all_about_reviews/,AmazonNewsBot,"['Jawaka99', 'TheLiberatorisHere', 'sunlightallergy']"
1683144004.0,03-May-2023 13:00:04,136xqve,amazon,https://techcrunch.com/2023/05/03/fortnite-is-now-available-on-amazon-luna/,AmazonNewsBot,[]
1683122404.0,03-May-2023 07:00:04,136lc64,amazon,https://www.bloomberg.com/news/articles/2023-05-02/google-amazon-lobbyists-helped-shape-new-trade-framework,AmazonNewsBot,[]
1683111607.0,03-May-2023 04:00:07,136h829,amazon,https://www.reddit.com/r/amazon/comments/136h829/worker_wednesday_workers_and_sellers/,AmazonNewsBot,['Quirky-Quantity-5233']
1683036004.0,02-May-2023 07:00:04,135m0yy,amazon,https://www.zdnet.com/article/amazons-alexa-is-about-to-get-a-lot-more-capable-ceo-says/,AmazonNewsBot,"['jrhoffa', 'None', 'level1807', 'CentralParkStruggler', 'mentaL8888', 'discrete_apparatus', 'None', 'freebubbleup', 'aylons', 'aspade', '3MWCA31', 'amazon-ModTeam']"
1682992804.0,01-May-2023 19:00:04,135862d,amazon,https://arstechnica.com/gadgets/2023/05/report-halos-final-survival-attempts-made-even-amazons-workers-concerned/,AmazonNewsBot,[]
1683025204.0,02-May-2023 04:00:04,135hrlu,amazon,https://www.reddit.com/r/amazon/comments/135hrlu/tablet_tuesday_kindle_and_fire_tablet/,AmazonNewsBot,[]
1682971205.0,01-May-2023 13:00:05,134zkg9,amazon,https://variety.com/2023/tv/news/the-goat-series-greenlit-amazon-freevee-1235599670/,AmazonNewsBot,['patmansf']
1682938810.0,01-May-2023 04:00:10,134ja09,amazon,https://www.reddit.com/r/amazon/comments/134ja09/meltdown_monday_complaint_department/,AmazonNewsBot,"['Gwendeling', 'UnhingedChicken', 'kevinheart22']"
1682935204.0,01-May-2023 03:00:04,134i5lb,amazon,https://www.reddit.com/r/amazon/comments/134i5lb/weekly_help_and_discussion_thread_for_the_week_of/,AmazonNewsBot,"['Skinny_Dan', 'SnooObjections8403', 'cynxyy', 'Citizenofhudoor', 'fungus_snake3848', 'padmapatil_', 'Hopper__', 'ToothyWeasel', 'SandyEskimo', 'StraightWallaby', '4gotmypsswrd', 'Sea_Exercise_78', 'yukimi-sashimi', 'Pretend-Panda', 'Throwaway_Codex', 'DivergentPradise', 'DiamondDepth_YT', 'Sensitive_Potato_775', 'ExtraHope', 'Accomplished-Wolf255', '-labyrinth101-', 'NotGhostXV', 'nosidam99', 'tagletx', 'OutsidersBest', 'Beckyk2009', 'None', 'GTRacer1972', 'They-CallMe_Junior', 'iwillcorrectyou9', 'ItachiUchiha302', 'Goldnspartan', 'scott12333', 'Goldnspartan', 'Illkamehouse89', 'No_Reporter_7284', 'anonymiz123', 'DryMeet944', 'Calvinsky', 'woodford86', 'None', 'RagingDoorhandle', 'SD_Eragorn', 'tsaot', 'None', 'Specialist-Night5428', 'apeloverage', '_daiyan_', 'theowaway739209', 'cest_rien', 'Sarahbrowneyes', 'queenchanel', 'ssa17k', 'CameronZimos', 'Successful-Tour-527', 'mxsonbee', 'ynys_red', 'Rich_Young_2552', 'starblade1337', 'Hishouttt', 'None', 'UnawareRanger', 'Ok_Peak538', 'Past_Phase9699', 'Lolitacodex', 'flearhcp97', 'None', 'jctam', 'ProfitZealousideal93', 'I-stepped-on-lego', 'geomrk', 'viridian-fox', 'None', 'Different-Koala-5042', 'I_have_questions_ppl', 'alpha0meqa', 'kevinheart22', 'Alan2432', 'None', 'ChocolateCapable2440', 'Global-Parfait7657', 'None', 'Individual-Tank3550', 'babydragon2311', 'kevinheart22', 'None', 'fmillion', 'None', 'Individual-Tank3550', 'BearPup', 'GiosGio', '420FootLicker', 'neverstopnodding', 'Kostis5634', 'borinquenpatria', 'Qovz22', 'Fader-Play', 'Ok_Seaweed8659', 'StraightWallaby', 'StraightWallaby', 'Throwingshead', 'StraightWallaby', 'None', 'Pretend-Panda', 'Throwingshead', 'sibman', 'Throwingshead', 'StraightWallaby', 'Throwingshead', 'StraightWallaby', 'sibman', 'StraightWallaby', 'Throwingshead', 'known_starfield', 'Throwingshead', 'None', 'None', 'Throwingshead', 'Throwingshead', 'None', 'Throwingshead', 'Throwingshead', 'FredC3', 'FredC3', 'Throwingshead', 'DJ906', 'Throwingshead', 'Throwingshead', 'Throwingshead', 'Throwingshead', 'sibman', 'Throwingshead', 'known_starfield', 'Throwingshead', 'Throwingshead', 'Throwingshead', 'Throwingshead', 'Throwingshead', 'StraightWallaby', 'Throwingshead', 'None', 'StraightWallaby', 'StraightWallaby', 'Throwingshead', 'tsaot', 'Throwingshead', 'Throwingshead', 'Throwingshead', 'Throwingshead', 'Throwingshead', 'sibman', 'sibman', 'known_starfield', 'Throwingshead', 'BronzeTrain', 'Throwingshead', 'known_starfield', 'Throwingshead', 'amazon-ModTeam', 'Throwingshead', 'Throwingshead', 'Throwingshead', 'Lolitacodex', 'Throwingshead', 'amazon-ModTeam', 'sibman', 'Throwingshead', 'None', 'Throwingshead', 'None', 'known_starfield', 'sibman', 'StraightWallaby', 'None', 'amazon-ModTeam', 'StraightWallaby', 'StraightWallaby', 'sibman', 'known_starfield', 'None', 'StraightWallaby', 'amazon-ModTeam', 'cynxyy', 'cynxyy', 'cynxyy', 'amazon-ModTeam', 'padmapatil_', 'SandyEskimo', '4gotmypsswrd', 'Sea_Exercise_78', 'Pretend-Panda', 'DivergentPradise', 'DivergentPradise', 'DiamondDepth_YT', 'DiamondDepth_YT', 'Sensitive_Potato_775', 'nosidam99', 'OutsidersBest', 'LG03', 'They-CallMe_Junior', 'iwillcorrectyou9', 'scott12333', 'scott12333', 'No_Reporter_7284', 'No_Reporter_7284', 'anonymiz123', 'DryMeet944', 'Calvinsky', 'Calvinsky', 'kevinheart22', 'SD_Eragorn', 'Specialist-Night5428', 'cest_rien', 'ssa17k', 'ynys_red', 'Rich_Young_2552', 'Lolitacodex', 'I-stepped-on-lego', 'I-stepped-on-lego', 'amazon-ModTeam', 'geomrk', 'amazon-ModTeam', 'I_have_questions_ppl', 'amazon-ModTeam', 'Queezy_QZY', 'kevinheart22', 'amazon-ModTeam', 'StraightWallaby', 'StraightWallaby', 'Throwingshead', 'StraightWallaby', 'Throwingshead', 'Throwingshead', 'FredC3', 'None', 'Throwingshead', 'Throwingshead', 'StraightWallaby', 'None', 'known_starfield', 'Throwingshead', 'Throwingshead', 'Throwingshead', 'None', 'sibman', 'None', 'cynxyy', 'Pretend-Panda', 'StraightWallaby', 'nosidam99', 'Throwingshead', 'They-CallMe_Junior', 'No_Reporter_7284', 'No_Reporter_7284', 'No_Reporter_7284', 'SD_Eragorn', 'mxsonbee', 'ssa17k', 'ynys_red', 'ynys_red', 'I-stepped-on-lego', 'amazon-ModTeam', 'amazon-ModTeam', 'Throwingshead', 'Throwingshead', 'known_starfield', 'StraightWallaby', 'ssa17k', 'mxsonbee', 'Throwingshead', 'known_starfield']"
1682884804.0,30-Apr-2023 13:00:04,1341fgo,amazon,https://www.marketwatch.com/story/heres-everything-coming-to-amazons-prime-video-and-freevee-in-may-2023-75e04f96,AmazonNewsBot,[]
1682863204.0,30-Apr-2023 07:00:04,133slmc,amazon,https://www.seattletimes.com/business/downtown-seattle-pins-its-hopes-on-amazons-may-day-office-mandate/,AmazonNewsBot,"['BeljicaPeak', 'Sarfbot', 'landon912', 'realmusclegamer', 'None', 'cartsucks', 'TryingToBeHere', 'amazon-ModTeam', 'Mysterious-Theory-66', 'OpWillDlvr', 'Mysterious-Theory-66']"
1682852404.0,30-Apr-2023 04:00:04,133m7g8,amazon,https://www.reddit.com/r/amazon/comments/133m7g8/streaming_sunday_amazon_prime_video/,AmazonNewsBot,['CompetitiveYou2034']
1682798404.0,29-Apr-2023 13:00:04,13356gv,amazon,https://www.forbes.com/sites/paultassi/2023/04/29/amazons-citadel-is-bourne-plus-kingsman-and-far-worse-than-either/,AmazonNewsBot,"['jrhoffa', 'Dukatdidnothingbad', 'bernardobrito', 'thedarkforest_theory', 'danie-l', 'sinorc', 'stuaird1977', 'eugene20', 'bscabl', 'ChiefBroady', 'sibman', 'jrhoffa', 'Flimsy-Can4811']"
1682776805.0,29-Apr-2023 07:00:05,132tn4k,amazon,https://www.kiplinger.com/investing/stocks/stock-market-today-stocks-swing-higher-after-amazon-earnings-inflation-data,AmazonNewsBot,[]
1682766004.0,29-Apr-2023 04:00:04,132pyla,amazon,https://www.reddit.com/r/amazon/comments/132pyla/echo_alexa_saturday_virtual_assistants/,AmazonNewsBot,[]
1682733604.0,28-Apr-2023 19:00:04,132gbvc,amazon,https://techcrunch.com/2023/04/27/amazon-omits-india-business-in-earnings-a-first-in-years/,AmazonNewsBot,[]
1682712006.0,28-Apr-2023 13:00:06,1328488,amazon,https://www.foxbusiness.com/economy/lyft-gap-first-republic-join-disney-amazon-layoffs,AmazonNewsBot,[]
1682690404.0,28-Apr-2023 07:00:04,131sl3m,amazon,https://www.zdnet.com/article/amazon-suddenly-discontinues-halo-devices-and-issues-refunds-do-you-qualify/,AmazonNewsBot,[]
1682679604.0,28-Apr-2023 04:00:04,131oe5u,amazon,https://www.reddit.com/r/amazon/comments/131oe5u/fire_tv_friday_fire_tv_cube_and_stick/,AmazonNewsBot,[]
1682647204.0,27-Apr-2023 19:00:04,131eggt,amazon,https://www.nytimes.com/2023/04/27/technology/amazon-quarterly-earnings.html,AmazonNewsBot,"['jrhoffa', 'japan_love49']"
1682625604.0,27-Apr-2023 13:00:04,1314i2u,amazon,https://deadline.com/2023/04/amazon-studios-prime-video-layoffs-1235339843/,AmazonNewsBot,"['Flimsy-Can4811', 'Ghastly-King', 'kredditeva101']"
1682604004.0,27-Apr-2023 07:00:04,130n2lm,amazon,https://fortune.com/2023/04/26/amazons-cost-cutting-halo-fitness-wearables/,AmazonNewsBot,"['General-Back147', 'None', 'Rooooben', 'thatonebromosexual', 'barrystrawbridgess', 'lepobz', 'Jawaka99', 'LombaxPrime', 'TiredxUnderpaid', 'None', 'School_House_Rock', 'Aliens_Unite', 'School_House_Rock', 'WzrdsTongueMyDanish', 'AutoModerator', 'lepobz']"
1682593204.0,27-Apr-2023 04:00:04,130hyb1,amazon,https://www.reddit.com/r/amazon/comments/130hyb1/review_thursday_all_about_reviews/,AmazonNewsBot,[]
1682560804.0,26-Apr-2023 19:00:04,1306lmu,amazon,https://www.cnet.com/health/fitness/amazon-ending-support-for-halo-fitness-tracker-in-july/,AmazonNewsBot,"['LoyolaProp1', 'Wise_Cut_2543', 'cpc_niklaos']"
1682539204.0,26-Apr-2023 13:00:04,12zxzbo,amazon,https://www.bloomberg.com/news/articles/2023-04-26/amazon-starts-round-of-layoffs-in-aws-cloud-services-division,AmazonNewsBot,"['ForcefulMoon', 'uniqueink', 'Zeal514']"
1682517604.0,26-Apr-2023 07:00:04,12zih4k,amazon,https://www.businessinsider.com/amazon-studios-is-bracing-for-layoffs-at-entertainment-unit-2023-4,AmazonNewsBot,"['nutmac', 'barrystrawbridgess', 'misererefortuna', 'fatty__boi', 'WhatWouldTNGPicardDo', 'Adultstart']"
1682506803.0,26-Apr-2023 04:00:03,12zdxtz,amazon,https://www.reddit.com/r/amazon/comments/12zdxtz/worker_wednesday_workers_and_sellers/,AmazonNewsBot,['Stock_Attorney3482']
1682474404.0,25-Apr-2023 19:00:04,12z33xb,amazon,https://variety.com/2023/film/news/amazon-mgm-studios-kevin-wilson-head-of-theatrical-distribution-1235594558/,AmazonNewsBot,[]
1682452804.0,25-Apr-2023 13:00:04,12yu706,amazon,https://techcrunch.com/2023/04/25/robotics-safety-firm-veo-raises-29-million-with-help-from-amazon/,AmazonNewsBot,[]
1682420404.0,25-Apr-2023 04:00:04,12yfxq9,amazon,https://www.reddit.com/r/amazon/comments/12yfxq9/tablet_tuesday_kindle_and_fire_tablet/,AmazonNewsBot,['c_b0t']
1682366404.0,24-Apr-2023 13:00:04,12xucg6,amazon,https://www.seattletimes.com/business/amazon-other-wa-companies-soon-must-say-how-fast-workers-are-working/,AmazonNewsBot,['buzzgun']
1682344804.0,24-Apr-2023 07:00:04,12xgr78,amazon,https://www.marketwatch.com/story/as-big-tech-determines-the-course-of-wall-street-here-is-why-amazon-will-hold-the-most-sway-9abaf1da,AmazonNewsBot,[]
1682334010.0,24-Apr-2023 04:00:10,12xbps0,amazon,https://www.reddit.com/r/amazon/comments/12xbps0/meltdown_monday_complaint_department/,AmazonNewsBot,"['The_Khondor', 'lafatte24', 'None', 'Eric_Bischoff-Hogan', 'broccoliR0b1', 'StarChildArt', 'None']"
1682330406.0,24-Apr-2023 03:00:06,12xafhk,amazon,https://www.reddit.com/r/amazon/comments/12xafhk/weekly_help_and_discussion_thread_for_the_week_of/,AmazonNewsBot,"['Grouchy-Side-6807', 'peanutbutter12345678', 'Xpawn70', 'Sir_Stimpy', 'Drippify_The_Femboy', 'Xanliss', 'None', 'wofchristian', 'CowFishes', 'lafatte24', 'None', 'someoneidkhelp', 'Ad-Alone', 'None', 'gr4474', 'anodan1', '1000thousandplus', 'want2arguewithyou', 'broccoliR0b1', 'Yul_Metal', 'Drug-Edu-4skools', 'MushroomCylinder', 'wholesomesnaky', 'jacklux_29', 'gundum584', 'Bklover93', 'LilDevilLillie', 'Mailman-1980', 'None', 'Any_Turnover2669', 'CriticalDelivery5136', 'fragrantjellyfish', 'BobcatKebab', 'Tall-General3347', 'niamaggie', 'sirauron14', 'meli8123', 'acApar', 'magnumxxdong', 'wiseguywood', 'Objective_Mud4509', 'None', 'J235310', 'Eastern_Tune_1531', 'lilwuzivert', 'itsBrittneybitchhh', 'schewbacca', 'Strawberry3100', '_Xena_0', 'SuperKirbyFan', 'Hwiggins05', 'None', 'ubermick', 'alkhoon', 'mexicanmister', 'stfuquestions', 'aciara', 'SimplyLJ', 'None', 'None', 'None', 'mlvisby', 'rektffs', 'beautifulglow', 'iMogal', 'Ok-Jury5684', 'breezybunn', 'Good-Ad-9136', 'SnooObjections8403', 'Qovz22', 'Qovz22', 'Autobotworrier11111', 'Throwingshead', 'Throwingshead', 'None', 'sibman', 'Drippify_The_Femboy', 'sibman', 'Throwingshead', 'lafatte24', 'sibman', 'Throwingshead', 'Throwingshead', 'sibman', 'StraightWallaby', 'StraightWallaby', 'Throwingshead', '1000thousandplus', 'sibman', 'Throwingshead', 'Throwingshead', 'ex_illinois', 'StraightWallaby', 'sibman', 'StraightWallaby', 'sibman', 'None', 'known_starfield', 'Throwingshead', 'StraightWallaby', 'Throwingshead', 'sibman', 'known_starfield', 'known_starfield', 'Throwingshead', 'sibman', 'sibman', 'StraightWallaby', 'sibman', 'Throwingshead', 'StraightWallaby', 'FabianBG97', 'StraightWallaby', 'FabianBG97', 'StraightWallaby', 'Throwingshead', 'FabianBG97', 'Throwingshead', 'FabianBG97', 'Throwingshead', 'FabianBG97', 'sibman', 'StraightWallaby', 'Throwingshead', 'FabianBG97', 'StraightWallaby', 'FabianBG97', 'Throwingshead', 'Throwingshead', 'sibman', 'Throwingshead', 'Throwingshead', 'StraightWallaby', 'FabianBG97', 'StraightWallaby', 'beautifulglow', 'FabianBG97', 'sibman', 'sibman', 'Throwingshead', 'Throwingshead', 'StraightWallaby', 'Throwingshead', 'amazon-ModTeam', 'Crafty-Custard2279', 'amazon-ModTeam', 'StraightWallaby', 'rektffs', 'StraightWallaby', 'StraightWallaby', 'StraightWallaby', 'Storythieves', 'Grouchy-Side-6807', 'Xpawn70', 'Xpawn70', 'CowFishes', 'Some_Random_Android', 'Throwingshead', 'jacklux_29', 'Throwingshead', 'sibman', 'LilDevilLillie', 'LilDevilLillie', 'Mailman-1980', 'StraightWallaby', 'niamaggie', 'niamaggie', 'sirauron14', 'Objective_Mud4509', 'J235310', 'Eastern_Tune_1531', 'Eastern_Tune_1531', 'itsBrittneybitchhh', 'SuperKirbyFan', 'beautifulglow', 'stfuquestions', 'SimplyLJ', 'Not_Idubbbz', 'mlvisby', 'breezybunn', 'Throwingshead', 'sibman', 'Throwingshead', 'lafatte24', 'sibman', 'Tall-General3347', 'Throwingshead', 'StraightWallaby', 'Throwingshead', 'FabianBG97', 'FabianBG97', 'Throwingshead', 'Throwingshead', 'Throwingshead', 'StraightWallaby', 'Throwingshead', 'StraightWallaby', 'niamaggie', 'SimplyLJ', 'Not_Idubbbz', 'mlvisby', 'lafatte24', 'Throwingshead', 'StraightWallaby', 'Throwingshead', 'Throwingshead', 'StraightWallaby', 'Throwingshead', 'StraightWallaby', 'Throwingshead']"
1682301604.0,23-Apr-2023 19:00:04,12wyx6t,amazon,https://www.foxbusiness.com/markets/amazon-mcdonalds-microsoft-earnings-debt-limit-battle-top-week-ahead,AmazonNewsBot,[]
1682258405.0,23-Apr-2023 07:00:05,12w9n1c,amazon,https://www.forbes.com/sites/erikkain/2023/04/22/what-to-stream-this-weekend-on-netflix-hbo-amazon-prime-video-paramount-and-more/,AmazonNewsBot,['chip-paywallbot']
1682247605.0,23-Apr-2023 04:00:05,12w4sft,amazon,https://www.reddit.com/r/amazon/comments/12w4sft/streaming_sunday_amazon_prime_video/,AmazonNewsBot,[]
1682193604.0,22-Apr-2023 13:00:04,12vhd6n,amazon,https://www.fool.com/investing/2023/04/21/amazon-bedrock-chatgpts-days-are-numbered/,AmazonNewsBot,['ChiefBroady']
1682161204.0,22-Apr-2023 04:00:04,12v2k69,amazon,https://www.reddit.com/r/amazon/comments/12v2k69/echo_alexa_saturday_virtual_assistants/,AmazonNewsBot,['Playertee']
1682085604.0,21-Apr-2023 07:00:04,12u2nvx,amazon,https://www.bloomberg.com/news/articles/2023-04-20/amazon-s-whole-foods-plans-hundreds-of-corporate-layoffs-wsj,AmazonNewsBot,['bcjh']
1682074804.0,21-Apr-2023 04:00:04,12ty1bw,amazon,https://www.reddit.com/r/amazon/comments/12ty1bw/fire_tv_friday_fire_tv_cube_and_stick/,AmazonNewsBot,[]
1682042408.0,20-Apr-2023 19:00:08,12tmu1n,amazon,https://arstechnica.com/gadgets/2023/04/amazon-introduces-new-feature-to-make-dialogue-in-its-tv-shows-intelligible/,AmazonNewsBot,[]
1682020803.0,20-Apr-2023 13:00:03,12tdavo,amazon,https://www.businesswire.com/news/home/20230420005438/en/Amazon-Announces-Anti-Counterfeiting-Exchange-to-Help-Eliminate-Counterfeits-Across-the-Retail-Industry,AmazonNewsBot,"['GoldenSparrowette', 'MoreFlyThanYou', 'zitsky', 'ModeMixing']"
1681988405.0,20-Apr-2023 04:00:05,12suo7f,amazon,https://www.reddit.com/r/amazon/comments/12suo7f/review_thursday_all_about_reviews/,AmazonNewsBot,[]
1681956004.0,19-Apr-2023 19:00:04,12si57x,amazon,https://www.marketwatch.com/story/amazon-is-laying-off-workers-in-its-advertising-business-cnbc-f18484b2,AmazonNewsBot,[]
1681912805.0,19-Apr-2023 07:00:05,12ru8ix,amazon,https://techcrunch.com/2023/04/19/amazon-tops-linkedins-list-of-best-places-to-work-jobseeker-priorities-shift-to-workplace-culture/,AmazonNewsBot,"['IVIurkyVVaters', 'spisHjerner', 'middleCman']"
1681902005.0,19-Apr-2023 04:00:05,12rpbua,amazon,https://www.reddit.com/r/amazon/comments/12rpbua/worker_wednesday_workers_and_sellers/,AmazonNewsBot,['northsidepk']
1681869605.0,18-Apr-2023 19:00:05,12rcslr,amazon,https://www.cnbc.com/2023/04/18/amazon-layoffs-company-lets-go-of-some-employees-in-advertising.html,AmazonNewsBot,"['MusicIsVice1', 'VerySpecialAgent__', 'uselessmuse']"
1681848004.0,18-Apr-2023 13:00:04,12r2a55,amazon,https://variety.com/2023/digital/news/amazon-prime-video-dialogue-boost-feature-original-shows-films-1235585694/,AmazonNewsBot,[]
1681826404.0,18-Apr-2023 07:00:04,12qo062,amazon,https://www.forbes.com/sites/michaeltnietzel/2023/04/18/amazon-establishes-new-science-hub-at-university-of-texas/,AmazonNewsBot,[]
1681815605.0,18-Apr-2023 04:00:05,12qjh3g,amazon,https://www.reddit.com/r/amazon/comments/12qjh3g/tablet_tuesday_kindle_and_fire_tablet/,AmazonNewsBot,[]
1681740004.0,17-Apr-2023 07:00:04,12pgz7i,amazon,https://www.bloomberg.com/news/articles/2023-04-16/alexa-outages-reported-amazon-says-it-s-working-on-a-fix,AmazonNewsBot,['bolunez']
1681729213.0,17-Apr-2023 04:00:13,12pbscs,amazon,https://www.reddit.com/r/amazon/comments/12pbscs/meltdown_monday_complaint_department/,AmazonNewsBot,"['stlshlee', 'Burnaby-Joe', 'TapEfficient3610', 'SukMeReddit', 'Busy-Care-6249', 'FreshYoungBalkiB', 'lametown_poopypants', 'rtsuid', 'Then-Discipline4305', 'Hakuknowsmyname', 'serinde_miriel', 'sweetpeapickle', 'thdesha2021', 'Magn3tician']"
1681725606.0,17-Apr-2023 03:00:06,12paak6,amazon,https://www.reddit.com/r/amazon/comments/12paak6/weekly_help_and_discussion_thread_for_the_week_of/,AmazonNewsBot,"['klemmchowdah', 'BottomNotch1', 'upppdawwwggg', 'Arimwe', 'loveforemost', 'ctraltdelete_', 'Then-Discipline4305', 'tyrannosaurus_chef', 'spallaxo', 'None', 'Practical_Grocery_23', 'MarKat', 'btadams1971', 'None', 'moonrunninjumper', '702PoGoHunter', 'shriekman', 'SobaSamurai', 'gosbkk', 's3r3ng', 'Hutzlipuz', 'SnooOpinions6695', '42gether', 'Interesting_Trick743', '_PM_ME_YOUR_FORESKIN', 'DizzyDizzyBizzy', 'lexcyn', 'TeddyRuger', 'BasedBosnian387', 'None', 'Eldar33333', 'Some_Adhesiveness944', 'Unable_Literature78', 'KANGTERRY', 'miniika', 'Metroidman', 'bigguy0304', 'Patex_', 'grimlock12', 'FurryassTheCat', 'Thatonegundamguy9', 'bry678', 'None', 'None', 'None', 'Relenel', 'tragically_', 'NewOrderrr', 'TimmyFaya', 'PaymentTurbulent193', 'paganinipanini', 'SlinkyTail', 'No_Department4017', 'Yop789', 'katunder-o', 'luanaut', 'Jerm111', 'Darkest_Moon_knight', 'ThePickle2005', 'ProudSesquipedal', 'Sir_Stimpy', '8AEM', 'Botronic_Reddit', 'locallovelydemon', 'Frances_Grimble', 'known_starfield', 'Eldar33333', 'Eldar33333', 'sweetpeapickle', 'StraightWallaby', 'sweetpeapickle', 'StraightWallaby', 'sibman', 'None', 'sweetpeapickle', 'StraightWallaby', 'StraightWallaby', 'SobaSamurai', 'known_starfield', 'StraightWallaby', 'StraightWallaby', 'StraightWallaby', 'Sasha_Fyre', 'sibman', 'miniika', 'StraightWallaby', 'miniika', 'StraightWallaby', 'StraightWallaby', 'StraightWallaby', 'sibman', 'sibman', 'sibman', 'sibman', 'StraightWallaby', 'sibman', 'Throwingshead', 'sibman', 'StraightWallaby', 'StraightWallaby', 'StraightWallaby', 'Calynn86', 'StraightWallaby', 'known_starfield', 'known_starfield', 'sibman', 'known_starfield', 'StraightWallaby', 'Arimwe', 'loveforemost', 'Then-Discipline4305', 'btadams1971', '702PoGoHunter', 'shriekman', '42gether', '42gether', 'DizzyDizzyBizzy', 'Sasha_Fyre', 'miniika', 'grimlock12', 'Relenel', 'Throwingshead', 'tragically_', 'Jerm111', 'ThePickle2005', 'ProudSesquipedal', '8AEM', 'sibman', 'sweetpeapickle', 'StraightWallaby', 'StraightWallaby', 'StraightWallaby', 'StraightWallaby', 'sibman', 'StraightWallaby', '702PoGoHunter', '42gether', '42gether', 'Sasha_Fyre', 'Relenel', '8AEM', 'StraightWallaby']"
1681696804.0,16-Apr-2023 19:00:04,12oxomz,amazon,https://www.fool.com/the-ascent/personal-finance/articles/will-amazon-prime-get-more-expensive-in-2023/,AmazonNewsBot,"['SnowblindAlbino', 'Most_Engineering_992', 'curlyredss', 'Trip_2', 'None', 'buzzgun', 'Stewie56', 'John_4380', 'UnexpectedHankHill', 'Oceanchild11', 'Au2o', 'ChengSkwatalot', 'SnowblindAlbino', 'atuckk15', 'John_4380', 'spadeing', 'Happy_Accident99', 'Au2o', 'Mysterious-Theory-66', 'ChengSkwatalot', 'frugalacademic', 'ChengSkwatalot']"
1681642805.0,16-Apr-2023 04:00:05,12o4sal,amazon,https://www.reddit.com/r/amazon/comments/12o4sal/streaming_sunday_amazon_prime_video/,AmazonNewsBot,[]
1681610403.0,15-Apr-2023 19:00:03,12nqz9n,amazon,https://www.businessinsider.com/amazon-ceo-andy-jassy-total-pay-compensation-explained-2023-4,AmazonNewsBot,[]
1681588804.0,15-Apr-2023 13:00:04,12nglos,amazon,https://www.bloomberg.com/news/articles/2023-04-14/amazon-s-vow-to-stop-squeezing-sellers-was-fake-california-says,AmazonNewsBot,['victim_of_technology']
1681567204.0,15-Apr-2023 07:00:04,12n3cia,amazon,https://venturebeat.com/ai/amazon-launches-bedrock-for-generative-ai-escalating-ai-cloud-wars/,AmazonNewsBot,[]
1681566670.0,15-Apr-2023 06:51:10,12n333y,amazon,https://www.reddit.com/r/amazon/comments/12n333y/osha_cites_amazon_for_unsafe_warehouses/,d3nv3rite,"['jrhoffa', 'Productpusher', 'middleCman', 'Bleezzy39', 'middleCman', 'middleCman', 'middleCman', 'middleCman', 'John_4380', 'jrhoffa']"
1681556405.0,15-Apr-2023 04:00:05,12myj64,amazon,https://www.reddit.com/r/amazon/comments/12myj64/echo_alexa_saturday_virtual_assistants/,AmazonNewsBot,"['euphewl', 'Queasy-Original-1629', 'Xaielao']"
1681524004.0,14-Apr-2023 19:00:04,12mlzvw,amazon,https://www.cnet.com/tech/services-and-software/amazon-could-charge-you-for-your-next-return-through-ups/,AmazonNewsBot,"['motherfudgersob', 'scarymoose', 'MNB9888', 'John_4380']"
1681502403.0,14-Apr-2023 13:00:03,12mbd2t,amazon,https://www.cbsnews.com/news/amazon-ceo-salary-andy-jassy-compensation/,AmazonNewsBot,"['myroon5', 'motherfudgersob', 'abortion_parade_420', 'PruneJaw', 'goplantagarden', 'whofusesthemusic', 'Riverjig', 'gregarious119', 'TylerTradingCo', 'vanschmak', 'Progenitor3', 'After-Search3193', 'None', 'stuartgatzo', 'yellandtell', 'vanschmak', 'jrhoffa', 'amazon-ModTeam', 'altaka', 'motherfudgersob', 'yellandtell', 'Dependent-Yam-9422', 'motherfudgersob', 'yellandtell', 'motherfudgersob', 'yellandtell', 'motherfudgersob']"
1681480804.0,14-Apr-2023 07:00:04,12ly8dk,amazon,https://fortune.com/2023/04/13/amazon-joins-ai-race-google-microsoft-cloud-services-aws/,AmazonNewsBot,[]
1681470004.0,14-Apr-2023 04:00:04,12ltebw,amazon,https://www.reddit.com/r/amazon/comments/12ltebw/fire_tv_friday_fire_tv_cube_and_stick/,AmazonNewsBot,[]
1681437604.0,13-Apr-2023 19:00:04,12lfmzj,amazon,https://arstechnica.com/information-technology/2023/04/generative-ai-comes-to-amazon-web-services/,AmazonNewsBot,[]
1681416004.0,13-Apr-2023 13:00:04,12l1qlm,amazon,https://venturebeat.com/ai/amazon-aws-expands-generative-ai-efforts-with-bedrock-and-codewhisperer-updates/,AmazonNewsBot,['TylerTradingCo']
1681383609.0,13-Apr-2023 04:00:09,12kkyki,amazon,https://www.reddit.com/r/amazon/comments/12kkyki/review_thursday_all_about_reviews/,AmazonNewsBot,[]
1681351204.0,12-Apr-2023 19:00:04,12k7vwf,amazon,https://www.forbes.com/sites/blakemorgan/2023/04/12/amazon-ends-the-era-of-free-returns/,AmazonNewsBot,"['OleRoy2023', 'jibsymalone', 'barrystrawbridgess', 'xnaveedhassan', 'mrhindustan', 'twhiting9275', 'thdesha2021', 'Rannelbrad', 'silverfang789', 'kakojasonkiller', 'A179E49GFZ68722R23', 'Knockoutpie1', 'buzzgun', 'ultraj', 'brasscup', 'boxingdude', 'twhiting9275', 'Booyah_7', 'Sarfbot', 'jibsymalone', 'NickieBoy97', 'CVNLS', 'jrhoffa', 'antdude', 'd3nv3rite', 'jrhoffa', 'boxingdude', 'sweetpeapickle', 'thdesha2021', 'petteyg359', 'thdesha2021', 'Rannelbrad', 'kakojasonkiller', 'SylvesterWatts', 'ultraj', 'Neoreloaded313', 'Sarfbot', 'Webgiant', 'boxingdude', 'boxingdude', 'CVNLS', 'jrhoffa', 'jrhoffa', 'None', 'SylvesterWatts', 'Webgiant', 'mtux96', 'Rich-Cryptographer-7', 'jrhoffa', 'jrhoffa', 'jrhoffa', 'SylvesterWatts', 'sweetpeapickle']"
1681329606.0,12-Apr-2023 13:00:06,12jx38j,amazon,https://www.seattletimes.com/business/amazon-warehouse-work-is-getting-safer-but-still-more-dangerous-than-2020/,AmazonNewsBot,"['answers-42', 'OleRoy2023', 'SpectralEntity', 'Beneficial-Ad-1136', 'd3nv3rite', 'answers-42', 'answers-42']"
1681308005.0,12-Apr-2023 07:00:05,12jn5gd,amazon,https://variety.com/2023/music/news/stagecoach-festival-livestream-amazon-music-country-twitch-prime-video-1235579429/,AmazonNewsBot,[]
