query_date	before_date	subreddit	submission_author	submission_frequency
15-May-2023	30d	amazonprime	moonbeam127	5
15-May-2023	30d	amazonprime	2Adude	4
15-May-2023	30d	amazonprime	RomanRoyIsSlimy	4
15-May-2023	30d	amazonprime	Helpful_Maize1308	4
15-May-2023	30d	amazonprime	Dirtyfactz	4
15-May-2023	30d	amazonprime	[deleted]	4
15-May-2023	30d	amazonprime	Futants_	3
15-May-2023	30d	amazonprime	MiserableAd7331	3
15-May-2023	30d	amazonprime	Mud_666	3
15-May-2023	30d	amazonprime	detroit_muslim_man_	3
15-May-2023	30d	amazonprime	Anik997	3
15-May-2023	30d	amazonprime	knowthis22	3
15-May-2023	30d	amazonprime	MrsSmiles09	3
15-May-2023	30d	amazonprime	ShipOfOaths	3
15-May-2023	30d	amazonprime	diezel_dave	3
15-May-2023	30d	amazonprime	tserv95	2
15-May-2023	30d	amazonprime	Both-Complaint-2536	2
15-May-2023	30d	amazonprime	Alkohal	2
15-May-2023	30d	amazonprime	katehenry4133	2
15-May-2023	30d	amazonprime	JustADesignerDogToy	2
15-May-2023	30d	amazonprime	akool_technology	2
15-May-2023	30d	amazonprime	xncee	2
15-May-2023	30d	amazonprime	Brief_Perception_774	2
15-May-2023	30d	amazonprime	RandomName0413	2
15-May-2023	30d	amazonprime	OnePiglet3249	2
15-May-2023	30d	amazonprime	New-Analysis8054	2
15-May-2023	30d	amazonprime	elcigala20	2
15-May-2023	30d	amazonprime	bobyoung132	2
15-May-2023	30d	amazonprime	norse_torious	2
15-May-2023	30d	amazonprime	Makeupaholicx	2
15-May-2023	30d	amazonprime	Nickvetitoe	2
15-May-2023	30d	amazonprime	louislamore	2
15-May-2023	30d	amazonprime	Sadosamko	2
15-May-2023	30d	amazonprime	gwbraa	2
15-May-2023	30d	amazonprime	johnnyZebra10	2
15-May-2023	30d	amazonprime	BreakfastAgreeable89	2
15-May-2023	30d	amazonprime	nervouslaughterhehe	2
15-May-2023	30d	amazonprime	rabidcoyote345	2
15-May-2023	30d	amazonprime	ibzcnote604	2
15-May-2023	30d	amazonprime	zealousmajor	2
15-May-2023	30d	amazonprime	Ok_Homies_2	2
15-May-2023	30d	amazonprime	Ajdatrizziest	2
15-May-2023	30d	amazonprime	Working_Incident_877	2
15-May-2023	30d	amazonprime	axionic	2
15-May-2023	30d	amazonprime	scrapqueen	2
15-May-2023	30d	amazonprime	VauIt-Tec	2
15-May-2023	30d	amazonprime	deejayv2	2
15-May-2023	30d	amazonprime	b1ackm1st	2
15-May-2023	30d	amazonprime	cabinet_door	2
15-May-2023	30d	amazonprime	corinne822	2
15-May-2023	30d	amazonprime	mrminutehand	2
15-May-2023	30d	amazonprime	innoswimmer	2
15-May-2023	30d	amazonprime	0xjustin0xx	2
15-May-2023	30d	amazonprime	phearr	2
15-May-2023	30d	amazonprime	No-Beach-9981	2
15-May-2023	30d	amazonprime	Pristine-Snow5526	2
15-May-2023	30d	amazonprime	Worth_Smoke_1012	2
15-May-2023	30d	amazonprime	JcWyatt01	2
15-May-2023	30d	amazonprime	Famous-Perspective-3	2
15-May-2023	30d	amazonprime	iHappyDragneel	2
15-May-2023	30d	amazonprime	NashNobley	1
15-May-2023	30d	amazonprime	brighterblue	1
15-May-2023	30d	amazonprime	AnacharsisIV	1
15-May-2023	30d	amazonprime	Tesseract_512	1
15-May-2023	30d	amazonprime	Hwiggins05	1
15-May-2023	30d	amazonprime	Just_Low_1294	1
15-May-2023	30d	amazonprime	BadWulfGamer	1
15-May-2023	30d	amazonprime	Regal_Begal_100	1
15-May-2023	30d	amazonprime	Alex_Biega	1
15-May-2023	30d	amazonprime	flipped__	1
15-May-2023	30d	amazonprime	erin214	1
15-May-2023	30d	amazonprime	Lauty_6	1
15-May-2023	30d	amazonprime	reddit12jo	1
15-May-2023	30d	amazonprime	forceget	1
15-May-2023	30d	amazonprime	albussyburgers65	1
15-May-2023	30d	amazonprime	SaturnMoloch	1
15-May-2023	30d	amazonprime	StellaKreuz	1
15-May-2023	30d	amazonprime	FluidQuarter9269	1
15-May-2023	30d	amazonprime	danielkotkk	1
15-May-2023	30d	amazonprime	stickysamosa	1
15-May-2023	30d	amazonprime	Rude_Willingness5088	1
15-May-2023	30d	amazonprime	OleRoy2023	1
15-May-2023	30d	amazonprime	doguer26	1
15-May-2023	30d	amazonprime	DreamAlice	1
15-May-2023	30d	amazonprime	LucyMor	1
15-May-2023	30d	amazonprime	ChevChance	1
15-May-2023	30d	amazonprime	snapandrew	1
15-May-2023	30d	amazonprime	All_Hale_sqwidward	1
15-May-2023	30d	amazonprime	mkdota	1
15-May-2023	30d	amazonprime	Rdguillen23	1
15-May-2023	30d	amazonprime	noneintherub	1
15-May-2023	30d	amazonprime	Siigari	1
15-May-2023	30d	amazonprime	antwonlevee	1
15-May-2023	30d	amazonprime	SourceAwkward	1
15-May-2023	30d	amazonprime	TheNotBlindman	1
15-May-2023	30d	amazonprime	redvariation	1
15-May-2023	30d	amazonprime	MrRakso	1
15-May-2023	30d	amazonprime	NinoZachetti	1
15-May-2023	30d	amazonprime	FluffyBwear	1
15-May-2023	30d	amazonprime	KoexD	1
15-May-2023	30d	amazonprime	CMic_	1
15-May-2023	30d	amazonprime	Mundane_Woodpecker33	1
15-May-2023	30d	amazonprime	IronFlight7	1
15-May-2023	30d	amazonprime	Bill_r_i	1
15-May-2023	30d	amazonprime	howisaraven	1
15-May-2023	30d	amazonprime	photoman02122	1
15-May-2023	30d	amazonprime	mysweettoaster	1
15-May-2023	30d	amazonprime	FullMetalDegenerate	1
15-May-2023	30d	amazonprime	Routine-Chemical-981	1
15-May-2023	30d	amazonprime	No_Ambassador_3249	1
15-May-2023	30d	amazonprime	wrestlingchampo	1
15-May-2023	30d	amazonprime	64-Savage	1
15-May-2023	30d	amazonprime	Squzzlebuttt	1
15-May-2023	30d	amazonprime	topographx	1
15-May-2023	30d	amazonprime	Previous-Iron-4165	1
15-May-2023	30d	amazonprime	marshmallowpenguiner	1
15-May-2023	30d	amazonprime	Bomberbob93	1
15-May-2023	30d	amazonprime	xrpreqmaximalist	1
15-May-2023	30d	amazonprime	toughtshunter	1
15-May-2023	30d	amazonprime	BlueWaterGirl	1
15-May-2023	30d	amazonprime	Cinderada	1
15-May-2023	30d	amazonprime	Most_Analysis4037	1
15-May-2023	30d	amazonprime	LightningTF2	1
15-May-2023	30d	amazonprime	vj2828	1
15-May-2023	30d	amazonprime	Chuusem	1
15-May-2023	30d	amazonprime	byeboieie	1
15-May-2023	30d	amazonprime	bkdlays	1
15-May-2023	30d	amazonprime	goodsnpr	1
15-May-2023	30d	amazonprime	kinovi	1
15-May-2023	30d	amazonprime	MammothAngle4970	1
15-May-2023	30d	amazonprime	TechnicalRow9892	1
15-May-2023	30d	amazonprime	Cantbearsedman	1
15-May-2023	30d	amazonprime	Kikketer	1
15-May-2023	30d	amazonprime	PitifulConsequence32	1
15-May-2023	30d	amazonprime	anxikitty	1
15-May-2023	30d	amazonprime	Narrow-Spend-4813	1
15-May-2023	30d	amazonprime	kaleygrrl	1
15-May-2023	30d	amazonprime	aleques-itj	1
15-May-2023	30d	amazonprime	BreadWaste3408	1
15-May-2023	30d	amazonprime	SignificantEchidna	1
15-May-2023	30d	amazonprime	skulderflexator	1
15-May-2023	30d	amazonprime	Aggravating_Egg_6149	1
15-May-2023	30d	amazonprime	Dexdxss_	1
15-May-2023	30d	amazonprime	EpicFuturist	1
15-May-2023	30d	amazonprime	Troyaferd	1
15-May-2023	30d	amazonprime	GiveawaysTodayHooray	1
15-May-2023	30d	amazonprime	TLSOK	1
15-May-2023	30d	amazonprime	Petit_Zapato	1
15-May-2023	30d	amazonprime	Leo1026	1
15-May-2023	30d	amazonprime	YahooAnswersDude	1
15-May-2023	30d	amazonprime	80sPimpNinja	1
15-May-2023	30d	amazonprime	Albard22	1
15-May-2023	30d	amazonprime	fightingirish46jw	1
15-May-2023	30d	amazonprime	Aquarterpastnope	1
15-May-2023	30d	amazonprime	copoboy2	1
15-May-2023	30d	amazonprime	thatautisticguy	1
15-May-2023	30d	amazonprime	Ill_Significance3019	1
15-May-2023	30d	amazonprime	chefbiney	1
15-May-2023	30d	amazonprime	ununonium119	1
15-May-2023	30d	amazonprime	Gigizulini	1
15-May-2023	30d	amazonprime	Error_Space	1
15-May-2023	30d	amazonprime	jpacks2021	1
15-May-2023	30d	amazonprime	heart2pure	1
15-May-2023	30d	amazonprime	AnyDrug	1
15-May-2023	30d	amazonprime	BootFit7606	1
15-May-2023	30d	amazonprime	Username-dumb75	1
15-May-2023	30d	amazonprime	NamaStephie	1
15-May-2023	30d	amazonprime	BowenoftheLore	1
15-May-2023	30d	amazonprime	oxrox88	1
15-May-2023	30d	amazonprime	oiiiprincess	1
15-May-2023	30d	amazonprime	neto333	1
15-May-2023	30d	amazonprime	jtbis	1
15-May-2023	30d	amazonprime	Virendra9	1
15-May-2023	30d	amazonprime	FlounderOk2133	1
15-May-2023	30d	amazonprime	SchonHen	1
15-May-2023	30d	amazonprime	QuirkyTourist1433	1
15-May-2023	30d	amazonprime	Lost-Level-9878	1
15-May-2023	30d	amazonprime	Fibro86	1
15-May-2023	30d	amazonprime	JJ_Koch	1
15-May-2023	30d	amazonprime	nicholas_g	1
15-May-2023	30d	amazonprime	ILove38hz	1
15-May-2023	30d	amazonprime	Glum_Award9379	1
15-May-2023	30d	amazonprime	RoseColoredGirl11	1
15-May-2023	30d	amazonprime	brasscup	1
15-May-2023	30d	amazonprime	cashforsignup	1
15-May-2023	30d	amazonprime	u_POS_fa9	1
15-May-2023	30d	amazonprime	washington_jefferson	1
15-May-2023	30d	amazonprime	InlineSkateAdventure	1
15-May-2023	30d	amazonprime	burnt_out_dev	1
15-May-2023	30d	amazonprime	imjustasking123	1
15-May-2023	30d	amazonprime	EdmundXXIII	1
15-May-2023	30d	amazonprime	cjp1873	1
15-May-2023	30d	amazonprime	Affectionate-Mess904	1
15-May-2023	30d	amazonprime	AgentPastrana	1
15-May-2023	30d	amazonprime	Apprehensive-Hat83	1
15-May-2023	30d	amazonprime	Barvrerice201	1
15-May-2023	30d	amazonprime	stefannnnnd	1
15-May-2023	30d	amazonprime	its_kiddos	1
15-May-2023	30d	amazonprime	Addislad	1
15-May-2023	30d	amazonprime	DreamMighty	1
15-May-2023	30d	amazonprime	Kitchen-Owl8952	1
15-May-2023	30d	amazonprime	bettymarilynsmith	1
15-May-2023	30d	amazonprime	cdelg17	1
15-May-2023	30d	amazonprime	BatFastardRedditor	1
15-May-2023	30d	amazonprime	joannew99	1
15-May-2023	30d	amazonprime	Certain-Drummer8454	1
15-May-2023	30d	amazonprime	MrLakeShow	1
15-May-2023	30d	amazonprime	Traditional-Let-9904	1
15-May-2023	30d	amazonprime	Bully_Maguire420	1
15-May-2023	30d	amazonprime	jackie999999	1
15-May-2023	30d	amazonprime	Just4gmers91	1
15-May-2023	30d	amazonprime	illigal_poptart	1
15-May-2023	30d	amazonprime	Efficient-Jacket7485	1
15-May-2023	30d	amazonprime	DJBR95	1
15-May-2023	30d	amazonprime	EmotionalPresent6880	1
15-May-2023	30d	amazonprime	6thDAY	1
15-May-2023	30d	amazonprime	skyvina	1
15-May-2023	30d	amazonprime	_loveisaplace	1
15-May-2023	30d	amazonprime	skimcpip	1
15-May-2023	30d	amazonprime	dairy666	1
15-May-2023	30d	amazonprime	Hopeful-Operation-38	1
15-May-2023	30d	amazonprime	CloudObjective2985	1
15-May-2023	30d	amazonprime	AKHwyJunkie	1
15-May-2023	30d	amazonprime	AppleSodaC	1
15-May-2023	30d	amazonprime	cugrad16	1
15-May-2023	30d	amazonprime	Blissfullbby	1
15-May-2023	30d	amazonprime	SaltySarcasm7	1
15-May-2023	30d	amazonprime	Inner_Storm_9754	1
15-May-2023	30d	amazonprime	vrnt7p	1
15-May-2023	30d	amazonprime	BokoblinSlayer69235	1
15-May-2023	30d	amazonprime	Nevvermind183	1
15-May-2023	30d	amazonprime	ArashiKageTaro	1
15-May-2023	30d	amazonprime	Pale_Job222	1
15-May-2023	30d	amazonprime	runlikehell20	1
15-May-2023	30d	amazonprime	SymerexTokyo	1
15-May-2023	30d	amazonprime	Habeebr4	1
15-May-2023	30d	amazonprime	RememberTheCoop	1
15-May-2023	30d	amazonprime	Odd_Sleep3990	1
15-May-2023	30d	amazonprime	alexlovesjiujitsu	1
15-May-2023	30d	amazonprime	Denny_Crane_007	1
15-May-2023	30d	amazonprime	batsofburden	1
15-May-2023	30d	amazonprime	NPRjunkieDC	1
15-May-2023	30d	amazonprime	0b4macare	1
15-May-2023	30d	amazonprime	Tandy__Miller	1
15-May-2023	30d	amazonprime	JonSnow_123	1
15-May-2023	30d	amazonprime	GaymerZane94	1
15-May-2023	30d	amazonprime	Puzzleheaded_You_689	1
15-May-2023	30d	amazonprime	Blurzerker	1
15-May-2023	30d	amazonprime	Master-Environment95	1
15-May-2023	30d	amazonprime	Moxley_56	1
15-May-2023	30d	amazonprime	Big-Message-3367	1
15-May-2023	30d	amazonprime	Wreckit-Jon	1
15-May-2023	30d	amazonprime	Loveveggiez	1
15-May-2023	30d	amazonprime	PinkRain87	1
15-May-2023	30d	amazonprime	Ok_Reaction_9773	1
15-May-2023	30d	amazonprime	CeratoGT	1
15-May-2023	30d	amazonprime	Serious-Host5073	1
15-May-2023	30d	amazonprime	bennett7569	1
15-May-2023	30d	amazonprime	The_Don_Papi	1
15-May-2023	30d	amazonprime	traker998	1
15-May-2023	30d	amazonprime	SphinxGames	1
15-May-2023	30d	amazonprime	lildunkydonut	1
15-May-2023	30d	amazonprime	adam_0506	1
15-May-2023	30d	amazonprime	Buttereatsalot	1
15-May-2023	30d	amazonprime	AZPuzzler	1
15-May-2023	30d	amazonprime	afrinbappy6163	1
15-May-2023	30d	amazonprime	Lazy-Sorbet-5999	1
15-May-2023	30d	amazonprime	Cryptoairdop	1
15-May-2023	30d	amazonprime	noinoiio	1
15-May-2023	30d	amazonprime	ST_Boi	1
15-May-2023	30d	amazonprime	PseudomugilLuminatus	1
15-May-2023	30d	amazonprime	102938023813	1
15-May-2023	30d	amazonprime	Matthvin	1
15-May-2023	30d	amazonprime	cupcuppi	1
15-May-2023	30d	amazonprime	PixelDixies	1
15-May-2023	30d	amazonprime	turls	1
15-May-2023	30d	amazonprime	pandaman1339	1
15-May-2023	30d	amazonprime	StebLoL	1
15-May-2023	30d	amazonprime	jabrane007	1
15-May-2023	30d	amazonprime	I-Am_9	1
15-May-2023	30d	amazonprime	titsafun	1
15-May-2023	30d	amazonprime	Economy-Respect-7251	1
15-May-2023	30d	amazonprime	johnnycham	1
15-May-2023	30d	amazonprime	Many_Refrigerator684	1
15-May-2023	30d	amazonprime	Etharpee	1
15-May-2023	30d	amazonprime	IJustWorkHereBr0	1
15-May-2023	30d	amazonprime	wizardbby	1
15-May-2023	30d	amazonprime	JennJayBee	1
15-May-2023	30d	amazonprime	samaxe1000	1
15-May-2023	30d	amazonprime	mourning_wood_again	1
15-May-2023	30d	amazonprime	frooburst	1
15-May-2023	30d	amazonprime	TheBeastGamer2507	1
15-May-2023	30d	amazonprime	Unknown_Samurai	1
15-May-2023	30d	amazonprime	WhnOctopiMrgeWithTek	1
15-May-2023	30d	amazonprime	kmhahaha	1
15-May-2023	30d	amazonprime	Lake_Serperior	1
15-May-2023	30d	amazonprime	TurnoverAdmirable632	1
15-May-2023	30d	amazonprime	Vic024	1
15-May-2023	30d	amazonprime	misterrpg	1
15-May-2023	30d	amazonprime	Grabnasty830	1
15-May-2023	30d	amazonprime	TypicalAsian0	1
15-May-2023	30d	amazonprime	KatMagic1977	1
15-May-2023	30d	amazonprime	ShakeItUpNow	1
15-May-2023	30d	amazonprime	CatCat2420	1
15-May-2023	30d	amazonprime	Background_Value9869	1
15-May-2023	30d	amazonprime	HelloSup211	1
15-May-2023	30d	amazonprime	thesurfer_s	1
15-May-2023	30d	amazonprime	Corny-dellife9	1
15-May-2023	30d	amazonprime	serinde_miriel	1
15-May-2023	30d	amazonprime	EmperessOfChaos	1
15-May-2023	30d	amazonprime	ILoveMyPrivacy2023	1
15-May-2023	30d	amazonprime	thesoundsatnight	1
15-May-2023	30d	amazonprime	ILOPPAAIII	1
15-May-2023	30d	amazonprime	FutureHendrixBetter	1
15-May-2023	30d	amazonprime	Exotic_Potential1034	1
15-May-2023	30d	amazonprime	Mylifeisweirdally	1
15-May-2023	30d	amazonprime	Weak-Conclusion475	1
15-May-2023	30d	amazonprime	mennydream	1
15-May-2023	30d	amazonprime	IxionX	1
15-May-2023	30d	amazonprime	everydayforasummer	1
15-May-2023	30d	amazonprime	BankaiShunko	1
15-May-2023	30d	amazonprime	Propdet	1
15-May-2023	30d	amazonprime	BuyAmsoilWholesale	1
15-May-2023	30d	amazonprime	Mindless_Ad_3389	1
15-May-2023	30d	amazonprime	Evening_Secretary191	1
15-May-2023	30d	amazonprime	gwen5102	1
15-May-2023	30d	amazonprime	Mysterious-Resist-56	1
15-May-2023	30d	amazonprime	Sufficient-Bug-9112	1
15-May-2023	30d	amazonprime	Snoozeberry91	1
15-May-2023	30d	amazonprime	kakanunalove	1
15-May-2023	30d	amazonprime	QuantizeCrystallize	1
15-May-2023	30d	amazonprime	knapsackMax	1
15-May-2023	30d	amazonprime	ooohhhwhatchasay	1
15-May-2023	30d	amazonprime	nationkook	1
15-May-2023	30d	amazonprime	flphotog35	1
15-May-2023	30d	amazonprime	GreyNeighbor	1
15-May-2023	30d	amazonprime	Kooky_Glass2995	1
15-May-2023	30d	amazonprime	DoAnythingDan	1
15-May-2023	30d	amazonprime	tktrugby	1
15-May-2023	30d	amazonprime	TruthLifts	1
15-May-2023	30d	amazonprime	serotoninstrawb	1
15-May-2023	30d	amazonprime	HungryTelevision2218	1
15-May-2023	30d	amazonprime	Mr_piggywiggy	1
15-May-2023	30d	amazonprime	whizewhan	1
15-May-2023	30d	amazonprime	AceDenied	1
15-May-2023	30d	amazonprime	jumanjidice	1
15-May-2023	30d	amazonprime	DesignerArmy9495	1
15-May-2023	30d	amazonprime	TheNinjaDC	1
15-May-2023	30d	amazonprime	GibbyDat	1
15-May-2023	30d	amazonprime	Mateatrending90	1
15-May-2023	30d	amazonprime	Ancient-Agency	1
15-May-2023	30d	amazonprime	Kooky-Topic-6879	1
15-May-2023	30d	amazonprime	Loud_Obligation4025	1
15-May-2023	30d	amazonprime	LudwigVan17	1
15-May-2023	30d	amazonprime	kunamyPT	1
15-May-2023	30d	amazonprime	Devid9073	1
15-May-2023	30d	amazonprime	zoraMNR	1
15-May-2023	30d	amazonprime	Csr2000	1
15-May-2023	30d	amazonprime	FrontPorchSittin	1
15-May-2023	30d	amazonprime	TiMELeSS526	1
15-May-2023	30d	amazonprime	hichaam2	1
15-May-2023	30d	amazonprime	luxurynerd	1
15-May-2023	30d	amazonprime	Guillaumerocherone	1
15-May-2023	30d	amazonprime	Zaph_42	1
15-May-2023	30d	amazonprime	yhankhee	1
15-May-2023	30d	amazonprime	Wipeout237	1
15-May-2023	30d	amazonprime	Witn	1
15-May-2023	30d	amazonprime	No_Club_1200	1
15-May-2023	30d	amazonprime	Crowtonseller	1
15-May-2023	30d	amazonprime	caymenpope	1
15-May-2023	30d	amazonprime	LarsAnderson420	1
15-May-2023	30d	amazonprime	Mediocre-Wasabi-314	1
15-May-2023	30d	amazonprime	Hour-Environment4087	1
15-May-2023	30d	amazonprime	Darkzed1	1
15-May-2023	30d	amazonprime	Aggravating_Bet1026	1
15-May-2023	30d	amazonprime	Sensitive_Current_44	1
15-May-2023	30d	amazonprime	Wonderland-Fairy234	1
15-May-2023	30d	amazonprime	twojs1b	1
15-May-2023	30d	amazonprime	IndividualTear7777	1
15-May-2023	30d	amazonprime	No_Manufacturer_6825	1
15-May-2023	30d	amazonprime	Sad_Mind306	1
15-May-2023	30d	amazonprime	Xenocideghost	1
15-May-2023	30d	amazonprime	Calm_Pressure1378	1
15-May-2023	30d	amazonprime	Leojiin	1
15-May-2023	30d	amazonprime	SendPuppyNoodz	1
15-May-2023	30d	amazonprime	Chart_Legitimate	1
15-May-2023	30d	amazonprime	isaak1290	1
15-May-2023	30d	amazonprime	Simple-Ninja-8372	1
15-May-2023	30d	amazonprime	THR3EF1RSTNAMES	1
15-May-2023	30d	amazonprime	AmazonUnited	1
15-May-2023	30d	amazonprime	apricotkilla	1
15-May-2023	30d	amazonprime	AveFish	1
15-May-2023	30d	amazonprime	rusinov_	1
15-May-2023	30d	amazonprime	Le_Epic_GodGamer	1
15-May-2023	30d	amazonprime	JuanThicc24v2	1
15-May-2023	30d	amazonprime	Boring-Ad-6755	1
15-May-2023	30d	amazonprime	MrPineApples420	1
15-May-2023	30d	amazonprime	PGDW	1
15-May-2023	30d	amazonprime	wuster17	1
15-May-2023	30d	amazonprime	memento22mori	1
15-May-2023	30d	amazonprime	imagin8zn	1
15-May-2023	30d	amazonprime	Pursel93	1
15-May-2023	30d	amazonprime	appletechgeek	1
15-May-2023	30d	amazonprime	betam4x	1
15-May-2023	30d	amazonprime	therealbnizzy	1
15-May-2023	30d	amazonprime	soleario21	1
15-May-2023	30d	amazonprime	skochko	1
15-May-2023	30d	amazonprime	J-C-G26	1
15-May-2023	30d	amazonprime	cs342	1
15-May-2023	30d	amazonprime	DntSayNtn	1
15-May-2023	30d	amazonprime	mtigerm	1
15-May-2023	30d	amazonprime	NeonWyvern	1
15-May-2023	30d	amazonprime	Wants_to_be_accepted	1
15-May-2023	30d	amazonprime	SussyRedditorBalls	1
15-May-2023	30d	amazonprime	SomedayGuy117	1
15-May-2023	30d	amazonprime	Semibluewater	1
15-May-2023	30d	amazonprime	Screeching_Blanket	1
15-May-2023	30d	amazonprime	another_plebeian	1
15-May-2023	30d	amazonprime	lividfantasia	1
15-May-2023	30d	amazonprime	scanr440	1
15-May-2023	30d	amazonprime	BurtBruh	1
15-May-2023	30d	amazonprime	EE9E456B59E12D2	1
15-May-2023	30d	amazonprime	blankblank	1
15-May-2023	30d	amazonprime	BB8U	1
15-May-2023	30d	amazonprime	Confusedbyeveryone	1
15-May-2023	30d	amazonprime	Consistent-Fish3316	1
15-May-2023	30d	amazonprime	SprayNo4128	1
15-May-2023	30d	amazonprime	Altruistic_Yam_8249	1
15-May-2023	30d	amazonprime	apple120	1
15-May-2023	30d	amazonprime	-Maim-	1
15-May-2023	30d	amazonprime	fatherfarfalle	1
15-May-2023	30d	amazonprime	SashaMitchener	1
15-May-2023	30d	amazonprime	Workeatnsleep	1
15-May-2023	30d	amazonprime	MickeyRipple	1
15-May-2023	30d	amazonprime	aehanken	1
15-May-2023	30d	amazonprime	AnonAmazonHelp	1
15-May-2023	30d	amazonprime	cewcewcaroo	1
15-May-2023	30d	amazonprime	Comedordecasadas96	1
15-May-2023	30d	amazonprime	grantalx	1
15-May-2023	30d	amazonprime	SerendipityOA	1
15-May-2023	30d	amazonprime	jixpixel94	1
15-May-2023	30d	amazonprime	weddingringresize	1
15-May-2023	30d	amazonprime	Funny-Bottle-6585	1
15-May-2023	30d	amazonprime	atmmachine11	1
15-May-2023	30d	amazonprime	KingRemoji	1
15-May-2023	30d	amazonprime	UserNameErrorDisplay	1
15-May-2023	30d	amazonprime	cltben	1
15-May-2023	30d	amazonprime	Alisonjayne	1
15-May-2023	30d	amazonprime	redditgirlwz	1
15-May-2023	30d	amazonprime	Novel-Owl7963	1
15-May-2023	30d	amazonprime	Watson8008	1
15-May-2023	30d	amazonprime	Outrageous-Ladder-72	1
15-May-2023	30d	amazonprime	Kitchen-Werewolf-691	1
15-May-2023	30d	amazonprime	tmiller9833	1
15-May-2023	30d	amazonprime	GreyhoundsAreFast	1
15-May-2023	30d	amazonprime	sonibaloney	1
15-May-2023	30d	amazonprime	Tyzka	1
15-May-2023	30d	amazonprime	Booyah_7	1
15-May-2023	30d	amazonprime	KaiserSenpaiAckerman	1
15-May-2023	30d	amazonprime	Sharp-Maintenance392	1
15-May-2023	30d	amazonprime	Fabulous_RedHead84	1
15-May-2023	30d	amazonprime	stephikole	1
15-May-2023	30d	amazonprime	cybaexo	1
15-May-2023	30d	amazonprime	HTXTEX98	1
15-May-2023	30d	amazonprime	SpoopySpagooter	1
15-May-2023	30d	amazonprime	AgadhAgadh	1
15-May-2023	30d	amazonprime	big-driq	1
15-May-2023	30d	amazonprime	Automatic-Orange-782	1
15-May-2023	30d	amazonprime	ph_dieter	1
15-May-2023	30d	amazonprime	Bruegemeister	1
15-May-2023	30d	amazonprime	applegatetech	1
15-May-2023	30d	amazonprime	Wallytooters	1
15-May-2023	30d	amazonprime	DustinPooparski	1
15-May-2023	30d	amazonprime	Ubercash	1
15-May-2023	30d	amazonprime	ranch_avocados	1
15-May-2023	30d	amazonprime	razumuzzen	1
15-May-2023	30d	amazonprime	Firm-Finish5582	1
15-May-2023	30d	amazonprime	messyowo	1
15-May-2023	30d	amazonprime	PyreLightMW2	1
15-May-2023	30d	amazonprime	baummer	1
15-May-2023	30d	amazonprime	RazUwU	1
15-May-2023	30d	amazonprime	General_Lee_Anass	1
15-May-2023	30d	amazonprime	Ziggy-Sane	1
15-May-2023	30d	amazonprime	Hercooo_	1
15-May-2023	30d	amazonprime	noxnoctum	1
15-May-2023	30d	amazonprime	sean8877	1
15-May-2023	30d	amazonprime	satellite779	1
15-May-2023	30d	amazonprime	RiekaNA	1
15-May-2023	30d	amazonprime	T2LV	1
15-May-2023	30d	amazonprime	largest_particle	1
15-May-2023	30d	amazonprime	Adalwolf311	1
15-May-2023	30d	amazonprime	XChazzyMX	1
15-May-2023	30d	amazonprime	SoardOfMagnificent	1
15-May-2023	30d	amazonprime	throwaway1335352	1
15-May-2023	30d	amazonprime	btadams1971	1
15-May-2023	30d	amazonprime	destraudo	1
15-May-2023	30d	amazonprime	Cheifs_Cruise	1
15-May-2023	30d	amazonprime	Starstrile	1
15-May-2023	30d	amazonprime	GamingDragon27	1
15-May-2023	30d	amazonprime	Salty-Blueberry5648	1
15-May-2023	30d	amazonprime	Zxhamuaha	1
15-May-2023	30d	amazonprime	AHeroToIdolize	1
15-May-2023	30d	amazonprime	wockheartzz	1
15-May-2023	30d	amazonprime	MonsterRamo	1
15-May-2023	30d	amazonprime	primeevideo	1
15-May-2023	30d	amazonprime	NoAssociation1	1
15-May-2023	30d	amazonprime	MyRedditAcco_unt	1
15-May-2023	30d	amazonprime	lijiawen00	1
15-May-2023	30d	amazonprime	a1mm_	1
15-May-2023	30d	amazonprime	Fine-Sense-595	1
15-May-2023	30d	amazonprime	HCMonk	1
15-May-2023	30d	amazonprime	lanamindy	1
15-May-2023	30d	amazonprime	Fun_Instruction1999	1
15-May-2023	30d	amazonprime	Isssaleo	1
15-May-2023	30d	amazonprime	bucket46	1
15-May-2023	30d	amazonprime	StrawberryKiss2559	1
15-May-2023	30d	amazonprime	bossp123	1
15-May-2023	30d	amazonprime	HunterDude54	1
15-May-2023	30d	amazonprime	astarothdark	1
15-May-2023	30d	amazonprime	RedSoxStormTrooper	1
15-May-2023	30d	amazonprime	IHate2ChooseUserName	1
15-May-2023	30d	amazonprime	ConfusionSuspicious8	1
15-May-2023	30d	amazonprime	smjohnston1	1
15-May-2023	30d	amazonprime	ScumEater	1
15-May-2023	30d	amazonprime	poptart-san	1
15-May-2023	30d	amazonprime	yura2004_	1
15-May-2023	30d	amazonprime	Rainasa	1
15-May-2023	30d	amazonprime	yackychan	1
15-May-2023	30d	amazonprime	biovllun	1
15-May-2023	30d	amazonprime	SwanReal8484	1
15-May-2023	30d	amazonprime	Maleficent-Clock8109	1
15-May-2023	30d	amazonprime	Different_Camp4002	1
15-May-2023	30d	amazonprime	Captain_Correa	1
15-May-2023	30d	amazonprime	BA3Dshop	1
15-May-2023	30d	amazonprime	FoolsandCorpses	1
15-May-2023	30d	amazonprime	BrainzKong	1
15-May-2023	30d	amazonprime	JDRASL	1
15-May-2023	30d	amazonprime	woodchuckernj	1
15-May-2023	30d	amazonprime	Mission-Mud-6685	1
15-May-2023	30d	amazonprime	Burner_Account_4-25	1
15-May-2023	30d	amazonprime	Strict-Winter-2295	1
15-May-2023	30d	amazonprime	LK_photography	1
15-May-2023	30d	amazonprime	SnooDoodles6657	1
15-May-2023	30d	amazonprime	Own-Salamander5392	1
15-May-2023	30d	amazonprime	codelancelot	1
15-May-2023	30d	amazonprime	patricthomas	1
15-May-2023	30d	amazonprime	Kitaz	1
15-May-2023	30d	amazonprime	j_steinbrenner	1
15-May-2023	30d	amazonprime	DeviceAdventurous786	1
15-May-2023	30d	amazonprime	Life_Loan_931	1
15-May-2023	30d	amazonprime	Any_Door1971	1
15-May-2023	30d	amazonprime	Reasonable-Degree-65	1
15-May-2023	30d	amazonprime	sadaharu25	1
15-May-2023	30d	amazonprime	sherril8	1
15-May-2023	30d	amazonprime	commodore-schmidlapp	1
15-May-2023	30d	amazonprime	Beneficial_Piano928	1
15-May-2023	30d	amazonprime	FourWayFork	1
15-May-2023	30d	amazonprime	Meatloafxx	1
15-May-2023	30d	amazonprime	NoFanofThis	1
15-May-2023	30d	amazonprime	thenaeternal	1
15-May-2023	30d	amazonprime	SimoneDS176	1
15-May-2023	30d	amazonprime	makemoneytipsonline	1
15-May-2023	30d	amazonprime	Maleficent-Monk5601	1
15-May-2023	30d	amazonprime	Sylvan-shine	1
15-May-2023	30d	amazonprime	Few_Significance4964	1
15-May-2023	30d	amazonprime	Zealousideal-Wing135	1
15-May-2023	30d	amazonprime	Outrageous_Signal_90	1
15-May-2023	30d	amazonprime	KingRaphion	1
15-May-2023	30d	amazonprime	Major_Start	1
15-May-2023	30d	amazonprime	Dekemyster	1
15-May-2023	30d	amazonprime	flabbobox	1
15-May-2023	30d	amazonprime	syrcular	1
15-May-2023	30d	amazonprime	Agent7619	1
15-May-2023	30d	amazonprime	placebooooo	1
15-May-2023	30d	amazonprime	gtbka	1
15-May-2023	30d	amazonprime	dailyPraise	1
15-May-2023	30d	amazonprime	ThMuchoMan	1
15-May-2023	30d	amazonprime	Boring_Ant_1677	1
15-May-2023	30d	amazonprime	RxStinky	1
15-May-2023	30d	amazonprime	Katiehart2019	1
15-May-2023	30d	amazonprime	Buddersforever907	1
15-May-2023	30d	amazonprime	Arceist_Justin	1
15-May-2023	30d	amazonprime	JoonnooJ	1
15-May-2023	30d	amazonprime	hopelesscase789	1
15-May-2023	30d	amazonprime	Equivalent_Piccolo17	1
15-May-2023	30d	amazonprime	ichristyi	1
15-May-2023	30d	amazonprime	AccordingMushroom215	1
15-May-2023	30d	amazonprime	throwaway9gk0k4k569	1
15-May-2023	30d	amazonprime	neonxaos	1
15-May-2023	30d	amazonprime	Interesting_Tone_258	1
15-May-2023	30d	amazonprime	lolwhatamidoing92	1
15-May-2023	30d	amazonprime	itisadessertwine	1
15-May-2023	30d	amazonprime	GermainDafoe	1
15-May-2023	30d	amazonprime	Jimmy_The_Goat	1
15-May-2023	30d	amazonprime	Gilbert-from-Yharnam	1
15-May-2023	30d	amazonprime	throwaway89-102-3	1
15-May-2023	30d	amazonprime	jasminewlk28	1
15-May-2023	30d	amazonprime	re-kidan	1
15-May-2023	30d	amazonprime	Live-Macaron-2912	1
15-May-2023	30d	amazonprime	Flat-Slice4959	1
15-May-2023	30d	amazonprime	weirddimples	1
15-May-2023	30d	amazonprime	Positive_Bike9457	1
15-May-2023	30d	amazonprime	gabagoolmortadella	1
15-May-2023	30d	amazonprime	Octo-puss	1
15-May-2023	30d	amazonprime	nosleepbrooklynn	1
15-May-2023	30d	amazonprime	p0ny_b0y	1
15-May-2023	30d	amazonprime	haybarn564	1
15-May-2023	30d	amazonprime	Own-Historian-7557	1
15-May-2023	30d	amazonprime	Dave8889	1
15-May-2023	30d	amazonprime	Swimming-Whereas7182	1
15-May-2023	30d	amazonprime	bootlesscrowfairy	1
15-May-2023	30d	amazonprime	reddituser26383	1
15-May-2023	30d	amazonprime	Legal_Consequence113	1
15-May-2023	30d	amazonprime	smugzuck	1
15-May-2023	30d	amazonprime	Greedy_Visual6710	1
15-May-2023	30d	amazonprime	AmbitiousTax441	1
15-May-2023	30d	amazonprime	daywreckerdiesel	1
15-May-2023	30d	amazonprime	nick124578	1
15-May-2023	30d	amazonprime	Jazz-Noir	1
15-May-2023	30d	amazonprime	agentss1	1
15-May-2023	30d	amazonprime	MediaHaunting8669	1
15-May-2023	30d	amazonprime	Cajin_chan	1
15-May-2023	30d	amazonprime	ethanc6131	1
15-May-2023	30d	amazonprime	X3N0C1DE	1
15-May-2023	30d	amazonprime	m0h1tkumaar	1
15-May-2023	30d	amazonprime	dansiepansie	1
15-May-2023	30d	amazonprime	MannyFresh45	1
15-May-2023	30d	amazonprime	Minute_Log5519	1
15-May-2023	30d	amazonprime	This_Negotiation479	1
15-May-2023	30d	amazonprime	shanareview	1
15-May-2023	30d	amazonprime	Meow2021_isbest	1
15-May-2023	30d	amazonprime	oswell_XIV	1
15-May-2023	30d	amazonprime	LiveBlock8728	1
15-May-2023	30d	amazonprime	Patient-Cupcake2003	1
15-May-2023	30d	amazonprime	ProbablyAnAlt003	1
15-May-2023	30d	amazonprime	AlphaRevenant	1
15-May-2023	30d	amazonprime	WillingnessLazy4064	1
15-May-2023	30d	amazonprime	angoradebs	1
15-May-2023	30d	amazonprime	supercaloebarbadensi	1
15-May-2023	30d	amazonprime	Historical-Remove401	1
15-May-2023	30d	amazonprime	SorrowfulRanger	1
15-May-2023	30d	amazonprime	Quiver_Cat	1
15-May-2023	30d	amazonprime	nicholasyoa86	1
15-May-2023	30d	amazonprime	Traditional_Ad65	1
15-May-2023	30d	amazonprime	ethan_winfield	1
15-May-2023	30d	amazonprime	BabySittingBandit	1
15-May-2023	30d	amazonprime	0Adiemus0	1
15-May-2023	30d	amazonprime	Oneness-	1
15-May-2023	30d	amazonprime	Punk_Polyglot_66	1
15-May-2023	30d	amazonprime	AngrySunshineBandit	1
15-May-2023	30d	amazonprime	bynobodyspecial	1
15-May-2023	30d	amazonprime	Anika225	1
15-May-2023	30d	amazonprime	texas_archer	1
15-May-2023	30d	amazonprime	symmachy	1
15-May-2023	30d	amazonprime	simonea42	1
15-May-2023	30d	amazonprime	extremeelementz	1
15-May-2023	30d	amazonprime	Excellent_Ad_6584	1
15-May-2023	30d	amazonprime	getfuzzy77	1
15-May-2023	30d	amazonprime	nooo82222	1
15-May-2023	30d	amazonprime	Knotraneck41	1
15-May-2023	30d	amazonprime	FloppyToffee	1
15-May-2023	30d	amazonprime	30-50-FeralHogs	1
15-May-2023	30d	amazonprime	Seanblaze3	1
15-May-2023	30d	amazonprime	svenEsven	1
15-May-2023	30d	amazonprime	Embarrassed_Simple27	1
15-May-2023	30d	amazonprime	Psyrecx	1
15-May-2023	30d	amazonprime	happynewyearadam	1
15-May-2023	30d	amazonprime	NArcadia11	1
15-May-2023	30d	amazonprime	chillinginmyhouse	1
15-May-2023	30d	amazonprime	BoboXDGamer	1
15-May-2023	30d	amazonprime	kaleidouu	1
15-May-2023	30d	amazonprime	masturbaiter696969	1
15-May-2023	30d	amazonprime	kingvrage	1
15-May-2023	30d	amazonprime	applesandshenanigans	1
15-May-2023	30d	amazonprime	Jim-Jam07	1
15-May-2023	30d	amazonprime	cmgysmao	1
15-May-2023	30d	amazonprime	926D	1
15-May-2023	30d	amazonprime	Which_Secretary7039	1
15-May-2023	30d	amazonprime	odobostudio	1
15-May-2023	30d	amazonprime	Snackmouse	1
15-May-2023	30d	amazonprime	Lost_Piccolo_2102	1
15-May-2023	30d	amazonprime	Affectionate-Cook-11	1
15-May-2023	30d	amazonprime	DelaRueeD	1
15-May-2023	30d	amazonprime	FancyLadAboutTown	1
15-May-2023	30d	amazonprime	AnythingFar1505	1
15-May-2023	30d	amazonprime	satanic_penguine	1
15-May-2023	30d	amazonprime	TonedTony	1
15-May-2023	30d	amazonprime	iMogal	1
15-May-2023	30d	amazonprime	J3ST3Rx	1
15-May-2023	30d	amazonprime	dachsdrive	1
15-May-2023	30d	amazonprime	oskarstarry	1
15-May-2023	30d	amazonprime	Lord_Snow98	1
15-May-2023	30d	amazonprime	RainmakerSolutions93	1
15-May-2023	30d	amazonprime	HolyToilet666	1
15-May-2023	30d	amazonprime	storageguard	1
15-May-2023	30d	amazonprime	DreaDaCookieMonsta	1
15-May-2023	30d	amazonprime	FlashySalamander4	1
15-May-2023	30d	amazonprime	Gentleshoe292	1
15-May-2023	30d	amazonprime	requihemi	1
15-May-2023	30d	amazonprime	peachpartie	1
15-May-2023	30d	amazonprime	2BoraBora	1
15-May-2023	30d	amazonprime	Voenker	1
15-May-2023	30d	amazonprime	5kHz	1
15-May-2023	30d	amazonprime	androidusr	1
15-May-2023	30d	amazonprime	New-Ad-3532	1
15-May-2023	30d	amazonprime	stinky_harriet	1
15-May-2023	30d	amazonprime	ImDeadInside12343214	1
15-May-2023	30d	amazonprime	SpiderZX	1
15-May-2023	30d	amazonprime	nonameoftheusername	1
15-May-2023	30d	amazonprime	glitter_confetti	1
15-May-2023	30d	amazonprime	Zvizgonja	1
15-May-2023	30d	amazonprime	liza1029	1
15-May-2023	30d	amazonprime	P_Cakes_84	1
15-May-2023	30d	amazonprime	187penguin	1
15-May-2023	30d	amazonprime	Zjar	1
15-May-2023	30d	amazonprime	Dill_Weed07	1
15-May-2023	30d	amazonprime	Realistic-Motorcycle	1
15-May-2023	30d	amazonprime	imthiazah	1
15-May-2023	30d	amazonprime	SSlide19	1
15-May-2023	30d	amazonprime	Krrygon	1
15-May-2023	30d	amazonprime	Cheap-Acanthaceae-90	1
15-May-2023	30d	amazonprime	XXidefiXX	1
15-May-2023	30d	amazonprime	POPCORN_EATER	1
15-May-2023	30d	amazonprime	Salt_Pipe	1
15-May-2023	30d	amazonprime	BlueMotif	1
15-May-2023	30d	amazonprime	MoonstoneWolf77	1
15-May-2023	30d	amazonprime	Robotman12349	1
15-May-2023	30d	amazonprime	RecognitionEvening98	1
15-May-2023	30d	amazonprime	inquilinekea	1
15-May-2023	30d	amazonprime	blippyz	1
15-May-2023	30d	amazonprime	Infinite_Ad_7069	1
15-May-2023	30d	amazonprime	namkenbi	1
15-May-2023	30d	amazonprime	Responsible_One_6324	1
15-May-2023	30d	amazonprime	ConferenceQuick8068	1
15-May-2023	30d	amazonprime	TabulaRasa5678	1
15-May-2023	30d	amazonprime	mahdy89	1
15-May-2023	30d	amazonprime	Tyteammm	1
15-May-2023	30d	amazonprime	highnrgy	1
15-May-2023	30d	amazonprime	NotMeAgain999	1
15-May-2023	30d	amazonprime	digitalbilly	1
15-May-2023	30d	amazonprime	elvtr_mkhl	1
15-May-2023	30d	amazonprime	Present_Excuse_8924	1
15-May-2023	30d	amazonprime	sharkusilly	1
15-May-2023	30d	amazonprime	new_minimalist1	1
15-May-2023	30d	amazonprime	parapauraque	1
15-May-2023	30d	amazonprime	nosoygamoso1i	1
15-May-2023	30d	amazonprime	captainburp	1
15-May-2023	30d	amazonprime	MarLudKing	1
15-May-2023	30d	amazonprime	BlackSER	1
15-May-2023	30d	amazonprime	furfoxssakes	1
15-May-2023	30d	amazonprime	stars_in_void	1
15-May-2023	30d	amazonprime	slap_a_goat	1
15-May-2023	30d	amazonprime	NotoriousNutJuice	1
15-May-2023	30d	amazonprime	theaamman	1
15-May-2023	30d	amazonprime	some_kid_who_draws	1
15-May-2023	30d	amazonprime	MyMeanBunny	1
15-May-2023	30d	amazonprime	AW2B	1
15-May-2023	30d	amazonprime	Qemz	1
15-May-2023	30d	amazonprime	richwiszard0z	1
15-May-2023	30d	amazonprime	soupbit	1
15-May-2023	30d	amazonprime	ryu4000	1
15-May-2023	30d	amazonprime	anathagenzum	1
15-May-2023	30d	amazonprime	Senseiofmc	1
15-May-2023	30d	amazonprime	Empty_Breadfruit7324	1
15-May-2023	30d	amazonprime	PapiKen7	1
15-May-2023	30d	amazonprime	gboro9	1
15-May-2023	30d	amazonprime	Arouthor	1
15-May-2023	30d	amazonprime	Purpoisely_Anoying_U	1
15-May-2023	30d	amazonprime	ADeshuSloth	1
15-May-2023	30d	amazonprime	perfectingthewheel	1
15-May-2023	30d	amazonprime	TGwonton	1
15-May-2023	30d	amazonprime	helpfuldunk	1
15-May-2023	30d	amazonprime	k3rz0rg	1
15-May-2023	30d	amazonprime	FTPetro	1
15-May-2023	30d	amazonprime	Futureiogaming	1
15-May-2023	30d	amazonprime	goaskalicenow	1
15-May-2023	30d	amazonprime	sirapples34	1
15-May-2023	30d	amazonprime	LikelyWeeve	1
15-May-2023	30d	amazonprime	Asuref	1
15-May-2023	30d	amazonprime	Repulsive_Song3238	1
15-May-2023	30d	amazonprime	Fine_Syllabub2534	1
15-May-2023	30d	amazonprime	Electronic-Fix2851	1
15-May-2023	30d	amazonprime	Public_Basil_4416	1
15-May-2023	30d	amazonprime	TDSgame	1
15-May-2023	30d	amazonprime	Gam3rf0rlif3	1
15-May-2023	30d	amazonprime	emoevangelion	1
15-May-2023	30d	amazonprime	singularityindetroit	1
15-May-2023	30d	amazonprime	BitByBitOFCL	1
15-May-2023	30d	amazonprime	OfficialTrident	1
15-May-2023	30d	amazonprime	Pure-Huckleberry8640	1
15-May-2023	30d	amazonprime	pdaphone	1
15-May-2023	30d	amazonprime	MainBumblebee1443	1
15-May-2023	30d	amazonprime	cutestbb	1
15-May-2023	30d	amazonprime	nizarhalimi	1
15-May-2023	30d	amazonprime	AirDmt27	1
15-May-2023	30d	amazonprime	tantam000	1
15-May-2023	30d	amazonprime	grumpyfuzzybumblebee	1
15-May-2023	30d	amazonprime	BroskiNotFound	1
15-May-2023	30d	amazonprime	SweatyNutzx	1
15-May-2023	30d	amazonprime	Nytroman89	1
15-May-2023	30d	amazonprime	Voiromi	1
15-May-2023	30d	amazonprime	processofemotion	1
15-May-2023	30d	amazonprime	obfuskitten	1
15-May-2023	30d	amazonprime	DancingthruDartmouth	1
15-May-2023	30d	amazonprime	Lord_Gwyn21	1
15-May-2023	30d	amazonprime	CohlN	1
15-May-2023	30d	amazonprime	aussielover24	1
15-May-2023	30d	amazonprime	slappie0420	1
15-May-2023	30d	amazonprime	HomeRenoAccount	1
15-May-2023	30d	amazonprime	youcanseethisaccount	1
15-May-2023	30d	amazonprime	Acidic-Witness	1
15-May-2023	30d	amazonprime	Dramatic-Rooster-978	1
15-May-2023	30d	amazonprime	Wambo74	1
15-May-2023	30d	amazonprime	Gorth1	1
15-May-2023	30d	amazonprime	RecordingWestern18	1
15-May-2023	30d	amazonprime	CptHammer_	1
15-May-2023	30d	amazonprime	Eastern-Counter-3209	1
15-May-2023	30d	amazonprime	larkwahlberg	1
15-May-2023	30d	amazonprime	snailman1999	1
15-May-2023	30d	amazonprime	BriBegg	1
15-May-2023	30d	amazonprime	NoSexAppealNeil	1
15-May-2023	30d	amazonprime	entitled_to_own_fact	1
15-May-2023	30d	amazonprime	Wise-Ad-1718	1
15-May-2023	30d	amazonprime	DankeGlyn	1
15-May-2023	30d	amazonprime	chesslearner	1
15-May-2023	30d	amazonprime	Saltedpotatopancake	1
15-May-2023	30d	amazonprime	IMO2021	1
15-May-2023	30d	amazonprime	katdi3	1
15-May-2023	30d	amazonprime	FuckMyTourettes	1
15-May-2023	30d	amazonprime	mistershifter111	1
15-May-2023	30d	amazonprime	machu_peechute	1
15-May-2023	30d	amazonprime	cozilicious	1
15-May-2023	30d	amazonprime	Outrageous_Price_553	1
15-May-2023	30d	amazonprime	AvidBlueberrypicker	1
15-May-2023	30d	amazonprime	Illustrious_Air_1438	1
15-May-2023	30d	amazonprime	david-braintree	1
15-May-2023	30d	amazonprime	Bulky_Chemistry9681	1
15-May-2023	30d	amazonprime	littlenuggetlove	1
15-May-2023	30d	amazonprime	rmzalbar	1
15-May-2023	30d	amazonprime	ShhhhhhImAtWork	1
15-May-2023	30d	amazonprime	vic_fic	1
15-May-2023	30d	amazonprime	CJ_Southworth	1
15-May-2023	30d	amazonprime	danickana	1
15-May-2023	30d	amazonprime	chrixar	1
15-May-2023	30d	amazonprime	FlipFoldFlip	1
15-May-2023	30d	amazonprime	Supawoo	1
15-May-2023	30d	amazonprime	worthless325234	1
15-May-2023	30d	amazonprime	Plessie21	1
15-May-2023	30d	amazonprime	Deacon33	1
15-May-2023	30d	amazonprime	emilio911	1
15-May-2023	30d	amazonprime	dolphinkittypirate65	1
15-May-2023	30d	amazonprime	AnonCuriosities	1
15-May-2023	30d	amazonprime	Phydoux	1
15-May-2023	30d	amazonprime	DryAcanthopterygii89	1
15-May-2023	30d	amazonprime	neveragain1337	1
15-May-2023	30d	amazonprime	ShaddyYK	1
15-May-2023	30d	amazonprime	phxdaddy	1
15-May-2023	30d	amazonprime	LamoidZombieDog	1
15-May-2023	30d	amazonprime	anosmiasucks	1
15-May-2023	30d	amazonprime	randombullshit98	1
15-May-2023	30d	amazonprime	Jazzlike_Tennis_7036	1
15-May-2023	30d	amazonprime	DieUmEye	1
15-May-2023	30d	amazonprime	No_Seesaw_7881	1
15-May-2023	30d	amazonprime	wonka88	1
15-May-2023	30d	amazonprime	manicprisoner	1
15-May-2023	30d	amazonprime	mmar2311	1
15-May-2023	30d	amazonprime	ptw86	1
15-May-2023	30d	amazonprime	Throwaway87067	1
15-May-2023	30d	amazonprime	dskzz	1
15-May-2023	30d	amazonprime	beyondtheglobalnews	1
15-May-2023	30d	amazonprime	idonthavexbox	1
15-May-2023	30d	amazonprime	Wherehowwhat	1
15-May-2023	30d	amazonprime	Maleficent_Band1201	1
15-May-2023	30d	amazonprime	loris520_	1
15-May-2023	30d	amazonprime	Able-Ad-8679	1
15-May-2023	30d	amazonprime	khilji1604	1
15-May-2023	30d	amazonprime	Hefty_hampster	1
15-May-2023	30d	amazonprime	Culbrelai	1
15-May-2023	30d	amazonprime	UpsetSky8401	1
15-May-2023	30d	amazonprime	Majestic-Spirit-490	1
15-May-2023	30d	amazonprime	smilinjack96	1
15-May-2023	30d	amazonprime	EvanMcD3	1
15-May-2023	30d	amazonprime	wallstreetamc	1
15-May-2023	30d	amazonprime	houseofjanzen	1
15-May-2023	30d	amazonprime	Smart-Ad-3268	1
15-May-2023	30d	amazonprime	Big-Passenger-1375	1
15-May-2023	30d	amazonprime	ThrowRAIdiotMaestro	1
15-May-2023	30d	amazonprime	DontForgetThisName3	1
15-May-2023	30d	amazonprime	Bugadifin0	1
15-May-2023	30d	amazonprime	GhostOf_George_Floyd	1
15-May-2023	30d	amazonprime	Dazeelee	1
15-May-2023	30d	amazonprime	Beneficial-Winner-90	1
15-May-2023	30d	amazonprime	FortyTwoDonkeyBalls	1
15-May-2023	30d	amazonprime	Bitter_Awareness_992	1
15-May-2023	30d	amazonprime	BenjaminWinter	1
15-May-2023	30d	amazonprime	JesseLaces	1
15-May-2023	30d	amazonprime	slartybartvart	1
15-May-2023	30d	amazonprime	Cosmic_Kon	1
15-May-2023	30d	amazonprime	dryheat122	1
15-May-2023	30d	amazonprime	Marchesa-LuisaCasati	1
15-May-2023	30d	amazonprime	AGayFrogParadise	1
15-May-2023	30d	amazonprime	DeanDeanington	1
15-May-2023	30d	amazonprime	plant_protecc	1
15-May-2023	30d	amazonprime	ashtoocean	1
15-May-2023	30d	amazonprime	HairyFilm6942	1
15-May-2023	30d	amazonprime	lyraxinchuan	1
15-May-2023	30d	amazonprime	yeessiir	1
15-May-2023	30d	amazonprime	w_tejada	1
15-May-2023	30d	amazonprime	altysodyssey	1
15-May-2023	30d	amazonprime	PermissionWilling516	1
15-May-2023	30d	amazonprime	Elitealice	1
15-May-2023	30d	amazonprime	soifons	1
15-May-2023	30d	amazonprime	StampinHannah	1
15-May-2023	30d	amazonprime	venagnon	1
15-May-2023	30d	amazonprime	lil_squiddy_	1
15-May-2023	30d	amazonprime	SplishSploosh2000	1
