query_date,before_date,subreddit,comment_author,comment_frequency
17-Feb-2023,30d,amazonecho,Dansk72,53
17-Feb-2023,30d,amazonecho,brantome24,30
17-Feb-2023,30d,amazonecho,Wayne8766,25
17-Feb-2023,30d,amazonecho,Famous-Perspective-3,17
17-Feb-2023,30d,amazonecho,antisane,13
17-Feb-2023,30d,amazonecho,Top_Feedback_3059,11
17-Feb-2023,30d,amazonecho,Ok-Annual9252,10
17-Feb-2023,30d,amazonecho,Amichateur,10
17-Feb-2023,30d,amazonecho,Competitive_Classic9,10
17-Feb-2023,30d,amazonecho,mickAMMO,9
17-Feb-2023,30d,amazonecho,thelastofbill,9
17-Feb-2023,30d,amazonecho,Man_Bear_Beaver,8
17-Feb-2023,30d,amazonecho,Nexfero,8
17-Feb-2023,30d,amazonecho,DevMiser,7
17-Feb-2023,30d,amazonecho,Anianna,7
17-Feb-2023,30d,amazonecho,woody-99,7
17-Feb-2023,30d,amazonecho,Front_Huckleberry_93,7
17-Feb-2023,30d,amazonecho,gocard,7
17-Feb-2023,30d,amazonecho,TrustLeft,7
17-Feb-2023,30d,amazonecho,RedMapleBat,6
17-Feb-2023,30d,amazonecho,dalmarnock,6
17-Feb-2023,30d,amazonecho,cainoom,6
17-Feb-2023,30d,amazonecho,Affectionate-Ad-5315,6
17-Feb-2023,30d,amazonecho,gangsteroflove1,6
17-Feb-2023,30d,amazonecho,Teowulf,6
17-Feb-2023,30d,amazonecho,Finnzz,5
17-Feb-2023,30d,amazonecho,CpuJunky,5
17-Feb-2023,30d,amazonecho,stumbledotcom,5
17-Feb-2023,30d,amazonecho,ersan191,5
17-Feb-2023,30d,amazonecho,freelancerjourn,5
17-Feb-2023,30d,amazonecho,abeasom,5
17-Feb-2023,30d,amazonecho,TWYFAN97,5
17-Feb-2023,30d,amazonecho,PsychoInHell,5
17-Feb-2023,30d,amazonecho,nater255,5
17-Feb-2023,30d,amazonecho,Johnrtx94,4
17-Feb-2023,30d,amazonecho,SnowblindAlbino,4
17-Feb-2023,30d,amazonecho,benrules2,4
17-Feb-2023,30d,amazonecho,ddirgo,4
17-Feb-2023,30d,amazonecho,bluewolf37,4
17-Feb-2023,30d,amazonecho,_DarkLorde,4
17-Feb-2023,30d,amazonecho,bc097,4
17-Feb-2023,30d,amazonecho,9100,4
17-Feb-2023,30d,amazonecho,Bake_First,4
17-Feb-2023,30d,amazonecho,Kcmatt530,4
17-Feb-2023,30d,amazonecho,[deleted],4
17-Feb-2023,30d,amazonecho,Atty3000,4
17-Feb-2023,30d,amazonecho,limitless__,4
17-Feb-2023,30d,amazonecho,Tinsel-Fop,4
17-Feb-2023,30d,amazonecho,fancypantshorse,4
17-Feb-2023,30d,amazonecho,1Sambo,4
17-Feb-2023,30d,amazonecho,Jimmy_the_Heater,4
17-Feb-2023,30d,amazonecho,joejoe307,4
17-Feb-2023,30d,amazonecho,NicoRobin007,4
17-Feb-2023,30d,amazonecho,DrunkenGolfer,4
17-Feb-2023,30d,amazonecho,pc_light,4
17-Feb-2023,30d,amazonecho,iamhe02,4
17-Feb-2023,30d,amazonecho,jlbob,4
17-Feb-2023,30d,amazonecho,smartiesmartiepants,4
17-Feb-2023,30d,amazonecho,washburn100,3
17-Feb-2023,30d,amazonecho,dbhathcock,3
17-Feb-2023,30d,amazonecho,nogooduser,3
17-Feb-2023,30d,amazonecho,tuliusy2k,3
17-Feb-2023,30d,amazonecho,CassCat,3
17-Feb-2023,30d,amazonecho,baobab68,3
17-Feb-2023,30d,amazonecho,alexbro001,3
17-Feb-2023,30d,amazonecho,ThatsNoMoOnx,3
17-Feb-2023,30d,amazonecho,missionbeach,3
17-Feb-2023,30d,amazonecho,Reggie_Barclay,3
17-Feb-2023,30d,amazonecho,webs2slow4me,3
17-Feb-2023,30d,amazonecho,maybesailor1,3
17-Feb-2023,30d,amazonecho,breakneckridge,3
17-Feb-2023,30d,amazonecho,versaveaux,3
17-Feb-2023,30d,amazonecho,lunk,3
17-Feb-2023,30d,amazonecho,Staragox,3
17-Feb-2023,30d,amazonecho,medicated_in_PHL,3
17-Feb-2023,30d,amazonecho,SSBoe,3
17-Feb-2023,30d,amazonecho,caribou16,3
17-Feb-2023,30d,amazonecho,Skyyyyyyyler,3
17-Feb-2023,30d,amazonecho,warrior_79,3
17-Feb-2023,30d,amazonecho,metsfanapk,2
17-Feb-2023,30d,amazonecho,Glad-Conversation921,2
17-Feb-2023,30d,amazonecho,Certain_Weakness1873,2
17-Feb-2023,30d,amazonecho,Justice8878,2
17-Feb-2023,30d,amazonecho,sksureshkm,2
17-Feb-2023,30d,amazonecho,Leftstrat,2
17-Feb-2023,30d,amazonecho,FritzGman,2
17-Feb-2023,30d,amazonecho,GreyCrowDownTheLane,2
17-Feb-2023,30d,amazonecho,captpackrat,2
17-Feb-2023,30d,amazonecho,BLeeV1123,2
17-Feb-2023,30d,amazonecho,toinfinitiandbeyond,2
17-Feb-2023,30d,amazonecho,Nitz39,2
17-Feb-2023,30d,amazonecho,kuj0317,2
17-Feb-2023,30d,amazonecho,FatMacchio,2
17-Feb-2023,30d,amazonecho,Armand28,2
17-Feb-2023,30d,amazonecho,Real-Apartment-1130,2
17-Feb-2023,30d,amazonecho,Budget-Respect8502,2
17-Feb-2023,30d,amazonecho,ChipBeef2354,2
17-Feb-2023,30d,amazonecho,Dark_DoubleD,2
17-Feb-2023,30d,amazonecho,jleichtentritt,2
17-Feb-2023,30d,amazonecho,nofun-ebeeznest,2
17-Feb-2023,30d,amazonecho,HotterBurrito,2
17-Feb-2023,30d,amazonecho,RevertCommit,2
17-Feb-2023,30d,amazonecho,halluxx,2
17-Feb-2023,30d,amazonecho,flargenhargen,2
17-Feb-2023,30d,amazonecho,76_Dddge,2
17-Feb-2023,30d,amazonecho,rockmasterflex,2
17-Feb-2023,30d,amazonecho,G4M35,2
17-Feb-2023,30d,amazonecho,johnwayne2413,2
17-Feb-2023,30d,amazonecho,Imaginary-Lemon-2060,2
17-Feb-2023,30d,amazonecho,TheNorthernMunky,2
17-Feb-2023,30d,amazonecho,ThrillingHeroics85,2
17-Feb-2023,30d,amazonecho,botaine,2
17-Feb-2023,30d,amazonecho,mustarunallday,2
17-Feb-2023,30d,amazonecho,WhenMayCalls,2
17-Feb-2023,30d,amazonecho,hi_fiver,2
17-Feb-2023,30d,amazonecho,Scooter310,2
17-Feb-2023,30d,amazonecho,gnomfigli,2
17-Feb-2023,30d,amazonecho,trischelle,2
17-Feb-2023,30d,amazonecho,sithrone,2
17-Feb-2023,30d,amazonecho,infamousmdr,2
17-Feb-2023,30d,amazonecho,rcroche01,2
17-Feb-2023,30d,amazonecho,BigBongTheory42,2
17-Feb-2023,30d,amazonecho,AppropriateCloud5953,2
17-Feb-2023,30d,amazonecho,TraditionGlass2315,2
17-Feb-2023,30d,amazonecho,garetheves,2
17-Feb-2023,30d,amazonecho,krisiteenie56,2
17-Feb-2023,30d,amazonecho,LostPeon,2
17-Feb-2023,30d,amazonecho,moden_7,2
17-Feb-2023,30d,amazonecho,Junior72,2
17-Feb-2023,30d,amazonecho,Wiffle73,2
17-Feb-2023,30d,amazonecho,TarkusLV,2
17-Feb-2023,30d,amazonecho,ncdave,2
17-Feb-2023,30d,amazonecho,ebsebs,2
17-Feb-2023,30d,amazonecho,cocoako,2
17-Feb-2023,30d,amazonecho,accidentalhippie,2
17-Feb-2023,30d,amazonecho,jones_ro,2
17-Feb-2023,30d,amazonecho,FlyByPC,2
17-Feb-2023,30d,amazonecho,davelive2,2
17-Feb-2023,30d,amazonecho,YYCStorms,2
17-Feb-2023,30d,amazonecho,Phoeniyx,2
17-Feb-2023,30d,amazonecho,Signal_Body_8818,2
17-Feb-2023,30d,amazonecho,jayzilla75,2
17-Feb-2023,30d,amazonecho,dwfmba,2
17-Feb-2023,30d,amazonecho,captainhaz,2
17-Feb-2023,30d,amazonecho,nonameforyou1234,2
17-Feb-2023,30d,amazonecho,prix03gt,2
17-Feb-2023,30d,amazonecho,plattym3,2
17-Feb-2023,30d,amazonecho,Famous-Carpenter-275,2
17-Feb-2023,30d,amazonecho,Algeroo,2
17-Feb-2023,30d,amazonecho,Draconius,2
17-Feb-2023,30d,amazonecho,SirEnzyme,2
17-Feb-2023,30d,amazonecho,CFNikki,2
17-Feb-2023,30d,amazonecho,d0db0b,2
17-Feb-2023,30d,amazonecho,nikdahl,2
17-Feb-2023,30d,amazonecho,atistang,2
17-Feb-2023,30d,amazonecho,GryffindorTwr,2
17-Feb-2023,30d,amazonecho,we135b,2
17-Feb-2023,30d,amazonecho,steller22,2
17-Feb-2023,30d,amazonecho,jeffwi1,2
17-Feb-2023,30d,amazonecho,restrictednumber1996,2
17-Feb-2023,30d,amazonecho,Chronozis,2
17-Feb-2023,30d,amazonecho,goodstoner43,2
17-Feb-2023,30d,amazonecho,MechanicalWhispers,1
17-Feb-2023,30d,amazonecho,Cyberdog1983,1
17-Feb-2023,30d,amazonecho,Rodrogeorge,1
17-Feb-2023,30d,amazonecho,michael_grace_studio,1
17-Feb-2023,30d,amazonecho,ReallyNotMichaelsMom,1
17-Feb-2023,30d,amazonecho,MCLMelonFarmer,1
17-Feb-2023,30d,amazonecho,SaltTheRimG,1
17-Feb-2023,30d,amazonecho,verykoalified,1
17-Feb-2023,30d,amazonecho,cyclegals,1
17-Feb-2023,30d,amazonecho,TheOriginalHuh,1
17-Feb-2023,30d,amazonecho,FreshlyCleanedLinens,1
17-Feb-2023,30d,amazonecho,skydivinfoo,1
17-Feb-2023,30d,amazonecho,sylvar,1
17-Feb-2023,30d,amazonecho,tampabud20,1
17-Feb-2023,30d,amazonecho,y2kyster,1
17-Feb-2023,30d,amazonecho,rcook55,1
17-Feb-2023,30d,amazonecho,wockheartzz,1
17-Feb-2023,30d,amazonecho,mritty,1
17-Feb-2023,30d,amazonecho,scottwould,1
17-Feb-2023,30d,amazonecho,douger1957,1
17-Feb-2023,30d,amazonecho,Heptite,1
17-Feb-2023,30d,amazonecho,spudd3rs,1
17-Feb-2023,30d,amazonecho,mckle000ner,1
17-Feb-2023,30d,amazonecho,Greful,1
17-Feb-2023,30d,amazonecho,vinsterX,1
17-Feb-2023,30d,amazonecho,Stateswitness1,1
17-Feb-2023,30d,amazonecho,Beginning_Ask9699,1
17-Feb-2023,30d,amazonecho,Manasmit,1
17-Feb-2023,30d,amazonecho,Salvetron,1
17-Feb-2023,30d,amazonecho,Choice_Network_2462,1
17-Feb-2023,30d,amazonecho,incogenator,1
17-Feb-2023,30d,amazonecho,cosimo415,1
17-Feb-2023,30d,amazonecho,dotslash00,1
17-Feb-2023,30d,amazonecho,returnoftheflyingb,1
17-Feb-2023,30d,amazonecho,ebresie,1
17-Feb-2023,30d,amazonecho,kutta-j,1
17-Feb-2023,30d,amazonecho,jml5791,1
17-Feb-2023,30d,amazonecho,allancampbell3,1
17-Feb-2023,30d,amazonecho,Redditaccount95,1
17-Feb-2023,30d,amazonecho,Dtour77,1
17-Feb-2023,30d,amazonecho,daneyuleb,1
17-Feb-2023,30d,amazonecho,uglyspacepig,1
17-Feb-2023,30d,amazonecho,BigMoE65,1
17-Feb-2023,30d,amazonecho,ZaftigFeline,1
17-Feb-2023,30d,amazonecho,Impulse3000,1
17-Feb-2023,30d,amazonecho,Legitimate_Patience8,1
17-Feb-2023,30d,amazonecho,PorterQs,1
17-Feb-2023,30d,amazonecho,CC-1337,1
17-Feb-2023,30d,amazonecho,SnooFoxes582,1
17-Feb-2023,30d,amazonecho,ruggieroav,1
17-Feb-2023,30d,amazonecho,SaidWhatWhenHow,1
17-Feb-2023,30d,amazonecho,HarryBacchu5,1
17-Feb-2023,30d,amazonecho,SiriocazTheII,1
17-Feb-2023,30d,amazonecho,ditched_my_droid,1
17-Feb-2023,30d,amazonecho,Lmt-C,1
17-Feb-2023,30d,amazonecho,Williamgurney,1
17-Feb-2023,30d,amazonecho,PALLADlUM,1
17-Feb-2023,30d,amazonecho,Rentz3,1
17-Feb-2023,30d,amazonecho,SockDumpster,1
17-Feb-2023,30d,amazonecho,indg468,1
17-Feb-2023,30d,amazonecho,Susan_B_Good,1
17-Feb-2023,30d,amazonecho,Tauur,1
17-Feb-2023,30d,amazonecho,cloudiness,1
17-Feb-2023,30d,amazonecho,researcherRVA,1
17-Feb-2023,30d,amazonecho,jeweliegb,1
17-Feb-2023,30d,amazonecho,soloz2,1
17-Feb-2023,30d,amazonecho,buddhacuz,1
17-Feb-2023,30d,amazonecho,Opposite_Explorer293,1
17-Feb-2023,30d,amazonecho,simonannitsford,1
17-Feb-2023,30d,amazonecho,ShoCkEpic,1
17-Feb-2023,30d,amazonecho,surfrmonkey,1
17-Feb-2023,30d,amazonecho,lhymes,1
17-Feb-2023,30d,amazonecho,DreadGrrl,1
17-Feb-2023,30d,amazonecho,iAm6ix_God,1
17-Feb-2023,30d,amazonecho,drogueaf,1
17-Feb-2023,30d,amazonecho,peals2,1
17-Feb-2023,30d,amazonecho,Comp_C,1
17-Feb-2023,30d,amazonecho,vapeducator,1
17-Feb-2023,30d,amazonecho,HaloFrankie,1
17-Feb-2023,30d,amazonecho,Dapper-Prune-1226,1
17-Feb-2023,30d,amazonecho,breagerey,1
17-Feb-2023,30d,amazonecho,roadrageryan,1
17-Feb-2023,30d,amazonecho,bitch_has_manners,1
17-Feb-2023,30d,amazonecho,haikusbot,1
17-Feb-2023,30d,amazonecho,ChampagneLorraine,1
17-Feb-2023,30d,amazonecho,Skeletalbob,1
17-Feb-2023,30d,amazonecho,SpndyBoss,1
17-Feb-2023,30d,amazonecho,jonnnycashhh,1
17-Feb-2023,30d,amazonecho,Bookafish,1
17-Feb-2023,30d,amazonecho,thatweirdishguy,1
17-Feb-2023,30d,amazonecho,ElwoodJD,1
17-Feb-2023,30d,amazonecho,Tantrums-Cam1,1
17-Feb-2023,30d,amazonecho,Thrashman69,1
17-Feb-2023,30d,amazonecho,Rstz6699,1
17-Feb-2023,30d,amazonecho,Old-Business4647,1
17-Feb-2023,30d,amazonecho,Benaholicguy,1
17-Feb-2023,30d,amazonecho,Acceptable_Bank_5182,1
17-Feb-2023,30d,amazonecho,tdemer516,1
17-Feb-2023,30d,amazonecho,holtpj,1
17-Feb-2023,30d,amazonecho,kytulu,1
17-Feb-2023,30d,amazonecho,DPAmes1,1
17-Feb-2023,30d,amazonecho,josephmckenzie2020,1
17-Feb-2023,30d,amazonecho,polarfetus,1
17-Feb-2023,30d,amazonecho,stardust_____,1
17-Feb-2023,30d,amazonecho,grantnel2002,1
17-Feb-2023,30d,amazonecho,MyHusbandsAFarmer,1
17-Feb-2023,30d,amazonecho,Valorite,1
17-Feb-2023,30d,amazonecho,jhirschman,1
17-Feb-2023,30d,amazonecho,crazyoboe,1
17-Feb-2023,30d,amazonecho,paulsmt,1
17-Feb-2023,30d,amazonecho,elmoshrug,1
17-Feb-2023,30d,amazonecho,r0n1n2021,1
17-Feb-2023,30d,amazonecho,boxallw,1
17-Feb-2023,30d,amazonecho,Kangaroowrangler_02,1
17-Feb-2023,30d,amazonecho,Conundrum1911,1
17-Feb-2023,30d,amazonecho,Downrivergirl,1
17-Feb-2023,30d,amazonecho,sheepyone,1
17-Feb-2023,30d,amazonecho,Aggravated-by-alexa,1
17-Feb-2023,30d,amazonecho,NastyNate88,1
17-Feb-2023,30d,amazonecho,Laura9624,1
17-Feb-2023,30d,amazonecho,LoPanKnows,1
17-Feb-2023,30d,amazonecho,costacash,1
17-Feb-2023,30d,amazonecho,Lolo_Boss413,1
17-Feb-2023,30d,amazonecho,speciaIblend,1
17-Feb-2023,30d,amazonecho,A--Ryan,1
17-Feb-2023,30d,amazonecho,teotwawkiaiff,1
17-Feb-2023,30d,amazonecho,BetSimilar5669,1
17-Feb-2023,30d,amazonecho,heydarlindoyougamble,1
17-Feb-2023,30d,amazonecho,Nick_W1,1
17-Feb-2023,30d,amazonecho,Breaking-Dad-,1
17-Feb-2023,30d,amazonecho,TheGreatGoonzo,1
17-Feb-2023,30d,amazonecho,Sunnydogday,1
17-Feb-2023,30d,amazonecho,_Retired_,1
17-Feb-2023,30d,amazonecho,spetznatz,1
17-Feb-2023,30d,amazonecho,AXXXXXXXXA,1
17-Feb-2023,30d,amazonecho,MyCodesCompiling,1
17-Feb-2023,30d,amazonecho,Necessary_Meat_2557,1
17-Feb-2023,30d,amazonecho,Fogmoose,1
17-Feb-2023,30d,amazonecho,sooperbiggulp,1
17-Feb-2023,30d,amazonecho,darwinvsjc,1
17-Feb-2023,30d,amazonecho,Technical_Pack6018,1
17-Feb-2023,30d,amazonecho,Hell255,1
17-Feb-2023,30d,amazonecho,nascentt,1
17-Feb-2023,30d,amazonecho,Betamaletim,1
17-Feb-2023,30d,amazonecho,kobbifun,1
17-Feb-2023,30d,amazonecho,Lucky_dpm656,1
17-Feb-2023,30d,amazonecho,ollierosser,1
17-Feb-2023,30d,amazonecho,Outofmilkthrowaway,1
17-Feb-2023,30d,amazonecho,Novajesus,1
17-Feb-2023,30d,amazonecho,slawnz,1
17-Feb-2023,30d,amazonecho,peajay18,1
17-Feb-2023,30d,amazonecho,ahtigers10,1
17-Feb-2023,30d,amazonecho,Zell_Dinchet,1
17-Feb-2023,30d,amazonecho,CrazeeG,1
17-Feb-2023,30d,amazonecho,msu4two,1
17-Feb-2023,30d,amazonecho,netherfountain,1
17-Feb-2023,30d,amazonecho,gpb500,1
17-Feb-2023,30d,amazonecho,KevanGP,1
17-Feb-2023,30d,amazonecho,Two-finger-zinger,1
17-Feb-2023,30d,amazonecho,parksta1,1
17-Feb-2023,30d,amazonecho,RodolfoLeo,1
17-Feb-2023,30d,amazonecho,Maxamillion22030,1
17-Feb-2023,30d,amazonecho,theofficehussy,1
17-Feb-2023,30d,amazonecho,smdifansmfjsmsnd,1
17-Feb-2023,30d,amazonecho,AnTargaid,1
17-Feb-2023,30d,amazonecho,GeilerGandalf9699,1
17-Feb-2023,30d,amazonecho,suitablyRandom,1
17-Feb-2023,30d,amazonecho,blackhawk9101,1
17-Feb-2023,30d,amazonecho,romulusnr,1
17-Feb-2023,30d,amazonecho,poolking25,1
17-Feb-2023,30d,amazonecho,Clabs1,1
17-Feb-2023,30d,amazonecho,willdeliver4money,1
17-Feb-2023,30d,amazonecho,SCrane22,1
17-Feb-2023,30d,amazonecho,rgalos,1
17-Feb-2023,30d,amazonecho,Bennito83,1
17-Feb-2023,30d,amazonecho,P0we4S3rg,1
17-Feb-2023,30d,amazonecho,solthar,1
17-Feb-2023,30d,amazonecho,seanw2010,1
17-Feb-2023,30d,amazonecho,No-Cause-2405,1
17-Feb-2023,30d,amazonecho,Boris-Lip,1
17-Feb-2023,30d,amazonecho,PuzzleheadedSector2,1
17-Feb-2023,30d,amazonecho,darkseid001,1
17-Feb-2023,30d,amazonecho,unwelcomehum,1
17-Feb-2023,30d,amazonecho,Zgogery1,1
17-Feb-2023,30d,amazonecho,myroslav_opyr,1
17-Feb-2023,30d,amazonecho,HugsAllCats,1
17-Feb-2023,30d,amazonecho,Andsc,1
17-Feb-2023,30d,amazonecho,acucobol,1
17-Feb-2023,30d,amazonecho,AmputatorBot,1
17-Feb-2023,30d,amazonecho,Red217,1
17-Feb-2023,30d,amazonecho,stannc00,1
17-Feb-2023,30d,amazonecho,cwoodaus17,1
17-Feb-2023,30d,amazonecho,ImpressiveTrade1667,1
17-Feb-2023,30d,amazonecho,Gburg_06,1
17-Feb-2023,30d,amazonecho,RedditPoster05,1
17-Feb-2023,30d,amazonecho,Blindman2k17,1
17-Feb-2023,30d,amazonecho,Andrewz05,1
17-Feb-2023,30d,amazonecho,cyn00,1
17-Feb-2023,30d,amazonecho,marciltheshell,1
17-Feb-2023,30d,amazonecho,safi_is_tired,1
17-Feb-2023,30d,amazonecho,Medium_Entrepreneur7,1
17-Feb-2023,30d,amazonecho,ganyskool,1
17-Feb-2023,30d,amazonecho,sosen42,1
17-Feb-2023,30d,amazonecho,rcommins,1
17-Feb-2023,30d,amazonecho,bazfum,1
17-Feb-2023,30d,amazonecho,Holy_Banana_,1
17-Feb-2023,30d,amazonecho,PracticalArgument816,1
17-Feb-2023,30d,amazonecho,Redbeard821,1
17-Feb-2023,30d,amazonecho,SectorAlternative327,1
17-Feb-2023,30d,amazonecho,b1t0y,1
17-Feb-2023,30d,amazonecho,one80oneday,1
17-Feb-2023,30d,amazonecho,Adorable_Bottle65,1
17-Feb-2023,30d,amazonecho,CapnPhil,1
17-Feb-2023,30d,amazonecho,SnooPoems7739,1
17-Feb-2023,30d,amazonecho,DuxColgan,1
17-Feb-2023,30d,amazonecho,ChiefBroady,1
17-Feb-2023,30d,amazonecho,chengjih,1
17-Feb-2023,30d,amazonecho,Sick-tired-,1
17-Feb-2023,30d,amazonecho,Suspicious-Flight381,1
17-Feb-2023,30d,amazonecho,Opposite_Speaker_239,1
17-Feb-2023,30d,amazonecho,petedee,1
17-Feb-2023,30d,amazonecho,twitchHUNTR,1
17-Feb-2023,30d,amazonecho,gnawgnaw11,1
17-Feb-2023,30d,amazonecho,krisiteenie,1
17-Feb-2023,30d,amazonecho,fleshinachair,1
17-Feb-2023,30d,amazonecho,refreshthezest,1
17-Feb-2023,30d,amazonecho,BaconKittens,1
17-Feb-2023,30d,amazonecho,Miles2Discover,1
17-Feb-2023,30d,amazonecho,unwritten_gamer,1
17-Feb-2023,30d,amazonecho,Zouden,1
17-Feb-2023,30d,amazonecho,ALittleToTheMiddle,1
17-Feb-2023,30d,amazonecho,CielSairento,1
17-Feb-2023,30d,amazonecho,frizGiz,1
17-Feb-2023,30d,amazonecho,AirLate7646,1
17-Feb-2023,30d,amazonecho,Tmbaladdin,1
17-Feb-2023,30d,amazonecho,tinybilbo,1
17-Feb-2023,30d,amazonecho,djgurr,1
17-Feb-2023,30d,amazonecho,jonlubbe,1
17-Feb-2023,30d,amazonecho,nondescriptaccount89,1
17-Feb-2023,30d,amazonecho,CaptBrett,1
17-Feb-2023,30d,amazonecho,Short_Guy1104,1
17-Feb-2023,30d,amazonecho,x_all,1
17-Feb-2023,30d,amazonecho,TheSkiGeek,1
17-Feb-2023,30d,amazonecho,imoftendisgruntled,1
17-Feb-2023,30d,amazonecho,XavierVE,1
17-Feb-2023,30d,amazonecho,ERD0C,1
17-Feb-2023,30d,amazonecho,Disastrous_Low1426,1
17-Feb-2023,30d,amazonecho,michael_p,1
17-Feb-2023,30d,amazonecho,WallyJade,1
17-Feb-2023,30d,amazonecho,gennym,1
17-Feb-2023,30d,amazonecho,zehat,1
17-Feb-2023,30d,amazonecho,Wolfie_Rankin,1
17-Feb-2023,30d,amazonecho,crazyherb,1
17-Feb-2023,30d,amazonecho,Beartunes_MA,1
17-Feb-2023,30d,amazonecho,Buelldozer,1
17-Feb-2023,30d,amazonecho,Lost_in_the_world_,1
17-Feb-2023,30d,amazonecho,Watashifr,1
17-Feb-2023,30d,amazonecho,ssoocc,1
17-Feb-2023,30d,amazonecho,Ch1huahuaDaddy,1
17-Feb-2023,30d,amazonecho,deadplant5,1
17-Feb-2023,30d,amazonecho,MilleyD1700,1
17-Feb-2023,30d,amazonecho,Kapalaka,1
17-Feb-2023,30d,amazonecho,officefan86,1
17-Feb-2023,30d,amazonecho,Duke_Widehose,1
17-Feb-2023,30d,amazonecho,Q3a_destiny,1
17-Feb-2023,30d,amazonecho,Reuberg,1
17-Feb-2023,30d,amazonecho,Smol-Hedgehog55,1
17-Feb-2023,30d,amazonecho,Tied_true,1
17-Feb-2023,30d,amazonecho,skittles_for_brains,1
17-Feb-2023,30d,amazonecho,zestypurplecatalyst,1
17-Feb-2023,30d,amazonecho,patcatpat,1
17-Feb-2023,30d,amazonecho,offordscott,1
17-Feb-2023,30d,amazonecho,Short_Woodpecker1331,1
17-Feb-2023,30d,amazonecho,created4this,1
17-Feb-2023,30d,amazonecho,DangerB0y,1
17-Feb-2023,30d,amazonecho,Francy088,1
17-Feb-2023,30d,amazonecho,Pancake_Nom,1
17-Feb-2023,30d,amazonecho,lonestar-rasbryjamco,1
17-Feb-2023,30d,amazonecho,grrandy,1
17-Feb-2023,30d,amazonecho,idcthatubrokeurlbow,1
17-Feb-2023,30d,amazonecho,Purge117,1
17-Feb-2023,30d,amazonecho,Vlad_the_Homeowner,1
17-Feb-2023,30d,amazonecho,_Paranormal,1
17-Feb-2023,30d,amazonecho,grahampc,1
17-Feb-2023,30d,amazonecho,Human_Yam1500,1
17-Feb-2023,30d,amazonecho,vbrider,1
17-Feb-2023,30d,amazonecho,mabezard,1
17-Feb-2023,30d,amazonecho,airmandan,1
17-Feb-2023,30d,amazonecho,High_Castell,1
17-Feb-2023,30d,amazonecho,TheTravelingShow,1
17-Feb-2023,30d,amazonecho,GivesBadAdvic,1
17-Feb-2023,30d,amazonecho,billyjar,1
17-Feb-2023,30d,amazonecho,CanIGoHomeYet,1
17-Feb-2023,30d,amazonecho,JamaicanKyng,1
17-Feb-2023,30d,amazonecho,Lafateverything,1
17-Feb-2023,30d,amazonecho,Federal_View_8052,1
17-Feb-2023,30d,amazonecho,aja_ramirez,1
17-Feb-2023,30d,amazonecho,CaterpillarNo9884,1
17-Feb-2023,30d,amazonecho,KenEsq,1
17-Feb-2023,30d,amazonecho,GIDAMIEN,1
17-Feb-2023,30d,amazonecho,dblagbro,1
17-Feb-2023,30d,amazonecho,dullgreyrobot,1
17-Feb-2023,30d,amazonecho,silverfox771,1
17-Feb-2023,30d,amazonecho,-Aspirin,1
17-Feb-2023,30d,amazonecho,blackdragon6547,1
17-Feb-2023,30d,amazonecho,YogurtFOOBbiittcchh,1
17-Feb-2023,30d,amazonecho,PrudentDamage600,1
17-Feb-2023,30d,amazonecho,Mvgossman,1
17-Feb-2023,30d,amazonecho,Shirvana,1
17-Feb-2023,30d,amazonecho,chump29,1
17-Feb-2023,30d,amazonecho,bebeluiz,1
17-Feb-2023,30d,amazonecho,National-Meringue691,1
17-Feb-2023,30d,amazonecho,hab136,1
17-Feb-2023,30d,amazonecho,crujones33,1
17-Feb-2023,30d,amazonecho,Rice_Eater483,1
17-Feb-2023,30d,amazonecho,metswon2,1
17-Feb-2023,30d,amazonecho,codewolf,1
17-Feb-2023,30d,amazonecho,anonymiz123,1
17-Feb-2023,30d,amazonecho,edd189,1
17-Feb-2023,30d,amazonecho,bryanlogan,1
17-Feb-2023,30d,amazonecho,kresbok,1
17-Feb-2023,30d,amazonecho,Responsible-Ad571,1
17-Feb-2023,30d,amazonecho,ryan8344,1
17-Feb-2023,30d,amazonecho,heynowmisterbrowncow,1
17-Feb-2023,30d,amazonecho,Lafter_ND,1
17-Feb-2023,30d,amazonecho,throwingitaway284629,1
17-Feb-2023,30d,amazonecho,sillymillie2017,1
17-Feb-2023,30d,amazonecho,zolakk,1
17-Feb-2023,30d,amazonecho,otakuguy77,1
17-Feb-2023,30d,amazonecho,dengorc,1
17-Feb-2023,30d,amazonecho,TheRealMaxProphet,1
17-Feb-2023,30d,amazonecho,TerrifiedRedneck,1
17-Feb-2023,30d,amazonecho,Caendryl,1
17-Feb-2023,30d,amazonecho,tristiansimon,1
17-Feb-2023,30d,amazonecho,CorectHorseBtryStple,1
17-Feb-2023,30d,amazonecho,Philmehew,1
17-Feb-2023,30d,amazonecho,laustcozz,1
17-Feb-2023,30d,amazonecho,WhatsUrPinNumber,1
17-Feb-2023,30d,amazonecho,burritohomeboy,1
