query_date,before_date,subreddit,comment_author,comment_frequency
17-Feb-2023,100d,amazonecho,Dansk72,86
17-Feb-2023,100d,amazonecho,brantome24,25
17-Feb-2023,100d,amazonecho,dalmarnock,24
17-Feb-2023,100d,amazonecho,Famous-Perspective-3,13
17-Feb-2023,100d,amazonecho,Certain_Weakness1873,13
17-Feb-2023,100d,amazonecho,thegreatestajax,13
17-Feb-2023,100d,amazonecho,SciFi_Author,12
17-Feb-2023,100d,amazonecho,[deleted],10
17-Feb-2023,100d,amazonecho,Finnzz,10
17-Feb-2023,100d,amazonecho,stevenomes,9
17-Feb-2023,100d,amazonecho,kazmeyer23,9
17-Feb-2023,100d,amazonecho,zerozed,9
17-Feb-2023,100d,amazonecho,Wayne8766,8
17-Feb-2023,100d,amazonecho,RedMapleBat,8
17-Feb-2023,100d,amazonecho,TrustLeft,8
17-Feb-2023,100d,amazonecho,Sp1r1tofg0nz0,8
17-Feb-2023,100d,amazonecho,RamenJunkie,7
17-Feb-2023,100d,amazonecho,Three04,7
17-Feb-2023,100d,amazonecho,Drew_In_Georgia,7
17-Feb-2023,100d,amazonecho,cybershawngates,7
17-Feb-2023,100d,amazonecho,SunniMonkey,7
17-Feb-2023,100d,amazonecho,ozyx7,7
17-Feb-2023,100d,amazonecho,peter888chan,6
17-Feb-2023,100d,amazonecho,dbhathcock,6
17-Feb-2023,100d,amazonecho,flargenhargen,6
17-Feb-2023,100d,amazonecho,Fred_Smythe,6
17-Feb-2023,100d,amazonecho,val319,6
17-Feb-2023,100d,amazonecho,80andsunny,6
17-Feb-2023,100d,amazonecho,aRandomSam,5
17-Feb-2023,100d,amazonecho,ChipBeef2354,5
17-Feb-2023,100d,amazonecho,DiamondplateDave,5
17-Feb-2023,100d,amazonecho,SuperFLEB,5
17-Feb-2023,100d,amazonecho,Ambassador-Patient,5
17-Feb-2023,100d,amazonecho,Miamipoker,5
17-Feb-2023,100d,amazonecho,mmdieter,4
17-Feb-2023,100d,amazonecho,rockmasterflex,4
17-Feb-2023,100d,amazonecho,Late-Entrepreneur920,4
17-Feb-2023,100d,amazonecho,Or0b0ur0s,4
17-Feb-2023,100d,amazonecho,CaptainCheezelz,4
17-Feb-2023,100d,amazonecho,LordDabz710,4
17-Feb-2023,100d,amazonecho,xZTrdNVNizab4zLWEynB,4
17-Feb-2023,100d,amazonecho,OkGurlBye,4
17-Feb-2023,100d,amazonecho,Drakknfyre,4
17-Feb-2023,100d,amazonecho,Oguinjr,4
17-Feb-2023,100d,amazonecho,Next-Nobody-745,4
17-Feb-2023,100d,amazonecho,minicoope2,4
17-Feb-2023,100d,amazonecho,dfgooner,4
17-Feb-2023,100d,amazonecho,Nonni_T,4
17-Feb-2023,100d,amazonecho,cheeseburgerfists,4
17-Feb-2023,100d,amazonecho,jncc,4
17-Feb-2023,100d,amazonecho,smokejonnypot,4
17-Feb-2023,100d,amazonecho,BeardedSnorlaxx,4
17-Feb-2023,100d,amazonecho,NumerousRelease9887,3
17-Feb-2023,100d,amazonecho,You_Yew_Ewe,3
17-Feb-2023,100d,amazonecho,some12345thing,3
17-Feb-2023,100d,amazonecho,Smart-Time6212,3
17-Feb-2023,100d,amazonecho,Philmehew,3
17-Feb-2023,100d,amazonecho,Nexfero,3
17-Feb-2023,100d,amazonecho,capecoderrr,3
17-Feb-2023,100d,amazonecho,Razgriz_3_,3
17-Feb-2023,100d,amazonecho,antlestxp,3
17-Feb-2023,100d,amazonecho,See_Ya_Suckaz,3
17-Feb-2023,100d,amazonecho,HannesCLP,3
17-Feb-2023,100d,amazonecho,JOVIsxD,3
17-Feb-2023,100d,amazonecho,ATipsyBunny,3
17-Feb-2023,100d,amazonecho,Gr8pes,3
17-Feb-2023,100d,amazonecho,Iangh007,3
17-Feb-2023,100d,amazonecho,Nick_W1,3
17-Feb-2023,100d,amazonecho,clfams,3
17-Feb-2023,100d,amazonecho,mhoner,3
17-Feb-2023,100d,amazonecho,decimalharmony,3
17-Feb-2023,100d,amazonecho,mdeller,3
17-Feb-2023,100d,amazonecho,aztekincarnate,3
17-Feb-2023,100d,amazonecho,Baremegigjen,3
17-Feb-2023,100d,amazonecho,shenmue151,3
17-Feb-2023,100d,amazonecho,Acrobatic-Card9494,3
17-Feb-2023,100d,amazonecho,Krypto_dg,3
17-Feb-2023,100d,amazonecho,JoeTRed61,3
17-Feb-2023,100d,amazonecho,Western_Shirt_570,3
17-Feb-2023,100d,amazonecho,TheRealFarmerBob,3
17-Feb-2023,100d,amazonecho,jeffbaier,3
17-Feb-2023,100d,amazonecho,Lynn_L,3
17-Feb-2023,100d,amazonecho,ShimReturns,3
17-Feb-2023,100d,amazonecho,douglas_in_philly,3
17-Feb-2023,100d,amazonecho,mysickfix,3
17-Feb-2023,100d,amazonecho,tarzan_nojane,3
17-Feb-2023,100d,amazonecho,Outrager,3
17-Feb-2023,100d,amazonecho,skittlesarevittles,3
17-Feb-2023,100d,amazonecho,stumbledotcom,2
17-Feb-2023,100d,amazonecho,MarioDF,2
17-Feb-2023,100d,amazonecho,Alphaomegalife,2
17-Feb-2023,100d,amazonecho,cpsterndog,2
17-Feb-2023,100d,amazonecho,iniflonra,2
17-Feb-2023,100d,amazonecho,Filklore,2
17-Feb-2023,100d,amazonecho,doronbubi,2
17-Feb-2023,100d,amazonecho,axw3555,2
17-Feb-2023,100d,amazonecho,Jaceholt,2
17-Feb-2023,100d,amazonecho,LongShotE81,2
17-Feb-2023,100d,amazonecho,_SB1_,2
17-Feb-2023,100d,amazonecho,dizzoknows,2
17-Feb-2023,100d,amazonecho,NeuroDawg,2
17-Feb-2023,100d,amazonecho,smartgeekhome,2
17-Feb-2023,100d,amazonecho,n8mahr81,2
17-Feb-2023,100d,amazonecho,Marvin2021,2
17-Feb-2023,100d,amazonecho,vinnayar,2
17-Feb-2023,100d,amazonecho,OSUBrit,2
17-Feb-2023,100d,amazonecho,jak7774,2
17-Feb-2023,100d,amazonecho,ramenpigeon,2
17-Feb-2023,100d,amazonecho,WOPRAtari,2
17-Feb-2023,100d,amazonecho,nickleinonen,2
17-Feb-2023,100d,amazonecho,Actual_Steak1107,2
17-Feb-2023,100d,amazonecho,sillymillie2017,2
17-Feb-2023,100d,amazonecho,ragtopsluvr,2
17-Feb-2023,100d,amazonecho,raeaa,2
17-Feb-2023,100d,amazonecho,Aggravated-by-alexa,2
17-Feb-2023,100d,amazonecho,FocussedXMAN,2
17-Feb-2023,100d,amazonecho,RAREfiend,2
17-Feb-2023,100d,amazonecho,jedbass,2
17-Feb-2023,100d,amazonecho,MintyMods,2
17-Feb-2023,100d,amazonecho,jdizzle091,2
17-Feb-2023,100d,amazonecho,Geekygamertag,2
17-Feb-2023,100d,amazonecho,marticored,2
17-Feb-2023,100d,amazonecho,Quiet_Cup_5168,2
17-Feb-2023,100d,amazonecho,Chris52501,2
17-Feb-2023,100d,amazonecho,ddr2sodimm,2
17-Feb-2023,100d,amazonecho,sleepless007,2
17-Feb-2023,100d,amazonecho,keeptheshoes,2
17-Feb-2023,100d,amazonecho,Infamous-Scarecity,2
17-Feb-2023,100d,amazonecho,cuzfail,2
17-Feb-2023,100d,amazonecho,Sneckster,2
17-Feb-2023,100d,amazonecho,Zeta_Crossfire,2
17-Feb-2023,100d,amazonecho,MaineWu,2
17-Feb-2023,100d,amazonecho,annetoal,2
17-Feb-2023,100d,amazonecho,Direct-Dare-2648,2
17-Feb-2023,100d,amazonecho,rugdg13,2
17-Feb-2023,100d,amazonecho,papabear42,2
17-Feb-2023,100d,amazonecho,Makelovenotwar-1234,2
17-Feb-2023,100d,amazonecho,Chuckwurt,2
17-Feb-2023,100d,amazonecho,theotherbrj,2
17-Feb-2023,100d,amazonecho,wyndstryke,2
17-Feb-2023,100d,amazonecho,clord420,2
17-Feb-2023,100d,amazonecho,PFeezzy,2
17-Feb-2023,100d,amazonecho,CincyStout,2
17-Feb-2023,100d,amazonecho,wenglish98,2
17-Feb-2023,100d,amazonecho,ShodanLieu,2
17-Feb-2023,100d,amazonecho,Psychological-Cat212,2
17-Feb-2023,100d,amazonecho,X2c4me,2
17-Feb-2023,100d,amazonecho,CapeManiac,2
17-Feb-2023,100d,amazonecho,BadDecisionPolice,2
17-Feb-2023,100d,amazonecho,Sinitron2000,2
17-Feb-2023,100d,amazonecho,AdPrestigious9078,2
17-Feb-2023,100d,amazonecho,dandu3,2
17-Feb-2023,100d,amazonecho,Aleria-Star,2
17-Feb-2023,100d,amazonecho,Zesher_,2
17-Feb-2023,100d,amazonecho,jsabo,2
17-Feb-2023,100d,amazonecho,TheShortBus5000,2
17-Feb-2023,100d,amazonecho,daninDE,2
17-Feb-2023,100d,amazonecho,gunfox,2
17-Feb-2023,100d,amazonecho,FloatingPencil,2
17-Feb-2023,100d,amazonecho,officialjosefff,2
17-Feb-2023,100d,amazonecho,Kravos76,2
17-Feb-2023,100d,amazonecho,Bregvist,1
17-Feb-2023,100d,amazonecho,IAmA_Risky_Click_AMA,1
17-Feb-2023,100d,amazonecho,FatMacchio,1
17-Feb-2023,100d,amazonecho,krunchee,1
17-Feb-2023,100d,amazonecho,toinfinitiandbeyond,1
17-Feb-2023,100d,amazonecho,Stri-Daddy,1
17-Feb-2023,100d,amazonecho,sithelephant,1
17-Feb-2023,100d,amazonecho,mattlick12,1
17-Feb-2023,100d,amazonecho,cuppycakeofpain,1
17-Feb-2023,100d,amazonecho,jrosekonungrinn,1
17-Feb-2023,100d,amazonecho,Fluffy-Net-2836,1
17-Feb-2023,100d,amazonecho,nikdahl,1
17-Feb-2023,100d,amazonecho,Zouden,1
17-Feb-2023,100d,amazonecho,KingZakyu,1
17-Feb-2023,100d,amazonecho,diymatt,1
17-Feb-2023,100d,amazonecho,toe_6969,1
17-Feb-2023,100d,amazonecho,PorkAmbassador,1
17-Feb-2023,100d,amazonecho,Whornz4,1
17-Feb-2023,100d,amazonecho,oldbaldhead,1
17-Feb-2023,100d,amazonecho,Snake1856,1
17-Feb-2023,100d,amazonecho,Sphericjewel656,1
17-Feb-2023,100d,amazonecho,p3dal,1
17-Feb-2023,100d,amazonecho,Lotus2007,1
17-Feb-2023,100d,amazonecho,wtfmatey88,1
17-Feb-2023,100d,amazonecho,Fiyero109,1
17-Feb-2023,100d,amazonecho,j33pwrangler,1
17-Feb-2023,100d,amazonecho,09Klr650,1
17-Feb-2023,100d,amazonecho,LLcoolJimbo,1
17-Feb-2023,100d,amazonecho,ElisabethR85,1
17-Feb-2023,100d,amazonecho,decker12,1
17-Feb-2023,100d,amazonecho,geogle,1
17-Feb-2023,100d,amazonecho,shenaniganrogue,1
17-Feb-2023,100d,amazonecho,pastafusilli,1
17-Feb-2023,100d,amazonecho,Which_Journalist_344,1
17-Feb-2023,100d,amazonecho,traderofkind,1
17-Feb-2023,100d,amazonecho,imoftendisgruntled,1
17-Feb-2023,100d,amazonecho,Amazing_Football636,1
17-Feb-2023,100d,amazonecho,nathanls14,1
17-Feb-2023,100d,amazonecho,dapnmp,1
17-Feb-2023,100d,amazonecho,MerC47,1
17-Feb-2023,100d,amazonecho,BananaPants430,1
17-Feb-2023,100d,amazonecho,Evylrat,1
17-Feb-2023,100d,amazonecho,salzian,1
17-Feb-2023,100d,amazonecho,brandjihad,1
17-Feb-2023,100d,amazonecho,baobab68,1
17-Feb-2023,100d,amazonecho,Additional_Scheme696,1
17-Feb-2023,100d,amazonecho,slawnz,1
17-Feb-2023,100d,amazonecho,karnett69,1
17-Feb-2023,100d,amazonecho,nogooduser,1
17-Feb-2023,100d,amazonecho,Reynk1,1
17-Feb-2023,100d,amazonecho,SwiftOneSpeaks,1
17-Feb-2023,100d,amazonecho,anonymiz123,1
17-Feb-2023,100d,amazonecho,Neighbortim,1
17-Feb-2023,100d,amazonecho,horizontalcracker,1
17-Feb-2023,100d,amazonecho,Beb_Nan0vor,1
17-Feb-2023,100d,amazonecho,Hungry_Caterpillar9,1
17-Feb-2023,100d,amazonecho,cannedshrimp,1
17-Feb-2023,100d,amazonecho,J-COE,1
17-Feb-2023,100d,amazonecho,Varimir,1
17-Feb-2023,100d,amazonecho,The1TrueMuffinMan,1
17-Feb-2023,100d,amazonecho,Enos316,1
17-Feb-2023,100d,amazonecho,Marauder2,1
17-Feb-2023,100d,amazonecho,MichaelScarnTLM,1
17-Feb-2023,100d,amazonecho,riegersn,1
17-Feb-2023,100d,amazonecho,JustSomeUsername99,1
17-Feb-2023,100d,amazonecho,JawnAdamSmith,1
17-Feb-2023,100d,amazonecho,nabrok,1
17-Feb-2023,100d,amazonecho,xemity,1
17-Feb-2023,100d,amazonecho,Splyce123,1
17-Feb-2023,100d,amazonecho,pixeljammer,1
17-Feb-2023,100d,amazonecho,oportoman,1
17-Feb-2023,100d,amazonecho,konradbjk,1
17-Feb-2023,100d,amazonecho,idsardi,1
17-Feb-2023,100d,amazonecho,Dinsdale87,1
17-Feb-2023,100d,amazonecho,Shot-Mountain-6511,1
17-Feb-2023,100d,amazonecho,SkorMT,1
17-Feb-2023,100d,amazonecho,Nero8762,1
17-Feb-2023,100d,amazonecho,Woodzy17,1
17-Feb-2023,100d,amazonecho,oonicrafts,1
17-Feb-2023,100d,amazonecho,Justwanttocomment30,1
17-Feb-2023,100d,amazonecho,Behbista,1
17-Feb-2023,100d,amazonecho,EverReddyKilowatt,1
17-Feb-2023,100d,amazonecho,ReddaMcUpvote,1
17-Feb-2023,100d,amazonecho,Scooter310,1
17-Feb-2023,100d,amazonecho,thecaptmorgan,1
17-Feb-2023,100d,amazonecho,kgwright,1
17-Feb-2023,100d,amazonecho,silverfox771,1
17-Feb-2023,100d,amazonecho,TLMoss,1
17-Feb-2023,100d,amazonecho,dracic,1
17-Feb-2023,100d,amazonecho,TheMechagodzilla,1
17-Feb-2023,100d,amazonecho,redenno,1
17-Feb-2023,100d,amazonecho,JoeKiv,1
17-Feb-2023,100d,amazonecho,normal2norman,1
17-Feb-2023,100d,amazonecho,Fill-E-Cheez,1
17-Feb-2023,100d,amazonecho,JungstarRock,1
17-Feb-2023,100d,amazonecho,PM_COFFEE_TO_ME,1
17-Feb-2023,100d,amazonecho,Long_Assistance3804,1
17-Feb-2023,100d,amazonecho,Smart-Home-Labs,1
17-Feb-2023,100d,amazonecho,_Cromwell_,1
17-Feb-2023,100d,amazonecho,carymb,1
17-Feb-2023,100d,amazonecho,Scarab138,1
17-Feb-2023,100d,amazonecho,shorttermthinker,1
17-Feb-2023,100d,amazonecho,Abject_Specialist__,1
17-Feb-2023,100d,amazonecho,Guennieshubby,1
17-Feb-2023,100d,amazonecho,badwolf42,1
17-Feb-2023,100d,amazonecho,honestFeedback,1
17-Feb-2023,100d,amazonecho,ashypants82,1
17-Feb-2023,100d,amazonecho,Perfect-Lengthiness5,1
17-Feb-2023,100d,amazonecho,adamskate123,1
17-Feb-2023,100d,amazonecho,DaddyNinjaShark,1
17-Feb-2023,100d,amazonecho,tomscharf,1
17-Feb-2023,100d,amazonecho,cantthinkofone12,1
17-Feb-2023,100d,amazonecho,Clinty76,1
17-Feb-2023,100d,amazonecho,dmills13f,1
17-Feb-2023,100d,amazonecho,jollytoenail,1
17-Feb-2023,100d,amazonecho,desbak,1
17-Feb-2023,100d,amazonecho,Careful_Plastic_2992,1
17-Feb-2023,100d,amazonecho,wkomorow,1
17-Feb-2023,100d,amazonecho,Various_Ad3528,1
17-Feb-2023,100d,amazonecho,KipperUK,1
17-Feb-2023,100d,amazonecho,atapla,1
17-Feb-2023,100d,amazonecho,mirdragon,1
17-Feb-2023,100d,amazonecho,eljefe3030,1
17-Feb-2023,100d,amazonecho,knarf619,1
17-Feb-2023,100d,amazonecho,SirEnzyme,1
17-Feb-2023,100d,amazonecho,Occult-Beast,1
17-Feb-2023,100d,amazonecho,nasbkrv,1
17-Feb-2023,100d,amazonecho,Drunken_Economist,1
17-Feb-2023,100d,amazonecho,memacyoucle,1
17-Feb-2023,100d,amazonecho,wkearney99,1
17-Feb-2023,100d,amazonecho,BooksAremyJam66,1
17-Feb-2023,100d,amazonecho,PusssyFart,1
17-Feb-2023,100d,amazonecho,michaelboman,1
17-Feb-2023,100d,amazonecho,theHotDogPolicy,1
17-Feb-2023,100d,amazonecho,EyesLikeBuscemi,1
17-Feb-2023,100d,amazonecho,Anaxagoras23,1
17-Feb-2023,100d,amazonecho,Icy-Effort-4032,1
17-Feb-2023,100d,amazonecho,deduplication,1
17-Feb-2023,100d,amazonecho,gonecramping,1
17-Feb-2023,100d,amazonecho,BrianDerm,1
17-Feb-2023,100d,amazonecho,marysm,1
17-Feb-2023,100d,amazonecho,missionbeach,1
17-Feb-2023,100d,amazonecho,ron_mcphatty,1
17-Feb-2023,100d,amazonecho,mrBill12,1
17-Feb-2023,100d,amazonecho,thetimbersquad2,1
17-Feb-2023,100d,amazonecho,jdobem,1
17-Feb-2023,100d,amazonecho,Puzzleheaded-Ad-7320,1
17-Feb-2023,100d,amazonecho,Senior_Act_7983,1
17-Feb-2023,100d,amazonecho,CapgrasDelusion,1
17-Feb-2023,100d,amazonecho,vaultedemotions,1
17-Feb-2023,100d,amazonecho,y0rkiebar,1
17-Feb-2023,100d,amazonecho,nonameforyou1234,1
17-Feb-2023,100d,amazonecho,Helpful_Put_5274,1
17-Feb-2023,100d,amazonecho,No_Internet5666,1
17-Feb-2023,100d,amazonecho,Davy49,1
17-Feb-2023,100d,amazonecho,Questabond,1
17-Feb-2023,100d,amazonecho,Rosemoorstreet,1
17-Feb-2023,100d,amazonecho,spinkxy,1
17-Feb-2023,100d,amazonecho,realStuvis,1
17-Feb-2023,100d,amazonecho,0lhe,1
17-Feb-2023,100d,amazonecho,capaz_que_si,1
17-Feb-2023,100d,amazonecho,awesomefacedave,1
17-Feb-2023,100d,amazonecho,caseyrobinson2,1
17-Feb-2023,100d,amazonecho,L00mis,1
17-Feb-2023,100d,amazonecho,GreatOther7,1
17-Feb-2023,100d,amazonecho,mwbbrown,1
17-Feb-2023,100d,amazonecho,txdline,1
17-Feb-2023,100d,amazonecho,Budget-Respect8502,1
17-Feb-2023,100d,amazonecho,Finkle33,1
17-Feb-2023,100d,amazonecho,Stt022,1
17-Feb-2023,100d,amazonecho,OrderOfZune,1
17-Feb-2023,100d,amazonecho,erosdiem2,1
17-Feb-2023,100d,amazonecho,anodyne88,1
17-Feb-2023,100d,amazonecho,BatArtistic5908,1
17-Feb-2023,100d,amazonecho,AndyR987654,1
17-Feb-2023,100d,amazonecho,caranacas,1
17-Feb-2023,100d,amazonecho,Recent-Violinist-855,1
17-Feb-2023,100d,amazonecho,___whoops___,1
17-Feb-2023,100d,amazonecho,Paid-Not-Payed-Bot,1
17-Feb-2023,100d,amazonecho,tntwhite,1
17-Feb-2023,100d,amazonecho,Highbreeed,1
17-Feb-2023,100d,amazonecho,jmhumr,1
17-Feb-2023,100d,amazonecho,radiowave911,1
17-Feb-2023,100d,amazonecho,Realistic-Sea-1764,1
17-Feb-2023,100d,amazonecho,saltinesurfer,1
17-Feb-2023,100d,amazonecho,Earthlings2002,1
17-Feb-2023,100d,amazonecho,brassmastertom,1
17-Feb-2023,100d,amazonecho,hammond_egger,1
17-Feb-2023,100d,amazonecho,goyney,1
17-Feb-2023,100d,amazonecho,T_TChaos,1
17-Feb-2023,100d,amazonecho,gracielynn72,1
17-Feb-2023,100d,amazonecho,ohio_medic,1
17-Feb-2023,100d,amazonecho,_0DIN-,1
17-Feb-2023,100d,amazonecho,dschie,1
17-Feb-2023,100d,amazonecho,igo4vols2,1
17-Feb-2023,100d,amazonecho,Lyranea,1
17-Feb-2023,100d,amazonecho,DavidDunne,1
17-Feb-2023,100d,amazonecho,atlbskymm,1
17-Feb-2023,100d,amazonecho,Unhappy-Future-6689,1
17-Feb-2023,100d,amazonecho,1lostm4n,1
17-Feb-2023,100d,amazonecho,Express-Jump-8214,1
17-Feb-2023,100d,amazonecho,Squabsy,1
17-Feb-2023,100d,amazonecho,MissRockNerd,1
17-Feb-2023,100d,amazonecho,theofficehussy,1
17-Feb-2023,100d,amazonecho,EpisodicDoleWhip,1
17-Feb-2023,100d,amazonecho,mnm954,1
17-Feb-2023,100d,amazonecho,jeffkal,1
17-Feb-2023,100d,amazonecho,foil_k,1
17-Feb-2023,100d,amazonecho,uses_for_mooses,1
17-Feb-2023,100d,amazonecho,skancerous,1
17-Feb-2023,100d,amazonecho,sandinonett,1
17-Feb-2023,100d,amazonecho,kytulu,1
17-Feb-2023,100d,amazonecho,vidalong04,1
17-Feb-2023,100d,amazonecho,Dottie_D,1
17-Feb-2023,100d,amazonecho,QrkyGrrrl,1
17-Feb-2023,100d,amazonecho,LovesFLSun,1
17-Feb-2023,100d,amazonecho,bit_vandal,1
17-Feb-2023,100d,amazonecho,douger1957,1
17-Feb-2023,100d,amazonecho,wordsmythe,1
17-Feb-2023,100d,amazonecho,Chipplie,1
17-Feb-2023,100d,amazonecho,hypnochild,1
17-Feb-2023,100d,amazonecho,lantech,1
17-Feb-2023,100d,amazonecho,Captriker,1
17-Feb-2023,100d,amazonecho,msscahlett,1
17-Feb-2023,100d,amazonecho,countrykev,1
17-Feb-2023,100d,amazonecho,ItsOKnot2bOK16,1
17-Feb-2023,100d,amazonecho,sloowhand,1
17-Feb-2023,100d,amazonecho,SojournerInThisVale,1
17-Feb-2023,100d,amazonecho,reddevil18,1
17-Feb-2023,100d,amazonecho,GlasgowGunner,1
17-Feb-2023,100d,amazonecho,sulnibs,1
17-Feb-2023,100d,amazonecho,Rolandersec,1
17-Feb-2023,100d,amazonecho,t0r15hu,1
17-Feb-2023,100d,amazonecho,SeatPrevious4118,1
17-Feb-2023,100d,amazonecho,scubanarc,1
17-Feb-2023,100d,amazonecho,ednewman,1
17-Feb-2023,100d,amazonecho,Drunken__Noodle,1
17-Feb-2023,100d,amazonecho,ozyman,1
17-Feb-2023,100d,amazonecho,vha23,1
17-Feb-2023,100d,amazonecho,blackicebaby,1
17-Feb-2023,100d,amazonecho,xangkory,1
17-Feb-2023,100d,amazonecho,Rheterik6,1
17-Feb-2023,100d,amazonecho,fentanylnumbsme,1
17-Feb-2023,100d,amazonecho,DiamondDenise,1
17-Feb-2023,100d,amazonecho,kenkiller,1
17-Feb-2023,100d,amazonecho,Weavalert,1
17-Feb-2023,100d,amazonecho,handymanct,1
17-Feb-2023,100d,amazonecho,theclockfadder,1
17-Feb-2023,100d,amazonecho,jkt1954,1
17-Feb-2023,100d,amazonecho,Bagel42,1
17-Feb-2023,100d,amazonecho,hab136,1
17-Feb-2023,100d,amazonecho,chrisfpdx,1
17-Feb-2023,100d,amazonecho,pedantobear,1
17-Feb-2023,100d,amazonecho,cojerk,1
17-Feb-2023,100d,amazonecho,AraiMay,1
17-Feb-2023,100d,amazonecho,redditontv123abc,1
17-Feb-2023,100d,amazonecho,hollys_follies,1
17-Feb-2023,100d,amazonecho,udubdavid,1
17-Feb-2023,100d,amazonecho,Laura9624,1
17-Feb-2023,100d,amazonecho,Papushdo,1
17-Feb-2023,100d,amazonecho,bigfatninjadoobie,1
17-Feb-2023,100d,amazonecho,tdaun,1
17-Feb-2023,100d,amazonecho,1dayAwayagain,1
17-Feb-2023,100d,amazonecho,birdpix,1
17-Feb-2023,100d,amazonecho,TastelessDonut,1
17-Feb-2023,100d,amazonecho,anonanon1313,1
17-Feb-2023,100d,amazonecho,eagletothesea,1
17-Feb-2023,100d,amazonecho,DiabeticJedi,1
17-Feb-2023,100d,amazonecho,Neilisitc,1
17-Feb-2023,100d,amazonecho,jackfoley007,1
17-Feb-2023,100d,amazonecho,goosewithmayonaise,1
17-Feb-2023,100d,amazonecho,Scripto23,1
17-Feb-2023,100d,amazonecho,Thin_Ad_1205,1
17-Feb-2023,100d,amazonecho,thatdecade,1
17-Feb-2023,100d,amazonecho,SiliconDiver,1
17-Feb-2023,100d,amazonecho,Heptite,1
17-Feb-2023,100d,amazonecho,bonafidebob,1
17-Feb-2023,100d,amazonecho,mcdev16,1
17-Feb-2023,100d,amazonecho,SaweeJoy,1
17-Feb-2023,100d,amazonecho,hicks12,1
17-Feb-2023,100d,amazonecho,nobodysawme,1
17-Feb-2023,100d,amazonecho,echelon37,1
17-Feb-2023,100d,amazonecho,echos2,1
17-Feb-2023,100d,amazonecho,NiceGirlWhoCanCook,1
