query_date,before_date,subreddit,comment_author,comment_frequency
17-Feb-2023,10d,amazonecho,Dansk72,66
17-Feb-2023,10d,amazonecho,gangsteroflove1,40
17-Feb-2023,10d,amazonecho,Wayne8766,27
17-Feb-2023,10d,amazonecho,TheSwampPenguin,23
17-Feb-2023,10d,amazonecho,FoferJ,22
17-Feb-2023,10d,amazonecho,mickAMMO,18
17-Feb-2023,10d,amazonecho,brantome24,15
17-Feb-2023,10d,amazonecho,rcroche01,12
17-Feb-2023,10d,amazonecho,crujones33,11
17-Feb-2023,10d,amazonecho,countrykev,10
17-Feb-2023,10d,amazonecho,Play_Kadak,9
17-Feb-2023,10d,amazonecho,Loves_LV,8
17-Feb-2023,10d,amazonecho,rockmasterflex,7
17-Feb-2023,10d,amazonecho,AXXXXXXXXA,7
17-Feb-2023,10d,amazonecho,woody-99,7
17-Feb-2023,10d,amazonecho,CpuJunky,7
17-Feb-2023,10d,amazonecho,Prior_Channel_8784,6
17-Feb-2023,10d,amazonecho,RedMapleBat,6
17-Feb-2023,10d,amazonecho,patrad,6
17-Feb-2023,10d,amazonecho,taoman54,6
17-Feb-2023,10d,amazonecho,jones_ro,6
17-Feb-2023,10d,amazonecho,withac2,6
17-Feb-2023,10d,amazonecho,WhoWho22222,6
17-Feb-2023,10d,amazonecho,redbobcatit,6
17-Feb-2023,10d,amazonecho,ChipBeef2354,5
17-Feb-2023,10d,amazonecho,pdinc,5
17-Feb-2023,10d,amazonecho,vmBob,5
17-Feb-2023,10d,amazonecho,tehpsyc,5
17-Feb-2023,10d,amazonecho,maethor,5
17-Feb-2023,10d,amazonecho,jlbob,5
17-Feb-2023,10d,amazonecho,mTsp4ce,5
17-Feb-2023,10d,amazonecho,subduderecords,5
17-Feb-2023,10d,amazonecho,userbrn1,5
17-Feb-2023,10d,amazonecho,JayRoo23,4
17-Feb-2023,10d,amazonecho,boilermakerny,4
17-Feb-2023,10d,amazonecho,dalmarnock,4
17-Feb-2023,10d,amazonecho,Enos316,4
17-Feb-2023,10d,amazonecho,tarzan_nojane,4
17-Feb-2023,10d,amazonecho,Famous-Perspective-3,4
17-Feb-2023,10d,amazonecho,CSBP84,4
17-Feb-2023,10d,amazonecho,memebuster,4
17-Feb-2023,10d,amazonecho,versaveaux,4
17-Feb-2023,10d,amazonecho,RedditPoster05,4
17-Feb-2023,10d,amazonecho,facialmaster,4
17-Feb-2023,10d,amazonecho,77tassells,4
17-Feb-2023,10d,amazonecho,cognizantant,4
17-Feb-2023,10d,amazonecho,Scooter310,3
17-Feb-2023,10d,amazonecho,zulu1239,3
17-Feb-2023,10d,amazonecho,TrustLeft,3
17-Feb-2023,10d,amazonecho,mattsteen14,3
17-Feb-2023,10d,amazonecho,kuno1chi,3
17-Feb-2023,10d,amazonecho,speedycat2014,3
17-Feb-2023,10d,amazonecho,BahaMan69,3
17-Feb-2023,10d,amazonecho,Grand-Pin-938,3
17-Feb-2023,10d,amazonecho,Additional-Wall194,3
17-Feb-2023,10d,amazonecho,draftkinginthenorth,3
17-Feb-2023,10d,amazonecho,masterarcher123,3
17-Feb-2023,10d,amazonecho,Ngafni12,3
17-Feb-2023,10d,amazonecho,slog,3
17-Feb-2023,10d,amazonecho,thouse01,3
17-Feb-2023,10d,amazonecho,rkbest,3
17-Feb-2023,10d,amazonecho,ActualMis,3
17-Feb-2023,10d,amazonecho,[deleted],3
17-Feb-2023,10d,amazonecho,philharlow,3
17-Feb-2023,10d,amazonecho,richstillman,3
17-Feb-2023,10d,amazonecho,dsilverm1,3
17-Feb-2023,10d,amazonecho,brokenarrow7777777,3
17-Feb-2023,10d,amazonecho,Finnzz,3
17-Feb-2023,10d,amazonecho,freakyfastJJ7,3
17-Feb-2023,10d,amazonecho,Jimmy_the_Heater,3
17-Feb-2023,10d,amazonecho,lunk,3
17-Feb-2023,10d,amazonecho,AbleBaker1962,3
17-Feb-2023,10d,amazonecho,winelight,3
17-Feb-2023,10d,amazonecho,Ibsn87,3
17-Feb-2023,10d,amazonecho,dchabz,3
17-Feb-2023,10d,amazonecho,poneil,3
17-Feb-2023,10d,amazonecho,GreatTao,3
17-Feb-2023,10d,amazonecho,baobab68,3
17-Feb-2023,10d,amazonecho,Dez2011,3
17-Feb-2023,10d,amazonecho,thesatchmo,3
17-Feb-2023,10d,amazonecho,Elctsuptb,3
17-Feb-2023,10d,amazonecho,dryh2o,3
17-Feb-2023,10d,amazonecho,RoutineMasterpiece1,2
17-Feb-2023,10d,amazonecho,ldeveraux,2
17-Feb-2023,10d,amazonecho,r0n1n2021,2
17-Feb-2023,10d,amazonecho,ZombieBeach,2
17-Feb-2023,10d,amazonecho,Goodspike,2
17-Feb-2023,10d,amazonecho,muusicman,2
17-Feb-2023,10d,amazonecho,1224rockton,2
17-Feb-2023,10d,amazonecho,Doit2it42,2
17-Feb-2023,10d,amazonecho,hefeman,2
17-Feb-2023,10d,amazonecho,kytulu,2
17-Feb-2023,10d,amazonecho,dharris,2
17-Feb-2023,10d,amazonecho,GalaxyDrone,2
17-Feb-2023,10d,amazonecho,had0ukenn,2
17-Feb-2023,10d,amazonecho,zKarp,2
17-Feb-2023,10d,amazonecho,telekinetic,2
17-Feb-2023,10d,amazonecho,GIDAMIEN,2
17-Feb-2023,10d,amazonecho,Reggie_Barclay,2
17-Feb-2023,10d,amazonecho,RoodNewb,2
17-Feb-2023,10d,amazonecho,ThoughtBoner1,2
17-Feb-2023,10d,amazonecho,njasra,2
17-Feb-2023,10d,amazonecho,Watashifr,2
17-Feb-2023,10d,amazonecho,The-One-Man-Riot,2
17-Feb-2023,10d,amazonecho,Lumpymaximus,2
17-Feb-2023,10d,amazonecho,islaisla,2
17-Feb-2023,10d,amazonecho,txdline,2
17-Feb-2023,10d,amazonecho,kgwright,2
17-Feb-2023,10d,amazonecho,tonecapo_,2
17-Feb-2023,10d,amazonecho,washburn100,2
17-Feb-2023,10d,amazonecho,VAgreengene,2
17-Feb-2023,10d,amazonecho,AvoidingIowa,2
17-Feb-2023,10d,amazonecho,brenter91,2
17-Feb-2023,10d,amazonecho,StardustMeteor,2
17-Feb-2023,10d,amazonecho,Far-Independent704,2
17-Feb-2023,10d,amazonecho,Prof-Aronnax,2
17-Feb-2023,10d,amazonecho,glimmergirl1,2
17-Feb-2023,10d,amazonecho,segasega89,2
17-Feb-2023,10d,amazonecho,BadHotelCarpet,2
17-Feb-2023,10d,amazonecho,Baloo_25,2
17-Feb-2023,10d,amazonecho,pc_light,2
17-Feb-2023,10d,amazonecho,Llee00,2
17-Feb-2023,10d,amazonecho,MattMose,2
17-Feb-2023,10d,amazonecho,maveriq,2
17-Feb-2023,10d,amazonecho,1Sambo,2
17-Feb-2023,10d,amazonecho,ersan191,2
17-Feb-2023,10d,amazonecho,ssoocc,2
17-Feb-2023,10d,amazonecho,winstonsdog,2
17-Feb-2023,10d,amazonecho,sekmo,2
17-Feb-2023,10d,amazonecho,Perfect-Rooster2253,2
17-Feb-2023,10d,amazonecho,thealphateam,2
17-Feb-2023,10d,amazonecho,l3enjamin5in,2
17-Feb-2023,10d,amazonecho,MYOB2023,2
17-Feb-2023,10d,amazonecho,Commercial_Daikon_92,2
17-Feb-2023,10d,amazonecho,leaskovski,2
17-Feb-2023,10d,amazonecho,chai_investigation,2
17-Feb-2023,10d,amazonecho,WhoaDae,2
17-Feb-2023,10d,amazonecho,NibblyPig,2
17-Feb-2023,10d,amazonecho,Effective-One7449,2
17-Feb-2023,10d,amazonecho,Bagel42,2
17-Feb-2023,10d,amazonecho,Navydevildoc,2
17-Feb-2023,10d,amazonecho,wolfelias2,2
17-Feb-2023,10d,amazonecho,peopleofcostco,2
17-Feb-2023,10d,amazonecho,KoFSMG,2
17-Feb-2023,10d,amazonecho,ItchyNutria,2
17-Feb-2023,10d,amazonecho,nofun-ebeeznest,2
17-Feb-2023,10d,amazonecho,Tup1000,2
17-Feb-2023,10d,amazonecho,PokemonandLSD,2
17-Feb-2023,10d,amazonecho,facialmast3r,2
17-Feb-2023,10d,amazonecho,pointthinker,2
17-Feb-2023,10d,amazonecho,emilyhoeflich,2
17-Feb-2023,10d,amazonecho,southbayray,2
17-Feb-2023,10d,amazonecho,toinfinitiandbeyond,2
17-Feb-2023,10d,amazonecho,gigi-balamuc,2
17-Feb-2023,10d,amazonecho,Drysandplace,2
17-Feb-2023,10d,amazonecho,sandwichnerd,1
17-Feb-2023,10d,amazonecho,Aether_Breeze,1
17-Feb-2023,10d,amazonecho,Chrisbert,1
17-Feb-2023,10d,amazonecho,becca-mcdonald,1
17-Feb-2023,10d,amazonecho,MikeMiranda75,1
17-Feb-2023,10d,amazonecho,ANuggetEnthusiast,1
17-Feb-2023,10d,amazonecho,excoriator,1
17-Feb-2023,10d,amazonecho,Dandest,1
17-Feb-2023,10d,amazonecho,Lenceola,1
17-Feb-2023,10d,amazonecho,ejsandstrom,1
17-Feb-2023,10d,amazonecho,Monkfich,1
17-Feb-2023,10d,amazonecho,Yall-Crybabies,1
17-Feb-2023,10d,amazonecho,ShelleyOrtegaki,1
17-Feb-2023,10d,amazonecho,Krusty555,1
17-Feb-2023,10d,amazonecho,srikengames,1
17-Feb-2023,10d,amazonecho,modrup,1
17-Feb-2023,10d,amazonecho,Rayne_K,1
17-Feb-2023,10d,amazonecho,Gardenz,1
17-Feb-2023,10d,amazonecho,bl1ndsw0rdsman,1
17-Feb-2023,10d,amazonecho,Charlies_Mamma,1
17-Feb-2023,10d,amazonecho,antisane,1
17-Feb-2023,10d,amazonecho,sevenonsiz,1
17-Feb-2023,10d,amazonecho,80andsunny,1
17-Feb-2023,10d,amazonecho,breakneckridge,1
17-Feb-2023,10d,amazonecho,Anticrepuscular_Ray,1
17-Feb-2023,10d,amazonecho,sillysodsillysod,1
17-Feb-2023,10d,amazonecho,FatMacchio,1
17-Feb-2023,10d,amazonecho,LightBulb885,1
17-Feb-2023,10d,amazonecho,tornado_bear,1
17-Feb-2023,10d,amazonecho,jacle2210,1
17-Feb-2023,10d,amazonecho,ContributionDue2512,1
17-Feb-2023,10d,amazonecho,TraegerDuck,1
17-Feb-2023,10d,amazonecho,hikikomorisama,1
17-Feb-2023,10d,amazonecho,ebsebs,1
17-Feb-2023,10d,amazonecho,ReluctantCustodian,1
17-Feb-2023,10d,amazonecho,Low_Soul_Coal,1
17-Feb-2023,10d,amazonecho,kresbok,1
17-Feb-2023,10d,amazonecho,wewewawa,1
17-Feb-2023,10d,amazonecho,neonunicornpoop,1
17-Feb-2023,10d,amazonecho,kyrusdemnati,1
17-Feb-2023,10d,amazonecho,Panopticola,1
17-Feb-2023,10d,amazonecho,Thr0wAw4y2day,1
17-Feb-2023,10d,amazonecho,ItsGamerPops,1
17-Feb-2023,10d,amazonecho,GEAUXFORITALL,1
17-Feb-2023,10d,amazonecho,robusdin,1
17-Feb-2023,10d,amazonecho,avmss,1
17-Feb-2023,10d,amazonecho,CHIEFxBONE,1
17-Feb-2023,10d,amazonecho,Obvious_Copy6776,1
17-Feb-2023,10d,amazonecho,InfiniteStrawberry37,1
17-Feb-2023,10d,amazonecho,KeyBeing73,1
17-Feb-2023,10d,amazonecho,BobbyABooey,1
17-Feb-2023,10d,amazonecho,OnimushaNioh,1
17-Feb-2023,10d,amazonecho,crazywithfour,1
17-Feb-2023,10d,amazonecho,Fylashe,1
17-Feb-2023,10d,amazonecho,WrongPaleontologist7,1
17-Feb-2023,10d,amazonecho,matty0513,1
17-Feb-2023,10d,amazonecho,Affectionate_Baby761,1
17-Feb-2023,10d,amazonecho,ChiefBroady,1
17-Feb-2023,10d,amazonecho,Ecstatic_Patient8418,1
17-Feb-2023,10d,amazonecho,Master-Collection488,1
17-Feb-2023,10d,amazonecho,zmiller834,1
17-Feb-2023,10d,amazonecho,Nytfire333,1
17-Feb-2023,10d,amazonecho,TemporaryEngine,1
17-Feb-2023,10d,amazonecho,amwranes,1
17-Feb-2023,10d,amazonecho,ladypilot,1
17-Feb-2023,10d,amazonecho,elementfortyseven,1
17-Feb-2023,10d,amazonecho,cgknight1,1
17-Feb-2023,10d,amazonecho,Possible_Might1264,1
17-Feb-2023,10d,amazonecho,electricmba,1
17-Feb-2023,10d,amazonecho,albertclee,1
17-Feb-2023,10d,amazonecho,wpnz,1
17-Feb-2023,10d,amazonecho,FeistyFallon,1
17-Feb-2023,10d,amazonecho,lowcarbbq,1
17-Feb-2023,10d,amazonecho,tonymet,1
17-Feb-2023,10d,amazonecho,JoeyJoeC,1
17-Feb-2023,10d,amazonecho,TheHiddenOne1999,1
17-Feb-2023,10d,amazonecho,rguy84,1
17-Feb-2023,10d,amazonecho,No_Consequence1896,1
17-Feb-2023,10d,amazonecho,MinorFourChord,1
17-Feb-2023,10d,amazonecho,ReallyNotMichaelsMom,1
17-Feb-2023,10d,amazonecho,marciltheshell,1
17-Feb-2023,10d,amazonecho,ZealousidealPeace712,1
17-Feb-2023,10d,amazonecho,62westwallabystreet,1
17-Feb-2023,10d,amazonecho,TheCatLamp,1
17-Feb-2023,10d,amazonecho,gonzorizzo,1
17-Feb-2023,10d,amazonecho,ChrisB911,1
17-Feb-2023,10d,amazonecho,reximhotep,1
17-Feb-2023,10d,amazonecho,kiravir,1
17-Feb-2023,10d,amazonecho,st1nky_d,1
17-Feb-2023,10d,amazonecho,mustarunallday,1
17-Feb-2023,10d,amazonecho,chengjih,1
17-Feb-2023,10d,amazonecho,crazyherb,1
17-Feb-2023,10d,amazonecho,NEWUSERFORELECTRONIC,1
17-Feb-2023,10d,amazonecho,MissBeckyBoo,1
17-Feb-2023,10d,amazonecho,PlantainCharacter744,1
17-Feb-2023,10d,amazonecho,anch00_,1
17-Feb-2023,10d,amazonecho,s1cdude,1
17-Feb-2023,10d,amazonecho,McSoCal,1
17-Feb-2023,10d,amazonecho,ttulio,1
17-Feb-2023,10d,amazonecho,VerticalGeophysicist,1
17-Feb-2023,10d,amazonecho,JonathanMurray272,1
17-Feb-2023,10d,amazonecho,YeahThatCee,1
17-Feb-2023,10d,amazonecho,eyesdrib,1
17-Feb-2023,10d,amazonecho,mikejstb,1
17-Feb-2023,10d,amazonecho,gecampbell,1
17-Feb-2023,10d,amazonecho,pkt123,1
17-Feb-2023,10d,amazonecho,tdaun,1
17-Feb-2023,10d,amazonecho,PensionWhole6229,1
17-Feb-2023,10d,amazonecho,limitless__,1
17-Feb-2023,10d,amazonecho,JohnnyVierund80,1
17-Feb-2023,10d,amazonecho,Upper_Metal_2418,1
17-Feb-2023,10d,amazonecho,EchoPhoenix24,1
17-Feb-2023,10d,amazonecho,Pefaun,1
17-Feb-2023,10d,amazonecho,BarbequedYeti,1
17-Feb-2023,10d,amazonecho,Marcellus111,1
17-Feb-2023,10d,amazonecho,christ110,1
17-Feb-2023,10d,amazonecho,Lazy_Top_4543,1
17-Feb-2023,10d,amazonecho,wenglish98,1
17-Feb-2023,10d,amazonecho,PsychicSeaSlug,1
17-Feb-2023,10d,amazonecho,Jenga112,1
17-Feb-2023,10d,amazonecho,vertigoelation,1
17-Feb-2023,10d,amazonecho,Sea1Moore,1
17-Feb-2023,10d,amazonecho,themcp,1
17-Feb-2023,10d,amazonecho,sammm59,1
17-Feb-2023,10d,amazonecho,Gurdel,1
17-Feb-2023,10d,amazonecho,Ordinary-Noise9444,1
17-Feb-2023,10d,amazonecho,jsabo,1
17-Feb-2023,10d,amazonecho,Lucky-Ambassador-556,1
17-Feb-2023,10d,amazonecho,GalaxyStrider,1
17-Feb-2023,10d,amazonecho,KoreMeltdown14,1
17-Feb-2023,10d,amazonecho,zestypurplecatalyst,1
17-Feb-2023,10d,amazonecho,Leaellynasaura,1
17-Feb-2023,10d,amazonecho,just4747,1
17-Feb-2023,10d,amazonecho,deadpool809,1
17-Feb-2023,10d,amazonecho,prolixia,1
17-Feb-2023,10d,amazonecho,fugitive-bear,1
17-Feb-2023,10d,amazonecho,Savings_Pollution_72,1
17-Feb-2023,10d,amazonecho,SteamBoatWillyWonka,1
17-Feb-2023,10d,amazonecho,pac_71,1
17-Feb-2023,10d,amazonecho,Laura9624,1
17-Feb-2023,10d,amazonecho,Plastic-Writing-8820,1
17-Feb-2023,10d,amazonecho,Last_Cow_6172,1
17-Feb-2023,10d,amazonecho,Real-Departure4568,1
17-Feb-2023,10d,amazonecho,dasoccerbomb,1
17-Feb-2023,10d,amazonecho,Saltysalad,1
17-Feb-2023,10d,amazonecho,Gwynnavere,1
17-Feb-2023,10d,amazonecho,CielSairento,1
17-Feb-2023,10d,amazonecho,friendlyhermit,1
17-Feb-2023,10d,amazonecho,Infamous_Prompt_6126,1
17-Feb-2023,10d,amazonecho,AdmiralMal,1
17-Feb-2023,10d,amazonecho,Enschede2,1
17-Feb-2023,10d,amazonecho,nick_frigerio,1
17-Feb-2023,10d,amazonecho,meeplebunker,1
17-Feb-2023,10d,amazonecho,Byrktr1,1
17-Feb-2023,10d,amazonecho,Real-Apartment-1130,1
17-Feb-2023,10d,amazonecho,TheEppik,1
17-Feb-2023,10d,amazonecho,skexzies,1
17-Feb-2023,10d,amazonecho,Automatic_Music_2179,1
17-Feb-2023,10d,amazonecho,Environmental_Cup591,1
17-Feb-2023,10d,amazonecho,caribou16,1
17-Feb-2023,10d,amazonecho,biff_jordan,1
17-Feb-2023,10d,amazonecho,SpeedHighway,1
17-Feb-2023,10d,amazonecho,bluenosesutherland,1
17-Feb-2023,10d,amazonecho,GriffinGZ,1
17-Feb-2023,10d,amazonecho,moonshinezombie,1
17-Feb-2023,10d,amazonecho,BryannaW,1
17-Feb-2023,10d,amazonecho,NYCQuilts,1
17-Feb-2023,10d,amazonecho,ngame1282,1
17-Feb-2023,10d,amazonecho,saintjmv04,1
17-Feb-2023,10d,amazonecho,plastigoop,1
17-Feb-2023,10d,amazonecho,DarthOldMan,1
17-Feb-2023,10d,amazonecho,BDThrills,1
17-Feb-2023,10d,amazonecho,-Nicolas-,1
17-Feb-2023,10d,amazonecho,SonVoltMMA,1
17-Feb-2023,10d,amazonecho,flargenhargen,1
17-Feb-2023,10d,amazonecho,Low_Benefit_1890,1
17-Feb-2023,10d,amazonecho,Vlad_the_Homeowner,1
17-Feb-2023,10d,amazonecho,ddh819,1
17-Feb-2023,10d,amazonecho,Unpleasant_Classic,1
17-Feb-2023,10d,amazonecho,amaiman,1
17-Feb-2023,10d,amazonecho,TheRealScotRoss-Jato,1
17-Feb-2023,10d,amazonecho,rws1017,1
17-Feb-2023,10d,amazonecho,creativejo,1
17-Feb-2023,10d,amazonecho,Western-Peach-1161,1
17-Feb-2023,10d,amazonecho,Tired8281,1
17-Feb-2023,10d,amazonecho,Bluesuiter,1
17-Feb-2023,10d,amazonecho,brittanystopyelling,1
17-Feb-2023,10d,amazonecho,Rmatic,1
17-Feb-2023,10d,amazonecho,illusionst,1
17-Feb-2023,10d,amazonecho,PuggyOG,1
17-Feb-2023,10d,amazonecho,HappyGamerMom,1
17-Feb-2023,10d,amazonecho,everypassword123456,1
17-Feb-2023,10d,amazonecho,j4j4d1ngd0ng,1
17-Feb-2023,10d,amazonecho,No_Weather_7038,1
17-Feb-2023,10d,amazonecho,beezbos_trip,1
17-Feb-2023,10d,amazonecho,Armand28,1
17-Feb-2023,10d,amazonecho,AzurosNorth,1
17-Feb-2023,10d,amazonecho,Sharp_Front_2030,1
17-Feb-2023,10d,amazonecho,TraditionalBench7927,1
17-Feb-2023,10d,amazonecho,Wiffle73,1
17-Feb-2023,10d,amazonecho,Background_Mud1591,1
17-Feb-2023,10d,amazonecho,VeterinarianOdd3981,1
17-Feb-2023,10d,amazonecho,epictetusdouglas,1
17-Feb-2023,10d,amazonecho,decker12,1
17-Feb-2023,10d,amazonecho,wp4nuv,1
17-Feb-2023,10d,amazonecho,tuliusy2k,1
17-Feb-2023,10d,amazonecho,danbyer,1
17-Feb-2023,10d,amazonecho,nogooduser,1
17-Feb-2023,10d,amazonecho,Tinsel-Fop,1
17-Feb-2023,10d,amazonecho,Dd_8630,1
17-Feb-2023,10d,amazonecho,Cirmi00,1
17-Feb-2023,10d,amazonecho,jeffreytk421,1
17-Feb-2023,10d,amazonecho,RandomiseUsr0,1
17-Feb-2023,10d,amazonecho,krisiteenie,1
17-Feb-2023,10d,amazonecho,MaryS8921,1
17-Feb-2023,10d,amazonecho,Longshoez,1
17-Feb-2023,10d,amazonecho,Mistadollar,1
17-Feb-2023,10d,amazonecho,Breaking-Dad-,1
17-Feb-2023,10d,amazonecho,ggs657,1
17-Feb-2023,10d,amazonecho,classjoker,1
17-Feb-2023,10d,amazonecho,jayRIOT,1
17-Feb-2023,10d,amazonecho,Anal_Admiral21,1
17-Feb-2023,10d,amazonecho,LyleJay,1
17-Feb-2023,10d,amazonecho,docdidactic,1
17-Feb-2023,10d,amazonecho,nespinola24,1
17-Feb-2023,10d,amazonecho,Equivalent-Rock-3019,1
17-Feb-2023,10d,amazonecho,MichaelJayQue,1
17-Feb-2023,10d,amazonecho,beyondthetech,1
17-Feb-2023,10d,amazonecho,CM719,1
17-Feb-2023,10d,amazonecho,The_Flying_Sausage,1
17-Feb-2023,10d,amazonecho,wallacegal,1
17-Feb-2023,10d,amazonecho,Minute-Spirit6826,1
17-Feb-2023,10d,amazonecho,nick9000,1
17-Feb-2023,10d,amazonecho,ExaltFibs24,1
17-Feb-2023,10d,amazonecho,jime01,1
17-Feb-2023,10d,amazonecho,panmandu99,1
17-Feb-2023,10d,amazonecho,South_Suggestion_116,1
17-Feb-2023,10d,amazonecho,rubb3r,1
17-Feb-2023,10d,amazonecho,TheOnePom,1
17-Feb-2023,10d,amazonecho,morgrar,1
17-Feb-2023,10d,amazonecho,fifthnail,1
17-Feb-2023,10d,amazonecho,Normal_Wrap8121,1
17-Feb-2023,10d,amazonecho,AggressiveBaby,1
17-Feb-2023,10d,amazonecho,datadrian,1
17-Feb-2023,10d,amazonecho,CurvePuzzleheaded361,1
17-Feb-2023,10d,amazonecho,itsgotime8458,1
17-Feb-2023,10d,amazonecho,AppKale,1
17-Feb-2023,10d,amazonecho,tuhinkarmakar,1
17-Feb-2023,10d,amazonecho,Antique-Ad4601,1
17-Feb-2023,10d,amazonecho,cpc_niklaos,1
17-Feb-2023,10d,amazonecho,nonameforyou1234,1
17-Feb-2023,10d,amazonecho,n0abody,1
17-Feb-2023,10d,amazonecho,freyjasmanifestation,1
17-Feb-2023,10d,amazonecho,dapperlemon,1
17-Feb-2023,10d,amazonecho,macthom,1
17-Feb-2023,10d,amazonecho,RSuperredhawk44,1
17-Feb-2023,10d,amazonecho,insanewords,1
17-Feb-2023,10d,amazonecho,imoftendisgruntled,1
17-Feb-2023,10d,amazonecho,Z-55,1
17-Feb-2023,10d,amazonecho,jwhitridge,1
17-Feb-2023,10d,amazonecho,-J-D-U-B-,1
17-Feb-2023,10d,amazonecho,Certain_Weakness1873,1
17-Feb-2023,10d,amazonecho,retronewb,1
17-Feb-2023,10d,amazonecho,suitablyRandom,1
17-Feb-2023,10d,amazonecho,LogicalQuit1775,1
17-Feb-2023,10d,amazonecho,Hypercavallo,1
17-Feb-2023,10d,amazonecho,Nexfero,1
17-Feb-2023,10d,amazonecho,Florica117,1
17-Feb-2023,10d,amazonecho,arbucklej,1
17-Feb-2023,10d,amazonecho,Euphoric-Hair2048,1
17-Feb-2023,10d,amazonecho,Majinlord,1
17-Feb-2023,10d,amazonecho,Grouchy_Fix_9861,1
17-Feb-2023,10d,amazonecho,Htumedrm,1
17-Feb-2023,10d,amazonecho,Busy_Shock6632,1
17-Feb-2023,10d,amazonecho,One-Protection8740,1
17-Feb-2023,10d,amazonecho,seeker_ktf,1
17-Feb-2023,10d,amazonecho,drnuke75,1
17-Feb-2023,10d,amazonecho,MontyXvghc,1
17-Feb-2023,10d,amazonecho,ppal1981,1
17-Feb-2023,10d,amazonecho,mnm954,1
17-Feb-2023,10d,amazonecho,CheckDesigner5167,1
17-Feb-2023,10d,amazonecho,TheLastOfGus,1
17-Feb-2023,10d,amazonecho,atvlouis,1
17-Feb-2023,10d,amazonecho,created4this,1
17-Feb-2023,10d,amazonecho,KnightCreed13,1
17-Feb-2023,10d,amazonecho,kendallrae4,1
17-Feb-2023,10d,amazonecho,Snoo-7943,1
17-Feb-2023,10d,amazonecho,missionbeach,1
17-Feb-2023,10d,amazonecho,OGhurrakayne,1
17-Feb-2023,10d,amazonecho,KingZakyu,1
17-Feb-2023,10d,amazonecho,panda_has_reddit_now,1
17-Feb-2023,10d,amazonecho,superbilliam,1
17-Feb-2023,10d,amazonecho,_TheBloke_,1
17-Feb-2023,10d,amazonecho,ChristianClingerman,1
17-Feb-2023,10d,amazonecho,TallMention1591,1
17-Feb-2023,10d,amazonecho,stumbledotcom,1
17-Feb-2023,10d,amazonecho,ob2kenobi,1
17-Feb-2023,10d,amazonecho,Truthlooking,1
17-Feb-2023,10d,amazonecho,Important_Cap_6238,1
17-Feb-2023,10d,amazonecho,PhilSocal,1
17-Feb-2023,10d,amazonecho,DirtyThi3f,1
17-Feb-2023,10d,amazonecho,Torrence73,1
17-Feb-2023,10d,amazonecho,joebleaux,1
