query_date,before_date,subreddit,comment_author,comment_frequency
17-Feb-2023,40d,amazonecho,brantome24,57
17-Feb-2023,40d,amazonecho,Dansk72,56
17-Feb-2023,40d,amazonecho,jlbob,18
17-Feb-2023,40d,amazonecho,Amichateur,17
17-Feb-2023,40d,amazonecho,Famous-Perspective-3,14
17-Feb-2023,40d,amazonecho,Martelliphone,14
17-Feb-2023,40d,amazonecho,RedMapleBat,13
17-Feb-2023,40d,amazonecho,mickAMMO,12
17-Feb-2023,40d,amazonecho,Wayne8766,9
17-Feb-2023,40d,amazonecho,shakeheartbreaks,9
17-Feb-2023,40d,amazonecho,stumbledotcom,8
17-Feb-2023,40d,amazonecho,CpuJunky,7
17-Feb-2023,40d,amazonecho,June_2022,7
17-Feb-2023,40d,amazonecho,dalmarnock,7
17-Feb-2023,40d,amazonecho,tristiansimon,6
17-Feb-2023,40d,amazonecho,Man_Bear_Beaver,6
17-Feb-2023,40d,amazonecho,BahaMan69,6
17-Feb-2023,40d,amazonecho,smartiesmartiepants,6
17-Feb-2023,40d,amazonecho,Nick_W1,6
17-Feb-2023,40d,amazonecho,CDgaming360,6
17-Feb-2023,40d,amazonecho,Teflonxyz,5
17-Feb-2023,40d,amazonecho,gocard,5
17-Feb-2023,40d,amazonecho,winelight,5
17-Feb-2023,40d,amazonecho,NotUniqueAtAIl,5
17-Feb-2023,40d,amazonecho,FrancisOni,5
17-Feb-2023,40d,amazonecho,antisane,5
17-Feb-2023,40d,amazonecho,baobab68,5
17-Feb-2023,40d,amazonecho,chadventurer,5
17-Feb-2023,40d,amazonecho,Finnzz,5
17-Feb-2023,40d,amazonecho,suitablyRandom,5
17-Feb-2023,40d,amazonecho,A--Ryan,5
17-Feb-2023,40d,amazonecho,CaptainHunt,4
17-Feb-2023,40d,amazonecho,tuliusy2k,4
17-Feb-2023,40d,amazonecho,Tequilla-MockinBird,4
17-Feb-2023,40d,amazonecho,Weird_With_A_Beard,4
17-Feb-2023,40d,amazonecho,[deleted],4
17-Feb-2023,40d,amazonecho,Kronos51,4
17-Feb-2023,40d,amazonecho,saintjmv04,4
17-Feb-2023,40d,amazonecho,WarghostAlpha,4
17-Feb-2023,40d,amazonecho,thegreatestajax,4
17-Feb-2023,40d,amazonecho,decker12,4
17-Feb-2023,40d,amazonecho,Junior72,4
17-Feb-2023,40d,amazonecho,GlamourD,4
17-Feb-2023,40d,amazonecho,Aggravated-by-alexa,4
17-Feb-2023,40d,amazonecho,Mischif07,4
17-Feb-2023,40d,amazonecho,TrustLeft,4
17-Feb-2023,40d,amazonecho,MichaelQueensboro,4
17-Feb-2023,40d,amazonecho,HerrSPAM,4
17-Feb-2023,40d,amazonecho,GIDAMIEN,4
17-Feb-2023,40d,amazonecho,foxi123,4
17-Feb-2023,40d,amazonecho,swede1955,4
17-Feb-2023,40d,amazonecho,smdifansmfjsmsnd,4
17-Feb-2023,40d,amazonecho,Heptite,3
17-Feb-2023,40d,amazonecho,Glaselar,3
17-Feb-2023,40d,amazonecho,Rice_Eater483,3
17-Feb-2023,40d,amazonecho,kathlin409,3
17-Feb-2023,40d,amazonecho,ryan8344,3
17-Feb-2023,40d,amazonecho,YYCStorms,3
17-Feb-2023,40d,amazonecho,covingtonFF,3
17-Feb-2023,40d,amazonecho,PsychoInHell,3
17-Feb-2023,40d,amazonecho,fancypantshorse,3
17-Feb-2023,40d,amazonecho,mTsp4ce,3
17-Feb-2023,40d,amazonecho,limitless__,3
17-Feb-2023,40d,amazonecho,swerveliscious,3
17-Feb-2023,40d,amazonecho,dandu3,3
17-Feb-2023,40d,amazonecho,Smol-Hedgehog55,3
17-Feb-2023,40d,amazonecho,thefunkygibbon,3
17-Feb-2023,40d,amazonecho,fcrosby68,3
17-Feb-2023,40d,amazonecho,Educational-Pear-743,3
17-Feb-2023,40d,amazonecho,CheapNefariousness30,3
17-Feb-2023,40d,amazonecho,captpackrat,3
17-Feb-2023,40d,amazonecho,friendlyhermit,3
17-Feb-2023,40d,amazonecho,p0rn00,3
17-Feb-2023,40d,amazonecho,spleencheesemonkey,3
17-Feb-2023,40d,amazonecho,ehm1217,3
17-Feb-2023,40d,amazonecho,selvinbaca,3
17-Feb-2023,40d,amazonecho,toinfinitiandbeyond,3
17-Feb-2023,40d,amazonecho,Dr_Henry_Wus_Lover,3
17-Feb-2023,40d,amazonecho,lillypad_33,3
17-Feb-2023,40d,amazonecho,9100,3
17-Feb-2023,40d,amazonecho,CFNikki,3
17-Feb-2023,40d,amazonecho,cjb_art,3
17-Feb-2023,40d,amazonecho,rockytfs1,3
17-Feb-2023,40d,amazonecho,Stargiss,2
17-Feb-2023,40d,amazonecho,Commercial_Daikon_92,2
17-Feb-2023,40d,amazonecho,kresbok,2
17-Feb-2023,40d,amazonecho,WhatsUrPinNumber,2
17-Feb-2023,40d,amazonecho,Jimmy_the_Heater,2
17-Feb-2023,40d,amazonecho,SiriocazTheII,2
17-Feb-2023,40d,amazonecho,shdwphnx,2
17-Feb-2023,40d,amazonecho,Watashifr,2
17-Feb-2023,40d,amazonecho,Philmehew,2
17-Feb-2023,40d,amazonecho,Affectionate_Owl_394,2
17-Feb-2023,40d,amazonecho,13Trashpanda97,2
17-Feb-2023,40d,amazonecho,SouthernBoyChris,2
17-Feb-2023,40d,amazonecho,Raider_UK_71,2
17-Feb-2023,40d,amazonecho,AbleBaker1962,2
17-Feb-2023,40d,amazonecho,woody-99,2
17-Feb-2023,40d,amazonecho,CorectHorseBtryStple,2
17-Feb-2023,40d,amazonecho,HugsAllCats,2
17-Feb-2023,40d,amazonecho,ButtUglee,2
17-Feb-2023,40d,amazonecho,Life_Bridge_9960,2
17-Feb-2023,40d,amazonecho,kytulu,2
17-Feb-2023,40d,amazonecho,Sp1r1tofg0nz0,2
17-Feb-2023,40d,amazonecho,BouncyShroom,2
17-Feb-2023,40d,amazonecho,Lil_b00zer,2
17-Feb-2023,40d,amazonecho,Vlad_the_Homeowner,2
17-Feb-2023,40d,amazonecho,fuckredditforeal,2
17-Feb-2023,40d,amazonecho,twinkingoth,2
17-Feb-2023,40d,amazonecho,azz3879,2
17-Feb-2023,40d,amazonecho,Retro_uk,2
17-Feb-2023,40d,amazonecho,SnowblindAlbino,2
17-Feb-2023,40d,amazonecho,caggodn,2
17-Feb-2023,40d,amazonecho,The-One-Man-Riot,2
17-Feb-2023,40d,amazonecho,HKChad,2
17-Feb-2023,40d,amazonecho,neatgeek83,2
17-Feb-2023,40d,amazonecho,BarnyardTickleTime,2
17-Feb-2023,40d,amazonecho,normal2norman,2
17-Feb-2023,40d,amazonecho,J-COE,2
17-Feb-2023,40d,amazonecho,adityaneer,2
17-Feb-2023,40d,amazonecho,Rockcranky,2
17-Feb-2023,40d,amazonecho,MrDrPrfsrPatrick2U,2
17-Feb-2023,40d,amazonecho,a_zone_of_danger,2
17-Feb-2023,40d,amazonecho,lkt5227,2
17-Feb-2023,40d,amazonecho,OAreaMan,2
17-Feb-2023,40d,amazonecho,meatmacho,2
17-Feb-2023,40d,amazonecho,bevanpfc,2
17-Feb-2023,40d,amazonecho,Rude-Upstairs-6250,2
17-Feb-2023,40d,amazonecho,missionbeach,2
17-Feb-2023,40d,amazonecho,Top_Dust_6064,2
17-Feb-2023,40d,amazonecho,aklax14,2
17-Feb-2023,40d,amazonecho,EnvilGT,2
17-Feb-2023,40d,amazonecho,HomeNut146,2
17-Feb-2023,40d,amazonecho,txdline,2
17-Feb-2023,40d,amazonecho,Expensive_Buy1273,2
17-Feb-2023,40d,amazonecho,Conman_in_Chief,2
17-Feb-2023,40d,amazonecho,hunk0cheez,2
17-Feb-2023,40d,amazonecho,damnthatslovely,2
17-Feb-2023,40d,amazonecho,TheSwampPenguin,2
17-Feb-2023,40d,amazonecho,ReluctantLawyer,2
17-Feb-2023,40d,amazonecho,Low_Soul_Coal,2
17-Feb-2023,40d,amazonecho,gatorblu,2
17-Feb-2023,40d,amazonecho,Nitz39,2
17-Feb-2023,40d,amazonecho,AdLess2111,2
17-Feb-2023,40d,amazonecho,Bjorn74,2
17-Feb-2023,40d,amazonecho,incubeezer,2
17-Feb-2023,40d,amazonecho,Drakknfyre,2
17-Feb-2023,40d,amazonecho,had0ukenn,2
17-Feb-2023,40d,amazonecho,Konquerian,2
17-Feb-2023,40d,amazonecho,VAgreengene,2
17-Feb-2023,40d,amazonecho,kaizendojo,2
17-Feb-2023,40d,amazonecho,DrunkenGolfer,2
17-Feb-2023,40d,amazonecho,Nexfero,2
17-Feb-2023,40d,amazonecho,A_Annon,2
17-Feb-2023,40d,amazonecho,ambeckman09,2
17-Feb-2023,40d,amazonecho,squibbs47,2
17-Feb-2023,40d,amazonecho,kingbrown71,2
17-Feb-2023,40d,amazonecho,eunoeua,2
17-Feb-2023,40d,amazonecho,kyrusdemnati,2
17-Feb-2023,40d,amazonecho,Darxo,2
17-Feb-2023,40d,amazonecho,Chemical-Caregiver-6,2
17-Feb-2023,40d,amazonecho,matteventu,2
17-Feb-2023,40d,amazonecho,Financial_Writing309,2
17-Feb-2023,40d,amazonecho,Critical-Meeting-895,2
17-Feb-2023,40d,amazonecho,JoeKiv,2
17-Feb-2023,40d,amazonecho,thelastwilson,2
17-Feb-2023,40d,amazonecho,Bagel42,1
17-Feb-2023,40d,amazonecho,skreepz,1
17-Feb-2023,40d,amazonecho,Lafter_ND,1
17-Feb-2023,40d,amazonecho,crujones33,1
17-Feb-2023,40d,amazonecho,WildEnbyAppears,1
17-Feb-2023,40d,amazonecho,Teowulf,1
17-Feb-2023,40d,amazonecho,betchacantride,1
17-Feb-2023,40d,amazonecho,GaGirl39,1
17-Feb-2023,40d,amazonecho,shagieIsMe,1
17-Feb-2023,40d,amazonecho,djevertguzman,1
17-Feb-2023,40d,amazonecho,AlasknAssasn858,1
17-Feb-2023,40d,amazonecho,androidusr,1
17-Feb-2023,40d,amazonecho,KenEsq,1
17-Feb-2023,40d,amazonecho,UnluckyReader,1
17-Feb-2023,40d,amazonecho,Silent-Piccolo,1
17-Feb-2023,40d,amazonecho,JustSomeUsername99,1
17-Feb-2023,40d,amazonecho,TigersNeedKings,1
17-Feb-2023,40d,amazonecho,Wiffle73,1
17-Feb-2023,40d,amazonecho,morrell777,1
17-Feb-2023,40d,amazonecho,Outside_Distance333,1
17-Feb-2023,40d,amazonecho,MinerAlum,1
17-Feb-2023,40d,amazonecho,mahapples,1
17-Feb-2023,40d,amazonecho,Alone-Cheetah3357,1
17-Feb-2023,40d,amazonecho,PresentSquirrel,1
17-Feb-2023,40d,amazonecho,FreshAirJunkie7,1
17-Feb-2023,40d,amazonecho,t2s4,1
17-Feb-2023,40d,amazonecho,fulloutfool,1
17-Feb-2023,40d,amazonecho,sdes01,1
17-Feb-2023,40d,amazonecho,drogueaf,1
17-Feb-2023,40d,amazonecho,jeffwi1,1
17-Feb-2023,40d,amazonecho,Xenobrains,1
17-Feb-2023,40d,amazonecho,TraderHappy,1
17-Feb-2023,40d,amazonecho,Crommington,1
17-Feb-2023,40d,amazonecho,Desertzephyr,1
17-Feb-2023,40d,amazonecho,FritzGman,1
17-Feb-2023,40d,amazonecho,MasterOfShun,1
17-Feb-2023,40d,amazonecho,BootedWonder,1
17-Feb-2023,40d,amazonecho,ailee43,1
17-Feb-2023,40d,amazonecho,P0we4S3rg,1
17-Feb-2023,40d,amazonecho,Enschede2,1
17-Feb-2023,40d,amazonecho,blurandgorillaz,1
17-Feb-2023,40d,amazonecho,grantnel2002,1
17-Feb-2023,40d,amazonecho,deuwd,1
17-Feb-2023,40d,amazonecho,YogurtFOOBbiittcchh,1
17-Feb-2023,40d,amazonecho,redwingshat,1
17-Feb-2023,40d,amazonecho,OilWorldly200,1
17-Feb-2023,40d,amazonecho,Some_Amphibian_6568,1
17-Feb-2023,40d,amazonecho,sapphiricacid,1
17-Feb-2023,40d,amazonecho,souleater6-6-6,1
17-Feb-2023,40d,amazonecho,DiamondplateDave,1
17-Feb-2023,40d,amazonecho,dickpickdan,1
17-Feb-2023,40d,amazonecho,imnotarapperok,1
17-Feb-2023,40d,amazonecho,ChrisB911,1
17-Feb-2023,40d,amazonecho,ryanmi,1
17-Feb-2023,40d,amazonecho,Mindless-Credit-8744,1
17-Feb-2023,40d,amazonecho,branch1410,1
17-Feb-2023,40d,amazonecho,Torrence73,1
17-Feb-2023,40d,amazonecho,Mathemartemis,1
17-Feb-2023,40d,amazonecho,tank324,1
17-Feb-2023,40d,amazonecho,Ablec6,1
17-Feb-2023,40d,amazonecho,wenglish98,1
17-Feb-2023,40d,amazonecho,crutonic,1
17-Feb-2023,40d,amazonecho,sanjosanjo,1
17-Feb-2023,40d,amazonecho,davelive2,1
17-Feb-2023,40d,amazonecho,joltdude,1
17-Feb-2023,40d,amazonecho,EmptyAdvertising6515,1
17-Feb-2023,40d,amazonecho,rakman,1
17-Feb-2023,40d,amazonecho,badbob001,1
17-Feb-2023,40d,amazonecho,BarbarianDiva,1
17-Feb-2023,40d,amazonecho,Or0b0ur0s,1
17-Feb-2023,40d,amazonecho,Kangaroowrangler_02,1
17-Feb-2023,40d,amazonecho,triangulumnova,1
17-Feb-2023,40d,amazonecho,penthoy,1
17-Feb-2023,40d,amazonecho,PredaPops,1
17-Feb-2023,40d,amazonecho,GrandMarquisMark,1
17-Feb-2023,40d,amazonecho,tftom8,1
17-Feb-2023,40d,amazonecho,thelastofbill,1
17-Feb-2023,40d,amazonecho,patbhakta,1
17-Feb-2023,40d,amazonecho,F0gg13,1
17-Feb-2023,40d,amazonecho,Gabmiral,1
17-Feb-2023,40d,amazonecho,ConnoroftheBrown,1
17-Feb-2023,40d,amazonecho,Markaes4,1
17-Feb-2023,40d,amazonecho,Material-Pudding,1
17-Feb-2023,40d,amazonecho,DemohFoxfire,1
17-Feb-2023,40d,amazonecho,Oneblonded,1
17-Feb-2023,40d,amazonecho,MechanicalWhispers,1
17-Feb-2023,40d,amazonecho,Just-Recording-4648,1
17-Feb-2023,40d,amazonecho,EvanMcD3,1
17-Feb-2023,40d,amazonecho,808_toby,1
17-Feb-2023,40d,amazonecho,uscpsycho,1
17-Feb-2023,40d,amazonecho,cal3ngineer,1
17-Feb-2023,40d,amazonecho,hyperjes,1
17-Feb-2023,40d,amazonecho,nikzter,1
17-Feb-2023,40d,amazonecho,maxnothing,1
17-Feb-2023,40d,amazonecho,vineetkjain,1
17-Feb-2023,40d,amazonecho,Nutmeg1186,1
17-Feb-2023,40d,amazonecho,Impressive-Ad6781,1
17-Feb-2023,40d,amazonecho,BigmeatBal_part_2,1
17-Feb-2023,40d,amazonecho,Mattmdabeast,1
17-Feb-2023,40d,amazonecho,2mnyq,1
17-Feb-2023,40d,amazonecho,sunshinekltty,1
17-Feb-2023,40d,amazonecho,SackOfrito,1
17-Feb-2023,40d,amazonecho,jtotheltothet,1
17-Feb-2023,40d,amazonecho,drfd2,1
17-Feb-2023,40d,amazonecho,SamArise,1
17-Feb-2023,40d,amazonecho,Otherwise-Complex134,1
17-Feb-2023,40d,amazonecho,Nullmod,1
17-Feb-2023,40d,amazonecho,Etcetera-Umbrella,1
17-Feb-2023,40d,amazonecho,HorrorPeace6255,1
17-Feb-2023,40d,amazonecho,jeepsrollover,1
17-Feb-2023,40d,amazonecho,OrionDC,1
17-Feb-2023,40d,amazonecho,Bigbob666,1
17-Feb-2023,40d,amazonecho,eastmpman,1
17-Feb-2023,40d,amazonecho,rosebud-84,1
17-Feb-2023,40d,amazonecho,zestypurplecatalyst,1
17-Feb-2023,40d,amazonecho,allenasm,1
17-Feb-2023,40d,amazonecho,sushiriice,1
17-Feb-2023,40d,amazonecho,primoslate,1
17-Feb-2023,40d,amazonecho,Murwiz,1
17-Feb-2023,40d,amazonecho,Anthony2816,1
17-Feb-2023,40d,amazonecho,klpfnp,1
17-Feb-2023,40d,amazonecho,Rude_Increase_4306,1
17-Feb-2023,40d,amazonecho,malbry,1
17-Feb-2023,40d,amazonecho,ModaFaca,1
17-Feb-2023,40d,amazonecho,kash_if,1
17-Feb-2023,40d,amazonecho,versaveaux,1
17-Feb-2023,40d,amazonecho,csreddit8,1
17-Feb-2023,40d,amazonecho,FetchezVache,1
17-Feb-2023,40d,amazonecho,Dez2011,1
17-Feb-2023,40d,amazonecho,Laura9624,1
17-Feb-2023,40d,amazonecho,Opposite_Mechanic_93,1
17-Feb-2023,40d,amazonecho,mistral7,1
17-Feb-2023,40d,amazonecho,miam185,1
17-Feb-2023,40d,amazonecho,jwegener,1
17-Feb-2023,40d,amazonecho,CatFlier,1
17-Feb-2023,40d,amazonecho,Meg_Manc,1
17-Feb-2023,40d,amazonecho,AnTargaid,1
17-Feb-2023,40d,amazonecho,raphaelwien,1
17-Feb-2023,40d,amazonecho,timothy53,1
17-Feb-2023,40d,amazonecho,RagnarCasull,1
17-Feb-2023,40d,amazonecho,MrAkai,1
17-Feb-2023,40d,amazonecho,guycurtis93,1
17-Feb-2023,40d,amazonecho,kelvin_bot,1
17-Feb-2023,40d,amazonecho,greypeng,1
17-Feb-2023,40d,amazonecho,Sunfried,1
17-Feb-2023,40d,amazonecho,the_quark,1
17-Feb-2023,40d,amazonecho,BDThrills,1
17-Feb-2023,40d,amazonecho,Psychological-Bus-82,1
17-Feb-2023,40d,amazonecho,Admirable-Cobbler501,1
17-Feb-2023,40d,amazonecho,Idontwantyourpans,1
17-Feb-2023,40d,amazonecho,ibrmou,1
17-Feb-2023,40d,amazonecho,TheRealGreenArrow420,1
17-Feb-2023,40d,amazonecho,ricky74vette,1
17-Feb-2023,40d,amazonecho,RainbowJeZ,1
17-Feb-2023,40d,amazonecho,SnooJokes6442,1
17-Feb-2023,40d,amazonecho,High_Castell,1
17-Feb-2023,40d,amazonecho,tessaray,1
17-Feb-2023,40d,amazonecho,Magmystour,1
17-Feb-2023,40d,amazonecho,Medium-Anybody5886,1
17-Feb-2023,40d,amazonecho,Digitial-Panda,1
17-Feb-2023,40d,amazonecho,Guy_Faux_5nov,1
17-Feb-2023,40d,amazonecho,llelibro,1
17-Feb-2023,40d,amazonecho,bullgod1964,1
17-Feb-2023,40d,amazonecho,recreatingafauxpas,1
17-Feb-2023,40d,amazonecho,trevorrg22,1
17-Feb-2023,40d,amazonecho,buffalobill36001,1
17-Feb-2023,40d,amazonecho,wkearney99,1
17-Feb-2023,40d,amazonecho,lunk,1
17-Feb-2023,40d,amazonecho,sames2,1
17-Feb-2023,40d,amazonecho,purplegam,1
17-Feb-2023,40d,amazonecho,sevargmas,1
17-Feb-2023,40d,amazonecho,realfakerolex,1
17-Feb-2023,40d,amazonecho,johnwilliams713,1
17-Feb-2023,40d,amazonecho,FreshlyCleanedLinens,1
17-Feb-2023,40d,amazonecho,ebsebs,1
17-Feb-2023,40d,amazonecho,preppietechie,1
17-Feb-2023,40d,amazonecho,Byohzzrd,1
17-Feb-2023,40d,amazonecho,Dude10120,1
17-Feb-2023,40d,amazonecho,Dryloch2,1
17-Feb-2023,40d,amazonecho,CherishSlan,1
17-Feb-2023,40d,amazonecho,WWIVPENGUIN,1
17-Feb-2023,40d,amazonecho,Tatung204,1
17-Feb-2023,40d,amazonecho,nogooduser,1
17-Feb-2023,40d,amazonecho,YungJayWill,1
17-Feb-2023,40d,amazonecho,Chuckunz,1
17-Feb-2023,40d,amazonecho,Ast0reth,1
17-Feb-2023,40d,amazonecho,sandinonett,1
17-Feb-2023,40d,amazonecho,MankatoSquirtz,1
17-Feb-2023,40d,amazonecho,tallbaldbeard,1
17-Feb-2023,40d,amazonecho,DiabeticJedi,1
17-Feb-2023,40d,amazonecho,Terrible-Lab-8481,1
17-Feb-2023,40d,amazonecho,AWildGamerAppeared25,1
17-Feb-2023,40d,amazonecho,Leftstrat,1
17-Feb-2023,40d,amazonecho,Gboteos,1
17-Feb-2023,40d,amazonecho,cheezenub,1
17-Feb-2023,40d,amazonecho,ssoocc,1
17-Feb-2023,40d,amazonecho,Illum503,1
17-Feb-2023,40d,amazonecho,snovvman,1
17-Feb-2023,40d,amazonecho,Human_Yam1500,1
17-Feb-2023,40d,amazonecho,Ill_Band5998,1
17-Feb-2023,40d,amazonecho,4ThoseWhoWander,1
17-Feb-2023,40d,amazonecho,handmedowns15,1
17-Feb-2023,40d,amazonecho,Responsible-Ad571,1
17-Feb-2023,40d,amazonecho,metswon2,1
17-Feb-2023,40d,amazonecho,Crackermantim87,1
17-Feb-2023,40d,amazonecho,TheEmfinger,1
17-Feb-2023,40d,amazonecho,jmanasta,1
17-Feb-2023,40d,amazonecho,Vegetable_Ad_8445,1
17-Feb-2023,40d,amazonecho,Nihiliste,1
17-Feb-2023,40d,amazonecho,JoehCat,1
17-Feb-2023,40d,amazonecho,Vinttech,1
17-Feb-2023,40d,amazonecho,Bueller-89,1
17-Feb-2023,40d,amazonecho,thetolerator98,1
17-Feb-2023,40d,amazonecho,nickfmc,1
17-Feb-2023,40d,amazonecho,Enos316,1
17-Feb-2023,40d,amazonecho,WhatWouldTNGPicardDo,1
17-Feb-2023,40d,amazonecho,geminihighjumpingdog,1
17-Feb-2023,40d,amazonecho,No_Bill_8883,1
17-Feb-2023,40d,amazonecho,Spinningwoman,1
17-Feb-2023,40d,amazonecho,Greedy_Factor_6489,1
17-Feb-2023,40d,amazonecho,ovalseven,1
17-Feb-2023,40d,amazonecho,1lostm4n,1
17-Feb-2023,40d,amazonecho,malki666,1
17-Feb-2023,40d,amazonecho,321whatsername,1
17-Feb-2023,40d,amazonecho,Expensive-Analysis-2,1
17-Feb-2023,40d,amazonecho,subzer088,1
17-Feb-2023,40d,amazonecho,petedee,1
17-Feb-2023,40d,amazonecho,Rheterik6,1
17-Feb-2023,40d,amazonecho,hotsoupjeesh,1
17-Feb-2023,40d,amazonecho,Holtian,1
17-Feb-2023,40d,amazonecho,Mimikim1234,1
17-Feb-2023,40d,amazonecho,DannyHeitz,1
17-Feb-2023,40d,amazonecho,BoostMonster3,1
17-Feb-2023,40d,amazonecho,superkat21,1
17-Feb-2023,40d,amazonecho,DistributionBrave262,1
17-Feb-2023,40d,amazonecho,bonafidebob,1
17-Feb-2023,40d,amazonecho,CurvePuzzleheaded361,1
17-Feb-2023,40d,amazonecho,waetherman,1
17-Feb-2023,40d,amazonecho,Cueball61,1
17-Feb-2023,40d,amazonecho,thealphateam,1
17-Feb-2023,40d,amazonecho,Viktor_withaK,1
17-Feb-2023,40d,amazonecho,Sythya,1
17-Feb-2023,40d,amazonecho,spiazza12,1
17-Feb-2023,40d,amazonecho,astutesnoot,1
17-Feb-2023,40d,amazonecho,SquishieThings,1
17-Feb-2023,40d,amazonecho,fireman137,1
17-Feb-2023,40d,amazonecho,RedmondCooper,1
17-Feb-2023,40d,amazonecho,Smart-Time6212,1
17-Feb-2023,40d,amazonecho,Ribenadrinker,1
17-Feb-2023,40d,amazonecho,jamie_user_is_taken,1
17-Feb-2023,40d,amazonecho,ChiefBroady,1
17-Feb-2023,40d,amazonecho,Bochitos,1
17-Feb-2023,40d,amazonecho,Lone_Slayer1980,1
17-Feb-2023,40d,amazonecho,yacuza,1
17-Feb-2023,40d,amazonecho,m16kidd,1
17-Feb-2023,40d,amazonecho,sdh_b,1
17-Feb-2023,40d,amazonecho,VanPersieSuperSonic,1
17-Feb-2023,40d,amazonecho,LeastAwareness7469,1
17-Feb-2023,40d,amazonecho,Pixie__pie,1
17-Feb-2023,40d,amazonecho,bemoedee,1
17-Feb-2023,40d,amazonecho,the_doughboy,1
17-Feb-2023,40d,amazonecho,MJFox1978,1
17-Feb-2023,40d,amazonecho,monkeyhog,1
17-Feb-2023,40d,amazonecho,Dinidog_ca,1
17-Feb-2023,40d,amazonecho,Tenstone,1
17-Feb-2023,40d,amazonecho,dchief20,1
17-Feb-2023,40d,amazonecho,BigNastyXul,1
17-Feb-2023,40d,amazonecho,JamesR311,1
17-Feb-2023,40d,amazonecho,pridhviss,1
17-Feb-2023,40d,amazonecho,Sasaroo,1
17-Feb-2023,40d,amazonecho,Scutther,1
17-Feb-2023,40d,amazonecho,Yinepuhotep,1
17-Feb-2023,40d,amazonecho,diamondgawd,1
17-Feb-2023,40d,amazonecho,Vallywog,1
17-Feb-2023,40d,amazonecho,washburn100,1
17-Feb-2023,40d,amazonecho,theottoman_2012,1
17-Feb-2023,40d,amazonecho,Dagonad,1
17-Feb-2023,40d,amazonecho,Blazah,1
17-Feb-2023,40d,amazonecho,FiIthy_Anarchist,1
17-Feb-2023,40d,amazonecho,Goodspike,1
17-Feb-2023,40d,amazonecho,clfams,1
17-Feb-2023,40d,amazonecho,squishmallow26,1
17-Feb-2023,40d,amazonecho,EstablishmentNew2807,1
17-Feb-2023,40d,amazonecho,tburkha87,1
17-Feb-2023,40d,amazonecho,Popular_Student_1640,1
17-Feb-2023,40d,amazonecho,zorclon,1
17-Feb-2023,40d,amazonecho,BigPaulieEh,1
17-Feb-2023,40d,amazonecho,cbeelover,1
17-Feb-2023,40d,amazonecho,James-At-16,1
17-Feb-2023,40d,amazonecho,Bregvist,1
17-Feb-2023,40d,amazonecho,pgerding,1
17-Feb-2023,40d,amazonecho,nbarchha,1
17-Feb-2023,40d,amazonecho,Napkinsnsuch,1
17-Feb-2023,40d,amazonecho,scotchtape400,1
17-Feb-2023,40d,amazonecho,Pristine-Glove-3810,1
17-Feb-2023,40d,amazonecho,ShaunB1909,1
17-Feb-2023,40d,amazonecho,Original-Smooth,1
17-Feb-2023,40d,amazonecho,AbdulPullMaTool,1
17-Feb-2023,40d,amazonecho,mikeinmass,1
17-Feb-2023,40d,amazonecho,GlasgowGunner,1
17-Feb-2023,40d,amazonecho,Thebombuknow,1
17-Feb-2023,40d,amazonecho,Visible-Gur7122,1
17-Feb-2023,40d,amazonecho,Add1ctedToGames,1
17-Feb-2023,40d,amazonecho,wk-uk,1
17-Feb-2023,40d,amazonecho,remotelove,1
17-Feb-2023,40d,amazonecho,jayfaso,1
17-Feb-2023,40d,amazonecho,OhHeyItsBrock,1
17-Feb-2023,40d,amazonecho,holtpj,1
17-Feb-2023,40d,amazonecho,solracnapod,1
17-Feb-2023,40d,amazonecho,MyMainAcctGotFound,1
17-Feb-2023,40d,amazonecho,Helpful_Put_5274,1
17-Feb-2023,40d,amazonecho,freeisbad,1
17-Feb-2023,40d,amazonecho,SunShinesForMe,1
17-Feb-2023,40d,amazonecho,edfiero,1
