query_date,before_date,subreddit,comment_author,comment_frequency
17-Feb-2023,20d,amazonecho,Dansk72,80
17-Feb-2023,20d,amazonecho,cynycal,20
17-Feb-2023,20d,amazonecho,Wayne8766,17
17-Feb-2023,20d,amazonecho,woody-99,15
17-Feb-2023,20d,amazonecho,brantome24,14
17-Feb-2023,20d,amazonecho,sydthebeat365,13
17-Feb-2023,20d,amazonecho,rcroche01,11
17-Feb-2023,20d,amazonecho,zosgood,11
17-Feb-2023,20d,amazonecho,CpuJunky,10
17-Feb-2023,20d,amazonecho,toinfinitiandbeyond,10
17-Feb-2023,20d,amazonecho,dalmarnock,10
17-Feb-2023,20d,amazonecho,Ehh8me,10
17-Feb-2023,20d,amazonecho,MechanicalWhispers,10
17-Feb-2023,20d,amazonecho,Famous-Perspective-3,9
17-Feb-2023,20d,amazonecho,stumbledotcom,8
17-Feb-2023,20d,amazonecho,RedMapleBat,8
17-Feb-2023,20d,amazonecho,[deleted],8
17-Feb-2023,20d,amazonecho,No-Response-5085,8
17-Feb-2023,20d,amazonecho,Finnzz,8
17-Feb-2023,20d,amazonecho,freelancerjourn,8
17-Feb-2023,20d,amazonecho,edu_sc,7
17-Feb-2023,20d,amazonecho,Front_Huckleberry_93,7
17-Feb-2023,20d,amazonecho,ssoocc,6
17-Feb-2023,20d,amazonecho,gangsteroflove1,6
17-Feb-2023,20d,amazonecho,benrules2,6
17-Feb-2023,20d,amazonecho,Nexfero,5
17-Feb-2023,20d,amazonecho,Man_Bear_Beaver,5
17-Feb-2023,20d,amazonecho,GeneOk6296,5
17-Feb-2023,20d,amazonecho,antisane,5
17-Feb-2023,20d,amazonecho,PlaidPixels,5
17-Feb-2023,20d,amazonecho,vapeducator,5
17-Feb-2023,20d,amazonecho,Johnrtx94,5
17-Feb-2023,20d,amazonecho,redbobcatit,4
17-Feb-2023,20d,amazonecho,jlbob,4
17-Feb-2023,20d,amazonecho,_TheBloke_,4
17-Feb-2023,20d,amazonecho,dbhathcock,4
17-Feb-2023,20d,amazonecho,donohoo1980,4
17-Feb-2023,20d,amazonecho,Konquerian,4
17-Feb-2023,20d,amazonecho,Reggie_Barclay,4
17-Feb-2023,20d,amazonecho,Lucky-Ambassador-556,4
17-Feb-2023,20d,amazonecho,sylvar,4
17-Feb-2023,20d,amazonecho,Beartunes_MA,4
17-Feb-2023,20d,amazonecho,Anianna,4
17-Feb-2023,20d,amazonecho,FritzGman,4
17-Feb-2023,20d,amazonecho,metsfanapk,4
17-Feb-2023,20d,amazonecho,Ok-Annual9252,4
17-Feb-2023,20d,amazonecho,suitablyRandom,3
17-Feb-2023,20d,amazonecho,facialmaster,3
17-Feb-2023,20d,amazonecho,missionbeach,3
17-Feb-2023,20d,amazonecho,Drysandplace,3
17-Feb-2023,20d,amazonecho,joebleaux,3
17-Feb-2023,20d,amazonecho,tarzan_nojane,3
17-Feb-2023,20d,amazonecho,WhatWouldTNGPicardDo,3
17-Feb-2023,20d,amazonecho,Watashifr,3
17-Feb-2023,20d,amazonecho,norbertyeahbert,3
17-Feb-2023,20d,amazonecho,rockmasterflex,3
17-Feb-2023,20d,amazonecho,LowEndBike,3
17-Feb-2023,20d,amazonecho,aprochainezo,3
17-Feb-2023,20d,amazonecho,kuj0317,3
17-Feb-2023,20d,amazonecho,ChipBeef2354,3
17-Feb-2023,20d,amazonecho,TheDadRockPodcast,3
17-Feb-2023,20d,amazonecho,willdeliver4money,3
17-Feb-2023,20d,amazonecho,TrustLeft,3
17-Feb-2023,20d,amazonecho,Leftstrat,3
17-Feb-2023,20d,amazonecho,KrissoLille,3
17-Feb-2023,20d,amazonecho,mclain114,3
17-Feb-2023,20d,amazonecho,tuliusy2k,3
17-Feb-2023,20d,amazonecho,NoSweat88,3
17-Feb-2023,20d,amazonecho,Hangs_Right,3
17-Feb-2023,20d,amazonecho,skatardrummer,3
17-Feb-2023,20d,amazonecho,ddirgo,3
17-Feb-2023,20d,amazonecho,bluewolf37,3
17-Feb-2023,20d,amazonecho,baobab68,3
17-Feb-2023,20d,amazonecho,alexbro001,3
17-Feb-2023,20d,amazonecho,bc097,3
17-Feb-2023,20d,amazonecho,crujones33,2
17-Feb-2023,20d,amazonecho,cognizantant,2
17-Feb-2023,20d,amazonecho,taoman54,2
17-Feb-2023,20d,amazonecho,southbayray,2
17-Feb-2023,20d,amazonecho,Jimmy_the_Heater,2
17-Feb-2023,20d,amazonecho,gigi-balamuc,2
17-Feb-2023,20d,amazonecho,PhilSocal,2
17-Feb-2023,20d,amazonecho,mickAMMO,2
17-Feb-2023,20d,amazonecho,dchabz,2
17-Feb-2023,20d,amazonecho,pdinc,2
17-Feb-2023,20d,amazonecho,cr0n1c,2
17-Feb-2023,20d,amazonecho,buddhafig,2
17-Feb-2023,20d,amazonecho,grahampc,2
17-Feb-2023,20d,amazonecho,zee_dot,2
17-Feb-2023,20d,amazonecho,AdrianW3,2
17-Feb-2023,20d,amazonecho,gibberishIsNotTaken,2
17-Feb-2023,20d,amazonecho,ParticularYellow,2
17-Feb-2023,20d,amazonecho,Razor-dino,2
17-Feb-2023,20d,amazonecho,XavierVE,2
17-Feb-2023,20d,amazonecho,Legitimate_Patience8,2
17-Feb-2023,20d,amazonecho,YeahThatCee,2
17-Feb-2023,20d,amazonecho,daenerysisboss,2
17-Feb-2023,20d,amazonecho,Lilywace,2
17-Feb-2023,20d,amazonecho,ZippleJ,2
17-Feb-2023,20d,amazonecho,mTsp4ce,2
17-Feb-2023,20d,amazonecho,GIDAMIEN,2
17-Feb-2023,20d,amazonecho,fghkfhjjkkjdffgsdfsd,2
17-Feb-2023,20d,amazonecho,Independent_Cloud_16,2
17-Feb-2023,20d,amazonecho,TimmyRiggs33,2
17-Feb-2023,20d,amazonecho,WigWoo1,2
17-Feb-2023,20d,amazonecho,JRHZ28,2
17-Feb-2023,20d,amazonecho,sparkysparks666,2
17-Feb-2023,20d,amazonecho,BlueIdoru,2
17-Feb-2023,20d,amazonecho,chewbooks,2
17-Feb-2023,20d,amazonecho,GreatTao,2
17-Feb-2023,20d,amazonecho,skingspan,2
17-Feb-2023,20d,amazonecho,IceLongjumping1866,2
17-Feb-2023,20d,amazonecho,cgknight1,2
17-Feb-2023,20d,amazonecho,BDThrills,2
17-Feb-2023,20d,amazonecho,Sibanex,2
17-Feb-2023,20d,amazonecho,Hiberniciz,2
17-Feb-2023,20d,amazonecho,TheRealArchibald,2
17-Feb-2023,20d,amazonecho,sharkowictz,2
17-Feb-2023,20d,amazonecho,June_2022,2
17-Feb-2023,20d,amazonecho,chabichiks,2
17-Feb-2023,20d,amazonecho,ReallyNotMichaelsMom,2
17-Feb-2023,20d,amazonecho,breagerey,2
17-Feb-2023,20d,amazonecho,ejsandstrom,2
17-Feb-2023,20d,amazonecho,anomalous_cowherd,2
17-Feb-2023,20d,amazonecho,flargenhargen,2
17-Feb-2023,20d,amazonecho,thisismyusername798,2
17-Feb-2023,20d,amazonecho,MCLMelonFarmer,2
17-Feb-2023,20d,amazonecho,RedditPoster05,2
17-Feb-2023,20d,amazonecho,Is_This_Name_Tak3n,2
17-Feb-2023,20d,amazonecho,Glad-Conversation921,2
17-Feb-2023,20d,amazonecho,Certain_Weakness1873,2
17-Feb-2023,20d,amazonecho,Justice8878,2
17-Feb-2023,20d,amazonecho,sksureshkm,2
17-Feb-2023,20d,amazonecho,BLeeV1123,2
17-Feb-2023,20d,amazonecho,SnowblindAlbino,2
17-Feb-2023,20d,amazonecho,FatMacchio,2
17-Feb-2023,20d,amazonecho,Real-Apartment-1130,2
17-Feb-2023,20d,amazonecho,Dark_DoubleD,2
17-Feb-2023,20d,amazonecho,DevMiser,2
17-Feb-2023,20d,amazonecho,jleichtentritt,2
17-Feb-2023,20d,amazonecho,nofun-ebeeznest,2
17-Feb-2023,20d,amazonecho,HotterBurrito,2
17-Feb-2023,20d,amazonecho,RevertCommit,2
17-Feb-2023,20d,amazonecho,halluxx,2
17-Feb-2023,20d,amazonecho,cainoom,2
17-Feb-2023,20d,amazonecho,G4M35,2
17-Feb-2023,20d,amazonecho,retronewb,1
17-Feb-2023,20d,amazonecho,LogicalQuit1775,1
17-Feb-2023,20d,amazonecho,Hypercavallo,1
17-Feb-2023,20d,amazonecho,Florica117,1
17-Feb-2023,20d,amazonecho,WhoWho22222,1
17-Feb-2023,20d,amazonecho,arbucklej,1
17-Feb-2023,20d,amazonecho,dryh2o,1
17-Feb-2023,20d,amazonecho,Euphoric-Hair2048,1
17-Feb-2023,20d,amazonecho,Majinlord,1
17-Feb-2023,20d,amazonecho,Grouchy_Fix_9861,1
17-Feb-2023,20d,amazonecho,Htumedrm,1
17-Feb-2023,20d,amazonecho,Busy_Shock6632,1
17-Feb-2023,20d,amazonecho,One-Protection8740,1
17-Feb-2023,20d,amazonecho,seeker_ktf,1
17-Feb-2023,20d,amazonecho,drnuke75,1
17-Feb-2023,20d,amazonecho,MontyXvghc,1
17-Feb-2023,20d,amazonecho,ppal1981,1
17-Feb-2023,20d,amazonecho,mnm954,1
17-Feb-2023,20d,amazonecho,CheckDesigner5167,1
17-Feb-2023,20d,amazonecho,TheLastOfGus,1
17-Feb-2023,20d,amazonecho,atvlouis,1
17-Feb-2023,20d,amazonecho,created4this,1
17-Feb-2023,20d,amazonecho,KnightCreed13,1
17-Feb-2023,20d,amazonecho,kendallrae4,1
17-Feb-2023,20d,amazonecho,Snoo-7943,1
17-Feb-2023,20d,amazonecho,jones_ro,1
17-Feb-2023,20d,amazonecho,OGhurrakayne,1
17-Feb-2023,20d,amazonecho,KingZakyu,1
17-Feb-2023,20d,amazonecho,panda_has_reddit_now,1
17-Feb-2023,20d,amazonecho,superbilliam,1
17-Feb-2023,20d,amazonecho,Prior_Channel_8784,1
17-Feb-2023,20d,amazonecho,ChristianClingerman,1
17-Feb-2023,20d,amazonecho,TallMention1591,1
17-Feb-2023,20d,amazonecho,ob2kenobi,1
17-Feb-2023,20d,amazonecho,Truthlooking,1
17-Feb-2023,20d,amazonecho,Important_Cap_6238,1
17-Feb-2023,20d,amazonecho,DirtyThi3f,1
17-Feb-2023,20d,amazonecho,Torrence73,1
17-Feb-2023,20d,amazonecho,rogracer2000,1
17-Feb-2023,20d,amazonecho,Teowulf,1
17-Feb-2023,20d,amazonecho,cute_physics_guy,1
17-Feb-2023,20d,amazonecho,cochonico,1
17-Feb-2023,20d,amazonecho,russilker,1
17-Feb-2023,20d,amazonecho,spyderspyders,1
17-Feb-2023,20d,amazonecho,flyinbrian1186,1
17-Feb-2023,20d,amazonecho,tzighy,1
17-Feb-2023,20d,amazonecho,nonameforyou1234,1
17-Feb-2023,20d,amazonecho,Morbo782,1
17-Feb-2023,20d,amazonecho,Ratman056,1
17-Feb-2023,20d,amazonecho,blast3001,1
17-Feb-2023,20d,amazonecho,Tsax6010,1
17-Feb-2023,20d,amazonecho,RandomGerman,1
17-Feb-2023,20d,amazonecho,daveyg2611,1
17-Feb-2023,20d,amazonecho,Tinywolf2005UwU,1
17-Feb-2023,20d,amazonecho,pkfishers,1
17-Feb-2023,20d,amazonecho,Valiice,1
17-Feb-2023,20d,amazonecho,Objective-Ad8862,1
17-Feb-2023,20d,amazonecho,delaneyxsolo,1
17-Feb-2023,20d,amazonecho,greekmikemiami,1
17-Feb-2023,20d,amazonecho,No-Caterpillar-6731,1
17-Feb-2023,20d,amazonecho,andybech,1
17-Feb-2023,20d,amazonecho,Terrible_Flamingo823,1
17-Feb-2023,20d,amazonecho,zestypurplecatalyst,1
17-Feb-2023,20d,amazonecho,twitchHUNTR,1
17-Feb-2023,20d,amazonecho,Senor02,1
17-Feb-2023,20d,amazonecho,ophir6,1
17-Feb-2023,20d,amazonecho,brasilicano,1
17-Feb-2023,20d,amazonecho,No-Rhubarb-9371,1
17-Feb-2023,20d,amazonecho,caribulou,1
17-Feb-2023,20d,amazonecho,dancemusicparty,1
17-Feb-2023,20d,amazonecho,computersteve,1
17-Feb-2023,20d,amazonecho,monsterzro_nyc,1
17-Feb-2023,20d,amazonecho,ebsebs,1
17-Feb-2023,20d,amazonecho,Bregvist,1
17-Feb-2023,20d,amazonecho,GronlandicReddit,1
17-Feb-2023,20d,amazonecho,caseinpoint,1
17-Feb-2023,20d,amazonecho,dank5inatra,1
17-Feb-2023,20d,amazonecho,TimFTWin,1
17-Feb-2023,20d,amazonecho,sulnibs,1
17-Feb-2023,20d,amazonecho,waetherman,1
17-Feb-2023,20d,amazonecho,philko42,1
17-Feb-2023,20d,amazonecho,amberalert123,1
17-Feb-2023,20d,amazonecho,MrMinecraft178,1
17-Feb-2023,20d,amazonecho,HashKing,1
17-Feb-2023,20d,amazonecho,WallyJade,1
17-Feb-2023,20d,amazonecho,RealTrad,1
17-Feb-2023,20d,amazonecho,Jeffd506,1
17-Feb-2023,20d,amazonecho,Charlies_Mamma,1
17-Feb-2023,20d,amazonecho,Gh0stw0lf,1
17-Feb-2023,20d,amazonecho,FooFatFighters,1
17-Feb-2023,20d,amazonecho,Hillsco_AL,1
17-Feb-2023,20d,amazonecho,GuybrushMancomb,1
17-Feb-2023,20d,amazonecho,cerebasan,1
17-Feb-2023,20d,amazonecho,phoinixtk,1
17-Feb-2023,20d,amazonecho,crutnacker,1
17-Feb-2023,20d,amazonecho,Temporary_Tension368,1
17-Feb-2023,20d,amazonecho,jrobertson50,1
17-Feb-2023,20d,amazonecho,sailor_the_revelator,1
17-Feb-2023,20d,amazonecho,dman97_2,1
17-Feb-2023,20d,amazonecho,Carlos13th,1
17-Feb-2023,20d,amazonecho,native_one17,1
17-Feb-2023,20d,amazonecho,WickedJay83,1
17-Feb-2023,20d,amazonecho,F0gg13,1
17-Feb-2023,20d,amazonecho,trickman01,1
17-Feb-2023,20d,amazonecho,SchmausTrap,1
17-Feb-2023,20d,amazonecho,robinfresno,1
17-Feb-2023,20d,amazonecho,branvaughnlaw,1
17-Feb-2023,20d,amazonecho,RemieToa,1
17-Feb-2023,20d,amazonecho,DangerB0y,1
17-Feb-2023,20d,amazonecho,Famous-Carpenter-275,1
17-Feb-2023,20d,amazonecho,imabetaunit,1
17-Feb-2023,20d,amazonecho,drax1983,1
17-Feb-2023,20d,amazonecho,Low_Soul_Coal,1
17-Feb-2023,20d,amazonecho,this_machine,1
17-Feb-2023,20d,amazonecho,ty10drope,1
17-Feb-2023,20d,amazonecho,FaydraWasHere,1
17-Feb-2023,20d,amazonecho,Mollysindanga,1
17-Feb-2023,20d,amazonecho,Suspicious-Apple-799,1
17-Feb-2023,20d,amazonecho,triangulumnova,1
17-Feb-2023,20d,amazonecho,80andsunny,1
17-Feb-2023,20d,amazonecho,Ok_Professional_7291,1
17-Feb-2023,20d,amazonecho,Aviorrok,1
17-Feb-2023,20d,amazonecho,Breaking-Dad-,1
17-Feb-2023,20d,amazonecho,iversenMN,1
17-Feb-2023,20d,amazonecho,powerangerpink,1
17-Feb-2023,20d,amazonecho,panzegor,1
17-Feb-2023,20d,amazonecho,cyclefreaksix,1
17-Feb-2023,20d,amazonecho,DOF1186,1
17-Feb-2023,20d,amazonecho,L1MAnon,1
17-Feb-2023,20d,amazonecho,amorosa101,1
17-Feb-2023,20d,amazonecho,DarTheDev,1
17-Feb-2023,20d,amazonecho,JayMonster65,1
17-Feb-2023,20d,amazonecho,DrunkenGolfer,1
17-Feb-2023,20d,amazonecho,kenkiller,1
17-Feb-2023,20d,amazonecho,jbvetter,1
17-Feb-2023,20d,amazonecho,KaKi_87,1
17-Feb-2023,20d,amazonecho,DrinkWaterAndBreath,1
17-Feb-2023,20d,amazonecho,ekimnella,1
17-Feb-2023,20d,amazonecho,Eastern-Mix9636,1
17-Feb-2023,20d,amazonecho,unthused,1
17-Feb-2023,20d,amazonecho,Lost-Treacle-1953,1
17-Feb-2023,20d,amazonecho,dasbeerboot2,1
17-Feb-2023,20d,amazonecho,BadHotelCarpet,1
17-Feb-2023,20d,amazonecho,The_Poi,1
17-Feb-2023,20d,amazonecho,AmIReallySinking,1
17-Feb-2023,20d,amazonecho,limitless__,1
17-Feb-2023,20d,amazonecho,CFNikki,1
17-Feb-2023,20d,amazonecho,sidnov,1
17-Feb-2023,20d,amazonecho,more2sense,1
17-Feb-2023,20d,amazonecho,scottcanoni,1
17-Feb-2023,20d,amazonecho,__ToT__,1
17-Feb-2023,20d,amazonecho,polarfetus,1
17-Feb-2023,20d,amazonecho,gaypornlover80,1
17-Feb-2023,20d,amazonecho,dennyj425,1
17-Feb-2023,20d,amazonecho,honest_abe55,1
17-Feb-2023,20d,amazonecho,Bamboominum,1
17-Feb-2023,20d,amazonecho,wallacegal,1
17-Feb-2023,20d,amazonecho,silverfox771,1
17-Feb-2023,20d,amazonecho,skip2111beta,1
17-Feb-2023,20d,amazonecho,SighFFS,1
17-Feb-2023,20d,amazonecho,arelse,1
17-Feb-2023,20d,amazonecho,jayRIOT,1
17-Feb-2023,20d,amazonecho,MaximusMMIV,1
17-Feb-2023,20d,amazonecho,Fit-Feature-150,1
17-Feb-2023,20d,amazonecho,Wracers,1
17-Feb-2023,20d,amazonecho,yourPWD,1
17-Feb-2023,20d,amazonecho,Tiny-Subject4487,1
17-Feb-2023,20d,amazonecho,andwilly,1
17-Feb-2023,20d,amazonecho,ZuwyTuCheatL,1
17-Feb-2023,20d,amazonecho,Lasalazar01,1
17-Feb-2023,20d,amazonecho,Sam_0101,1
17-Feb-2023,20d,amazonecho,Dez2011,1
17-Feb-2023,20d,amazonecho,Monkfich,1
17-Feb-2023,20d,amazonecho,bigtoddlebigfun,1
17-Feb-2023,20d,amazonecho,Competitive_Bowl_467,1
17-Feb-2023,20d,amazonecho,unawakeuser,1
17-Feb-2023,20d,amazonecho,SmolderingLog,1
17-Feb-2023,20d,amazonecho,redditmnb,1
17-Feb-2023,20d,amazonecho,Dependent_Log_2325,1
17-Feb-2023,20d,amazonecho,iSRS73,1
17-Feb-2023,20d,amazonecho,PsychoInHell,1
17-Feb-2023,20d,amazonecho,GivesBadAdvic,1
17-Feb-2023,20d,amazonecho,FunkyFreshJive,1
17-Feb-2023,20d,amazonecho,hj00950,1
17-Feb-2023,20d,amazonecho,Virt_McPolygon,1
17-Feb-2023,20d,amazonecho,bopeepsheep,1
17-Feb-2023,20d,amazonecho,Zouden,1
17-Feb-2023,20d,amazonecho,nick9000,1
17-Feb-2023,20d,amazonecho,Consistent-Sea-4913,1
17-Feb-2023,20d,amazonecho,HazaRedonda,1
17-Feb-2023,20d,amazonecho,Altruistic-Pair182,1
17-Feb-2023,20d,amazonecho,bridgemojo,1
17-Feb-2023,20d,amazonecho,Background_Mud1591,1
17-Feb-2023,20d,amazonecho,SheilaCreates,1
17-Feb-2023,20d,amazonecho,_jb09,1
17-Feb-2023,20d,amazonecho,a-fucking-donkey,1
17-Feb-2023,20d,amazonecho,ihateeverythingandu,1
17-Feb-2023,20d,amazonecho,Inside-Power333,1
17-Feb-2023,20d,amazonecho,Free-Program-1166,1
17-Feb-2023,20d,amazonecho,CielSairento,1
17-Feb-2023,20d,amazonecho,eastmpman,1
17-Feb-2023,20d,amazonecho,Empty_Leopard7450,1
17-Feb-2023,20d,amazonecho,bullgod1964,1
17-Feb-2023,20d,amazonecho,mikeinmass,1
17-Feb-2023,20d,amazonecho,SuperMario630,1
17-Feb-2023,20d,amazonecho,Turbulent_Match_2149,1
17-Feb-2023,20d,amazonecho,New_Needleworker1127,1
17-Feb-2023,20d,amazonecho,Zevnadia,1
17-Feb-2023,20d,amazonecho,itsgotime8458,1
17-Feb-2023,20d,amazonecho,tdaun,1
17-Feb-2023,20d,amazonecho,Trucklover23456789,1
17-Feb-2023,20d,amazonecho,m00nwatcher11,1
17-Feb-2023,20d,amazonecho,Beg4MyLoad,1
17-Feb-2023,20d,amazonecho,J-COE,1
17-Feb-2023,20d,amazonecho,peklein,1
17-Feb-2023,20d,amazonecho,friendlyhermit,1
17-Feb-2023,20d,amazonecho,drew1010101,1
17-Feb-2023,20d,amazonecho,snafu918,1
17-Feb-2023,20d,amazonecho,PepeAwesome,1
17-Feb-2023,20d,amazonecho,MYOB2023,1
17-Feb-2023,20d,amazonecho,zatoufly,1
17-Feb-2023,20d,amazonecho,mustarunallday,1
17-Feb-2023,20d,amazonecho,RockPaperShredder,1
17-Feb-2023,20d,amazonecho,seandc121,1
17-Feb-2023,20d,amazonecho,Sufficient_Cook5544,1
17-Feb-2023,20d,amazonecho,DeadEgg420,1
17-Feb-2023,20d,amazonecho,uses_for_mooses,1
17-Feb-2023,20d,amazonecho,ChiefBroady,1
17-Feb-2023,20d,amazonecho,gabiruman,1
17-Feb-2023,20d,amazonecho,Icy-Lingonberry-7509,1
17-Feb-2023,20d,amazonecho,androidusr,1
17-Feb-2023,20d,amazonecho,PrestigeWrldWd,1
17-Feb-2023,20d,amazonecho,Apnarr,1
17-Feb-2023,20d,amazonecho,AdLongjumping124,1
17-Feb-2023,20d,amazonecho,TxMikey,1
17-Feb-2023,20d,amazonecho,Barnezhilton,1
17-Feb-2023,20d,amazonecho,alriderrocks,1
17-Feb-2023,20d,amazonecho,Beneficial_Pear9705,1
17-Feb-2023,20d,amazonecho,chris_gg_tm,1
17-Feb-2023,20d,amazonecho,mfizzled,1
17-Feb-2023,20d,amazonecho,pnlrogue1,1
17-Feb-2023,20d,amazonecho,monkeydemon,1
17-Feb-2023,20d,amazonecho,Scooter310,1
17-Feb-2023,20d,amazonecho,vjmurphy,1
17-Feb-2023,20d,amazonecho,rajrdajr,1
17-Feb-2023,20d,amazonecho,tom_markel,1
17-Feb-2023,20d,amazonecho,Gettheinfo2theppl,1
17-Feb-2023,20d,amazonecho,BRCKDefenseAttorneys,1
17-Feb-2023,20d,amazonecho,GetYoSnacks,1
17-Feb-2023,20d,amazonecho,AreUNutz,1
17-Feb-2023,20d,amazonecho,EhhWhatsUpDoc,1
17-Feb-2023,20d,amazonecho,Cyberdog1983,1
17-Feb-2023,20d,amazonecho,Rodrogeorge,1
17-Feb-2023,20d,amazonecho,michael_grace_studio,1
17-Feb-2023,20d,amazonecho,washburn100,1
17-Feb-2023,20d,amazonecho,SaltTheRimG,1
17-Feb-2023,20d,amazonecho,verykoalified,1
17-Feb-2023,20d,amazonecho,cyclegals,1
17-Feb-2023,20d,amazonecho,TheOriginalHuh,1
17-Feb-2023,20d,amazonecho,FreshlyCleanedLinens,1
17-Feb-2023,20d,amazonecho,skydivinfoo,1
17-Feb-2023,20d,amazonecho,tampabud20,1
17-Feb-2023,20d,amazonecho,GreyCrowDownTheLane,1
17-Feb-2023,20d,amazonecho,y2kyster,1
17-Feb-2023,20d,amazonecho,captpackrat,1
17-Feb-2023,20d,amazonecho,rcook55,1
17-Feb-2023,20d,amazonecho,wockheartzz,1
17-Feb-2023,20d,amazonecho,mritty,1
17-Feb-2023,20d,amazonecho,scottwould,1
17-Feb-2023,20d,amazonecho,douger1957,1
17-Feb-2023,20d,amazonecho,nogooduser,1
17-Feb-2023,20d,amazonecho,Heptite,1
17-Feb-2023,20d,amazonecho,spudd3rs,1
17-Feb-2023,20d,amazonecho,mckle000ner,1
17-Feb-2023,20d,amazonecho,Greful,1
17-Feb-2023,20d,amazonecho,vinsterX,1
17-Feb-2023,20d,amazonecho,Stateswitness1,1
17-Feb-2023,20d,amazonecho,Nitz39,1
17-Feb-2023,20d,amazonecho,Beginning_Ask9699,1
17-Feb-2023,20d,amazonecho,Manasmit,1
17-Feb-2023,20d,amazonecho,Salvetron,1
17-Feb-2023,20d,amazonecho,Choice_Network_2462,1
17-Feb-2023,20d,amazonecho,incogenator,1
17-Feb-2023,20d,amazonecho,cosimo415,1
17-Feb-2023,20d,amazonecho,dotslash00,1
17-Feb-2023,20d,amazonecho,Armand28,1
17-Feb-2023,20d,amazonecho,returnoftheflyingb,1
17-Feb-2023,20d,amazonecho,Budget-Respect8502,1
17-Feb-2023,20d,amazonecho,ebresie,1
17-Feb-2023,20d,amazonecho,kutta-j,1
17-Feb-2023,20d,amazonecho,jml5791,1
17-Feb-2023,20d,amazonecho,allancampbell3,1
17-Feb-2023,20d,amazonecho,Redditaccount95,1
17-Feb-2023,20d,amazonecho,Dtour77,1
17-Feb-2023,20d,amazonecho,daneyuleb,1
17-Feb-2023,20d,amazonecho,uglyspacepig,1
17-Feb-2023,20d,amazonecho,BigMoE65,1
17-Feb-2023,20d,amazonecho,ZaftigFeline,1
17-Feb-2023,20d,amazonecho,Impulse3000,1
17-Feb-2023,20d,amazonecho,PorterQs,1
17-Feb-2023,20d,amazonecho,CC-1337,1
17-Feb-2023,20d,amazonecho,SnooFoxes582,1
17-Feb-2023,20d,amazonecho,ruggieroav,1
17-Feb-2023,20d,amazonecho,SaidWhatWhenHow,1
17-Feb-2023,20d,amazonecho,CassCat,1
17-Feb-2023,20d,amazonecho,HarryBacchu5,1
17-Feb-2023,20d,amazonecho,SiriocazTheII,1
17-Feb-2023,20d,amazonecho,ditched_my_droid,1
17-Feb-2023,20d,amazonecho,Lmt-C,1
17-Feb-2023,20d,amazonecho,Williamgurney,1
17-Feb-2023,20d,amazonecho,PALLADlUM,1
17-Feb-2023,20d,amazonecho,Rentz3,1
17-Feb-2023,20d,amazonecho,SockDumpster,1
17-Feb-2023,20d,amazonecho,indg468,1
17-Feb-2023,20d,amazonecho,Susan_B_Good,1
17-Feb-2023,20d,amazonecho,Tauur,1
17-Feb-2023,20d,amazonecho,cloudiness,1
17-Feb-2023,20d,amazonecho,researcherRVA,1
17-Feb-2023,20d,amazonecho,jeweliegb,1
17-Feb-2023,20d,amazonecho,soloz2,1
17-Feb-2023,20d,amazonecho,buddhacuz,1
17-Feb-2023,20d,amazonecho,Opposite_Explorer293,1
17-Feb-2023,20d,amazonecho,simonannitsford,1
17-Feb-2023,20d,amazonecho,ersan191,1
17-Feb-2023,20d,amazonecho,ShoCkEpic,1
17-Feb-2023,20d,amazonecho,surfrmonkey,1
17-Feb-2023,20d,amazonecho,lhymes,1
17-Feb-2023,20d,amazonecho,DreadGrrl,1
17-Feb-2023,20d,amazonecho,iAm6ix_God,1
17-Feb-2023,20d,amazonecho,drogueaf,1
17-Feb-2023,20d,amazonecho,_DarkLorde,1
17-Feb-2023,20d,amazonecho,ThatsNoMoOnx,1
17-Feb-2023,20d,amazonecho,peals2,1
17-Feb-2023,20d,amazonecho,Comp_C,1
17-Feb-2023,20d,amazonecho,76_Dddge,1
17-Feb-2023,20d,amazonecho,HaloFrankie,1
17-Feb-2023,20d,amazonecho,Dapper-Prune-1226,1
17-Feb-2023,20d,amazonecho,roadrageryan,1
17-Feb-2023,20d,amazonecho,bitch_has_manners,1
17-Feb-2023,20d,amazonecho,haikusbot,1
17-Feb-2023,20d,amazonecho,ChampagneLorraine,1
17-Feb-2023,20d,amazonecho,Skeletalbob,1
17-Feb-2023,20d,amazonecho,SpndyBoss,1
17-Feb-2023,20d,amazonecho,jonnnycashhh,1
17-Feb-2023,20d,amazonecho,Bookafish,1
17-Feb-2023,20d,amazonecho,thatweirdishguy,1
17-Feb-2023,20d,amazonecho,ElwoodJD,1
17-Feb-2023,20d,amazonecho,Tantrums-Cam1,1
17-Feb-2023,20d,amazonecho,Thrashman69,1
17-Feb-2023,20d,amazonecho,Rstz6699,1
17-Feb-2023,20d,amazonecho,9100,1
17-Feb-2023,20d,amazonecho,Old-Business4647,1
17-Feb-2023,20d,amazonecho,webs2slow4me,1
17-Feb-2023,20d,amazonecho,Benaholicguy,1
17-Feb-2023,20d,amazonecho,johnwayne2413,1
17-Feb-2023,20d,amazonecho,Acceptable_Bank_5182,1
