query_date,before_date,subreddit,comment_author,comment_frequency
17-Feb-2023,60d,amazonecho,Dansk72,63
17-Feb-2023,60d,amazonecho,Silent-Piccolo,24
17-Feb-2023,60d,amazonecho,Aggravated-by-alexa,16
17-Feb-2023,60d,amazonecho,Famous-Perspective-3,15
17-Feb-2023,60d,amazonecho,Tinsel-Fop,15
17-Feb-2023,60d,amazonecho,Wayne8766,14
17-Feb-2023,60d,amazonecho,Goodspike,14
17-Feb-2023,60d,amazonecho,woody-99,9
17-Feb-2023,60d,amazonecho,jkt1954,9
17-Feb-2023,60d,amazonecho,JayMonster65,9
17-Feb-2023,60d,amazonecho,brantome24,8
17-Feb-2023,60d,amazonecho,antisane,8
17-Feb-2023,60d,amazonecho,Rindan,7
17-Feb-2023,60d,amazonecho,reborn_neo_art,7
17-Feb-2023,60d,amazonecho,flargenhargen,6
17-Feb-2023,60d,amazonecho,MazerTee,6
17-Feb-2023,60d,amazonecho,Watashifr,6
17-Feb-2023,60d,amazonecho,FoferJ,6
17-Feb-2023,60d,amazonecho,tarzan_nojane,6
17-Feb-2023,60d,amazonecho,ChrisB911,6
17-Feb-2023,60d,amazonecho,Enverex,6
17-Feb-2023,60d,amazonecho,GIDAMIEN,6
17-Feb-2023,60d,amazonecho,RedMapleBat,5
17-Feb-2023,60d,amazonecho,suitablyRandom,5
17-Feb-2023,60d,amazonecho,Philmehew,5
17-Feb-2023,60d,amazonecho,Shacky4,5
17-Feb-2023,60d,amazonecho,Eclectic_Landscape,5
17-Feb-2023,60d,amazonecho,jamesonny92,5
17-Feb-2023,60d,amazonecho,PartlyCloudyKid,5
17-Feb-2023,60d,amazonecho,AppleTerra,4
17-Feb-2023,60d,amazonecho,Finnzz,4
17-Feb-2023,60d,amazonecho,[deleted],4
17-Feb-2023,60d,amazonecho,mickAMMO,4
17-Feb-2023,60d,amazonecho,iamhe02,4
17-Feb-2023,60d,amazonecho,Boggeddown68,4
17-Feb-2023,60d,amazonecho,imoftendisgruntled,4
17-Feb-2023,60d,amazonecho,westtxfun,4
17-Feb-2023,60d,amazonecho,ahecht,4
17-Feb-2023,60d,amazonecho,PeeeCoffee,4
17-Feb-2023,60d,amazonecho,Nexfero,4
17-Feb-2023,60d,amazonecho,HypnoticGuy,4
17-Feb-2023,60d,amazonecho,TheRealHedleyLamarr,4
17-Feb-2023,60d,amazonecho,jones_ro,4
17-Feb-2023,60d,amazonecho,Glad-Conversation921,4
17-Feb-2023,60d,amazonecho,Scooter310,3
17-Feb-2023,60d,amazonecho,LaxHnl,3
17-Feb-2023,60d,amazonecho,asuhayda,3
17-Feb-2023,60d,amazonecho,davelive2,3
17-Feb-2023,60d,amazonecho,tristiansimon,3
17-Feb-2023,60d,amazonecho,9100,3
17-Feb-2023,60d,amazonecho,ZackTrini,3
17-Feb-2023,60d,amazonecho,hoistedbypetard,3
17-Feb-2023,60d,amazonecho,Junior72,3
17-Feb-2023,60d,amazonecho,ssoocc,3
17-Feb-2023,60d,amazonecho,mister_skippy,3
17-Feb-2023,60d,amazonecho,winelight,3
17-Feb-2023,60d,amazonecho,lonestar-rasbryjamco,3
17-Feb-2023,60d,amazonecho,zerozed,3
17-Feb-2023,60d,amazonecho,TheRealFarmerBob,3
17-Feb-2023,60d,amazonecho,dalmarnock,3
17-Feb-2023,60d,amazonecho,BadAssStoner,3
17-Feb-2023,60d,amazonecho,CurvePuzzleheaded361,3
17-Feb-2023,60d,amazonecho,wewewawa,3
17-Feb-2023,60d,amazonecho,wsd65,3
17-Feb-2023,60d,amazonecho,hookbeak,3
17-Feb-2023,60d,amazonecho,themcp,3
17-Feb-2023,60d,amazonecho,June_2022,3
17-Feb-2023,60d,amazonecho,Mathew_Berrys_Cock,3
17-Feb-2023,60d,amazonecho,frank3550,3
17-Feb-2023,60d,amazonecho,EthanColeK,3
17-Feb-2023,60d,amazonecho,navi94579,3
17-Feb-2023,60d,amazonecho,mrpanda,3
17-Feb-2023,60d,amazonecho,Tired8281,3
17-Feb-2023,60d,amazonecho,FuckMyHeart,3
17-Feb-2023,60d,amazonecho,chadltc,3
17-Feb-2023,60d,amazonecho,anonymiz123,3
17-Feb-2023,60d,amazonecho,limitless__,3
17-Feb-2023,60d,amazonecho,CpuJunky,3
17-Feb-2023,60d,amazonecho,macjaynard,3
17-Feb-2023,60d,amazonecho,waetherman,3
17-Feb-2023,60d,amazonecho,coned_miro,3
17-Feb-2023,60d,amazonecho,AlarmingDoughnut3947,3
17-Feb-2023,60d,amazonecho,mrxanadu818,3
17-Feb-2023,60d,amazonecho,HeyT00ts11,3
17-Feb-2023,60d,amazonecho,rynep,3
17-Feb-2023,60d,amazonecho,EhhWhatsUpDoc,2
17-Feb-2023,60d,amazonecho,The-One-Man-Riot,2
17-Feb-2023,60d,amazonecho,Alexa_help123,2
17-Feb-2023,60d,amazonecho,RammmITTT,2
17-Feb-2023,60d,amazonecho,makeshiftmeatballs,2
17-Feb-2023,60d,amazonecho,thegreen_goliath,2
17-Feb-2023,60d,amazonecho,kellyann2011,2
17-Feb-2023,60d,amazonecho,Charlies_Mamma,2
17-Feb-2023,60d,amazonecho,DJErikD,2
17-Feb-2023,60d,amazonecho,DrunkenGolfer,2
17-Feb-2023,60d,amazonecho,peter888chan,2
17-Feb-2023,60d,amazonecho,FiIthy_Anarchist,2
17-Feb-2023,60d,amazonecho,twister65,2
17-Feb-2023,60d,amazonecho,mcdev16,2
17-Feb-2023,60d,amazonecho,minionsweb,2
17-Feb-2023,60d,amazonecho,Del_Amitri,2
17-Feb-2023,60d,amazonecho,That_Statement5441,2
17-Feb-2023,60d,amazonecho,MJFox1978,2
17-Feb-2023,60d,amazonecho,Mozza215,2
17-Feb-2023,60d,amazonecho,beezbos_trip,2
17-Feb-2023,60d,amazonecho,jdubtrey,2
17-Feb-2023,60d,amazonecho,ElectriCole,2
17-Feb-2023,60d,amazonecho,Varrock-Lobster,2
17-Feb-2023,60d,amazonecho,DrunkenMonkeyWizard,2
17-Feb-2023,60d,amazonecho,foxshark88,2
17-Feb-2023,60d,amazonecho,Dry-Sense-4486,2
17-Feb-2023,60d,amazonecho,stumbledotcom,2
17-Feb-2023,60d,amazonecho,TranquilFox68,2
17-Feb-2023,60d,amazonecho,toinfinitiandbeyond,2
17-Feb-2023,60d,amazonecho,MildredMay,2
17-Feb-2023,60d,amazonecho,Foxfyre,2
17-Feb-2023,60d,amazonecho,BDThrills,2
17-Feb-2023,60d,amazonecho,BigWedding9828,2
17-Feb-2023,60d,amazonecho,thetolerator98,2
17-Feb-2023,60d,amazonecho,RobotMode2,2
17-Feb-2023,60d,amazonecho,birdpix,2
17-Feb-2023,60d,amazonecho,mga1,2
17-Feb-2023,60d,amazonecho,Sp1r1tofg0nz0,2
17-Feb-2023,60d,amazonecho,b1t0y,2
17-Feb-2023,60d,amazonecho,GoGoGadgetReddit,2
17-Feb-2023,60d,amazonecho,neatgeek83,2
17-Feb-2023,60d,amazonecho,rmalbers,2
17-Feb-2023,60d,amazonecho,OrginalPeach,2
17-Feb-2023,60d,amazonecho,knang,2
17-Feb-2023,60d,amazonecho,VRGator,2
17-Feb-2023,60d,amazonecho,KazakiLion,2
17-Feb-2023,60d,amazonecho,Nytfire333,2
17-Feb-2023,60d,amazonecho,JoeKiv,2
17-Feb-2023,60d,amazonecho,Formal-Ad8037,2
17-Feb-2023,60d,amazonecho,ProgressBartender,2
17-Feb-2023,60d,amazonecho,lunk,2
17-Feb-2023,60d,amazonecho,waekyhd,2
17-Feb-2023,60d,amazonecho,ReaperOfVibes,2
17-Feb-2023,60d,amazonecho,dbhathcock,2
17-Feb-2023,60d,amazonecho,Realistic-Time-8444,2
17-Feb-2023,60d,amazonecho,Man_Bear_Beaver,2
17-Feb-2023,60d,amazonecho,Ritchie_not_Richie,2
17-Feb-2023,60d,amazonecho,kimxhos,2
17-Feb-2023,60d,amazonecho,W0rldcrafter,2
17-Feb-2023,60d,amazonecho,lukedangerousdowning,2
17-Feb-2023,60d,amazonecho,missionbeach,2
17-Feb-2023,60d,amazonecho,ebsebs,2
17-Feb-2023,60d,amazonecho,i_shruted_it,2
17-Feb-2023,60d,amazonecho,Spinningwoman,2
17-Feb-2023,60d,amazonecho,pc_light,2
17-Feb-2023,60d,amazonecho,ascullycom,2
17-Feb-2023,60d,amazonecho,Onefivesxx,2
17-Feb-2023,60d,amazonecho,bellystar21,2
17-Feb-2023,60d,amazonecho,Mediocre_Sprinkles_1,2
17-Feb-2023,60d,amazonecho,afunbe,2
17-Feb-2023,60d,amazonecho,ChevyGuy454,2
17-Feb-2023,60d,amazonecho,prismsplitter,2
17-Feb-2023,60d,amazonecho,ttran857,2
17-Feb-2023,60d,amazonecho,beetle-snake,2
17-Feb-2023,60d,amazonecho,whbck144,2
17-Feb-2023,60d,amazonecho,Controller87,2
17-Feb-2023,60d,amazonecho,MechanicalWhispers,2
17-Feb-2023,60d,amazonecho,Acceptable_Bank_5182,2
17-Feb-2023,60d,amazonecho,ChiefBroady,2
17-Feb-2023,60d,amazonecho,normal2norman,1
17-Feb-2023,60d,amazonecho,MarioDF,1
17-Feb-2023,60d,amazonecho,waorak,1
17-Feb-2023,60d,amazonecho,GreatTao,1
17-Feb-2023,60d,amazonecho,coderoo973,1
17-Feb-2023,60d,amazonecho,Frankillz,1
17-Feb-2023,60d,amazonecho,rsplatpc,1
17-Feb-2023,60d,amazonecho,Mr-Molina,1
17-Feb-2023,60d,amazonecho,MaximumTerrance,1
17-Feb-2023,60d,amazonecho,tellitelli555,1
17-Feb-2023,60d,amazonecho,Ecstatic-Olive-2643,1
17-Feb-2023,60d,amazonecho,spudbudy,1
17-Feb-2023,60d,amazonecho,Silly-Mulberry-6276,1
17-Feb-2023,60d,amazonecho,CFNikki,1
17-Feb-2023,60d,amazonecho,danaalex,1
17-Feb-2023,60d,amazonecho,Gryphonite,1
17-Feb-2023,60d,amazonecho,LogMeOutScotty,1
17-Feb-2023,60d,amazonecho,jay4190,1
17-Feb-2023,60d,amazonecho,Bagscb,1
17-Feb-2023,60d,amazonecho,krunchee,1
17-Feb-2023,60d,amazonecho,jstokoe1,1
17-Feb-2023,60d,amazonecho,Ok_Butterscotch_5200,1
17-Feb-2023,60d,amazonecho,essentially_no,1
17-Feb-2023,60d,amazonecho,ThatKnee3450,1
17-Feb-2023,60d,amazonecho,Tribalbob,1
17-Feb-2023,60d,amazonecho,MisterBodi,1
17-Feb-2023,60d,amazonecho,right_brain_reign,1
17-Feb-2023,60d,amazonecho,will592,1
17-Feb-2023,60d,amazonecho,prix03gt,1
17-Feb-2023,60d,amazonecho,Leather_Emu3702,1
17-Feb-2023,60d,amazonecho,10-Cents,1
17-Feb-2023,60d,amazonecho,AbleBaker1962,1
17-Feb-2023,60d,amazonecho,CorectHorseBtryStple,1
17-Feb-2023,60d,amazonecho,pointthinker,1
17-Feb-2023,60d,amazonecho,Klumps0929,1
17-Feb-2023,60d,amazonecho,KenEsq,1
17-Feb-2023,60d,amazonecho,caffeinatedbrass,1
17-Feb-2023,60d,amazonecho,19IXI91,1
17-Feb-2023,60d,amazonecho,lilyrach,1
17-Feb-2023,60d,amazonecho,HalloweenBen,1
17-Feb-2023,60d,amazonecho,hodlmecloser-,1
17-Feb-2023,60d,amazonecho,perryw,1
17-Feb-2023,60d,amazonecho,jayRIOT,1
17-Feb-2023,60d,amazonecho,xenon-54,1
17-Feb-2023,60d,amazonecho,davidfprice1969,1
17-Feb-2023,60d,amazonecho,Recent-Pool3606,1
17-Feb-2023,60d,amazonecho,weerab81,1
17-Feb-2023,60d,amazonecho,EatDirtFartDust,1
17-Feb-2023,60d,amazonecho,romulusnr,1
17-Feb-2023,60d,amazonecho,Strange_Mongoose_676,1
17-Feb-2023,60d,amazonecho,ebrtgynfdgvbwrehgfdx,1
17-Feb-2023,60d,amazonecho,PintSizeMe,1
17-Feb-2023,60d,amazonecho,istrebitjel,1
17-Feb-2023,60d,amazonecho,Daytoner,1
17-Feb-2023,60d,amazonecho,holtpj,1
17-Feb-2023,60d,amazonecho,Funktionierende,1
17-Feb-2023,60d,amazonecho,ArianaFraggle1997,1
17-Feb-2023,60d,amazonecho,exclaim_bot,1
17-Feb-2023,60d,amazonecho,SackOfrito,1
17-Feb-2023,60d,amazonecho,CoverOk1798,1
17-Feb-2023,60d,amazonecho,AdmiralFrackbar,1
17-Feb-2023,60d,amazonecho,juliafra,1
17-Feb-2023,60d,amazonecho,Overall-Ad7670,1
17-Feb-2023,60d,amazonecho,douger1957,1
17-Feb-2023,60d,amazonecho,Responsible-Ad571,1
17-Feb-2023,60d,amazonecho,A--Ryan,1
17-Feb-2023,60d,amazonecho,UglyBagOfMostlyHOH,1
17-Feb-2023,60d,amazonecho,chompsharpley,1
17-Feb-2023,60d,amazonecho,ChipBeef2354,1
17-Feb-2023,60d,amazonecho,OSUBrit,1
17-Feb-2023,60d,amazonecho,TrustLeft,1
17-Feb-2023,60d,amazonecho,Glass-Material5689,1
17-Feb-2023,60d,amazonecho,DuckDuckPegasus,1
17-Feb-2023,60d,amazonecho,PusssyFart,1
17-Feb-2023,60d,amazonecho,Post-Pete,1
17-Feb-2023,60d,amazonecho,Victor_2501,1
17-Feb-2023,60d,amazonecho,coldestdesert,1
17-Feb-2023,60d,amazonecho,yonkayonka,1
17-Feb-2023,60d,amazonecho,fonix232,1
17-Feb-2023,60d,amazonecho,cpc_niklaos,1
17-Feb-2023,60d,amazonecho,jdizzle091,1
17-Feb-2023,60d,amazonecho,Kyosji,1
17-Feb-2023,60d,amazonecho,ColdCauliflower9955,1
17-Feb-2023,60d,amazonecho,Iangh007,1
17-Feb-2023,60d,amazonecho,kyrusdemnati,1
17-Feb-2023,60d,amazonecho,HelloImJardi,1
17-Feb-2023,60d,amazonecho,rajrdajr,1
17-Feb-2023,60d,amazonecho,Splyce123,1
17-Feb-2023,60d,amazonecho,rich28x,1
17-Feb-2023,60d,amazonecho,SovietTB,1
17-Feb-2023,60d,amazonecho,sold_once,1
17-Feb-2023,60d,amazonecho,Waterbottle_365,1
17-Feb-2023,60d,amazonecho,Hobo__Joe,1
17-Feb-2023,60d,amazonecho,SpecialKeezie,1
17-Feb-2023,60d,amazonecho,SpikySimonW,1
17-Feb-2023,60d,amazonecho,IcyLook5,1
17-Feb-2023,60d,amazonecho,victoroos,1
17-Feb-2023,60d,amazonecho,armyrage,1
17-Feb-2023,60d,amazonecho,ChevyPrius,1
17-Feb-2023,60d,amazonecho,Straight_Fly7169,1
17-Feb-2023,60d,amazonecho,yamepo,1
17-Feb-2023,60d,amazonecho,Impossible-Change-52,1
17-Feb-2023,60d,amazonecho,DuckHunt83,1
17-Feb-2023,60d,amazonecho,Shootingstarr8,1
17-Feb-2023,60d,amazonecho,terrencetb,1
17-Feb-2023,60d,amazonecho,VcH07,1
17-Feb-2023,60d,amazonecho,MnBadger85,1
17-Feb-2023,60d,amazonecho,CoffeeOrWhine,1
17-Feb-2023,60d,amazonecho,Standard_Echidna6187,1
17-Feb-2023,60d,amazonecho,cobol23,1
17-Feb-2023,60d,amazonecho,purplskylr,1
17-Feb-2023,60d,amazonecho,spleencheesemonkey,1
17-Feb-2023,60d,amazonecho,ThaneOfCawdorrr,1
17-Feb-2023,60d,amazonecho,idkreally312,1
17-Feb-2023,60d,amazonecho,Bootsie-Wootsie,1
17-Feb-2023,60d,amazonecho,RottingAlien,1
17-Feb-2023,60d,amazonecho,LetThemEatVeganCake,1
17-Feb-2023,60d,amazonecho,Immediate_End6548,1
17-Feb-2023,60d,amazonecho,joskua,1
17-Feb-2023,60d,amazonecho,ritchie70,1
17-Feb-2023,60d,amazonecho,snipersmoove,1
17-Feb-2023,60d,amazonecho,Or0b0ur0s,1
17-Feb-2023,60d,amazonecho,Leia1979,1
17-Feb-2023,60d,amazonecho,badbob001,1
17-Feb-2023,60d,amazonecho,indg468,1
17-Feb-2023,60d,amazonecho,TheSamLowry,1
17-Feb-2023,60d,amazonecho,motto-gamoto,1
17-Feb-2023,60d,amazonecho,PredaPops,1
17-Feb-2023,60d,amazonecho,Carneiro70,1
17-Feb-2023,60d,amazonecho,danbyer,1
17-Feb-2023,60d,amazonecho,Johnny-_-5,1
17-Feb-2023,60d,amazonecho,mareksoon,1
17-Feb-2023,60d,amazonecho,boulevardpaleale,1
17-Feb-2023,60d,amazonecho,mariosau,1
17-Feb-2023,60d,amazonecho,Vlad_the_Homeowner,1
17-Feb-2023,60d,amazonecho,Playertee,1
17-Feb-2023,60d,amazonecho,Oreb_GoodBird,1
17-Feb-2023,60d,amazonecho,WhenMayCalls,1
17-Feb-2023,60d,amazonecho,Mamba6266,1
17-Feb-2023,60d,amazonecho,Jimmy_the_Heater,1
17-Feb-2023,60d,amazonecho,2022rex,1
17-Feb-2023,60d,amazonecho,scattered_ideas,1
17-Feb-2023,60d,amazonecho,Cyberchipz,1
17-Feb-2023,60d,amazonecho,MollyBros,1
17-Feb-2023,60d,amazonecho,Prof-Aronnax,1
17-Feb-2023,60d,amazonecho,MuchWalrus,1
17-Feb-2023,60d,amazonecho,abelinkin84,1
17-Feb-2023,60d,amazonecho,Fine-Fondant-697,1
17-Feb-2023,60d,amazonecho,adz568,1
17-Feb-2023,60d,amazonecho,Pretend-Work-9957,1
17-Feb-2023,60d,amazonecho,Slowhand09,1
17-Feb-2023,60d,amazonecho,thoroxan,1
17-Feb-2023,60d,amazonecho,Kittyolivia08,1
17-Feb-2023,60d,amazonecho,axemexa,1
17-Feb-2023,60d,amazonecho,KevanGP,1
17-Feb-2023,60d,amazonecho,pynqu,1
17-Feb-2023,60d,amazonecho,sliverme,1
17-Feb-2023,60d,amazonecho,Milligan,1
17-Feb-2023,60d,amazonecho,Robotica72,1
17-Feb-2023,60d,amazonecho,drallafi,1
17-Feb-2023,60d,amazonecho,cuddle-bunny89,1
17-Feb-2023,60d,amazonecho,ViscountBurrito,1
17-Feb-2023,60d,amazonecho,Twovaultss,1
17-Feb-2023,60d,amazonecho,travlinmanmark,1
17-Feb-2023,60d,amazonecho,redshores,1
17-Feb-2023,60d,amazonecho,RopAyy,1
17-Feb-2023,60d,amazonecho,rashnull,1
17-Feb-2023,60d,amazonecho,created4this,1
17-Feb-2023,60d,amazonecho,robitt88,1
17-Feb-2023,60d,amazonecho,ConsistentPromise130,1
17-Feb-2023,60d,amazonecho,Snoo82863,1
17-Feb-2023,60d,amazonecho,memebuster,1
17-Feb-2023,60d,amazonecho,No_Impact9850,1
17-Feb-2023,60d,amazonecho,Real-Currency5895,1
17-Feb-2023,60d,amazonecho,androidusr,1
17-Feb-2023,60d,amazonecho,aoethrowaway,1
17-Feb-2023,60d,amazonecho,Excolo_Veritas,1
17-Feb-2023,60d,amazonecho,dporges,1
17-Feb-2023,60d,amazonecho,Myshellel,1
17-Feb-2023,60d,amazonecho,No-Trust-4752,1
17-Feb-2023,60d,amazonecho,Life_Bridge_9960,1
17-Feb-2023,60d,amazonecho,ashishjullia,1
17-Feb-2023,60d,amazonecho,MangoRainbows,1
17-Feb-2023,60d,amazonecho,Responsible-Ad-3020,1
17-Feb-2023,60d,amazonecho,Significant-Area7364,1
17-Feb-2023,60d,amazonecho,minimeh,1
17-Feb-2023,60d,amazonecho,Scarab138,1
17-Feb-2023,60d,amazonecho,Fantastic_Breakfast6,1
17-Feb-2023,60d,amazonecho,Twinkletoes1951,1
17-Feb-2023,60d,amazonecho,hab136,1
17-Feb-2023,60d,amazonecho,Dont-Know-Bout-That,1
17-Feb-2023,60d,amazonecho,SunniMonkey,1
17-Feb-2023,60d,amazonecho,dirtfarmer76,1
17-Feb-2023,60d,amazonecho,Admirable-Cobbler501,1
17-Feb-2023,60d,amazonecho,Moonsailzzz,1
17-Feb-2023,60d,amazonecho,chipmunk7000,1
17-Feb-2023,60d,amazonecho,publicpersona31,1
17-Feb-2023,60d,amazonecho,Ksevio,1
17-Feb-2023,60d,amazonecho,mustarunallday,1
17-Feb-2023,60d,amazonecho,hellmichmi,1
17-Feb-2023,60d,amazonecho,hollys_follies,1
17-Feb-2023,60d,amazonecho,gtzbr478,1
17-Feb-2023,60d,amazonecho,Substantial_Size_69,1
17-Feb-2023,60d,amazonecho,ambeckman09,1
17-Feb-2023,60d,amazonecho,shokk,1
17-Feb-2023,60d,amazonecho,LasedandConfused,1
17-Feb-2023,60d,amazonecho,cgknight1,1
17-Feb-2023,60d,amazonecho,Budget-Half5210,1
17-Feb-2023,60d,amazonecho,tonomoshia,1
17-Feb-2023,60d,amazonecho,Funkpuppet,1
17-Feb-2023,60d,amazonecho,jwils177,1
17-Feb-2023,60d,amazonecho,Dreamy25,1
17-Feb-2023,60d,amazonecho,OortCloudy,1
17-Feb-2023,60d,amazonecho,Outside_Insect_3994,1
17-Feb-2023,60d,amazonecho,raspberrybee,1
17-Feb-2023,60d,amazonecho,zestypurplecatalyst,1
17-Feb-2023,60d,amazonecho,AvsWon33,1
17-Feb-2023,60d,amazonecho,Perfect-Lengthiness5,1
17-Feb-2023,60d,amazonecho,AberrantRambler,1
17-Feb-2023,60d,amazonecho,timnphilly,1
17-Feb-2023,60d,amazonecho,WildEnbyAppears,1
17-Feb-2023,60d,amazonecho,SadeLoveDeluxe,1
17-Feb-2023,60d,amazonecho,GothamGK,1
17-Feb-2023,60d,amazonecho,Reggie_Barclay,1
17-Feb-2023,60d,amazonecho,RedmondCooper,1
17-Feb-2023,60d,amazonecho,Life_Forever,1
17-Feb-2023,60d,amazonecho,Leftstrat,1
17-Feb-2023,60d,amazonecho,Adams1973,1
17-Feb-2023,60d,amazonecho,RyFromTheChi,1
17-Feb-2023,60d,amazonecho,gruden,1
17-Feb-2023,60d,amazonecho,Draano,1
17-Feb-2023,60d,amazonecho,starhoppers,1
17-Feb-2023,60d,amazonecho,mgraydpt,1
17-Feb-2023,60d,amazonecho,romanovar0,1
17-Feb-2023,60d,amazonecho,grantnel2002,1
17-Feb-2023,60d,amazonecho,JournalistFunny2450,1
17-Feb-2023,60d,amazonecho,bvdp,1
17-Feb-2023,60d,amazonecho,decker12,1
17-Feb-2023,60d,amazonecho,Original-Smooth,1
17-Feb-2023,60d,amazonecho,ferrundibus,1
17-Feb-2023,60d,amazonecho,dgross1993,1
17-Feb-2023,60d,amazonecho,DiamondplateDave,1
17-Feb-2023,60d,amazonecho,boringtobenormal,1
17-Feb-2023,60d,amazonecho,SuperFLEB,1
17-Feb-2023,60d,amazonecho,anonymous_commentor,1
17-Feb-2023,60d,amazonecho,Tellurian_Cyborg,1
17-Feb-2023,60d,amazonecho,reczks,1
17-Feb-2023,60d,amazonecho,mattdwill86,1
17-Feb-2023,60d,amazonecho,AdAdministrative2355,1
17-Feb-2023,60d,amazonecho,Accomplished_Spirit3,1
17-Feb-2023,60d,amazonecho,j33pwrangler,1
17-Feb-2023,60d,amazonecho,KaleidoscopeNo6120,1
17-Feb-2023,60d,amazonecho,carolineecouture,1
17-Feb-2023,60d,amazonecho,A_Annon,1
17-Feb-2023,60d,amazonecho,Environmental-Emu242,1
17-Feb-2023,60d,amazonecho,Makelovenotwar-1234,1
17-Feb-2023,60d,amazonecho,MishaBee,1
17-Feb-2023,60d,amazonecho,dallasak,1
17-Feb-2023,60d,amazonecho,Playful-Salamander-1,1
17-Feb-2023,60d,amazonecho,semolous,1
17-Feb-2023,60d,amazonecho,Son_Loup_16,1
17-Feb-2023,60d,amazonecho,stochve,1
17-Feb-2023,60d,amazonecho,Interesting-Yam-2329,1
17-Feb-2023,60d,amazonecho,dhrandy,1
17-Feb-2023,60d,amazonecho,Cinema_King,1
17-Feb-2023,60d,amazonecho,golden-rabbit,1
17-Feb-2023,60d,amazonecho,Sernas7,1
17-Feb-2023,60d,amazonecho,Big_Explanation_1431,1
17-Feb-2023,60d,amazonecho,mhoepfin,1
17-Feb-2023,60d,amazonecho,BananaPop23,1
17-Feb-2023,60d,amazonecho,Smirkydarkdude,1
17-Feb-2023,60d,amazonecho,etojtwopif,1
17-Feb-2023,60d,amazonecho,Murwiz,1
17-Feb-2023,60d,amazonecho,niknik888,1
17-Feb-2023,60d,amazonecho,txdline,1
17-Feb-2023,60d,amazonecho,otszx,1
17-Feb-2023,60d,amazonecho,ThePrettyFlamingo,1
17-Feb-2023,60d,amazonecho,krisiteenie,1
17-Feb-2023,60d,amazonecho,ZeeBalls,1
17-Feb-2023,60d,amazonecho,DueNeighborhood5377,1
17-Feb-2023,60d,amazonecho,AJ_JEL,1
17-Feb-2023,60d,amazonecho,SexPanther_Bot,1
17-Feb-2023,60d,amazonecho,DiabeticJedi,1
17-Feb-2023,60d,amazonecho,WallyJade,1
17-Feb-2023,60d,amazonecho,dasbeerboot2,1
17-Feb-2023,60d,amazonecho,JollyGreenGelatin,1
17-Feb-2023,60d,amazonecho,loveofthelowbrow,1
17-Feb-2023,60d,amazonecho,GeneralRane,1
17-Feb-2023,60d,amazonecho,Alternative-Ad-4942,1
17-Feb-2023,60d,amazonecho,daninDE,1
17-Feb-2023,60d,amazonecho,5hakehar,1
17-Feb-2023,60d,amazonecho,Puzzleheaded-Sail-18,1
17-Feb-2023,60d,amazonecho,LoveLaughLlama,1
17-Feb-2023,60d,amazonecho,Flandersmcj,1
17-Feb-2023,60d,amazonecho,jocosian,1
17-Feb-2023,60d,amazonecho,30belowandthriving,1
17-Feb-2023,60d,amazonecho,motokochan,1
17-Feb-2023,60d,amazonecho,KillerR0b0T,1
17-Feb-2023,60d,amazonecho,Bagel42,1
17-Feb-2023,60d,amazonecho,RDSagain,1
17-Feb-2023,60d,amazonecho,rowls93,1
17-Feb-2023,60d,amazonecho,Ok-Bath-3434,1
17-Feb-2023,60d,amazonecho,DarthNorm,1
17-Feb-2023,60d,amazonecho,FearAndGonzo,1
17-Feb-2023,60d,amazonecho,snafu918,1
17-Feb-2023,60d,amazonecho,Stogie190,1
17-Feb-2023,60d,amazonecho,cainoom,1
17-Feb-2023,60d,amazonecho,Dagonad,1
17-Feb-2023,60d,amazonecho,explictlyrics,1
17-Feb-2023,60d,amazonecho,rcris18,1
17-Feb-2023,60d,amazonecho,smush720,1
17-Feb-2023,60d,amazonecho,timeonmyhandz,1
17-Feb-2023,60d,amazonecho,apxseemax,1
17-Feb-2023,60d,amazonecho,Destamon,1
17-Feb-2023,60d,amazonecho,BenGmuN,1
17-Feb-2023,60d,amazonecho,PuzzleheadedLog1620,1
17-Feb-2023,60d,amazonecho,Unusual_Cow9880,1
17-Feb-2023,60d,amazonecho,Tricky-Weekend1423,1
17-Feb-2023,60d,amazonecho,Upstairs_Cobbler_588,1
17-Feb-2023,60d,amazonecho,vigi7ante,1
17-Feb-2023,60d,amazonecho,chewbooks,1
17-Feb-2023,60d,amazonecho,altoids_1,1
17-Feb-2023,60d,amazonecho,Zouden,1
17-Feb-2023,60d,amazonecho,gilou_,1
17-Feb-2023,60d,amazonecho,leemurs_man_leemurs,1
17-Feb-2023,60d,amazonecho,frogger2929,1
17-Feb-2023,60d,amazonecho,Sumertime9,1
17-Feb-2023,60d,amazonecho,solmssen,1
17-Feb-2023,60d,amazonecho,Sebas_1979,1
17-Feb-2023,60d,amazonecho,fireman137,1
17-Feb-2023,60d,amazonecho,risros2000,1
17-Feb-2023,60d,amazonecho,mckle000ner,1
17-Feb-2023,60d,amazonecho,LongJohnHawkins,1
17-Feb-2023,60d,amazonecho,RoutineMasterpiece1,1
17-Feb-2023,60d,amazonecho,everypassword123456,1
17-Feb-2023,60d,amazonecho,AlaskanKell,1
17-Feb-2023,60d,amazonecho,LateChapter8596,1
17-Feb-2023,60d,amazonecho,Howardhorst2018,1
17-Feb-2023,60d,amazonecho,SamanthaK77,1
17-Feb-2023,60d,amazonecho,BellaFrequency,1
17-Feb-2023,60d,amazonecho,prplmnkeydshwsr,1
17-Feb-2023,60d,amazonecho,Stormfall33,1
17-Feb-2023,60d,amazonecho,MsDaisyDog,1
17-Feb-2023,60d,amazonecho,Do_It_I_Dare_ya,1
17-Feb-2023,60d,amazonecho,TheCastro,1
17-Feb-2023,60d,amazonecho,Lilly_NotAFlower,1
17-Feb-2023,60d,amazonecho,lozcozard,1
17-Feb-2023,60d,amazonecho,Drew_In_Georgia,1
17-Feb-2023,60d,amazonecho,cheezenub,1
17-Feb-2023,60d,amazonecho,Strong_Coffee,1
17-Feb-2023,60d,amazonecho,pollyanna15,1
17-Feb-2023,60d,amazonecho,imbadatwukong,1
17-Feb-2023,60d,amazonecho,sparkplug420,1
