query_date	before_date	subreddit	submission_author	submission_frequency
15-May-2023	100d	kindlefire	[deleted]	51
15-May-2023	100d	kindlefire	zitsky	9
15-May-2023	100d	kindlefire	GratuitousAlgorithm	5
15-May-2023	100d	kindlefire	bballfan86	4
15-May-2023	100d	kindlefire	Ok-Comparison-1717	4
15-May-2023	100d	kindlefire	Agitated-Structure45	4
15-May-2023	100d	kindlefire	Juju43445	4
15-May-2023	100d	kindlefire	RudyHernandez1-	4
15-May-2023	100d	kindlefire	shooter_tx	4
15-May-2023	100d	kindlefire	Affectionate_Try_836	4
15-May-2023	100d	kindlefire	Icy-Book2999	3
15-May-2023	100d	kindlefire	iPhoneMiniWHITE	3
15-May-2023	100d	kindlefire	AvengeThe90s	3
15-May-2023	100d	kindlefire	Bearnadette	3
15-May-2023	100d	kindlefire	daposs	3
15-May-2023	100d	kindlefire	lichenihil	3
15-May-2023	100d	kindlefire	Alabatman	3
15-May-2023	100d	kindlefire	Difficult-Hat6393	3
15-May-2023	100d	kindlefire	paul92849	3
15-May-2023	100d	kindlefire	Swelter-Action2148	3
15-May-2023	100d	kindlefire	rpgedgar	3
15-May-2023	100d	kindlefire	worstbaker	3
15-May-2023	100d	kindlefire	-Thalas-	3
15-May-2023	100d	kindlefire	ZeljeznicarSampion	3
15-May-2023	100d	kindlefire	Birdthorn	3
15-May-2023	100d	kindlefire	alidan	3
15-May-2023	100d	kindlefire	According_School8011	3
15-May-2023	100d	kindlefire	BDThrills	3
15-May-2023	100d	kindlefire	GibsonMaestro	3
15-May-2023	100d	kindlefire	Wreckit-Jon	2
15-May-2023	100d	kindlefire	CommodoreKrusty	2
15-May-2023	100d	kindlefire	Stormlover247	2
15-May-2023	100d	kindlefire	Top-Dimension863	2
15-May-2023	100d	kindlefire	Vchat20	2
15-May-2023	100d	kindlefire	Large_Operation_3130	2
15-May-2023	100d	kindlefire	Doktorvxu	2
15-May-2023	100d	kindlefire	Robotic8040	2
15-May-2023	100d	kindlefire	AntiGamerPlayzz	2
15-May-2023	100d	kindlefire	funndasun01	2
15-May-2023	100d	kindlefire	SJSEng	2
15-May-2023	100d	kindlefire	uniquemobildevicefan	2
15-May-2023	100d	kindlefire	SuppressionRecords	2
15-May-2023	100d	kindlefire	JBsoundCHK	2
15-May-2023	100d	kindlefire	flphotog35	2
15-May-2023	100d	kindlefire	jamxil	2
15-May-2023	100d	kindlefire	Chok3U	2
15-May-2023	100d	kindlefire	JulianOxford	2
15-May-2023	100d	kindlefire	sunrisedown	2
15-May-2023	100d	kindlefire	jmp4me444	2
15-May-2023	100d	kindlefire	PopeSluggies	2
15-May-2023	100d	kindlefire	nemoyakkula	2
15-May-2023	100d	kindlefire	HobbyistAccount	2
15-May-2023	100d	kindlefire	penniesmammy	2
15-May-2023	100d	kindlefire	XRaiderV1	2
15-May-2023	100d	kindlefire	webbasica	2
15-May-2023	100d	kindlefire	DJCPT	2
15-May-2023	100d	kindlefire	Emotional_Original50	2
15-May-2023	100d	kindlefire	FamiliarAura	2
15-May-2023	100d	kindlefire	camtdio	2
15-May-2023	100d	kindlefire	ludditetechnician	2
15-May-2023	100d	kindlefire	NishaDaPooh	2
15-May-2023	100d	kindlefire	david2descent	2
15-May-2023	100d	kindlefire	m2slam	2
15-May-2023	100d	kindlefire	Aware-Check832	2
15-May-2023	100d	kindlefire	epictetusdouglas	2
15-May-2023	100d	kindlefire	Idk_About_Life_Dude	2
15-May-2023	100d	kindlefire	sparker2000	2
15-May-2023	100d	kindlefire	4AMaverick	2
15-May-2023	100d	kindlefire	ScruffyGaymer	2
15-May-2023	100d	kindlefire	sunlollyking	2
15-May-2023	100d	kindlefire	bottoms37	2
15-May-2023	100d	kindlefire	Tattyjacket	2
15-May-2023	100d	kindlefire	Epicbobux	2
15-May-2023	100d	kindlefire	Present-Ad-5222	2
15-May-2023	100d	kindlefire	AOL_Casaniva	2
15-May-2023	100d	kindlefire	LazyBareBear	2
15-May-2023	100d	kindlefire	Aymon_official	2
15-May-2023	100d	kindlefire	ajrobsonReddit	2
15-May-2023	100d	kindlefire	itookdhorsetofrance	2
15-May-2023	100d	kindlefire	GreekFreakFan	2
15-May-2023	100d	kindlefire	Silent-Juggernaut-38	2
15-May-2023	100d	kindlefire	Hour_Economics_5907	2
15-May-2023	100d	kindlefire	achan1369	2
15-May-2023	100d	kindlefire	uzeb	2
15-May-2023	100d	kindlefire	Skyrimfan33	2
15-May-2023	100d	kindlefire	Fabianplayzyt	2
15-May-2023	100d	kindlefire	ExiledSakura	2
15-May-2023	100d	kindlefire	bluepond20	2
15-May-2023	100d	kindlefire	Chris_XCV	2
15-May-2023	100d	kindlefire	WalloCM	2
15-May-2023	100d	kindlefire	chrispt	2
15-May-2023	100d	kindlefire	ichasecorals	2
15-May-2023	100d	kindlefire	whicker183	2
15-May-2023	100d	kindlefire	Hot-Kaleidoscope8361	2
15-May-2023	100d	kindlefire	Boiler_trash	2
15-May-2023	100d	kindlefire	androidusr	2
15-May-2023	100d	kindlefire	strwht12	2
15-May-2023	100d	kindlefire	Evening-Turnip587	2
15-May-2023	100d	kindlefire	VenusMarmalade	1
15-May-2023	100d	kindlefire	Capablitosci	1
15-May-2023	100d	kindlefire	ccduke	1
15-May-2023	100d	kindlefire	Twigling	1
15-May-2023	100d	kindlefire	Electrical-Classic72	1
15-May-2023	100d	kindlefire	RoyFlash	1
15-May-2023	100d	kindlefire	cuprousalchemist	1
15-May-2023	100d	kindlefire	RADEONHD5770	1
15-May-2023	100d	kindlefire	Visible_Train1838	1
15-May-2023	100d	kindlefire	TakenGiny	1
15-May-2023	100d	kindlefire	locolyric1983	1
15-May-2023	100d	kindlefire	Equivalent_Sherbert5	1
15-May-2023	100d	kindlefire	EssexPriest88	1
15-May-2023	100d	kindlefire	local306	1
15-May-2023	100d	kindlefire	TDS_patient_no7767	1
15-May-2023	100d	kindlefire	notsureofthisplace	1
15-May-2023	100d	kindlefire	csills6776	1
15-May-2023	100d	kindlefire	FrequentWrap3470	1
15-May-2023	100d	kindlefire	Key-Aide-2620	1
15-May-2023	100d	kindlefire	xShadyxLeafx	1
15-May-2023	100d	kindlefire	LittleLokiBear	1
15-May-2023	100d	kindlefire	JustDarnGood27_	1
15-May-2023	100d	kindlefire	sanstheskeleton05	1
15-May-2023	100d	kindlefire	FF_Ninja	1
15-May-2023	100d	kindlefire	fml5578	1
15-May-2023	100d	kindlefire	devorixs	1
15-May-2023	100d	kindlefire	fabbe134	1
15-May-2023	100d	kindlefire	anino7	1
15-May-2023	100d	kindlefire	dghirsh19	1
15-May-2023	100d	kindlefire	RainingBass	1
15-May-2023	100d	kindlefire	theinternt	1
15-May-2023	100d	kindlefire	peanutButterBo	1
15-May-2023	100d	kindlefire	Safe-Meeting9561	1
15-May-2023	100d	kindlefire	_HT03	1
15-May-2023	100d	kindlefire	vyasjee	1
15-May-2023	100d	kindlefire	MessyKing	1
15-May-2023	100d	kindlefire	Glittering-Knee-5303	1
15-May-2023	100d	kindlefire	joesmith127_reddit	1
15-May-2023	100d	kindlefire	Single_Raspberry9539	1
15-May-2023	100d	kindlefire	Nemacolin	1
15-May-2023	100d	kindlefire	Intro_verti_AL	1
15-May-2023	100d	kindlefire	theytorade_	1
15-May-2023	100d	kindlefire	Laxdude1077	1
15-May-2023	100d	kindlefire	aardy	1
15-May-2023	100d	kindlefire	moviejunki	1
15-May-2023	100d	kindlefire	greenhumanbean	1
15-May-2023	100d	kindlefire	Responsible_Brush_24	1
15-May-2023	100d	kindlefire	mpcorbett	1
15-May-2023	100d	kindlefire	tulamidan	1
15-May-2023	100d	kindlefire	Any-Egg9079	1
15-May-2023	100d	kindlefire	virgin_goat	1
15-May-2023	100d	kindlefire	cnwinger	1
15-May-2023	100d	kindlefire	littlebarque	1
15-May-2023	100d	kindlefire	IronicSciFiFan	1
15-May-2023	100d	kindlefire	Long_Cartoonist_3992	1
15-May-2023	100d	kindlefire	Dunda	1
15-May-2023	100d	kindlefire	TheCeilingisGreen	1
15-May-2023	100d	kindlefire	poopoop-poopoop	1
15-May-2023	100d	kindlefire	Tooindabush	1
15-May-2023	100d	kindlefire	Accomplished_Wolf	1
15-May-2023	100d	kindlefire	the_crazy88	1
15-May-2023	100d	kindlefire	fiasko82	1
15-May-2023	100d	kindlefire	Aloo13	1
15-May-2023	100d	kindlefire	comprapescado	1
15-May-2023	100d	kindlefire	Upstairs_Hair5511	1
15-May-2023	100d	kindlefire	LoganJFisher	1
15-May-2023	100d	kindlefire	jb197174	1
15-May-2023	100d	kindlefire	chicken_hawk	1
15-May-2023	100d	kindlefire	laphlaw	1
15-May-2023	100d	kindlefire	reamski	1
15-May-2023	100d	kindlefire	count_strahd_z	1
15-May-2023	100d	kindlefire	Sea_Jury1292	1
15-May-2023	100d	kindlefire	OmniRocknRoll	1
15-May-2023	100d	kindlefire	XhaleBtw	1
15-May-2023	100d	kindlefire	PastelCicada	1
15-May-2023	100d	kindlefire	KScriber	1
15-May-2023	100d	kindlefire	Makefreemunny	1
15-May-2023	100d	kindlefire	Juwax	1
15-May-2023	100d	kindlefire	Sky-Toad1979	1
15-May-2023	100d	kindlefire	stone5522	1
15-May-2023	100d	kindlefire	beautypopper101	1
15-May-2023	100d	kindlefire	squirellputkin	1
15-May-2023	100d	kindlefire	dmullaney	1
15-May-2023	100d	kindlefire	Passerby_07	1
15-May-2023	100d	kindlefire	CrazyDragonThief	1
15-May-2023	100d	kindlefire	GamersPlane	1
15-May-2023	100d	kindlefire	jameskiddo	1
15-May-2023	100d	kindlefire	Personal_Farm_4391	1
15-May-2023	100d	kindlefire	citizenhagen	1
15-May-2023	100d	kindlefire	er101plus	1
15-May-2023	100d	kindlefire	fluorescentpopsicle	1
15-May-2023	100d	kindlefire	MezzoRomano	1
15-May-2023	100d	kindlefire	dontcallmelaterlv	1
15-May-2023	100d	kindlefire	Alwaysd23	1
15-May-2023	100d	kindlefire	Timequake-Droid	1
15-May-2023	100d	kindlefire	Dry_Coat_7580	1
15-May-2023	100d	kindlefire	FrankenWaifu	1
15-May-2023	100d	kindlefire	deltafridge	1
15-May-2023	100d	kindlefire	Green-Conference-740	1
15-May-2023	100d	kindlefire	Trick_Look4649	1
15-May-2023	100d	kindlefire	AvonBarksdale666	1
15-May-2023	100d	kindlefire	reverend_dr_cuddles	1
15-May-2023	100d	kindlefire	Reighna1	1
15-May-2023	100d	kindlefire	joshwgaming	1
15-May-2023	100d	kindlefire	SatisfactionDue4508	1
15-May-2023	100d	kindlefire	leebon427	1
15-May-2023	100d	kindlefire	ukiukimidnite	1
15-May-2023	100d	kindlefire	Total_Connection9879	1
15-May-2023	100d	kindlefire	AdNew8205	1
15-May-2023	100d	kindlefire	darvin1295	1
15-May-2023	100d	kindlefire	TheBigBelly01	1
15-May-2023	100d	kindlefire	partially_perplexed	1
15-May-2023	100d	kindlefire	Elegant-Sleep3849	1
15-May-2023	100d	kindlefire	TobiasBloyd	1
15-May-2023	100d	kindlefire	MalachiConstant7	1
15-May-2023	100d	kindlefire	Sad-Flan6696	1
15-May-2023	100d	kindlefire	scorpycoby	1
15-May-2023	100d	kindlefire	Lavvendera	1
15-May-2023	100d	kindlefire	AJigsawnHalo	1
15-May-2023	100d	kindlefire	niccc28	1
15-May-2023	100d	kindlefire	_Aleos_	1
15-May-2023	100d	kindlefire	Shaydu	1
15-May-2023	100d	kindlefire	DoYaThang_Owl	1
15-May-2023	100d	kindlefire	funkture	1
15-May-2023	100d	kindlefire	Vlowman	1
15-May-2023	100d	kindlefire	_biggerthanthesound_	1
15-May-2023	100d	kindlefire	jennylee232	1
15-May-2023	100d	kindlefire	M3L0n_64	1
15-May-2023	100d	kindlefire	C0c0156	1
15-May-2023	100d	kindlefire	nimrodhellfire	1
15-May-2023	100d	kindlefire	jordaynium	1
15-May-2023	100d	kindlefire	grif_0	1
15-May-2023	100d	kindlefire	levydb	1
15-May-2023	100d	kindlefire	Waramir-mx	1
15-May-2023	100d	kindlefire	Splatoonfan1125	1
15-May-2023	100d	kindlefire	drg267	1
15-May-2023	100d	kindlefire	xBender7	1
15-May-2023	100d	kindlefire	dmheaberlin	1
15-May-2023	100d	kindlefire	IamTedE	1
15-May-2023	100d	kindlefire	KingKaido	1
15-May-2023	100d	kindlefire	joeyl7	1
15-May-2023	100d	kindlefire	kresbok	1
15-May-2023	100d	kindlefire	2manyiterations	1
15-May-2023	100d	kindlefire	dills84	1
15-May-2023	100d	kindlefire	Narrow_Salamander521	1
15-May-2023	100d	kindlefire	jai_hanyo	1
15-May-2023	100d	kindlefire	OreJen	1
15-May-2023	100d	kindlefire	NefariousnessHot7883	1
15-May-2023	100d	kindlefire	Core-8	1
15-May-2023	100d	kindlefire	ForumsStinkzYT	1
15-May-2023	100d	kindlefire	Unikornus	1
15-May-2023	100d	kindlefire	Jester_Pug	1
15-May-2023	100d	kindlefire	youneshlal77	1
15-May-2023	100d	kindlefire	trevb1983	1
15-May-2023	100d	kindlefire	nutrigrain	1
15-May-2023	100d	kindlefire	Foxxi-Moxxi	1
15-May-2023	100d	kindlefire	phanngoctri	1
15-May-2023	100d	kindlefire	jonwcode	1
15-May-2023	100d	kindlefire	zachzweig	1
15-May-2023	100d	kindlefire	substitutewithpizza	1
15-May-2023	100d	kindlefire	PitRejection2359	1
15-May-2023	100d	kindlefire	SyndraMew	1
15-May-2023	100d	kindlefire	Iceghostfox44	1
15-May-2023	100d	kindlefire	SwampFink	1
15-May-2023	100d	kindlefire	suddencompetition600	1
15-May-2023	100d	kindlefire	MaskedSnarker	1
15-May-2023	100d	kindlefire	chambrot	1
15-May-2023	100d	kindlefire	meltingmary	1
15-May-2023	100d	kindlefire	TeflonGoon	1
15-May-2023	100d	kindlefire	Mike20878	1
15-May-2023	100d	kindlefire	Gold_Rule7973	1
15-May-2023	100d	kindlefire	justin6942069-	1
15-May-2023	100d	kindlefire	palmworks	1
15-May-2023	100d	kindlefire	XCVA3	1
15-May-2023	100d	kindlefire	Delicious-List-156	1
15-May-2023	100d	kindlefire	HulaDanger	1
15-May-2023	100d	kindlefire	Orfus5	1
15-May-2023	100d	kindlefire	vampir3aut0psy	1
15-May-2023	100d	kindlefire	Taxit0m	1
15-May-2023	100d	kindlefire	Opagamagnet	1
15-May-2023	100d	kindlefire	voyager106	1
15-May-2023	100d	kindlefire	Unhappy-Maybe2606	1
15-May-2023	100d	kindlefire	mike_from_uni	1
15-May-2023	100d	kindlefire	kiriloves_anime	1
15-May-2023	100d	kindlefire	AmazonMRA	1
15-May-2023	100d	kindlefire	WoodenDoe	1
15-May-2023	100d	kindlefire	hippohettie	1
15-May-2023	100d	kindlefire	Sky_B1ue	1
15-May-2023	100d	kindlefire	trailruns	1
15-May-2023	100d	kindlefire	Forestpilgrim	1
15-May-2023	100d	kindlefire	ololadeimmanuel	1
15-May-2023	100d	kindlefire	therearefivethings	1
15-May-2023	100d	kindlefire	Blessedest	1
15-May-2023	100d	kindlefire	alazar14	1
15-May-2023	100d	kindlefire	Xalgel	1
15-May-2023	100d	kindlefire	brassmonkey26	1
15-May-2023	100d	kindlefire	johnr588	1
15-May-2023	100d	kindlefire	Mister-Walkway	1
15-May-2023	100d	kindlefire	rexamous	1
15-May-2023	100d	kindlefire	DesperateEngineer451	1
15-May-2023	100d	kindlefire	maisykatee	1
15-May-2023	100d	kindlefire	e650man	1
15-May-2023	100d	kindlefire	Present-Nobody-5661	1
15-May-2023	100d	kindlefire	Whizzle93	1
15-May-2023	100d	kindlefire	hdcantona937	1
15-May-2023	100d	kindlefire	FastED_88	1
15-May-2023	100d	kindlefire	Sea_Finish_3937	1
15-May-2023	100d	kindlefire	allennathan	1
15-May-2023	100d	kindlefire	paperfaced	1
15-May-2023	100d	kindlefire	unluckymadcat	1
15-May-2023	100d	kindlefire	folksnake	1
15-May-2023	100d	kindlefire	axman1971	1
15-May-2023	100d	kindlefire	imthenachoman	1
15-May-2023	100d	kindlefire	material-thea	1
15-May-2023	100d	kindlefire	FewTheory2491	1
15-May-2023	100d	kindlefire	audioaxes	1
15-May-2023	100d	kindlefire	eat-the-stars	1
15-May-2023	100d	kindlefire	TrustfulSource	1
15-May-2023	100d	kindlefire	WoodpeckerMiddle8133	1
15-May-2023	100d	kindlefire	Paridoth	1
15-May-2023	100d	kindlefire	13saqqaw	1
15-May-2023	100d	kindlefire	jeffrey123520	1
15-May-2023	100d	kindlefire	MonsterBongos	1
15-May-2023	100d	kindlefire	amanda_o11	1
15-May-2023	100d	kindlefire	InsigniaVortex12	1
15-May-2023	100d	kindlefire	UndeadSaltyAmerican	1
15-May-2023	100d	kindlefire	twd000	1
15-May-2023	100d	kindlefire	h-o-l	1
15-May-2023	100d	kindlefire	Cultural_Tooth_6305	1
15-May-2023	100d	kindlefire	StimulisRK	1
15-May-2023	100d	kindlefire	m1stak3	1
15-May-2023	100d	kindlefire	Wanyou900	1
15-May-2023	100d	kindlefire	arcticpelago	1
15-May-2023	100d	kindlefire	everythingsalie91	1
15-May-2023	100d	kindlefire	ZaviaGenX	1
15-May-2023	100d	kindlefire	Seanthezon7	1
15-May-2023	100d	kindlefire	nshah1998	1
15-May-2023	100d	kindlefire	Up_and_ATEM	1
15-May-2023	100d	kindlefire	travism2013	1
15-May-2023	100d	kindlefire	dguy101	1
15-May-2023	100d	kindlefire	Cycode	1
15-May-2023	100d	kindlefire	FireHazardTK	1
15-May-2023	100d	kindlefire	BiologyNerdLife	1
15-May-2023	100d	kindlefire	fujisan0388	1
15-May-2023	100d	kindlefire	hughes__20	1
15-May-2023	100d	kindlefire	IamFabianPlayz	1
15-May-2023	100d	kindlefire	rainbowtoucan1992	1
15-May-2023	100d	kindlefire	101100101000100101	1
15-May-2023	100d	kindlefire	camcabbit	1
15-May-2023	100d	kindlefire	Lmseaquest21	1
15-May-2023	100d	kindlefire	mase7286	1
15-May-2023	100d	kindlefire	Expo737	1
15-May-2023	100d	kindlefire	stupidendous	1
15-May-2023	100d	kindlefire	marcos19833333	1
15-May-2023	100d	kindlefire	Ansomat	1
15-May-2023	100d	kindlefire	model3113	1
15-May-2023	100d	kindlefire	flochiskingfrfr	1
15-May-2023	100d	kindlefire	DeltaNu1142	1
15-May-2023	100d	kindlefire	-Column-	1
15-May-2023	100d	kindlefire	ToflixGamer	1
15-May-2023	100d	kindlefire	importedexport	1
15-May-2023	100d	kindlefire	therealjoemontana	1
15-May-2023	100d	kindlefire	Goremanghast	1
15-May-2023	100d	kindlefire	rock4us2	1
15-May-2023	100d	kindlefire	MUM_WHYDOIHAVEALIFE	1
15-May-2023	100d	kindlefire	rnw10va	1
15-May-2023	100d	kindlefire	criticalthinker225	1
15-May-2023	100d	kindlefire	Jboiwastaken	1
15-May-2023	100d	kindlefire	s7v7nvii	1
15-May-2023	100d	kindlefire	themonkisthirsty	1
15-May-2023	100d	kindlefire	ghiste	1
15-May-2023	100d	kindlefire	AuroraSmile26	1
15-May-2023	100d	kindlefire	Jojo_Padfoot	1
15-May-2023	100d	kindlefire	chrsmrrtt	1
15-May-2023	100d	kindlefire	coldcanyon1633	1
15-May-2023	100d	kindlefire	gowahoo	1
15-May-2023	100d	kindlefire	cryingandlying	1
15-May-2023	100d	kindlefire	R4reCandy	1
15-May-2023	100d	kindlefire	GrassGreen983	1
15-May-2023	100d	kindlefire	Peach_MacabreLer	1
15-May-2023	100d	kindlefire	P3nguLGOG	1
15-May-2023	100d	kindlefire	Mr-Stumble	1
15-May-2023	100d	kindlefire	Careless-Wonder7886	1
15-May-2023	100d	kindlefire	SeriouslyFishyOk	1
15-May-2023	100d	kindlefire	OofTurkey	1
15-May-2023	100d	kindlefire	8biff	1
15-May-2023	100d	kindlefire	sticckyslowed	1
15-May-2023	100d	kindlefire	Lucky-Tumbleweed2006	1
15-May-2023	100d	kindlefire	Level_University_696	1
15-May-2023	100d	kindlefire	_NonExisting_	1
15-May-2023	100d	kindlefire	ccgthh	1
15-May-2023	100d	kindlefire	Refuggee	1
15-May-2023	100d	kindlefire	nyakafk	1
15-May-2023	100d	kindlefire	ThePhantasm	1
15-May-2023	100d	kindlefire	EmoStomper	1
15-May-2023	100d	kindlefire	monitoringaspects	1
15-May-2023	100d	kindlefire	leaving_again	1
15-May-2023	100d	kindlefire	change2288	1
15-May-2023	100d	kindlefire	JorgeMSU1978	1
15-May-2023	100d	kindlefire	elmurdoc	1
15-May-2023	100d	kindlefire	droopie	1
15-May-2023	100d	kindlefire	nishidake	1
15-May-2023	100d	kindlefire	AGKQ45	1
15-May-2023	100d	kindlefire	cakeresurfacer	1
15-May-2023	100d	kindlefire	quemotiso	1
15-May-2023	100d	kindlefire	Dapper_Cellist3130	1
15-May-2023	100d	kindlefire	cronuss	1
15-May-2023	100d	kindlefire	frugalacademic	1
15-May-2023	100d	kindlefire	Nightshade_Iris	1
15-May-2023	100d	kindlefire	Stellarisk	1
15-May-2023	100d	kindlefire	saaspiration	1
15-May-2023	100d	kindlefire	tleung927	1
15-May-2023	100d	kindlefire	psnbuser	1
15-May-2023	100d	kindlefire	johnmadden18	1
15-May-2023	100d	kindlefire	Airricklam	1
15-May-2023	100d	kindlefire	InteractionFancy3747	1
15-May-2023	100d	kindlefire	Zerosaber071	1
15-May-2023	100d	kindlefire	djcamera	1
15-May-2023	100d	kindlefire	I_am_Wojo	1
15-May-2023	100d	kindlefire	Brooklyngal10	1
15-May-2023	100d	kindlefire	Paul_DeBryone	1
15-May-2023	100d	kindlefire	aleking101	1
15-May-2023	100d	kindlefire	sadandsapphicc	1
15-May-2023	100d	kindlefire	Legal_Examination238	1
15-May-2023	100d	kindlefire	aLTRo0	1
15-May-2023	100d	kindlefire	Prof_tofu	1
15-May-2023	100d	kindlefire	chrstn43	1
15-May-2023	100d	kindlefire	Adventurous_Tutor870	1
15-May-2023	100d	kindlefire	Calpaca__	1
15-May-2023	100d	kindlefire	lol267	1
15-May-2023	100d	kindlefire	No-Satisfaction-3140	1
15-May-2023	100d	kindlefire	ChemiluminescentAshe	1
15-May-2023	100d	kindlefire	029DDS	1
15-May-2023	100d	kindlefire	jesthere	1
15-May-2023	100d	kindlefire	Windfinderz	1
15-May-2023	100d	kindlefire	ReallyGayGengar	1
15-May-2023	100d	kindlefire	Wiebenor	1
15-May-2023	100d	kindlefire	ComprehensiveHome983	1
15-May-2023	100d	kindlefire	CSwork1	1
15-May-2023	100d	kindlefire	agentwayward	1
15-May-2023	100d	kindlefire	ElkAccomplished8605	1
15-May-2023	100d	kindlefire	PrettyHappyAndGay	1
15-May-2023	100d	kindlefire	sstinkstink	1
15-May-2023	100d	kindlefire	SilverHornet	1
15-May-2023	100d	kindlefire	teoweald	1
15-May-2023	100d	kindlefire	ClassicSpookMovieFan	1
15-May-2023	100d	kindlefire	CraigInDaVille	1
15-May-2023	100d	kindlefire	Russkafin	1
15-May-2023	100d	kindlefire	Snack_Byte	1
15-May-2023	100d	kindlefire	RedBouncyBall2	1
15-May-2023	100d	kindlefire	LGAMER3412	1
15-May-2023	100d	kindlefire	trigrex	1
15-May-2023	100d	kindlefire	mextem	1
15-May-2023	100d	kindlefire	DPAmes1	1
15-May-2023	100d	kindlefire	throwawaybear_	1
15-May-2023	100d	kindlefire	longernohuman	1
15-May-2023	100d	kindlefire	ccbbb23	1
15-May-2023	100d	kindlefire	cerebasan	1
15-May-2023	100d	kindlefire	dev_sd	1
15-May-2023	100d	kindlefire	pomip71550	1
15-May-2023	100d	kindlefire	rougesubs	1
15-May-2023	100d	kindlefire	vth2	1
15-May-2023	100d	kindlefire	Electronic_Brush_137	1
15-May-2023	100d	kindlefire	weirdwidow	1
15-May-2023	100d	kindlefire	OwlWolfandSubstanceP	1
15-May-2023	100d	kindlefire	_mgjk_	1
15-May-2023	100d	kindlefire	SalchichaChistosa	1
15-May-2023	100d	kindlefire	Betabuck5	1
15-May-2023	100d	kindlefire	myelodysplasto	1
15-May-2023	100d	kindlefire	RalekBasa	1
15-May-2023	100d	kindlefire	Big_Display238	1
15-May-2023	100d	kindlefire	sslscrltt	1
15-May-2023	100d	kindlefire	Puzzled_Elk_5236	1
15-May-2023	100d	kindlefire	TroutforPrez	1
15-May-2023	100d	kindlefire	MetroPolice3	1
15-May-2023	100d	kindlefire	warriors_03	1
15-May-2023	100d	kindlefire	Captrad_	1
15-May-2023	100d	kindlefire	DiamondTechie	1
15-May-2023	100d	kindlefire	SpectacularLifeNoise	1
15-May-2023	100d	kindlefire	Garagairas	1
15-May-2023	100d	kindlefire	TrueTiger5000	1
15-May-2023	100d	kindlefire	Hypo_Projects_6925	1
15-May-2023	100d	kindlefire	TollboothPuppy	1
15-May-2023	100d	kindlefire	txdline	1
15-May-2023	100d	kindlefire	Emperor_Z	1
15-May-2023	100d	kindlefire	barnsbarnsnmorebarns	1
15-May-2023	100d	kindlefire	eyewoo	1
15-May-2023	100d	kindlefire	ForAQuietLife	1
15-May-2023	100d	kindlefire	cymrufollies	1
15-May-2023	100d	kindlefire	Common-Ad-933	1
15-May-2023	100d	kindlefire	Bonerfoam	1
15-May-2023	100d	kindlefire	mrmustachesir	1
15-May-2023	100d	kindlefire	JayTholen	1
15-May-2023	100d	kindlefire	zombuca	1
15-May-2023	100d	kindlefire	rmtidder	1
15-May-2023	100d	kindlefire	BrassUnicorn87	1
15-May-2023	100d	kindlefire	PatriarchysConcubine	1
15-May-2023	100d	kindlefire	Historical-Remove401	1
15-May-2023	100d	kindlefire	Proper_Ad902	1
15-May-2023	100d	kindlefire	following_eyes	1
15-May-2023	100d	kindlefire	abishur	1
15-May-2023	100d	kindlefire	aptivadave2012	1
15-May-2023	100d	kindlefire	Ok-Lack2558	1
15-May-2023	100d	kindlefire	katehenry4133	1
15-May-2023	100d	kindlefire	E-Man-86	1
15-May-2023	100d	kindlefire	Conmaxanhle123	1
15-May-2023	100d	kindlefire	brufflesprouts	1
15-May-2023	100d	kindlefire	DTGStress	1
15-May-2023	100d	kindlefire	E99_B0i	1
15-May-2023	100d	kindlefire	Secret-Alternative78	1
15-May-2023	100d	kindlefire	Fit-Tap9195	1
15-May-2023	100d	kindlefire	Superstroeh	1
15-May-2023	100d	kindlefire	Hard_We_Know	1
15-May-2023	100d	kindlefire	plutozxd3	1
15-May-2023	100d	kindlefire	PropaneSalesMen	1
15-May-2023	100d	kindlefire	visiongalaxy	1
15-May-2023	100d	kindlefire	OddEar1529	1
15-May-2023	100d	kindlefire	iguessimbritishnow	1
15-May-2023	100d	kindlefire	Obi_Wan546	1
15-May-2023	100d	kindlefire	MrBloodmoon	1
15-May-2023	100d	kindlefire	Endlesspogs	1
15-May-2023	100d	kindlefire	Ceriden	1
15-May-2023	100d	kindlefire	FalconGuesses	1
15-May-2023	100d	kindlefire	No-Most-3939	1
15-May-2023	100d	kindlefire	sherkhannabi	1
15-May-2023	100d	kindlefire	OldYogurtcloset7747	1
15-May-2023	100d	kindlefire	itachi737	1
15-May-2023	100d	kindlefire	Dhorlin	1
15-May-2023	100d	kindlefire	jetlifevic	1
15-May-2023	100d	kindlefire	North-Cheesecake-345	1
15-May-2023	100d	kindlefire	Collin1125	1
15-May-2023	100d	kindlefire	Minute_Emu6090	1
15-May-2023	100d	kindlefire	Tigershawk	1
15-May-2023	100d	kindlefire	J--Dizzle	1
15-May-2023	100d	kindlefire	qagir	1
15-May-2023	100d	kindlefire	cyclonebill	1
15-May-2023	100d	kindlefire	AtomicEdgy	1
15-May-2023	100d	kindlefire	rjf123192	1
15-May-2023	100d	kindlefire	catsandwhales	1
15-May-2023	100d	kindlefire	tcptennis	1
15-May-2023	100d	kindlefire	slashdotdasher	1
15-May-2023	100d	kindlefire	WayngoMango	1
15-May-2023	100d	kindlefire	mohamedhoutti	1
15-May-2023	100d	kindlefire	CottonPants77	1
15-May-2023	100d	kindlefire	Unlikely-Ad9726	1
15-May-2023	100d	kindlefire	sl8t4g1rls	1
15-May-2023	100d	kindlefire	Urikai	1
15-May-2023	100d	kindlefire	Soler37	1
15-May-2023	100d	kindlefire	StillLearning2	1
15-May-2023	100d	kindlefire	Porkanddiesel	1
15-May-2023	100d	kindlefire	Tuba_Fatima4571	1
15-May-2023	100d	kindlefire	ldave82	1
15-May-2023	100d	kindlefire	PaleontologistOwn962	1
15-May-2023	100d	kindlefire	ButterscotchKind6294	1
15-May-2023	100d	kindlefire	mroman1028	1
15-May-2023	100d	kindlefire	Utherellus	1
15-May-2023	100d	kindlefire	Meliondor	1
15-May-2023	100d	kindlefire	OrangeChocolate111	1
15-May-2023	100d	kindlefire	imgprojts	1
15-May-2023	100d	kindlefire	meh1903	1
15-May-2023	100d	kindlefire	NDaveT	1
15-May-2023	100d	kindlefire	Keyoshii_thewizard85	1
15-May-2023	100d	kindlefire	5tka	1
15-May-2023	100d	kindlefire	villalulaesi	1
15-May-2023	100d	kindlefire	hditano	1
15-May-2023	100d	kindlefire	redd_troll	1
15-May-2023	100d	kindlefire	Repulsive_Move3932	1
15-May-2023	100d	kindlefire	PirateMonkey00	1
15-May-2023	100d	kindlefire	BondJamesBondx12	1
15-May-2023	100d	kindlefire	CrazyOkie	1
15-May-2023	100d	kindlefire	SignatureConsistent3	1
15-May-2023	100d	kindlefire	lfaltersack	1
15-May-2023	100d	kindlefire	ConsiderationSea9221	1
15-May-2023	100d	kindlefire	Charles9612	1
15-May-2023	100d	kindlefire	speedway121	1
15-May-2023	100d	kindlefire	okaba00	1
15-May-2023	100d	kindlefire	ignoramusprime	1
15-May-2023	100d	kindlefire	swagernaught	1
15-May-2023	100d	kindlefire	Zealousideal_Exit763	1
15-May-2023	100d	kindlefire	johnny0tann	1
15-May-2023	100d	kindlefire	a3f	1
15-May-2023	100d	kindlefire	moik_KF	1
15-May-2023	100d	kindlefire	jamesway245	1
15-May-2023	100d	kindlefire	bandit7319	1
15-May-2023	100d	kindlefire	omigirl	1
15-May-2023	100d	kindlefire	TufTed2003	1
15-May-2023	100d	kindlefire	xlordrelayx	1
15-May-2023	100d	kindlefire	True-Ad4059	1
15-May-2023	100d	kindlefire	kuya_jj	1
15-May-2023	100d	kindlefire	LRLGRC	1
15-May-2023	100d	kindlefire	PseudoSane00	1
15-May-2023	100d	kindlefire	likeimsooffended	1
15-May-2023	100d	kindlefire	failurebutthatsokay	1
15-May-2023	100d	kindlefire	Aguythatlikespugs393	1
15-May-2023	100d	kindlefire	Spaceboy10-	1
15-May-2023	100d	kindlefire	Sweet-Count2557	1
15-May-2023	100d	kindlefire	Nextmick	1
15-May-2023	100d	kindlefire	No-Basis2374	1
15-May-2023	100d	kindlefire	Acceptable_Dig5978	1
15-May-2023	100d	kindlefire	tcc1	1
15-May-2023	100d	kindlefire	buzzgun	1
15-May-2023	100d	kindlefire	AmazonAWSRobloxJai2	1
15-May-2023	100d	kindlefire	cookiedog123561	1
15-May-2023	100d	kindlefire	aaronbkk	1
15-May-2023	100d	kindlefire	FockfordRosgate	1
15-May-2023	100d	kindlefire	tftlh1	1
15-May-2023	100d	kindlefire	confusednetworker	1
15-May-2023	100d	kindlefire	BlueRedReptile	1
15-May-2023	100d	kindlefire	DogsInsteadOfPeople	1
15-May-2023	100d	kindlefire	throwaway-for-l	1
15-May-2023	100d	kindlefire	Ojuiceee	1
15-May-2023	100d	kindlefire	RaplhKramden	1
15-May-2023	100d	kindlefire	Ih8ThisNameGame	1
15-May-2023	100d	kindlefire	FalseVeterinarian881	1
15-May-2023	100d	kindlefire	takes22tango	1
15-May-2023	100d	kindlefire	Jebeeeyyy	1
15-May-2023	100d	kindlefire	NecessaryNarrow2326	1
15-May-2023	100d	kindlefire	lonelygem	1
15-May-2023	100d	kindlefire	Yoshizwinner	1
15-May-2023	100d	kindlefire	Nugget_fangirl	1
15-May-2023	100d	kindlefire	EddieAce0226	1
15-May-2023	100d	kindlefire	Champion-Racer12	1
15-May-2023	100d	kindlefire	blakthorn	1
15-May-2023	100d	kindlefire	ImmyJ21	1
15-May-2023	100d	kindlefire	GoneFishing0	1
15-May-2023	100d	kindlefire	delphimorphos	1
15-May-2023	100d	kindlefire	Tribalbob	1
15-May-2023	100d	kindlefire	Best-Moment5373	1
15-May-2023	100d	kindlefire	hunt3r_fury	1
15-May-2023	100d	kindlefire	Gamesarefun97	1
15-May-2023	100d	kindlefire	MF_DOOM_36CHAMBERS	1
15-May-2023	100d	kindlefire	JOHNRKO007	1
15-May-2023	100d	kindlefire	Vinny_tr	1
15-May-2023	100d	kindlefire	gsearle	1
15-May-2023	100d	kindlefire	bigdaddyfox	1
15-May-2023	100d	kindlefire	Dermetzger666	1
15-May-2023	100d	kindlefire	SteppingOnLegoHurts	1
15-May-2023	100d	kindlefire	1stockf30	1
15-May-2023	100d	kindlefire	Mystery1001	1
15-May-2023	100d	kindlefire	CORRUPT27	1
15-May-2023	100d	kindlefire	RRNN92	1
15-May-2023	100d	kindlefire	CharcoalWalls	1
15-May-2023	100d	kindlefire	jxfallout	1
15-May-2023	100d	kindlefire	Meemo-	1
15-May-2023	100d	kindlefire	Visual_Cheesecake186	1
15-May-2023	100d	kindlefire	Alarmed_Rooster_8789	1
15-May-2023	100d	kindlefire	sheworebluebananas	1
15-May-2023	100d	kindlefire	Creepyisdeadly36	1
15-May-2023	100d	kindlefire	SignificantCricket	1
15-May-2023	100d	kindlefire	CloudTheArcticFox	1
15-May-2023	100d	kindlefire	Evening_Gear_7805	1
15-May-2023	100d	kindlefire	sickbane	1
15-May-2023	100d	kindlefire	Zaccory	1
15-May-2023	100d	kindlefire	new_here32	1
15-May-2023	100d	kindlefire	KitWat	1
15-May-2023	100d	kindlefire	nebregg	1
15-May-2023	100d	kindlefire	Technical-Client2650	1
15-May-2023	100d	kindlefire	SgtBoaty	1
15-May-2023	100d	kindlefire	MasterOfTriad	1
15-May-2023	100d	kindlefire	BamOnRedit	1
15-May-2023	100d	kindlefire	Iamnotthebreakman	1
15-May-2023	100d	kindlefire	MySynthwave	1
15-May-2023	100d	kindlefire	Mission-Definition12	1
15-May-2023	100d	kindlefire	Lesynn	1
15-May-2023	100d	kindlefire	Charming_Net5917	1
15-May-2023	100d	kindlefire	RompinDonkey	1
15-May-2023	100d	kindlefire	psych0rag3	1
15-May-2023	100d	kindlefire	TheYorkshireSaint	1
15-May-2023	100d	kindlefire	tinpanalleypics	1
15-May-2023	100d	kindlefire	Erotomania085	1
15-May-2023	100d	kindlefire	AtariiGecko	1
15-May-2023	100d	kindlefire	TotallyBCK	1
15-May-2023	100d	kindlefire	Dizzy_Response_1722	1
15-May-2023	100d	kindlefire	AbnormalRealityX	1
15-May-2023	100d	kindlefire	Leftiealex	1
15-May-2023	100d	kindlefire	qaqak1	1
15-May-2023	100d	kindlefire	nitestar95	1
15-May-2023	100d	kindlefire	Mustbenice18	1
15-May-2023	100d	kindlefire	ObiWanLeia	1
15-May-2023	100d	kindlefire	SoSoDave	1
15-May-2023	100d	kindlefire	Neustrashimyy	1
15-May-2023	100d	kindlefire	Some_Organization_47	1
15-May-2023	100d	kindlefire	Im_A_MechanicalMan	1
15-May-2023	100d	kindlefire	Forgott3nDr3ams	1
15-May-2023	100d	kindlefire	uri_nrv	1
15-May-2023	100d	kindlefire	ActiveYaw	1
15-May-2023	100d	kindlefire	imaiden_B	1
15-May-2023	100d	kindlefire	trebrick	1
15-May-2023	100d	kindlefire	ThisIsMyNext	1
15-May-2023	100d	kindlefire	lamentofking	1
15-May-2023	100d	kindlefire	ItsCryptic2	1
15-May-2023	100d	kindlefire	Tdperry92	1
15-May-2023	100d	kindlefire	alllie	1
15-May-2023	100d	kindlefire	lollipopsweater	1
15-May-2023	100d	kindlefire	mrmatt24	1
15-May-2023	100d	kindlefire	mc510	1
15-May-2023	100d	kindlefire	DukeSR8	1
15-May-2023	100d	kindlefire	OhmyGODZAZEZ	1
15-May-2023	100d	kindlefire	Embarrassed-Heron-52	1
15-May-2023	100d	kindlefire	sgbea_13	1
15-May-2023	100d	kindlefire	Scelusteach	1
15-May-2023	100d	kindlefire	OldTreePuncher	1
15-May-2023	100d	kindlefire	xstaceyann	1
15-May-2023	100d	kindlefire	Anonymous333123	1
15-May-2023	100d	kindlefire	FangoTehMango	1
15-May-2023	100d	kindlefire	FlashTwerk69	1
15-May-2023	100d	kindlefire	david01usa	1
15-May-2023	100d	kindlefire	meansderek	1
15-May-2023	100d	kindlefire	halcyon627	1
15-May-2023	100d	kindlefire	thebestnobody	1
15-May-2023	100d	kindlefire	pepsicola1102	1
15-May-2023	100d	kindlefire	barneytronic	1
15-May-2023	100d	kindlefire	nydesigns	1
15-May-2023	100d	kindlefire	Fr0gm4n	1
15-May-2023	100d	kindlefire	madisalerdwll	1
15-May-2023	100d	kindlefire	DutchMasterFunk26	1
15-May-2023	100d	kindlefire	_njd_	1
15-May-2023	100d	kindlefire	RoyalShip8351	1
15-May-2023	100d	kindlefire	MSUCalli	1
15-May-2023	100d	kindlefire	orange_fan57	1
15-May-2023	100d	kindlefire	clizana	1
15-May-2023	100d	kindlefire	Other-Currency-1930	1
15-May-2023	100d	kindlefire	tab87vn	1
15-May-2023	100d	kindlefire	AreaMuppet	1
15-May-2023	100d	kindlefire	Agent_R_Activated	1
15-May-2023	100d	kindlefire	Honeymoon_Mindset	1
15-May-2023	100d	kindlefire	Kevinc61	1
15-May-2023	100d	kindlefire	biowiz	1
15-May-2023	100d	kindlefire	leesusmusic	1
15-May-2023	100d	kindlefire	southindianPOTTU	1
15-May-2023	100d	kindlefire	BagelBruin	1
15-May-2023	100d	kindlefire	Efficient_Night_9002	1
15-May-2023	100d	kindlefire	Jeffliebig	1
15-May-2023	100d	kindlefire	German8888888	1
15-May-2023	100d	kindlefire	Johnsonconstantine	1
15-May-2023	100d	kindlefire	TupacalypseN0w	1
15-May-2023	100d	kindlefire	BMox81	1
15-May-2023	100d	kindlefire	improbsable	1
15-May-2023	100d	kindlefire	Crowlives	1
15-May-2023	100d	kindlefire	allthebooksplz	1
15-May-2023	100d	kindlefire	bouncyman	1
15-May-2023	100d	kindlefire	SnowDayDream	1
15-May-2023	100d	kindlefire	dustyoldthing	1
15-May-2023	100d	kindlefire	metatime09	1
15-May-2023	100d	kindlefire	7evenEthers	1
15-May-2023	100d	kindlefire	bitch42000	1
15-May-2023	100d	kindlefire	sneaky-the-brave	1
15-May-2023	100d	kindlefire	fractaldesigner	1
15-May-2023	100d	kindlefire	CopRock	1
15-May-2023	100d	kindlefire	BlackCoffeeManga	1
15-May-2023	100d	kindlefire	Generic_userxx	1
15-May-2023	100d	kindlefire	Global_Wrongdoer_141	1
15-May-2023	100d	kindlefire	novanicaaa	1
15-May-2023	100d	kindlefire	amylucha	1
15-May-2023	100d	kindlefire	Rolandthelast	1
15-May-2023	100d	kindlefire	EnglishBeatsMath	1
15-May-2023	100d	kindlefire	squishy0071	1
15-May-2023	100d	kindlefire	Miikkie	1
15-May-2023	100d	kindlefire	iphone4Suser	1
15-May-2023	100d	kindlefire	cinemasnob78	1
15-May-2023	100d	kindlefire	JMoun	1
15-May-2023	100d	kindlefire	JayneAustin	1
15-May-2023	100d	kindlefire	CabbagesStrikeBack	1
15-May-2023	100d	kindlefire	KuroMahouShoujo	1
15-May-2023	100d	kindlefire	threehappypenguins	1
15-May-2023	100d	kindlefire	YodaTheJuggalo666	1
15-May-2023	100d	kindlefire	DefinitionFull9794	1
15-May-2023	100d	kindlefire	IveBeenHereBefore12	1
15-May-2023	100d	kindlefire	ZacBobisKing	1
15-May-2023	100d	kindlefire	martyb447	1
15-May-2023	100d	kindlefire	OddlyShapedLeaf	1
15-May-2023	100d	kindlefire	pcm2a	1
15-May-2023	100d	kindlefire	shining89	1
15-May-2023	100d	kindlefire	ArdinOkira	1
15-May-2023	100d	kindlefire	kbr2118	1
15-May-2023	100d	kindlefire	aRatherBlusteryGay	1
15-May-2023	100d	kindlefire	DavidTVC15	1
15-May-2023	100d	kindlefire	sw28he	1
15-May-2023	100d	kindlefire	3xploit_	1
15-May-2023	100d	kindlefire	ptrichardson	1
15-May-2023	100d	kindlefire	noknotz	1
15-May-2023	100d	kindlefire	Gintama4ever	1
15-May-2023	100d	kindlefire	Intelligent_Pair	1
15-May-2023	100d	kindlefire	Rexagon_2017	1
15-May-2023	100d	kindlefire	beezerhale	1
15-May-2023	100d	kindlefire	hiraethexo	1
15-May-2023	100d	kindlefire	Orthodromic	1
15-May-2023	100d	kindlefire	Leo_Expose	1
15-May-2023	100d	kindlefire	Psychological-Ice171	1
15-May-2023	100d	kindlefire	ele30006	1
15-May-2023	100d	kindlefire	Apart-Respond-3168	1
15-May-2023	100d	kindlefire	massivexpanse	1
15-May-2023	100d	kindlefire	clawingmywayup	1
15-May-2023	100d	kindlefire	Scoop500	1
15-May-2023	100d	kindlefire	No-Cup-99	1
15-May-2023	100d	kindlefire	wandored	1
15-May-2023	100d	kindlefire	Narrow-Difficulty-83	1
15-May-2023	100d	kindlefire	Consistent-Relief-29	1
15-May-2023	100d	kindlefire	Fearless-Wrongdoer	1
15-May-2023	100d	kindlefire	okulamcstan	1
15-May-2023	100d	kindlefire	ThirtyAcresIsEnough	1
15-May-2023	100d	kindlefire	Stummi	1
15-May-2023	100d	kindlefire	smartusername001	1
15-May-2023	100d	kindlefire	FreshChefGaming	1
15-May-2023	100d	kindlefire	koboldvortex	1
15-May-2023	100d	kindlefire	cooperbike	1
15-May-2023	100d	kindlefire	ThomasGunn3	1
15-May-2023	100d	kindlefire	AaroMellish64	1
15-May-2023	100d	kindlefire	Cikago	1
15-May-2023	100d	kindlefire	readthinksurvive	1
15-May-2023	100d	kindlefire	Educational-West-227	1
15-May-2023	100d	kindlefire	Shyatic	1
