query_date,before_date,subreddit,submission_author,submission_frequency
17-Feb-2023,40d,amazonprime,rtye5,190
17-Feb-2023,40d,amazonprime,HappyZhaun,24
17-Feb-2023,40d,amazonprime,moonbeam127,9
17-Feb-2023,40d,amazonprime,TheNonViolentOne,8
17-Feb-2023,40d,amazonprime,The_Wonderful_Pie,5
17-Feb-2023,40d,amazonprime,TropicOfCapricorn_,4
17-Feb-2023,40d,amazonprime,Dasiy9407,4
17-Feb-2023,40d,amazonprime,AKsnipebuster47,4
17-Feb-2023,40d,amazonprime,Cauliflower_Business,3
17-Feb-2023,40d,amazonprime,Chris-1984,3
17-Feb-2023,40d,amazonprime,DEATH_KILLER5373,3
17-Feb-2023,40d,amazonprime,I-Am_9,3
17-Feb-2023,40d,amazonprime,ZombierBob,3
17-Feb-2023,40d,amazonprime,kingmagamed,3
17-Feb-2023,40d,amazonprime,PickMeWhyKnot,2
17-Feb-2023,40d,amazonprime,Scared-Property-5717,2
17-Feb-2023,40d,amazonprime,HARVY143,2
17-Feb-2023,40d,amazonprime,RomanRoyIsSlimy,2
17-Feb-2023,40d,amazonprime,KillingThemGingerly,2
17-Feb-2023,40d,amazonprime,Apprehensive-Hat1834,2
17-Feb-2023,40d,amazonprime,Negative_Mushroom_69,2
17-Feb-2023,40d,amazonprime,slapmybassdaddy,2
17-Feb-2023,40d,amazonprime,UnderstandingMore887,2
17-Feb-2023,40d,amazonprime,looker009,2
17-Feb-2023,40d,amazonprime,MercuricVenus,2
17-Feb-2023,40d,amazonprime,Negative-Lychee6128,2
17-Feb-2023,40d,amazonprime,Jonny-Marx,2
17-Feb-2023,40d,amazonprime,EmployerIll3471,2
17-Feb-2023,40d,amazonprime,saul2015,2
17-Feb-2023,40d,amazonprime,bestdogpup,2
17-Feb-2023,40d,amazonprime,casually97,2
17-Feb-2023,40d,amazonprime,ChrisLenga,2
17-Feb-2023,40d,amazonprime,hrhashley,2
17-Feb-2023,40d,amazonprime,NotMeAgain999,2
17-Feb-2023,40d,amazonprime,murpdog_45,2
17-Feb-2023,40d,amazonprime,kendannedy,2
17-Feb-2023,40d,amazonprime,Nick_TwoPointOh,2
17-Feb-2023,40d,amazonprime,WaffleBot626,2
17-Feb-2023,40d,amazonprime,younginvestor23,2
17-Feb-2023,40d,amazonprime,Carcrasher89,2
17-Feb-2023,40d,amazonprime,Playful-Pace-9339,2
17-Feb-2023,40d,amazonprime,ayoimthatguy,2
17-Feb-2023,40d,amazonprime,the_marox,1
17-Feb-2023,40d,amazonprime,thesandman00,1
17-Feb-2023,40d,amazonprime,GreyhoundsAreFast,1
17-Feb-2023,40d,amazonprime,fledgling66,1
17-Feb-2023,40d,amazonprime,Still_Slifering,1
17-Feb-2023,40d,amazonprime,gheenuts,1
17-Feb-2023,40d,amazonprime,KiaBiaBananaFoFia,1
17-Feb-2023,40d,amazonprime,jamesj015,1
17-Feb-2023,40d,amazonprime,phearr,1
17-Feb-2023,40d,amazonprime,reallonerkid,1
17-Feb-2023,40d,amazonprime,alrtight,1
17-Feb-2023,40d,amazonprime,Pretty_Lingonberry93,1
17-Feb-2023,40d,amazonprime,shamalamadongola,1
17-Feb-2023,40d,amazonprime,Jhaasinterviews,1
17-Feb-2023,40d,amazonprime,SwimmingAd2319,1
17-Feb-2023,40d,amazonprime,mcdroid,1
17-Feb-2023,40d,amazonprime,jpuffy2,1
17-Feb-2023,40d,amazonprime,crkardys,1
17-Feb-2023,40d,amazonprime,Jestyn,1
17-Feb-2023,40d,amazonprime,beautyfashionaccount,1
17-Feb-2023,40d,amazonprime,Henckel17,1
17-Feb-2023,40d,amazonprime,ArugulaZ,1
17-Feb-2023,40d,amazonprime,A_PeculiarPeril,1
17-Feb-2023,40d,amazonprime,Akwing12,1
17-Feb-2023,40d,amazonprime,secrethottie_997,1
17-Feb-2023,40d,amazonprime,SpiritOfDest1ny,1
17-Feb-2023,40d,amazonprime,neverfailstodeliver,1
17-Feb-2023,40d,amazonprime,camm87,1
17-Feb-2023,40d,amazonprime,KNYLJNS,1
17-Feb-2023,40d,amazonprime,nosleepbrooklynn,1
17-Feb-2023,40d,amazonprime,MrSizzem,1
17-Feb-2023,40d,amazonprime,WINNERMIND,1
17-Feb-2023,40d,amazonprime,ginny_and_draco,1
17-Feb-2023,40d,amazonprime,antihero_zero,1
17-Feb-2023,40d,amazonprime,aponalsoknownasapon,1
17-Feb-2023,40d,amazonprime,Futants_,1
17-Feb-2023,40d,amazonprime,Full_Ad_9555,1
17-Feb-2023,40d,amazonprime,XbazookajoX,1
17-Feb-2023,40d,amazonprime,imjustagrrll,1
17-Feb-2023,40d,amazonprime,Zealousideal_Film659,1
17-Feb-2023,40d,amazonprime,wassimjls,1
17-Feb-2023,40d,amazonprime,Professional_Use_540,1
17-Feb-2023,40d,amazonprime,Ragnarosky,1
17-Feb-2023,40d,amazonprime,mahdy89,1
17-Feb-2023,40d,amazonprime,Blueshound24,1
17-Feb-2023,40d,amazonprime,Wonderful_Water5588,1
17-Feb-2023,40d,amazonprime,Low_End3261,1
17-Feb-2023,40d,amazonprime,Oohbunnies,1
17-Feb-2023,40d,amazonprime,cuzintheboss,1
17-Feb-2023,40d,amazonprime,ClubFormer6189,1
17-Feb-2023,40d,amazonprime,Orange_center,1
17-Feb-2023,40d,amazonprime,Gh0stp3pp3r,1
17-Feb-2023,40d,amazonprime,Hohoho-you,1
17-Feb-2023,40d,amazonprime,WisconsinSportsFan12,1
17-Feb-2023,40d,amazonprime,woniwonu,1
17-Feb-2023,40d,amazonprime,cbraddy22,1
17-Feb-2023,40d,amazonprime,Pawlaka123,1
17-Feb-2023,40d,amazonprime,BrownzillaB,1
17-Feb-2023,40d,amazonprime,msgravyboat,1
17-Feb-2023,40d,amazonprime,JustSoHappy,1
17-Feb-2023,40d,amazonprime,ben_reda,1
17-Feb-2023,40d,amazonprime,xxxzct,1
17-Feb-2023,40d,amazonprime,Certain_Produce_6326,1
17-Feb-2023,40d,amazonprime,jackfrostyre,1
17-Feb-2023,40d,amazonprime,cheeselikeabrie,1
17-Feb-2023,40d,amazonprime,PancakeOnYoutube,1
17-Feb-2023,40d,amazonprime,Kanga_,1
17-Feb-2023,40d,amazonprime,drboofmaster,1
17-Feb-2023,40d,amazonprime,Thorfan23,1
17-Feb-2023,40d,amazonprime,maxiepad15,1
17-Feb-2023,40d,amazonprime,Poalesed,1
17-Feb-2023,40d,amazonprime,IcedColdMine,1
17-Feb-2023,40d,amazonprime,cant_pick_anything,1
17-Feb-2023,40d,amazonprime,thevillagesoprano,1
17-Feb-2023,40d,amazonprime,redatola,1
17-Feb-2023,40d,amazonprime,Rjk711,1
17-Feb-2023,40d,amazonprime,sganiexty,1
17-Feb-2023,40d,amazonprime,ReasonableAbility681,1
17-Feb-2023,40d,amazonprime,South_Safe1955,1
17-Feb-2023,40d,amazonprime,hotdogwaterbreath,1
17-Feb-2023,40d,amazonprime,Intrepid-Ebb7112,1
17-Feb-2023,40d,amazonprime,ozz9742,1
17-Feb-2023,40d,amazonprime,beezle_bubba,1
17-Feb-2023,40d,amazonprime,ThunderVamp9,1
17-Feb-2023,40d,amazonprime,unhappygounlucky,1
17-Feb-2023,40d,amazonprime,Idealmonk,1
17-Feb-2023,40d,amazonprime,iilordd,1
17-Feb-2023,40d,amazonprime,Due_Satisfaction8567,1
17-Feb-2023,40d,amazonprime,drivingdisaster,1
17-Feb-2023,40d,amazonprime,feelingcoolblue,1
17-Feb-2023,40d,amazonprime,Ok-Reality-8289,1
17-Feb-2023,40d,amazonprime,Actual-Barnacle7494,1
17-Feb-2023,40d,amazonprime,elginjay,1
17-Feb-2023,40d,amazonprime,SirYeetusYeet,1
17-Feb-2023,40d,amazonprime,Ok_Television233,1
17-Feb-2023,40d,amazonprime,bbgarnett,1
17-Feb-2023,40d,amazonprime,little_tom_cat,1
17-Feb-2023,40d,amazonprime,Southern_Fondant8637,1
17-Feb-2023,40d,amazonprime,Rizz0B,1
17-Feb-2023,40d,amazonprime,AlbatrossSame4440,1
17-Feb-2023,40d,amazonprime,MrDabbermen,1
17-Feb-2023,40d,amazonprime,bettyscardiigan,1
17-Feb-2023,40d,amazonprime,Psychological_Yam655,1
17-Feb-2023,40d,amazonprime,Minimum_Ad_347,1
17-Feb-2023,40d,amazonprime,Lacter51,1
17-Feb-2023,40d,amazonprime,UABSamurai,1
17-Feb-2023,40d,amazonprime,Substantial-Citron86,1
17-Feb-2023,40d,amazonprime,Pizza_For_Days,1
17-Feb-2023,40d,amazonprime,massgain813,1
17-Feb-2023,40d,amazonprime,Vegetable-Jicama-365,1
17-Feb-2023,40d,amazonprime,LeadLongjumping797,1
17-Feb-2023,40d,amazonprime,-cheesymac-,1
17-Feb-2023,40d,amazonprime,EvolvingCyborg,1
17-Feb-2023,40d,amazonprime,-kizu-,1
17-Feb-2023,40d,amazonprime,daweathergirl,1
17-Feb-2023,40d,amazonprime,needledick_21,1
17-Feb-2023,40d,amazonprime,EarlOfFunk,1
17-Feb-2023,40d,amazonprime,Slambo3000,1
17-Feb-2023,40d,amazonprime,Chart_Legitimate,1
17-Feb-2023,40d,amazonprime,my4dogz,1
17-Feb-2023,40d,amazonprime,yourmamabighoe,1
17-Feb-2023,40d,amazonprime,DescriptionUpbeat327,1
17-Feb-2023,40d,amazonprime,mecomeback,1
17-Feb-2023,40d,amazonprime,DweebsUnited,1
17-Feb-2023,40d,amazonprime,PuzzleMindedO,1
17-Feb-2023,40d,amazonprime,Halo3jumper,1
17-Feb-2023,40d,amazonprime,Soothsayer102,1
17-Feb-2023,40d,amazonprime,blue-mune,1
17-Feb-2023,40d,amazonprime,xampara,1
17-Feb-2023,40d,amazonprime,Chrisbradley1,1
17-Feb-2023,40d,amazonprime,seren1754,1
17-Feb-2023,40d,amazonprime,Sharrps,1
17-Feb-2023,40d,amazonprime,Batlantic,1
17-Feb-2023,40d,amazonprime,foofighters420,1
17-Feb-2023,40d,amazonprime,NotSoTraumAtiq,1
17-Feb-2023,40d,amazonprime,AdamJensen009-1,1
17-Feb-2023,40d,amazonprime,trireme32,1
17-Feb-2023,40d,amazonprime,Rohitbiswas12,1
17-Feb-2023,40d,amazonprime,maultify,1
17-Feb-2023,40d,amazonprime,pressFformysanity,1
17-Feb-2023,40d,amazonprime,Kimmy19982923847,1
17-Feb-2023,40d,amazonprime,callmedamfree,1
17-Feb-2023,40d,amazonprime,VestronVideo,1
17-Feb-2023,40d,amazonprime,Galore67,1
17-Feb-2023,40d,amazonprime,fosterlosthope,1
17-Feb-2023,40d,amazonprime,Im_Charming,1
17-Feb-2023,40d,amazonprime,femme_fatale2022,1
17-Feb-2023,40d,amazonprime,0xjustin0xx,1
17-Feb-2023,40d,amazonprime,smoketheevilpipe,1
17-Feb-2023,40d,amazonprime,MerzakKdp,1
17-Feb-2023,40d,amazonprime,Neons_Awesome,1
17-Feb-2023,40d,amazonprime,nazz299,1
17-Feb-2023,40d,amazonprime,SHADOW-dragon789,1
17-Feb-2023,40d,amazonprime,LadyYukiKuran,1
17-Feb-2023,40d,amazonprime,Habarer,1
17-Feb-2023,40d,amazonprime,PointyToenail,1
17-Feb-2023,40d,amazonprime,Jonathanwennstroem,1
17-Feb-2023,40d,amazonprime,sithl666rd,1
17-Feb-2023,40d,amazonprime,Aceboy2005,1
17-Feb-2023,40d,amazonprime,ChickenInALocker,1
17-Feb-2023,40d,amazonprime,OObDaN00b,1
17-Feb-2023,40d,amazonprime,Ngatsby33,1
17-Feb-2023,40d,amazonprime,Beneficial-Winner-90,1
17-Feb-2023,40d,amazonprime,short_cervix_girlie,1
17-Feb-2023,40d,amazonprime,Live_Mall2110,1
17-Feb-2023,40d,amazonprime,LordHamburguesa1,1
17-Feb-2023,40d,amazonprime,HyperShxdow,1
17-Feb-2023,40d,amazonprime,stringjumper,1
17-Feb-2023,40d,amazonprime,eloitay,1
17-Feb-2023,40d,amazonprime,strawberryry,1
17-Feb-2023,40d,amazonprime,AdFree677,1
17-Feb-2023,40d,amazonprime,yuispg,1
17-Feb-2023,40d,amazonprime,alskdjfhaldsjkf,1
17-Feb-2023,40d,amazonprime,-Trueman-,1
17-Feb-2023,40d,amazonprime,phoncible,1
17-Feb-2023,40d,amazonprime,Potential_Scar6043,1
17-Feb-2023,40d,amazonprime,International-Wind73,1
17-Feb-2023,40d,amazonprime,Nightmaresituation,1
17-Feb-2023,40d,amazonprime,Adrianmage14,1
17-Feb-2023,40d,amazonprime,Icy_Cold7783,1
17-Feb-2023,40d,amazonprime,TheKiller5860,1
17-Feb-2023,40d,amazonprime,alienbilly,1
17-Feb-2023,40d,amazonprime,darlenebeau,1
17-Feb-2023,40d,amazonprime,cyan000,1
17-Feb-2023,40d,amazonprime,Detail_Choice,1
17-Feb-2023,40d,amazonprime,sailormooooooooon,1
17-Feb-2023,40d,amazonprime,Sea_Survey6580,1
17-Feb-2023,40d,amazonprime,scoretemple,1
17-Feb-2023,40d,amazonprime,Jaded-Function,1
17-Feb-2023,40d,amazonprime,Smeargle-San,1
17-Feb-2023,40d,amazonprime,tb12871287,1
17-Feb-2023,40d,amazonprime,cabinet_door,1
17-Feb-2023,40d,amazonprime,Open-Air-Dojo,1
17-Feb-2023,40d,amazonprime,No-Membership-982,1
17-Feb-2023,40d,amazonprime,Bnred4,1
17-Feb-2023,40d,amazonprime,Peadmac,1
17-Feb-2023,40d,amazonprime,ChamPINOY,1
17-Feb-2023,40d,amazonprime,frenchhusky,1
17-Feb-2023,40d,amazonprime,Needleman52,1
17-Feb-2023,40d,amazonprime,zDavzBR,1
17-Feb-2023,40d,amazonprime,External_Ad8677,1
17-Feb-2023,40d,amazonprime,wasptube1,1
17-Feb-2023,40d,amazonprime,StockPractical400,1
17-Feb-2023,40d,amazonprime,roLkraLKk,1
17-Feb-2023,40d,amazonprime,tiddles_mcdinger,1
17-Feb-2023,40d,amazonprime,MrCacciatore1977,1
17-Feb-2023,40d,amazonprime,AirDmt27,1
17-Feb-2023,40d,amazonprime,Caffeine-tor,1
17-Feb-2023,40d,amazonprime,rustyperiscope,1
17-Feb-2023,40d,amazonprime,WaffleGoat6969,1
17-Feb-2023,40d,amazonprime,PDXracer555,1
17-Feb-2023,40d,amazonprime,Puff_25,1
17-Feb-2023,40d,amazonprime,bknighttt,1
17-Feb-2023,40d,amazonprime,Generic_Schlub,1
17-Feb-2023,40d,amazonprime,MarcelTheSeal,1
17-Feb-2023,40d,amazonprime,bigalxyz,1
17-Feb-2023,40d,amazonprime,ViVianic,1
17-Feb-2023,40d,amazonprime,imsharath,1
17-Feb-2023,40d,amazonprime,SpaceyAndrew,1
17-Feb-2023,40d,amazonprime,bruv4723,1
17-Feb-2023,40d,amazonprime,one-eyed-wils,1
17-Feb-2023,40d,amazonprime,Old_Persimmon9793,1
17-Feb-2023,40d,amazonprime,AmAnthing,1
17-Feb-2023,40d,amazonprime,plafratt,1
17-Feb-2023,40d,amazonprime,hehehebebec,1
17-Feb-2023,40d,amazonprime,galaxycat7,1
17-Feb-2023,40d,amazonprime,onedayatatime12357,1
17-Feb-2023,40d,amazonprime,Haunting_Ad_9486,1
17-Feb-2023,40d,amazonprime,thiccysticky69,1
17-Feb-2023,40d,amazonprime,Professional_Fill364,1
17-Feb-2023,40d,amazonprime,Giroroxk,1
17-Feb-2023,40d,amazonprime,Marcus4lyfe,1
17-Feb-2023,40d,amazonprime,iviui2d3i2,1
17-Feb-2023,40d,amazonprime,Different_Beat_8970,1
17-Feb-2023,40d,amazonprime,No-Yogurtcloset-993,1
17-Feb-2023,40d,amazonprime,CloudSquatch,1
17-Feb-2023,40d,amazonprime,MmaOverSportsball,1
17-Feb-2023,40d,amazonprime,electronic_docter,1
17-Feb-2023,40d,amazonprime,miaheat1,1
17-Feb-2023,40d,amazonprime,Coochiemudlo,1
17-Feb-2023,40d,amazonprime,bikopolis,1
17-Feb-2023,40d,amazonprime,actuallyonfuckinfire,1
17-Feb-2023,40d,amazonprime,ReanuuKeeeves,1
17-Feb-2023,40d,amazonprime,ProposalSufficient25,1
17-Feb-2023,40d,amazonprime,JacobDziki,1
17-Feb-2023,40d,amazonprime,amny0913,1
17-Feb-2023,40d,amazonprime,PresidentPeterRusso,1
17-Feb-2023,40d,amazonprime,mtmirror,1
17-Feb-2023,40d,amazonprime,No-Activity-5936,1
17-Feb-2023,40d,amazonprime,PeppermintPig,1
17-Feb-2023,40d,amazonprime,CyberbrainGaming,1
17-Feb-2023,40d,amazonprime,drdrizzy13,1
17-Feb-2023,40d,amazonprime,Pepo_POP,1
17-Feb-2023,40d,amazonprime,Select-Tie-610,1
17-Feb-2023,40d,amazonprime,Scubaboom,1
17-Feb-2023,40d,amazonprime,neuikc,1
17-Feb-2023,40d,amazonprime,West-Flan2885,1
17-Feb-2023,40d,amazonprime,nobearpineapples,1
17-Feb-2023,40d,amazonprime,freddyPowell,1
17-Feb-2023,40d,amazonprime,Knurlfist83,1
17-Feb-2023,40d,amazonprime,khaledbi,1
17-Feb-2023,40d,amazonprime,PickyATX,1
17-Feb-2023,40d,amazonprime,sebastianmorgenstern,1
17-Feb-2023,40d,amazonprime,jerijmeekins,1
17-Feb-2023,40d,amazonprime,No_Impression_6519,1
17-Feb-2023,40d,amazonprime,Joncrew,1
17-Feb-2023,40d,amazonprime,speedypoultry,1
17-Feb-2023,40d,amazonprime,cat-mommy,1
17-Feb-2023,40d,amazonprime,madumbass,1
17-Feb-2023,40d,amazonprime,attiyathegreat,1
17-Feb-2023,40d,amazonprime,adybouzayani,1
17-Feb-2023,40d,amazonprime,The-War-Life,1
17-Feb-2023,40d,amazonprime,OctoberMutt,1
17-Feb-2023,40d,amazonprime,Medium-Impress-7402,1
17-Feb-2023,40d,amazonprime,Aerionne,1
17-Feb-2023,40d,amazonprime,Tsiphon,1
17-Feb-2023,40d,amazonprime,QuickContribution888,1
17-Feb-2023,40d,amazonprime,Skogkatt_Rust,1
17-Feb-2023,40d,amazonprime,weeklypatatas,1
17-Feb-2023,40d,amazonprime,death_by_options,1
17-Feb-2023,40d,amazonprime,JudCasper68,1
17-Feb-2023,40d,amazonprime,emcrl10,1
17-Feb-2023,40d,amazonprime,toweroflore,1
17-Feb-2023,40d,amazonprime,glbltvlr,1
17-Feb-2023,40d,amazonprime,ChiliGilly,1
17-Feb-2023,40d,amazonprime,ebagdrofk,1
17-Feb-2023,40d,amazonprime,pure-gold-baby,1
17-Feb-2023,40d,amazonprime,TreySoWavvyy,1
17-Feb-2023,40d,amazonprime,Real_Revolution3650,1
17-Feb-2023,40d,amazonprime,FreedomEagle76,1
17-Feb-2023,40d,amazonprime,NeckSlitsNChill,1
17-Feb-2023,40d,amazonprime,tzopjal,1
17-Feb-2023,40d,amazonprime,jankular,1
17-Feb-2023,40d,amazonprime,LeatherMaintenance58,1
17-Feb-2023,40d,amazonprime,obscvne,1
17-Feb-2023,40d,amazonprime,ExpertMurky6316,1
17-Feb-2023,40d,amazonprime,Zurevu,1
17-Feb-2023,40d,amazonprime,likkleSosa,1
17-Feb-2023,40d,amazonprime,huskia2,1
17-Feb-2023,40d,amazonprime,blondewassabi,1
17-Feb-2023,40d,amazonprime,iphone14pro09,1
17-Feb-2023,40d,amazonprime,convsbot,1
17-Feb-2023,40d,amazonprime,DrChurn,1
17-Feb-2023,40d,amazonprime,tb36cn,1
17-Feb-2023,40d,amazonprime,AkiraSieghart,1
17-Feb-2023,40d,amazonprime,HayesMachinery,1
17-Feb-2023,40d,amazonprime,Ready-Cryptographer,1
17-Feb-2023,40d,amazonprime,AdriftMusic,1
17-Feb-2023,40d,amazonprime,Own-Needleworker6705,1
17-Feb-2023,40d,amazonprime,johnnyzipper,1
17-Feb-2023,40d,amazonprime,mau73,1
17-Feb-2023,40d,amazonprime,Eloquent_Enigma,1
17-Feb-2023,40d,amazonprime,ProtNotProt,1
17-Feb-2023,40d,amazonprime,Featheredwyngs,1
17-Feb-2023,40d,amazonprime,RedheadInA6Speed,1
17-Feb-2023,40d,amazonprime,waitman,1
17-Feb-2023,40d,amazonprime,SymbolK,1
17-Feb-2023,40d,amazonprime,maz20,1
17-Feb-2023,40d,amazonprime,plucesiar,1
17-Feb-2023,40d,amazonprime,tennytim,1
17-Feb-2023,40d,amazonprime,lornmerverl,1
17-Feb-2023,40d,amazonprime,Que715,1
17-Feb-2023,40d,amazonprime,ven0m0us_gh0st,1
17-Feb-2023,40d,amazonprime,Macandcheese5987,1
17-Feb-2023,40d,amazonprime,shilaannanh1,1
17-Feb-2023,40d,amazonprime,SignificanceNo512,1
17-Feb-2023,40d,amazonprime,losotilak,1
17-Feb-2023,40d,amazonprime,_R3b0rN,1
17-Feb-2023,40d,amazonprime,zeneden,1
17-Feb-2023,40d,amazonprime,Sturdy_Denim_Blue,1
17-Feb-2023,40d,amazonprime,ri_el11,1
17-Feb-2023,40d,amazonprime,Steven2597,1
17-Feb-2023,40d,amazonprime,theellocin,1
17-Feb-2023,40d,amazonprime,strider21,1
17-Feb-2023,40d,amazonprime,misterrpg,1
17-Feb-2023,40d,amazonprime,Sad_Cut5809,1
17-Feb-2023,40d,amazonprime,Bee_Healthy,1
17-Feb-2023,40d,amazonprime,UrMomsLoofah,1
17-Feb-2023,40d,amazonprime,kswart18,1
17-Feb-2023,40d,amazonprime,Curun,1
17-Feb-2023,40d,amazonprime,Golyo22,1
17-Feb-2023,40d,amazonprime,habitualrituals95,1
17-Feb-2023,40d,amazonprime,hearmerunning,1
17-Feb-2023,40d,amazonprime,Anonymous_Suggestion,1
17-Feb-2023,40d,amazonprime,River___Otter,1
17-Feb-2023,40d,amazonprime,ManchesterMuayThai,1
17-Feb-2023,40d,amazonprime,its_Extreme,1
17-Feb-2023,40d,amazonprime,International-Box435,1
17-Feb-2023,40d,amazonprime,RisanVanguard,1
17-Feb-2023,40d,amazonprime,2guyTV,1
17-Feb-2023,40d,amazonprime,gijoe50000,1
17-Feb-2023,40d,amazonprime,musememo,1
17-Feb-2023,40d,amazonprime,thereelaristotle,1
17-Feb-2023,40d,amazonprime,Kibutsuj,1
17-Feb-2023,40d,amazonprime,GeneralGopher,1
17-Feb-2023,40d,amazonprime,Opposite_Ride6696,1
17-Feb-2023,40d,amazonprime,internetisbad23,1
17-Feb-2023,40d,amazonprime,ginga_hagane,1
17-Feb-2023,40d,amazonprime,bombshell222,1
17-Feb-2023,40d,amazonprime,VitriolicViking,1
17-Feb-2023,40d,amazonprime,Sparrow_Flock,1
17-Feb-2023,40d,amazonprime,eCoop,1
17-Feb-2023,40d,amazonprime,TheRealHousehusband,1
17-Feb-2023,40d,amazonprime,ImaginaryWorldMusic,1
17-Feb-2023,40d,amazonprime,Bill-Professional,1
17-Feb-2023,40d,amazonprime,Blintszky,1
17-Feb-2023,40d,amazonprime,amplifizzle,1
17-Feb-2023,40d,amazonprime,PipeBr6898,1
17-Feb-2023,40d,amazonprime,Captain_Trigg,1
17-Feb-2023,40d,amazonprime,Complex_Solutions_20,1
17-Feb-2023,40d,amazonprime,BubonicSpazzmaster,1
17-Feb-2023,40d,amazonprime,Red_Fox1010,1
17-Feb-2023,40d,amazonprime,anus_aficionado,1
17-Feb-2023,40d,amazonprime,WorseAndBoujeer,1
17-Feb-2023,40d,amazonprime,ThoroughSix7,1
17-Feb-2023,40d,amazonprime,ParkSad3672,1
17-Feb-2023,40d,amazonprime,ksegur,1
17-Feb-2023,40d,amazonprime,N5405i09,1
17-Feb-2023,40d,amazonprime,etapplepie,1
17-Feb-2023,40d,amazonprime,SpiderHam24,1
17-Feb-2023,40d,amazonprime,PorkyPORM,1
17-Feb-2023,40d,amazonprime,iliketoeattakoyaki,1
17-Feb-2023,40d,amazonprime,venusianmercury,1
17-Feb-2023,40d,amazonprime,colorfulnina,1
17-Feb-2023,40d,amazonprime,_bulletproof_1999,1
17-Feb-2023,40d,amazonprime,jamiebabie8,1
17-Feb-2023,40d,amazonprime,sukirobot,1
17-Feb-2023,40d,amazonprime,TheOakenToken,1
17-Feb-2023,40d,amazonprime,Gui-Gediz,1
17-Feb-2023,40d,amazonprime,YourDailyConsumer,1
17-Feb-2023,40d,amazonprime,SpaceMonkey_1969,1
17-Feb-2023,40d,amazonprime,alexanderdring,1
17-Feb-2023,40d,amazonprime,icedtundra,1
17-Feb-2023,40d,amazonprime,fuckyouandyourscarf,1
17-Feb-2023,40d,amazonprime,KindaNotAThrowaway_,1
17-Feb-2023,40d,amazonprime,groundspeek,1
17-Feb-2023,40d,amazonprime,doe_gee,1
17-Feb-2023,40d,amazonprime,Pelotonnes,1
17-Feb-2023,40d,amazonprime,blewjeans,1
17-Feb-2023,40d,amazonprime,ManySpectrumWeasel,1
17-Feb-2023,40d,amazonprime,ArtCottonCand,1
17-Feb-2023,40d,amazonprime,Patoki,1
17-Feb-2023,40d,amazonprime,belleayreski2,1
17-Feb-2023,40d,amazonprime,marvelkidy,1
17-Feb-2023,40d,amazonprime,JediOnTilt,1
17-Feb-2023,40d,amazonprime,punchy_brewster,1
17-Feb-2023,40d,amazonprime,DerelictData,1
17-Feb-2023,40d,amazonprime,EmptyTip3550,1
17-Feb-2023,40d,amazonprime,pussyman123345678,1
17-Feb-2023,40d,amazonprime,RSGTHennessy,1
17-Feb-2023,40d,amazonprime,beenburnedbutable,1
17-Feb-2023,40d,amazonprime,php4,1
17-Feb-2023,40d,amazonprime,DrSkoolie,1
17-Feb-2023,40d,amazonprime,throwaway5432534,1
17-Feb-2023,40d,amazonprime,No_Construction8621,1
17-Feb-2023,40d,amazonprime,Animorphosis,1
17-Feb-2023,40d,amazonprime,Familiar_Routine7465,1
17-Feb-2023,40d,amazonprime,sgbyow,1
17-Feb-2023,40d,amazonprime,optimisticuglycrying,1
17-Feb-2023,40d,amazonprime,Makeitcount2022,1
17-Feb-2023,40d,amazonprime,Asheminded,1
17-Feb-2023,40d,amazonprime,Dougtheado,1
17-Feb-2023,40d,amazonprime,linuxwes,1
17-Feb-2023,40d,amazonprime,EggHeadMagic,1
17-Feb-2023,40d,amazonprime,SwampYankee,1
17-Feb-2023,40d,amazonprime,SpectacularLifeNoise,1
17-Feb-2023,40d,amazonprime,rustywaterpipe,1
17-Feb-2023,40d,amazonprime,dont_judge_me_monkey,1
17-Feb-2023,40d,amazonprime,atari_guy,1
17-Feb-2023,40d,amazonprime,VinDieselArk,1
17-Feb-2023,40d,amazonprime,Camel_Sigarette,1
17-Feb-2023,40d,amazonprime,NotEnoughBread,1
17-Feb-2023,40d,amazonprime,SpicyCanadianBoyyy,1
17-Feb-2023,40d,amazonprime,VulpesVeritas,1
17-Feb-2023,40d,amazonprime,bug611,1
17-Feb-2023,40d,amazonprime,DcheZ94,1
17-Feb-2023,40d,amazonprime,Theyareeverywhereman,1
17-Feb-2023,40d,amazonprime,ric5hard,1
17-Feb-2023,40d,amazonprime,jrbananas-peteapples,1
17-Feb-2023,40d,amazonprime,JackBrightScD,1
17-Feb-2023,40d,amazonprime,fwog-,1
17-Feb-2023,40d,amazonprime,sdo17yo,1
17-Feb-2023,40d,amazonprime,the-straight-risks,1
17-Feb-2023,40d,amazonprime,StinkyShitter69,1
17-Feb-2023,40d,amazonprime,throwawayjafkdiend,1
17-Feb-2023,40d,amazonprime,MrMarchMellow,1
17-Feb-2023,40d,amazonprime,yodermon,1
17-Feb-2023,40d,amazonprime,amazonthrowaway1111,1
17-Feb-2023,40d,amazonprime,Ponimama,1
17-Feb-2023,40d,amazonprime,Ok_Condition3195,1
17-Feb-2023,40d,amazonprime,crazy_monkey_22,1
17-Feb-2023,40d,amazonprime,Whole_Steak2811,1
17-Feb-2023,40d,amazonprime,sam1212247,1
17-Feb-2023,40d,amazonprime,Buddy_Blues,1
17-Feb-2023,40d,amazonprime,Chocohalation,1
17-Feb-2023,40d,amazonprime,NRay075,1
17-Feb-2023,40d,amazonprime,OnMySadGirlShitfrfr,1
17-Feb-2023,40d,amazonprime,healthymelty,1
17-Feb-2023,40d,amazonprime,SenorDevil,1
17-Feb-2023,40d,amazonprime,daniellederek,1
17-Feb-2023,40d,amazonprime,Benji_died,1
17-Feb-2023,40d,amazonprime,DlnnerTable,1
17-Feb-2023,40d,amazonprime,Smacksmackums,1
17-Feb-2023,40d,amazonprime,Spaxswrld,1
17-Feb-2023,40d,amazonprime,heapostuff,1
17-Feb-2023,40d,amazonprime,LooneyLockup_Punch11,1
17-Feb-2023,40d,amazonprime,AbbreviationsFast221,1
17-Feb-2023,40d,amazonprime,Sasuke12187,1
17-Feb-2023,40d,amazonprime,Realistic-Sandwich55,1
17-Feb-2023,40d,amazonprime,ACiD_BOi,1
17-Feb-2023,40d,amazonprime,Hofy3D,1
17-Feb-2023,40d,amazonprime,umang_go,1
17-Feb-2023,40d,amazonprime,plantaddictinma,1
17-Feb-2023,40d,amazonprime,Ok-Explanation8350,1
17-Feb-2023,40d,amazonprime,xmiss_bijou,1
17-Feb-2023,40d,amazonprime,Tantei_Metal,1
17-Feb-2023,40d,amazonprime,Commercial-Mix-2633,1
17-Feb-2023,40d,amazonprime,ClareinPreskit,1
17-Feb-2023,40d,amazonprime,camy252,1
17-Feb-2023,40d,amazonprime,onepokemanz,1
17-Feb-2023,40d,amazonprime,Miserable-Stranger99,1
17-Feb-2023,40d,amazonprime,MoneyBuysDrugs,1
17-Feb-2023,40d,amazonprime,Molothrow144p,1
17-Feb-2023,40d,amazonprime,__Raxy__,1
17-Feb-2023,40d,amazonprime,PerpetuallyPerplxed,1
17-Feb-2023,40d,amazonprime,yaboyebeatz,1
17-Feb-2023,40d,amazonprime,Exciting-Savings-496,1
17-Feb-2023,40d,amazonprime,dschk,1
17-Feb-2023,40d,amazonprime,Tallozz,1
17-Feb-2023,40d,amazonprime,coltdog12,1
17-Feb-2023,40d,amazonprime,EnvironmentalAnt8653,1
17-Feb-2023,40d,amazonprime,xKarmicDebtx,1
17-Feb-2023,40d,amazonprime,Snoo_92783,1
17-Feb-2023,40d,amazonprime,RC350f,1
17-Feb-2023,40d,amazonprime,00ddb0y,1
17-Feb-2023,40d,amazonprime,sillyrabbit33,1
17-Feb-2023,40d,amazonprime,-Mr_Rogers_II,1
17-Feb-2023,40d,amazonprime,camsqualla,1
17-Feb-2023,40d,amazonprime,Killcam_Express,1
17-Feb-2023,40d,amazonprime,Throwaway5890B,1
17-Feb-2023,40d,amazonprime,RealCanadianDragon,1
17-Feb-2023,40d,amazonprime,Neodeastra777,1
17-Feb-2023,40d,amazonprime,bakedmitt,1
17-Feb-2023,40d,amazonprime,gummybrainrot,1
17-Feb-2023,40d,amazonprime,ReluctantStochastic,1
17-Feb-2023,40d,amazonprime,souplover432,1
17-Feb-2023,40d,amazonprime,Crasher610,1
17-Feb-2023,40d,amazonprime,stefenmarwa,1
17-Feb-2023,40d,amazonprime,Southernboyj,1
17-Feb-2023,40d,amazonprime,GuyWithNoName22,1
17-Feb-2023,40d,amazonprime,pensevelyn,1
17-Feb-2023,40d,amazonprime,AmazonShopperGod,1
17-Feb-2023,40d,amazonprime,No_Experience4537,1
17-Feb-2023,40d,amazonprime,Odd_Standard2715,1
17-Feb-2023,40d,amazonprime,raindrops_723,1
17-Feb-2023,40d,amazonprime,notdez,1
17-Feb-2023,40d,amazonprime,adi_188,1
17-Feb-2023,40d,amazonprime,Elitealice,1
17-Feb-2023,40d,amazonprime,The_local_sped_kid,1
17-Feb-2023,40d,amazonprime,throwawaygixer,1
17-Feb-2023,40d,amazonprime,make_me_happy_xx,1
17-Feb-2023,40d,amazonprime,matoshiii,1
17-Feb-2023,40d,amazonprime,GoldFishSkinTeemo,1
17-Feb-2023,40d,amazonprime,lowrcase,1
17-Feb-2023,40d,amazonprime,Zino-exe-,1
17-Feb-2023,40d,amazonprime,0x5343,1
17-Feb-2023,40d,amazonprime,blooddogg757,1
17-Feb-2023,40d,amazonprime,a_brosef,1
17-Feb-2023,40d,amazonprime,nutty_endangerment,1
17-Feb-2023,40d,amazonprime,tmiller9833,1
17-Feb-2023,40d,amazonprime,AndrewPhilip619,1
17-Feb-2023,40d,amazonprime,Motor-Source-7701,1
17-Feb-2023,40d,amazonprime,CharlieGnarlyFace,1
17-Feb-2023,40d,amazonprime,illicitiguana,1
17-Feb-2023,40d,amazonprime,reptilelover123,1
17-Feb-2023,40d,amazonprime,wapreck,1
17-Feb-2023,40d,amazonprime,Taizan,1
17-Feb-2023,40d,amazonprime,Azerqs_,1
17-Feb-2023,40d,amazonprime,SussyBuzy,1
17-Feb-2023,40d,amazonprime,DiaMat2040,1
17-Feb-2023,40d,amazonprime,Superdudeo,1
17-Feb-2023,40d,amazonprime,Photodude1118,1
17-Feb-2023,40d,amazonprime,scrapqueen,1
17-Feb-2023,40d,amazonprime,casiokvik,1
17-Feb-2023,40d,amazonprime,CarshayD,1
17-Feb-2023,40d,amazonprime,TrriF,1
17-Feb-2023,40d,amazonprime,Davidjaa,1
17-Feb-2023,40d,amazonprime,verstand1330,1
17-Feb-2023,40d,amazonprime,kwilcox7,1
17-Feb-2023,40d,amazonprime,AgentIce77,1
17-Feb-2023,40d,amazonprime,Open-Kiwi-1022,1
17-Feb-2023,40d,amazonprime,georgech900,1
17-Feb-2023,40d,amazonprime,therealteemo1,1
17-Feb-2023,40d,amazonprime,WarlocksWizard,1
17-Feb-2023,40d,amazonprime,shanepou,1
17-Feb-2023,40d,amazonprime,saucykid905,1
17-Feb-2023,40d,amazonprime,FoxyFreckles1989,1
17-Feb-2023,40d,amazonprime,JackBC90,1
17-Feb-2023,40d,amazonprime,todayUtomorrowMe,1
17-Feb-2023,40d,amazonprime,katehenry4133,1
17-Feb-2023,40d,amazonprime,ConfusionNo845,1
17-Feb-2023,40d,amazonprime,Undefeetable1,1
17-Feb-2023,40d,amazonprime,liweichen6,1
17-Feb-2023,40d,amazonprime,Past_Degree_9516,1
17-Feb-2023,40d,amazonprime,embarrassed_error365,1
17-Feb-2023,40d,amazonprime,HurricaneSalad,1
17-Feb-2023,40d,amazonprime,onerinconhill,1
17-Feb-2023,40d,amazonprime,LongJonSiIver,1
17-Feb-2023,40d,amazonprime,Jo060,1
17-Feb-2023,40d,amazonprime,Medium-Oven-2696,1
17-Feb-2023,40d,amazonprime,random1001011,1
17-Feb-2023,40d,amazonprime,rockingart,1
17-Feb-2023,40d,amazonprime,Fragrant_Bad_4210,1
17-Feb-2023,40d,amazonprime,Anna-Gao,1
17-Feb-2023,40d,amazonprime,BubblyResolution10,1
17-Feb-2023,40d,amazonprime,TylerTagZ,1
17-Feb-2023,40d,amazonprime,Lalapple,1
17-Feb-2023,40d,amazonprime,yeahsureYnot,1
17-Feb-2023,40d,amazonprime,a1mightygamer,1
17-Feb-2023,40d,amazonprime,Oscar1010CA,1
17-Feb-2023,40d,amazonprime,DexterMorgan95,1
17-Feb-2023,40d,amazonprime,supersickx3,1
17-Feb-2023,40d,amazonprime,marktwain67,1
17-Feb-2023,40d,amazonprime,StrayCass,1
17-Feb-2023,40d,amazonprime,Important-Neck939,1
17-Feb-2023,40d,amazonprime,Economy-Material8636,1
17-Feb-2023,40d,amazonprime,CabinetSilver5621,1
17-Feb-2023,40d,amazonprime,PromotionJumpy2686,1
17-Feb-2023,40d,amazonprime,3Do0oXTT,1
17-Feb-2023,40d,amazonprime,AngrybutSmart,1
17-Feb-2023,40d,amazonprime,Short-Construction80,1
17-Feb-2023,40d,amazonprime,mrspecter98,1
17-Feb-2023,40d,amazonprime,al3xisnic0le,1
17-Feb-2023,40d,amazonprime,Jimmytwohand,1
17-Feb-2023,40d,amazonprime,putwat,1
17-Feb-2023,40d,amazonprime,Fit-Number2084,1
17-Feb-2023,40d,amazonprime,Uberse,1
17-Feb-2023,40d,amazonprime,FoodAccount420,1
17-Feb-2023,40d,amazonprime,AfterDaydream,1
17-Feb-2023,40d,amazonprime,OkRecover8193,1
17-Feb-2023,40d,amazonprime,Ok_Leek_5224,1
17-Feb-2023,40d,amazonprime,brontozawr,1
17-Feb-2023,40d,amazonprime,eb25390119,1
17-Feb-2023,40d,amazonprime,Substantial_Ad1434,1
17-Feb-2023,40d,amazonprime,Itriyum,1
17-Feb-2023,40d,amazonprime,Gugenss,1
17-Feb-2023,40d,amazonprime,Ozzpala,1
17-Feb-2023,40d,amazonprime,Paincakes_,1
17-Feb-2023,40d,amazonprime,swataz,1
17-Feb-2023,40d,amazonprime,sahw2015,1
17-Feb-2023,40d,amazonprime,Weary_Stress3283,1
17-Feb-2023,40d,amazonprime,HonnyBrown,1
17-Feb-2023,40d,amazonprime,SerenaTheDarkPriest,1
17-Feb-2023,40d,amazonprime,Firefox72,1
17-Feb-2023,40d,amazonprime,Ilovecandy1964,1
17-Feb-2023,40d,amazonprime,CaptainGangpIank,1
17-Feb-2023,40d,amazonprime,Austaph,1
17-Feb-2023,40d,amazonprime,uwishto,1
17-Feb-2023,40d,amazonprime,Ghastion,1
17-Feb-2023,40d,amazonprime,clere210,1
17-Feb-2023,40d,amazonprime,Frankgman,1
17-Feb-2023,40d,amazonprime,WillEyeAm_,1
17-Feb-2023,40d,amazonprime,laundromatthew,1
17-Feb-2023,40d,amazonprime,throwaway4578as,1
17-Feb-2023,40d,amazonprime,Decius1988,1
17-Feb-2023,40d,amazonprime,StunningTheory1990,1
17-Feb-2023,40d,amazonprime,Wambo74,1
17-Feb-2023,40d,amazonprime,undead-llamafaces,1
17-Feb-2023,40d,amazonprime,sammy22312,1
17-Feb-2023,40d,amazonprime,linknil,1
17-Feb-2023,40d,amazonprime,OteuAmiguinhoGAY,1
17-Feb-2023,40d,amazonprime,DougFromFinance,1
17-Feb-2023,40d,amazonprime,just-kath,1
17-Feb-2023,40d,amazonprime,CassiopeiaChaplin,1
17-Feb-2023,40d,amazonprime,smoelheim,1
17-Feb-2023,40d,amazonprime,NauticaSeven,1
17-Feb-2023,40d,amazonprime,FrankleyKonkey,1
17-Feb-2023,40d,amazonprime,Zealousideal-Mix-208,1
17-Feb-2023,40d,amazonprime,Awkward_Mastodon7771,1
17-Feb-2023,40d,amazonprime,ClassicCombination62,1
17-Feb-2023,40d,amazonprime,FineRevolution9264,1
17-Feb-2023,40d,amazonprime,Plux2,1
17-Feb-2023,40d,amazonprime,JonathanDan03,1
17-Feb-2023,40d,amazonprime,No-Understanding3987,1
17-Feb-2023,40d,amazonprime,ARandomTopHat,1
17-Feb-2023,40d,amazonprime,16WhispersOfBlood,1
17-Feb-2023,40d,amazonprime,blendy70,1
17-Feb-2023,40d,amazonprime,Cantrell2000,1
17-Feb-2023,40d,amazonprime,_mmm_febreeze_,1
17-Feb-2023,40d,amazonprime,DizzyDrawing8789,1
17-Feb-2023,40d,amazonprime,blacksewerdog,1
17-Feb-2023,40d,amazonprime,ih8batman,1
17-Feb-2023,40d,amazonprime,keekee66,1
17-Feb-2023,40d,amazonprime,If_Left_Alone,1
17-Feb-2023,40d,amazonprime,sunlituplands,1
17-Feb-2023,40d,amazonprime,PaBlO_enthusiast,1
17-Feb-2023,40d,amazonprime,Haunting_Quote2277,1
17-Feb-2023,40d,amazonprime,MalcoveMagnesia,1
17-Feb-2023,40d,amazonprime,MarvelBishUSA42,1
17-Feb-2023,40d,amazonprime,DeadNeko-,1
17-Feb-2023,40d,amazonprime,piesaresquarey,1
17-Feb-2023,40d,amazonprime,tankavenger,1
17-Feb-2023,40d,amazonprime,Dixielord,1
17-Feb-2023,40d,amazonprime,robertson160,1
17-Feb-2023,40d,amazonprime,TGMcGonigle,1
17-Feb-2023,40d,amazonprime,-rootx,1
17-Feb-2023,40d,amazonprime,Much-Lavishness-3121,1
17-Feb-2023,40d,amazonprime,AZPuzzler,1
17-Feb-2023,40d,amazonprime,MTVKrybs,1
17-Feb-2023,40d,amazonprime,Miserable-Thanks5218,1
17-Feb-2023,40d,amazonprime,C_Birch81,1
17-Feb-2023,40d,amazonprime,Bhoteyr,1
