query_date,before_date,subreddit,comment_author,comment_frequency
17-Feb-2023,80d,amazonprime,Ok_Shoe_3988,53
17-Feb-2023,80d,amazonprime,katehenry4133,43
17-Feb-2023,80d,amazonprime,AutoModerator,32
17-Feb-2023,80d,amazonprime,Famous-Perspective-3,26
17-Feb-2023,80d,amazonprime,InsertBluescreenHere,21
17-Feb-2023,80d,amazonprime,kazmeyer23,18
17-Feb-2023,80d,amazonprime,Ewalepine,17
17-Feb-2023,80d,amazonprime,BurntOrange101,15
17-Feb-2023,80d,amazonprime,Rancid_Lunchmeat,13
17-Feb-2023,80d,amazonprime,sibman,12
17-Feb-2023,80d,amazonprime,Glasgowm73,11
17-Feb-2023,80d,amazonprime,HonnyBrown,11
17-Feb-2023,80d,amazonprime,Carcrasher89,9
17-Feb-2023,80d,amazonprime,glbltvlr,9
17-Feb-2023,80d,amazonprime,[deleted],9
17-Feb-2023,80d,amazonprime,FoodAccount420,8
17-Feb-2023,80d,amazonprime,AmnesiaInnocent,7
17-Feb-2023,80d,amazonprime,Awkward_Mastodon7771,7
17-Feb-2023,80d,amazonprime,sammy22312,7
17-Feb-2023,80d,amazonprime,Shimi-Jimi,6
17-Feb-2023,80d,amazonprime,pomc,6
17-Feb-2023,80d,amazonprime,ravenflavin77,6
17-Feb-2023,80d,amazonprime,PotentialEssay9747,6
17-Feb-2023,80d,amazonprime,RedMapleBat,6
17-Feb-2023,80d,amazonprime,I-Am_9,6
17-Feb-2023,80d,amazonprime,AminYassole,6
17-Feb-2023,80d,amazonprime,uwishto,6
17-Feb-2023,80d,amazonprime,nutty_endangerment,5
17-Feb-2023,80d,amazonprime,Sulleness,5
17-Feb-2023,80d,amazonprime,Fantastic-House-3530,5
17-Feb-2023,80d,amazonprime,onerinconhill,5
17-Feb-2023,80d,amazonprime,Austaph,5
17-Feb-2023,80d,amazonprime,clere210,5
17-Feb-2023,80d,amazonprime,smoelheim,5
17-Feb-2023,80d,amazonprime,looker009,5
17-Feb-2023,80d,amazonprime,KS2Problema,5
17-Feb-2023,80d,amazonprime,therealestrealist420,4
17-Feb-2023,80d,amazonprime,Wills4291,4
17-Feb-2023,80d,amazonprime,Street-Opposite-4576,4
17-Feb-2023,80d,amazonprime,TheElves2,4
17-Feb-2023,80d,amazonprime,swataz,4
17-Feb-2023,80d,amazonprime,JackBC90,4
17-Feb-2023,80d,amazonprime,NauticaSeven,4
17-Feb-2023,80d,amazonprime,FallingLaughter,4
17-Feb-2023,80d,amazonprime,BigMacRedneck,4
17-Feb-2023,80d,amazonprime,al3xisnic0le,4
17-Feb-2023,80d,amazonprime,BankaiShunko,4
17-Feb-2023,80d,amazonprime,PossibilityMundane,4
17-Feb-2023,80d,amazonprime,Legitimate_Cancel900,4
17-Feb-2023,80d,amazonprime,linknil,4
17-Feb-2023,80d,amazonprime,overdoing_it,3
17-Feb-2023,80d,amazonprime,just-kath,3
17-Feb-2023,80d,amazonprime,CharlieGnarlyFace,3
17-Feb-2023,80d,amazonprime,RocksaAndCowsGaming,3
17-Feb-2023,80d,amazonprime,Photodude1118,3
17-Feb-2023,80d,amazonprime,Admirable_Nothing,3
17-Feb-2023,80d,amazonprime,scrapqueen,3
17-Feb-2023,80d,amazonprime,Worldly-Mix4811,3
17-Feb-2023,80d,amazonprime,kiffer1974,3
17-Feb-2023,80d,amazonprime,minze,3
17-Feb-2023,80d,amazonprime,amerifolklegend,3
17-Feb-2023,80d,amazonprime,Important-Neck939,3
17-Feb-2023,80d,amazonprime,Pipergnome,3
17-Feb-2023,80d,amazonprime,Smitty46546,3
17-Feb-2023,80d,amazonprime,random1001011,3
17-Feb-2023,80d,amazonprime,mreed911,3
17-Feb-2023,80d,amazonprime,squarepeg0000,3
17-Feb-2023,80d,amazonprime,DexterMorgan95,3
17-Feb-2023,80d,amazonprime,Aggressive_Square138,3
17-Feb-2023,80d,amazonprime,adr1418,3
17-Feb-2023,80d,amazonprime,WeAreAllStarsHere,3
17-Feb-2023,80d,amazonprime,PutridWrangler2266,3
17-Feb-2023,80d,amazonprime,CumulativeHazard,3
17-Feb-2023,80d,amazonprime,Ach3r0n-,3
17-Feb-2023,80d,amazonprime,-Frantumaglia,3
17-Feb-2023,80d,amazonprime,zitsky,3
17-Feb-2023,80d,amazonprime,Garbchild,3
17-Feb-2023,80d,amazonprime,Dasylupe,3
17-Feb-2023,80d,amazonprime,ScarecrowSoze,3
17-Feb-2023,80d,amazonprime,RickyDontLoseThat,3
17-Feb-2023,80d,amazonprime,_17chan,3
17-Feb-2023,80d,amazonprime,Davidjaa,2
17-Feb-2023,80d,amazonprime,FineRevolution9264,2
17-Feb-2023,80d,amazonprime,adreamar,2
17-Feb-2023,80d,amazonprime,buxzythebeeeeeeee,2
17-Feb-2023,80d,amazonprime,Dannybex,2
17-Feb-2023,80d,amazonprime,Kingizzardthelizard,2
17-Feb-2023,80d,amazonprime,TaterTotQueen630,2
17-Feb-2023,80d,amazonprime,Shogun_Ro,2
17-Feb-2023,80d,amazonprime,Opposite_Paper6570,2
17-Feb-2023,80d,amazonprime,RandomChurn,2
17-Feb-2023,80d,amazonprime,jg1212121212,2
17-Feb-2023,80d,amazonprime,ILovePistachioNuts,2
17-Feb-2023,80d,amazonprime,StopWithTheBullshit_,2
17-Feb-2023,80d,amazonprime,Chembrlee,2
17-Feb-2023,80d,amazonprime,FkinMustardTiger,2
17-Feb-2023,80d,amazonprime,Nobarones,2
17-Feb-2023,80d,amazonprime,austinalexan,2
17-Feb-2023,80d,amazonprime,BlueWaterGirl,2
17-Feb-2023,80d,amazonprime,NotReallyYouPunk,2
17-Feb-2023,80d,amazonprime,Soft-Assignment-2705,2
17-Feb-2023,80d,amazonprime,IAWBMWD,2
17-Feb-2023,80d,amazonprime,Kinglarry-4444,2
17-Feb-2023,80d,amazonprime,Shadow99688,2
17-Feb-2023,80d,amazonprime,Pretend_World_5544,2
17-Feb-2023,80d,amazonprime,3800s,2
17-Feb-2023,80d,amazonprime,IncapableOfLaughing,2
17-Feb-2023,80d,amazonprime,BoiledStegosaur,2
17-Feb-2023,80d,amazonprime,MaggieJaneRiot,2
17-Feb-2023,80d,amazonprime,embarrassed_error365,2
17-Feb-2023,80d,amazonprime,Correct-Occasion-153,2
17-Feb-2023,80d,amazonprime,Jo060,2
17-Feb-2023,80d,amazonprime,jpbronco,2
17-Feb-2023,80d,amazonprime,Hellrazed,2
17-Feb-2023,80d,amazonprime,ChinchillaToast,2
17-Feb-2023,80d,amazonprime,Fresh-Forever-8040,2
17-Feb-2023,80d,amazonprime,st0106,2
17-Feb-2023,80d,amazonprime,Tekar,2
17-Feb-2023,80d,amazonprime,Commercial-Ranger339,2
17-Feb-2023,80d,amazonprime,mikeinmass,2
17-Feb-2023,80d,amazonprime,ya-,2
17-Feb-2023,80d,amazonprime,Codayyyyy,2
17-Feb-2023,80d,amazonprime,No-Understanding3987,2
17-Feb-2023,80d,amazonprime,presque_isle,2
17-Feb-2023,80d,amazonprime,Altruistic-Divide661,2
17-Feb-2023,80d,amazonprime,Only_Confection4106,2
17-Feb-2023,80d,amazonprime,Itriyum,2
17-Feb-2023,80d,amazonprime,VruKatai,2
17-Feb-2023,80d,amazonprime,known_starfield,2
17-Feb-2023,80d,amazonprime,failracing,2
17-Feb-2023,80d,amazonprime,Orenge3,2
17-Feb-2023,80d,amazonprime,casually97,2
17-Feb-2023,80d,amazonprime,Animal-Crackers,2
17-Feb-2023,80d,amazonprime,ManWithABigHat,2
17-Feb-2023,80d,amazonprime,afistfulofyen,2
17-Feb-2023,80d,amazonprime,AKsnipebuster47,2
17-Feb-2023,80d,amazonprime,h1r0ll3r,2
17-Feb-2023,80d,amazonprime,blendy70,2
17-Feb-2023,80d,amazonprime,Frankgman,2
17-Feb-2023,80d,amazonprime,kccat5,2
17-Feb-2023,80d,amazonprime,RevolutionaryGene8,2
17-Feb-2023,80d,amazonprime,paperxthinxreality,2
17-Feb-2023,80d,amazonprime,djmidian,2
17-Feb-2023,80d,amazonprime,FewPension8469,2
17-Feb-2023,80d,amazonprime,RandomName0413,2
17-Feb-2023,80d,amazonprime,rex_dart_eskimo_spy,2
17-Feb-2023,80d,amazonprime,JackhorseBowman,2
17-Feb-2023,80d,amazonprime,neny1o1,2
17-Feb-2023,80d,amazonprime,PaBlO_enthusiast,2
17-Feb-2023,80d,amazonprime,2talll,2
17-Feb-2023,80d,amazonprime,Fit_Cryptographer969,2
17-Feb-2023,80d,amazonprime,ClassicCombination62,2
17-Feb-2023,80d,amazonprime,Happy-Chocolate-6574,1
17-Feb-2023,80d,amazonprime,BecauseCulture,1
17-Feb-2023,80d,amazonprime,Sernas7,1
17-Feb-2023,80d,amazonprime,Ash_Draevyn,1
17-Feb-2023,80d,amazonprime,PauI_MuadDib,1
17-Feb-2023,80d,amazonprime,Badger118,1
17-Feb-2023,80d,amazonprime,anna-groove,1
17-Feb-2023,80d,amazonprime,the_green_anole,1
17-Feb-2023,80d,amazonprime,turboprav,1
17-Feb-2023,80d,amazonprime,blooddogg757,1
17-Feb-2023,80d,amazonprime,HukIt,1
17-Feb-2023,80d,amazonprime,CDNChaoZ,1
17-Feb-2023,80d,amazonprime,a_brosef,1
17-Feb-2023,80d,amazonprime,Jokingkel,1
17-Feb-2023,80d,amazonprime,Successful-Event5160,1
17-Feb-2023,80d,amazonprime,Madman1939,1
17-Feb-2023,80d,amazonprime,Candygirl518,1
17-Feb-2023,80d,amazonprime,valiction,1
17-Feb-2023,80d,amazonprime,ReBoogitty,1
17-Feb-2023,80d,amazonprime,LionChasing,1
17-Feb-2023,80d,amazonprime,illicitiguana,1
17-Feb-2023,80d,amazonprime,ElleTea14,1
17-Feb-2023,80d,amazonprime,agentofhermamora,1
17-Feb-2023,80d,amazonprime,wcctech,1
17-Feb-2023,80d,amazonprime,starshiptraveler,1
17-Feb-2023,80d,amazonprime,Nightmaresituation,1
17-Feb-2023,80d,amazonprime,Superdudeo,1
17-Feb-2023,80d,amazonprime,Ocyanea,1
17-Feb-2023,80d,amazonprime,jkcinternetn00b,1
17-Feb-2023,80d,amazonprime,PoopSmile,1
17-Feb-2023,80d,amazonprime,WarlocksWizard,1
17-Feb-2023,80d,amazonprime,alrashid2,1
17-Feb-2023,80d,amazonprime,Difficult-Profit8517,1
17-Feb-2023,80d,amazonprime,DanHassler0,1
17-Feb-2023,80d,amazonprime,Vile_Bile_Vixen,1
17-Feb-2023,80d,amazonprime,364592539,1
17-Feb-2023,80d,amazonprime,paulsmt,1
17-Feb-2023,80d,amazonprime,Waqster94,1
17-Feb-2023,80d,amazonprime,kwilcox7,1
17-Feb-2023,80d,amazonprime,hawkeyetlse,1
17-Feb-2023,80d,amazonprime,Ophion_06,1
17-Feb-2023,80d,amazonprime,Twiggs747,1
17-Feb-2023,80d,amazonprime,CT1447,1
17-Feb-2023,80d,amazonprime,shillyshally,1
17-Feb-2023,80d,amazonprime,TropicOfCapricorn_,1
17-Feb-2023,80d,amazonprime,Youarethebigbang,1
17-Feb-2023,80d,amazonprime,Clankplusm,1
17-Feb-2023,80d,amazonprime,sonsofsummer,1
17-Feb-2023,80d,amazonprime,bubbamike1,1
17-Feb-2023,80d,amazonprime,Jizfaceboi,1
17-Feb-2023,80d,amazonprime,sleepy_tech,1
17-Feb-2023,80d,amazonprime,DarkRecipe,1
17-Feb-2023,80d,amazonprime,gypsyhobo,1
17-Feb-2023,80d,amazonprime,sparklez01,1
17-Feb-2023,80d,amazonprime,R0l0d3x-Pr0paganda,1
17-Feb-2023,80d,amazonprime,Remarkable_Judge_903,1
17-Feb-2023,80d,amazonprime,impablomations,1
17-Feb-2023,80d,amazonprime,saucykid905,1
17-Feb-2023,80d,amazonprime,therealteemo1,1
17-Feb-2023,80d,amazonprime,georgech900,1
17-Feb-2023,80d,amazonprime,That_Isopod4298,1
17-Feb-2023,80d,amazonprime,SupremeApples,1
17-Feb-2023,80d,amazonprime,AgentIce77,1
17-Feb-2023,80d,amazonprime,Uberse,1
17-Feb-2023,80d,amazonprime,Used_Context3485,1
17-Feb-2023,80d,amazonprime,MissingHat,1
17-Feb-2023,80d,amazonprime,kristenbby8,1
17-Feb-2023,80d,amazonprime,FluffyBebe,1
17-Feb-2023,80d,amazonprime,taitop,1
17-Feb-2023,80d,amazonprime,Jonayyy,1
17-Feb-2023,80d,amazonprime,egoalter,1
17-Feb-2023,80d,amazonprime,PopcornJay,1
17-Feb-2023,80d,amazonprime,of_patrol_bot,1
17-Feb-2023,80d,amazonprime,dsonger20,1
17-Feb-2023,80d,amazonprime,a0lmasterfender,1
17-Feb-2023,80d,amazonprime,pineappleskwid,1
17-Feb-2023,80d,amazonprime,Acceptable-Ad-5222,1
17-Feb-2023,80d,amazonprime,shadoweiner,1
17-Feb-2023,80d,amazonprime,ghoulgirlfiend,1
17-Feb-2023,80d,amazonprime,usbspeaker,1
17-Feb-2023,80d,amazonprime,Crabbyc329,1
17-Feb-2023,80d,amazonprime,Barssy27,1
17-Feb-2023,80d,amazonprime,Pillsbury__dopeboy,1
17-Feb-2023,80d,amazonprime,Inevitable_Swim_1964,1
17-Feb-2023,80d,amazonprime,J321J,1
17-Feb-2023,80d,amazonprime,Feelsthelove,1
17-Feb-2023,80d,amazonprime,showermezzo,1
17-Feb-2023,80d,amazonprime,North_South_Side,1
17-Feb-2023,80d,amazonprime,ThatAndANickel,1
17-Feb-2023,80d,amazonprime,FXLRDude,1
17-Feb-2023,80d,amazonprime,marklybarger,1
17-Feb-2023,80d,amazonprime,Thundereus,1
17-Feb-2023,80d,amazonprime,Makalli,1
17-Feb-2023,80d,amazonprime,mozd0ge,1
17-Feb-2023,80d,amazonprime,itsvoczi,1
17-Feb-2023,80d,amazonprime,Cesare45,1
17-Feb-2023,80d,amazonprime,Stleel,1
17-Feb-2023,80d,amazonprime,SlugSelektor21,1
17-Feb-2023,80d,amazonprime,Twisted_Preacher,1
17-Feb-2023,80d,amazonprime,qaoock,1
17-Feb-2023,80d,amazonprime,CaigeDoesntCare,1
17-Feb-2023,80d,amazonprime,Coverallguy2345,1
17-Feb-2023,80d,amazonprime,FakespotAnalysisBot,1
17-Feb-2023,80d,amazonprime,AmmaronsRepository,1
17-Feb-2023,80d,amazonprime,BubblyResolution10,1
17-Feb-2023,80d,amazonprime,Oscar1010CA,1
17-Feb-2023,80d,amazonprime,Lila-1212,1
17-Feb-2023,80d,amazonprime,Kooky_Advertising366,1
17-Feb-2023,80d,amazonprime,fox-lover,1
17-Feb-2023,80d,amazonprime,BucketOfYourBrother,1
17-Feb-2023,80d,amazonprime,eobrynba,1
17-Feb-2023,80d,amazonprime,Lalapple,1
17-Feb-2023,80d,amazonprime,KillingThemGingerly,1
17-Feb-2023,80d,amazonprime,LycanHD,1
17-Feb-2023,80d,amazonprime,TheGoodBunny,1
17-Feb-2023,80d,amazonprime,BritInvasion80,1
17-Feb-2023,80d,amazonprime,Aarondc7,1
17-Feb-2023,80d,amazonprime,reditdiditdoneit,1
17-Feb-2023,80d,amazonprime,mortar_n_brick,1
17-Feb-2023,80d,amazonprime,yediyim,1
17-Feb-2023,80d,amazonprime,griiiiiiiinzo,1
17-Feb-2023,80d,amazonprime,GlitteringFutures,1
17-Feb-2023,80d,amazonprime,Background_Ad_472,1
17-Feb-2023,80d,amazonprime,Decius1988,1
17-Feb-2023,80d,amazonprime,Massive_Escape3061,1
17-Feb-2023,80d,amazonprime,Last_In,1
17-Feb-2023,80d,amazonprime,NoDecision6467,1
17-Feb-2023,80d,amazonprime,Da_Gingjy_Ninjy,1
17-Feb-2023,80d,amazonprime,fingerscrossedcoup,1
17-Feb-2023,80d,amazonprime,Unlucky_Disaster_195,1
17-Feb-2023,80d,amazonprime,Username-dumb75,1
17-Feb-2023,80d,amazonprime,Dark-Myst,1
17-Feb-2023,80d,amazonprime,AldoTheApache720,1
17-Feb-2023,80d,amazonprime,viraj8456,1
17-Feb-2023,80d,amazonprime,fabi785,1
17-Feb-2023,80d,amazonprime,Ok_Indication5376,1
17-Feb-2023,80d,amazonprime,JawjaBill,1
17-Feb-2023,80d,amazonprime,Tazmanracer,1
17-Feb-2023,80d,amazonprime,NotDa3RR0R,1
17-Feb-2023,80d,amazonprime,Orpheus-033,1
17-Feb-2023,80d,amazonprime,daneato,1
17-Feb-2023,80d,amazonprime,Heinousblaziken,1
17-Feb-2023,80d,amazonprime,AbbreviationsFast221,1
17-Feb-2023,80d,amazonprime,3Do0oXTT,1
17-Feb-2023,80d,amazonprime,DogsAreCool89,1
17-Feb-2023,80d,amazonprime,AngrybutSmart,1
17-Feb-2023,80d,amazonprime,PreferenceNew5263,1
17-Feb-2023,80d,amazonprime,JamaicaIsTrash,1
17-Feb-2023,80d,amazonprime,CipherDaBanana,1
17-Feb-2023,80d,amazonprime,Emperor_Cartagia,1
17-Feb-2023,80d,amazonprime,Thehawkiscock,1
17-Feb-2023,80d,amazonprime,ThatLonelyBantha,1
17-Feb-2023,80d,amazonprime,LastofU509,1
17-Feb-2023,80d,amazonprime,MeNameJrGong,1
17-Feb-2023,80d,amazonprime,Primo_16,1
17-Feb-2023,80d,amazonprime,filosaurios,1
17-Feb-2023,80d,amazonprime,altiuscitiusfortius,1
17-Feb-2023,80d,amazonprime,icelandicultrablue,1
17-Feb-2023,80d,amazonprime,ULT_Unknowns,1
17-Feb-2023,80d,amazonprime,PinkSpydr,1
17-Feb-2023,80d,amazonprime,Rough-Campaign7219,1
17-Feb-2023,80d,amazonprime,Ordinary-Avocado,1
17-Feb-2023,80d,amazonprime,SteveVT,1
17-Feb-2023,80d,amazonprime,henbone11,1
17-Feb-2023,80d,amazonprime,James_b_Holden,1
17-Feb-2023,80d,amazonprime,BasenjiMaster,1
17-Feb-2023,80d,amazonprime,theodopolis13,1
17-Feb-2023,80d,amazonprime,poundmyassbro,1
17-Feb-2023,80d,amazonprime,hereforthekix,1
17-Feb-2023,80d,amazonprime,wariatus,1
17-Feb-2023,80d,amazonprime,rash25,1
17-Feb-2023,80d,amazonprime,dmarc303,1
17-Feb-2023,80d,amazonprime,SexyBassDrop,1
17-Feb-2023,80d,amazonprime,Janareta,1
17-Feb-2023,80d,amazonprime,ymc18,1
17-Feb-2023,80d,amazonprime,lindsayejoy,1
17-Feb-2023,80d,amazonprime,FiftyShadesOfXiumin,1
17-Feb-2023,80d,amazonprime,BackpackingJosh8801,1
17-Feb-2023,80d,amazonprime,Unfair-Education9320,1
17-Feb-2023,80d,amazonprime,Xterminatorz,1
17-Feb-2023,80d,amazonprime,slash9492,1
17-Feb-2023,80d,amazonprime,Lynda_Ann,1
17-Feb-2023,80d,amazonprime,LexiFlowerFly,1
17-Feb-2023,80d,amazonprime,rckymtnrunner,1
17-Feb-2023,80d,amazonprime,MachKoms,1
17-Feb-2023,80d,amazonprime,ScorchedRabbit,1
17-Feb-2023,80d,amazonprime,cm0011,1
17-Feb-2023,80d,amazonprime,shazie13,1
17-Feb-2023,80d,amazonprime,Legitimate-Key-2775,1
17-Feb-2023,80d,amazonprime,Chris11373,1
17-Feb-2023,80d,amazonprime,lemon-meringue-high,1
17-Feb-2023,80d,amazonprime,2hip2carebear,1
17-Feb-2023,80d,amazonprime,Xstatic31,1
17-Feb-2023,80d,amazonprime,o0CYV3R0o,1
17-Feb-2023,80d,amazonprime,chickenlickendicken,1
17-Feb-2023,80d,amazonprime,SodaMas,1
17-Feb-2023,80d,amazonprime,Billwillbob,1
17-Feb-2023,80d,amazonprime,fast_xp,1
17-Feb-2023,80d,amazonprime,Weary_Stress3283,1
17-Feb-2023,80d,amazonprime,Tiny_Ad4790,1
17-Feb-2023,80d,amazonprime,silvs1,1
17-Feb-2023,80d,amazonprime,BlueGreenMikey,1
17-Feb-2023,80d,amazonprime,chrissydvd,1
17-Feb-2023,80d,amazonprime,Inevitable_Key72,1
17-Feb-2023,80d,amazonprime,Firefox72,1
17-Feb-2023,80d,amazonprime,Asma_shaukat,1
17-Feb-2023,80d,amazonprime,jimmysjams,1
17-Feb-2023,80d,amazonprime,Intelligent-Turnip36,1
17-Feb-2023,80d,amazonprime,CleverAmbrosia,1
17-Feb-2023,80d,amazonprime,ChupaChupRocket,1
17-Feb-2023,80d,amazonprime,Wild-Cellist-7699,1
17-Feb-2023,80d,amazonprime,garymason74,1
17-Feb-2023,80d,amazonprime,exploid94,1
17-Feb-2023,80d,amazonprime,Gojoe123,1
17-Feb-2023,80d,amazonprime,GrammarianLibrarian,1
17-Feb-2023,80d,amazonprime,No_Specialist_2226,1
17-Feb-2023,80d,amazonprime,PlymouthSea,1
17-Feb-2023,80d,amazonprime,martymcfly9888,1
17-Feb-2023,80d,amazonprime,wastinshells,1
17-Feb-2023,80d,amazonprime,ImGosre,1
17-Feb-2023,80d,amazonprime,MissScarletsMystery,1
17-Feb-2023,80d,amazonprime,WillEyeAm_,1
17-Feb-2023,80d,amazonprime,Stache-,1
17-Feb-2023,80d,amazonprime,HelpfulHumbleGuy,1
17-Feb-2023,80d,amazonprime,evildishrag,1
17-Feb-2023,80d,amazonprime,LordHamburguesa1,1
17-Feb-2023,80d,amazonprime,H3ath3n,1
17-Feb-2023,80d,amazonprime,Effective_Window_936,1
17-Feb-2023,80d,amazonprime,Safe-Outcome-614,1
17-Feb-2023,80d,amazonprime,foozlebertie,1
17-Feb-2023,80d,amazonprime,LucyLuLuu,1
17-Feb-2023,80d,amazonprime,Competitive_Active59,1
17-Feb-2023,80d,amazonprime,toiletham,1
17-Feb-2023,80d,amazonprime,mlhender,1
17-Feb-2023,80d,amazonprime,laundromatthew,1
17-Feb-2023,80d,amazonprime,SLJ7,1
17-Feb-2023,80d,amazonprime,Extension-Apricot-50,1
17-Feb-2023,80d,amazonprime,commit_deceased,1
17-Feb-2023,80d,amazonprime,ThirdIRoa,1
17-Feb-2023,80d,amazonprime,Quick_Reflection_339,1
17-Feb-2023,80d,amazonprime,Paul65890,1
17-Feb-2023,80d,amazonprime,dusty1015,1
17-Feb-2023,80d,amazonprime,reynaruthlesss,1
17-Feb-2023,80d,amazonprime,Bug_Jug,1
17-Feb-2023,80d,amazonprime,pensevelyn,1
17-Feb-2023,80d,amazonprime,blackashi,1
17-Feb-2023,80d,amazonprime,LilRho,1
17-Feb-2023,80d,amazonprime,South_Safe1955,1
17-Feb-2023,80d,amazonprime,DarkVesuvius,1
17-Feb-2023,80d,amazonprime,SpiderTexan,1
17-Feb-2023,80d,amazonprime,FaeryLynne,1
17-Feb-2023,80d,amazonprime,bacchus101,1
17-Feb-2023,80d,amazonprime,kasenjane,1
17-Feb-2023,80d,amazonprime,misterobott,1
17-Feb-2023,80d,amazonprime,Ok_Scratch_3847,1
17-Feb-2023,80d,amazonprime,znoone,1
17-Feb-2023,80d,amazonprime,monkeyhind,1
17-Feb-2023,80d,amazonprime,ThrillaInMargiela,1
17-Feb-2023,80d,amazonprime,Reggie_Barclay,1
17-Feb-2023,80d,amazonprime,Gumby344,1
17-Feb-2023,80d,amazonprime,OteuAmiguinhoGAY,1
17-Feb-2023,80d,amazonprime,Peace_Fog,1
17-Feb-2023,80d,amazonprime,DougFromFinance,1
17-Feb-2023,80d,amazonprime,gevis,1
17-Feb-2023,80d,amazonprime,CronoRage,1
17-Feb-2023,80d,amazonprime,Multiverse_Money,1
17-Feb-2023,80d,amazonprime,CassiopeiaChaplin,1
17-Feb-2023,80d,amazonprime,omelettedufromage,1
17-Feb-2023,80d,amazonprime,joluboga,1
17-Feb-2023,80d,amazonprime,breeemix,1
17-Feb-2023,80d,amazonprime,WhackedDonkey4,1
17-Feb-2023,80d,amazonprime,braincrumbles,1
17-Feb-2023,80d,amazonprime,darkwizard42,1
17-Feb-2023,80d,amazonprime,Namelock,1
17-Feb-2023,80d,amazonprime,biscuitsandrum,1
17-Feb-2023,80d,amazonprime,Pretend-Ad-1277,1
17-Feb-2023,80d,amazonprime,microg-o-meter,1
17-Feb-2023,80d,amazonprime,mauibetty,1
17-Feb-2023,80d,amazonprime,tankavenger,1
17-Feb-2023,80d,amazonprime,StarlaMoon87,1
17-Feb-2023,80d,amazonprime,imsofancayyyyyyy,1
17-Feb-2023,80d,amazonprime,abudabu,1
17-Feb-2023,80d,amazonprime,Plux2,1
17-Feb-2023,80d,amazonprime,emelem66,1
17-Feb-2023,80d,amazonprime,NayvadiusWilburn,1
17-Feb-2023,80d,amazonprime,GunnerRecaIl,1
17-Feb-2023,80d,amazonprime,leavin_marks,1
17-Feb-2023,80d,amazonprime,albygoing,1
