query_date,before_date,subreddit,submission_author,submission_frequency
17-Feb-2023,70d,amazonprime,rtye5,543
17-Feb-2023,70d,amazonprime,HappyZhaun,18
17-Feb-2023,70d,amazonprime,Dasiy9407,4
17-Feb-2023,70d,amazonprime,AKsnipebuster47,4
17-Feb-2023,70d,amazonprime,NotMeAgain999,3
17-Feb-2023,70d,amazonprime,ZombierBob,3
17-Feb-2023,70d,amazonprime,kingmagamed,3
17-Feb-2023,70d,amazonprime,hrhashley,2
17-Feb-2023,70d,amazonprime,murpdog_45,2
17-Feb-2023,70d,amazonprime,kendannedy,2
17-Feb-2023,70d,amazonprime,Nick_TwoPointOh,2
17-Feb-2023,70d,amazonprime,WaffleBot626,2
17-Feb-2023,70d,amazonprime,younginvestor23,2
17-Feb-2023,70d,amazonprime,Carcrasher89,2
17-Feb-2023,70d,amazonprime,TropicOfCapricorn_,2
17-Feb-2023,70d,amazonprime,scrapqueen,2
17-Feb-2023,70d,amazonprime,Playful-Pace-9339,2
17-Feb-2023,70d,amazonprime,OteuAmiguinhoGAY,2
17-Feb-2023,70d,amazonprime,ayoimthatguy,2
17-Feb-2023,70d,amazonprime,Alanbork,2
17-Feb-2023,70d,amazonprime,x504xunknown,2
17-Feb-2023,70d,amazonprime,Puzzled-Consequence2,2
17-Feb-2023,70d,amazonprime,BubonicSpazzmaster,1
17-Feb-2023,70d,amazonprime,Red_Fox1010,1
17-Feb-2023,70d,amazonprime,anus_aficionado,1
17-Feb-2023,70d,amazonprime,WorseAndBoujeer,1
17-Feb-2023,70d,amazonprime,ThoroughSix7,1
17-Feb-2023,70d,amazonprime,ParkSad3672,1
17-Feb-2023,70d,amazonprime,ksegur,1
17-Feb-2023,70d,amazonprime,N5405i09,1
17-Feb-2023,70d,amazonprime,etapplepie,1
17-Feb-2023,70d,amazonprime,SpiderHam24,1
17-Feb-2023,70d,amazonprime,PorkyPORM,1
17-Feb-2023,70d,amazonprime,iliketoeattakoyaki,1
17-Feb-2023,70d,amazonprime,venusianmercury,1
17-Feb-2023,70d,amazonprime,colorfulnina,1
17-Feb-2023,70d,amazonprime,_bulletproof_1999,1
17-Feb-2023,70d,amazonprime,jamiebabie8,1
17-Feb-2023,70d,amazonprime,sukirobot,1
17-Feb-2023,70d,amazonprime,TheOakenToken,1
17-Feb-2023,70d,amazonprime,Gui-Gediz,1
17-Feb-2023,70d,amazonprime,YourDailyConsumer,1
17-Feb-2023,70d,amazonprime,SpaceMonkey_1969,1
17-Feb-2023,70d,amazonprime,I-Am_9,1
17-Feb-2023,70d,amazonprime,alexanderdring,1
17-Feb-2023,70d,amazonprime,icedtundra,1
17-Feb-2023,70d,amazonprime,fuckyouandyourscarf,1
17-Feb-2023,70d,amazonprime,KindaNotAThrowaway_,1
17-Feb-2023,70d,amazonprime,groundspeek,1
17-Feb-2023,70d,amazonprime,DEATH_KILLER5373,1
17-Feb-2023,70d,amazonprime,doe_gee,1
17-Feb-2023,70d,amazonprime,Pelotonnes,1
17-Feb-2023,70d,amazonprime,blewjeans,1
17-Feb-2023,70d,amazonprime,ManySpectrumWeasel,1
17-Feb-2023,70d,amazonprime,ArtCottonCand,1
17-Feb-2023,70d,amazonprime,Patoki,1
17-Feb-2023,70d,amazonprime,belleayreski2,1
17-Feb-2023,70d,amazonprime,marvelkidy,1
17-Feb-2023,70d,amazonprime,JediOnTilt,1
17-Feb-2023,70d,amazonprime,bestdogpup,1
17-Feb-2023,70d,amazonprime,punchy_brewster,1
17-Feb-2023,70d,amazonprime,EmployerIll3471,1
17-Feb-2023,70d,amazonprime,DerelictData,1
17-Feb-2023,70d,amazonprime,EmptyTip3550,1
17-Feb-2023,70d,amazonprime,pussyman123345678,1
17-Feb-2023,70d,amazonprime,RSGTHennessy,1
17-Feb-2023,70d,amazonprime,beenburnedbutable,1
17-Feb-2023,70d,amazonprime,php4,1
17-Feb-2023,70d,amazonprime,DrSkoolie,1
17-Feb-2023,70d,amazonprime,throwaway5432534,1
17-Feb-2023,70d,amazonprime,No_Construction8621,1
17-Feb-2023,70d,amazonprime,MercuricVenus,1
17-Feb-2023,70d,amazonprime,Animorphosis,1
17-Feb-2023,70d,amazonprime,Jonny-Marx,1
17-Feb-2023,70d,amazonprime,Familiar_Routine7465,1
17-Feb-2023,70d,amazonprime,sgbyow,1
17-Feb-2023,70d,amazonprime,optimisticuglycrying,1
17-Feb-2023,70d,amazonprime,Makeitcount2022,1
17-Feb-2023,70d,amazonprime,Asheminded,1
17-Feb-2023,70d,amazonprime,Dougtheado,1
17-Feb-2023,70d,amazonprime,linuxwes,1
17-Feb-2023,70d,amazonprime,EggHeadMagic,1
17-Feb-2023,70d,amazonprime,SwampYankee,1
17-Feb-2023,70d,amazonprime,SpectacularLifeNoise,1
17-Feb-2023,70d,amazonprime,rustywaterpipe,1
17-Feb-2023,70d,amazonprime,dont_judge_me_monkey,1
17-Feb-2023,70d,amazonprime,atari_guy,1
17-Feb-2023,70d,amazonprime,VinDieselArk,1
17-Feb-2023,70d,amazonprime,Camel_Sigarette,1
17-Feb-2023,70d,amazonprime,NotEnoughBread,1
17-Feb-2023,70d,amazonprime,SpicyCanadianBoyyy,1
17-Feb-2023,70d,amazonprime,VulpesVeritas,1
17-Feb-2023,70d,amazonprime,bug611,1
17-Feb-2023,70d,amazonprime,DcheZ94,1
17-Feb-2023,70d,amazonprime,Theyareeverywhereman,1
17-Feb-2023,70d,amazonprime,ric5hard,1
17-Feb-2023,70d,amazonprime,jrbananas-peteapples,1
17-Feb-2023,70d,amazonprime,JackBrightScD,1
17-Feb-2023,70d,amazonprime,fwog-,1
17-Feb-2023,70d,amazonprime,sdo17yo,1
17-Feb-2023,70d,amazonprime,the-straight-risks,1
17-Feb-2023,70d,amazonprime,StinkyShitter69,1
17-Feb-2023,70d,amazonprime,throwawayjafkdiend,1
17-Feb-2023,70d,amazonprime,MrMarchMellow,1
17-Feb-2023,70d,amazonprime,yodermon,1
17-Feb-2023,70d,amazonprime,Scared-Property-5717,1
17-Feb-2023,70d,amazonprime,amazonthrowaway1111,1
17-Feb-2023,70d,amazonprime,Ponimama,1
17-Feb-2023,70d,amazonprime,Ok_Condition3195,1
17-Feb-2023,70d,amazonprime,crazy_monkey_22,1
17-Feb-2023,70d,amazonprime,Whole_Steak2811,1
17-Feb-2023,70d,amazonprime,sam1212247,1
17-Feb-2023,70d,amazonprime,Buddy_Blues,1
17-Feb-2023,70d,amazonprime,Chocohalation,1
17-Feb-2023,70d,amazonprime,NRay075,1
17-Feb-2023,70d,amazonprime,OnMySadGirlShitfrfr,1
17-Feb-2023,70d,amazonprime,healthymelty,1
17-Feb-2023,70d,amazonprime,SenorDevil,1
17-Feb-2023,70d,amazonprime,daniellederek,1
17-Feb-2023,70d,amazonprime,Benji_died,1
17-Feb-2023,70d,amazonprime,DlnnerTable,1
17-Feb-2023,70d,amazonprime,Smacksmackums,1
17-Feb-2023,70d,amazonprime,The_Wonderful_Pie,1
17-Feb-2023,70d,amazonprime,Spaxswrld,1
17-Feb-2023,70d,amazonprime,heapostuff,1
17-Feb-2023,70d,amazonprime,LooneyLockup_Punch11,1
17-Feb-2023,70d,amazonprime,AbbreviationsFast221,1
17-Feb-2023,70d,amazonprime,Sasuke12187,1
17-Feb-2023,70d,amazonprime,Realistic-Sandwich55,1
17-Feb-2023,70d,amazonprime,ACiD_BOi,1
17-Feb-2023,70d,amazonprime,Hofy3D,1
17-Feb-2023,70d,amazonprime,umang_go,1
17-Feb-2023,70d,amazonprime,plantaddictinma,1
17-Feb-2023,70d,amazonprime,Ok-Explanation8350,1
17-Feb-2023,70d,amazonprime,xmiss_bijou,1
17-Feb-2023,70d,amazonprime,Tantei_Metal,1
17-Feb-2023,70d,amazonprime,Commercial-Mix-2633,1
17-Feb-2023,70d,amazonprime,ClareinPreskit,1
17-Feb-2023,70d,amazonprime,camy252,1
17-Feb-2023,70d,amazonprime,onepokemanz,1
17-Feb-2023,70d,amazonprime,Miserable-Stranger99,1
17-Feb-2023,70d,amazonprime,MoneyBuysDrugs,1
17-Feb-2023,70d,amazonprime,Molothrow144p,1
17-Feb-2023,70d,amazonprime,__Raxy__,1
17-Feb-2023,70d,amazonprime,PerpetuallyPerplxed,1
17-Feb-2023,70d,amazonprime,yaboyebeatz,1
17-Feb-2023,70d,amazonprime,Exciting-Savings-496,1
17-Feb-2023,70d,amazonprime,dschk,1
17-Feb-2023,70d,amazonprime,Tallozz,1
17-Feb-2023,70d,amazonprime,coltdog12,1
17-Feb-2023,70d,amazonprime,moonbeam127,1
17-Feb-2023,70d,amazonprime,EnvironmentalAnt8653,1
17-Feb-2023,70d,amazonprime,xKarmicDebtx,1
17-Feb-2023,70d,amazonprime,Snoo_92783,1
17-Feb-2023,70d,amazonprime,RC350f,1
17-Feb-2023,70d,amazonprime,00ddb0y,1
17-Feb-2023,70d,amazonprime,sillyrabbit33,1
17-Feb-2023,70d,amazonprime,-Mr_Rogers_II,1
17-Feb-2023,70d,amazonprime,camsqualla,1
17-Feb-2023,70d,amazonprime,Killcam_Express,1
17-Feb-2023,70d,amazonprime,Throwaway5890B,1
17-Feb-2023,70d,amazonprime,Chris-1984,1
17-Feb-2023,70d,amazonprime,RealCanadianDragon,1
17-Feb-2023,70d,amazonprime,Neodeastra777,1
17-Feb-2023,70d,amazonprime,bakedmitt,1
17-Feb-2023,70d,amazonprime,gummybrainrot,1
17-Feb-2023,70d,amazonprime,ReluctantStochastic,1
17-Feb-2023,70d,amazonprime,souplover432,1
17-Feb-2023,70d,amazonprime,Crasher610,1
17-Feb-2023,70d,amazonprime,stefenmarwa,1
17-Feb-2023,70d,amazonprime,RomanRoyIsSlimy,1
17-Feb-2023,70d,amazonprime,Southernboyj,1
17-Feb-2023,70d,amazonprime,GuyWithNoName22,1
17-Feb-2023,70d,amazonprime,pensevelyn,1
17-Feb-2023,70d,amazonprime,AmazonShopperGod,1
17-Feb-2023,70d,amazonprime,No_Experience4537,1
17-Feb-2023,70d,amazonprime,Odd_Standard2715,1
17-Feb-2023,70d,amazonprime,raindrops_723,1
17-Feb-2023,70d,amazonprime,notdez,1
17-Feb-2023,70d,amazonprime,adi_188,1
17-Feb-2023,70d,amazonprime,Elitealice,1
17-Feb-2023,70d,amazonprime,The_local_sped_kid,1
17-Feb-2023,70d,amazonprime,throwawaygixer,1
17-Feb-2023,70d,amazonprime,saul2015,1
17-Feb-2023,70d,amazonprime,make_me_happy_xx,1
17-Feb-2023,70d,amazonprime,matoshiii,1
17-Feb-2023,70d,amazonprime,GoldFishSkinTeemo,1
17-Feb-2023,70d,amazonprime,lowrcase,1
17-Feb-2023,70d,amazonprime,Zino-exe-,1
17-Feb-2023,70d,amazonprime,0x5343,1
17-Feb-2023,70d,amazonprime,blooddogg757,1
17-Feb-2023,70d,amazonprime,a_brosef,1
17-Feb-2023,70d,amazonprime,nutty_endangerment,1
17-Feb-2023,70d,amazonprime,tmiller9833,1
17-Feb-2023,70d,amazonprime,AndrewPhilip619,1
17-Feb-2023,70d,amazonprime,Motor-Source-7701,1
17-Feb-2023,70d,amazonprime,CharlieGnarlyFace,1
17-Feb-2023,70d,amazonprime,illicitiguana,1
17-Feb-2023,70d,amazonprime,reptilelover123,1
17-Feb-2023,70d,amazonprime,wapreck,1
17-Feb-2023,70d,amazonprime,Taizan,1
17-Feb-2023,70d,amazonprime,Azerqs_,1
17-Feb-2023,70d,amazonprime,SussyBuzy,1
17-Feb-2023,70d,amazonprime,DiaMat2040,1
17-Feb-2023,70d,amazonprime,Superdudeo,1
17-Feb-2023,70d,amazonprime,Photodude1118,1
17-Feb-2023,70d,amazonprime,casiokvik,1
17-Feb-2023,70d,amazonprime,CarshayD,1
17-Feb-2023,70d,amazonprime,TrriF,1
17-Feb-2023,70d,amazonprime,Davidjaa,1
17-Feb-2023,70d,amazonprime,verstand1330,1
17-Feb-2023,70d,amazonprime,kwilcox7,1
17-Feb-2023,70d,amazonprime,AgentIce77,1
17-Feb-2023,70d,amazonprime,Open-Kiwi-1022,1
17-Feb-2023,70d,amazonprime,georgech900,1
17-Feb-2023,70d,amazonprime,therealteemo1,1
17-Feb-2023,70d,amazonprime,WarlocksWizard,1
17-Feb-2023,70d,amazonprime,shanepou,1
17-Feb-2023,70d,amazonprime,saucykid905,1
17-Feb-2023,70d,amazonprime,FoxyFreckles1989,1
17-Feb-2023,70d,amazonprime,JackBC90,1
17-Feb-2023,70d,amazonprime,todayUtomorrowMe,1
17-Feb-2023,70d,amazonprime,katehenry4133,1
17-Feb-2023,70d,amazonprime,ConfusionNo845,1
17-Feb-2023,70d,amazonprime,Undefeetable1,1
17-Feb-2023,70d,amazonprime,liweichen6,1
17-Feb-2023,70d,amazonprime,Past_Degree_9516,1
17-Feb-2023,70d,amazonprime,embarrassed_error365,1
17-Feb-2023,70d,amazonprime,HurricaneSalad,1
17-Feb-2023,70d,amazonprime,onerinconhill,1
17-Feb-2023,70d,amazonprime,LongJonSiIver,1
17-Feb-2023,70d,amazonprime,Jo060,1
17-Feb-2023,70d,amazonprime,Medium-Oven-2696,1
17-Feb-2023,70d,amazonprime,random1001011,1
17-Feb-2023,70d,amazonprime,rockingart,1
17-Feb-2023,70d,amazonprime,Fragrant_Bad_4210,1
17-Feb-2023,70d,amazonprime,Anna-Gao,1
17-Feb-2023,70d,amazonprime,BubblyResolution10,1
17-Feb-2023,70d,amazonprime,TylerTagZ,1
17-Feb-2023,70d,amazonprime,Lalapple,1
17-Feb-2023,70d,amazonprime,KillingThemGingerly,1
17-Feb-2023,70d,amazonprime,yeahsureYnot,1
17-Feb-2023,70d,amazonprime,a1mightygamer,1
17-Feb-2023,70d,amazonprime,Oscar1010CA,1
17-Feb-2023,70d,amazonprime,DexterMorgan95,1
17-Feb-2023,70d,amazonprime,supersickx3,1
17-Feb-2023,70d,amazonprime,marktwain67,1
17-Feb-2023,70d,amazonprime,StrayCass,1
17-Feb-2023,70d,amazonprime,Important-Neck939,1
17-Feb-2023,70d,amazonprime,Economy-Material8636,1
17-Feb-2023,70d,amazonprime,CabinetSilver5621,1
17-Feb-2023,70d,amazonprime,PromotionJumpy2686,1
17-Feb-2023,70d,amazonprime,3Do0oXTT,1
17-Feb-2023,70d,amazonprime,AngrybutSmart,1
17-Feb-2023,70d,amazonprime,Short-Construction80,1
17-Feb-2023,70d,amazonprime,mrspecter98,1
17-Feb-2023,70d,amazonprime,al3xisnic0le,1
17-Feb-2023,70d,amazonprime,Jimmytwohand,1
17-Feb-2023,70d,amazonprime,putwat,1
17-Feb-2023,70d,amazonprime,Fit-Number2084,1
17-Feb-2023,70d,amazonprime,Uberse,1
17-Feb-2023,70d,amazonprime,FoodAccount420,1
17-Feb-2023,70d,amazonprime,AfterDaydream,1
17-Feb-2023,70d,amazonprime,OkRecover8193,1
17-Feb-2023,70d,amazonprime,Ok_Leek_5224,1
17-Feb-2023,70d,amazonprime,brontozawr,1
17-Feb-2023,70d,amazonprime,eb25390119,1
17-Feb-2023,70d,amazonprime,Substantial_Ad1434,1
17-Feb-2023,70d,amazonprime,Itriyum,1
17-Feb-2023,70d,amazonprime,Gugenss,1
17-Feb-2023,70d,amazonprime,Ozzpala,1
17-Feb-2023,70d,amazonprime,Paincakes_,1
17-Feb-2023,70d,amazonprime,swataz,1
17-Feb-2023,70d,amazonprime,sahw2015,1
17-Feb-2023,70d,amazonprime,Weary_Stress3283,1
17-Feb-2023,70d,amazonprime,HonnyBrown,1
17-Feb-2023,70d,amazonprime,SerenaTheDarkPriest,1
17-Feb-2023,70d,amazonprime,Firefox72,1
17-Feb-2023,70d,amazonprime,casually97,1
17-Feb-2023,70d,amazonprime,Ilovecandy1964,1
17-Feb-2023,70d,amazonprime,CaptainGangpIank,1
17-Feb-2023,70d,amazonprime,Austaph,1
17-Feb-2023,70d,amazonprime,uwishto,1
17-Feb-2023,70d,amazonprime,Ghastion,1
17-Feb-2023,70d,amazonprime,clere210,1
17-Feb-2023,70d,amazonprime,Frankgman,1
17-Feb-2023,70d,amazonprime,WillEyeAm_,1
17-Feb-2023,70d,amazonprime,laundromatthew,1
17-Feb-2023,70d,amazonprime,throwaway4578as,1
17-Feb-2023,70d,amazonprime,Decius1988,1
17-Feb-2023,70d,amazonprime,StunningTheory1990,1
17-Feb-2023,70d,amazonprime,Wambo74,1
17-Feb-2023,70d,amazonprime,undead-llamafaces,1
17-Feb-2023,70d,amazonprime,sammy22312,1
17-Feb-2023,70d,amazonprime,linknil,1
17-Feb-2023,70d,amazonprime,Negative_Mushroom_69,1
17-Feb-2023,70d,amazonprime,DougFromFinance,1
17-Feb-2023,70d,amazonprime,just-kath,1
17-Feb-2023,70d,amazonprime,CassiopeiaChaplin,1
17-Feb-2023,70d,amazonprime,smoelheim,1
17-Feb-2023,70d,amazonprime,NauticaSeven,1
17-Feb-2023,70d,amazonprime,FrankleyKonkey,1
17-Feb-2023,70d,amazonprime,Zealousideal-Mix-208,1
17-Feb-2023,70d,amazonprime,looker009,1
17-Feb-2023,70d,amazonprime,Awkward_Mastodon7771,1
17-Feb-2023,70d,amazonprime,ClassicCombination62,1
17-Feb-2023,70d,amazonprime,FineRevolution9264,1
17-Feb-2023,70d,amazonprime,Plux2,1
17-Feb-2023,70d,amazonprime,JonathanDan03,1
17-Feb-2023,70d,amazonprime,No-Understanding3987,1
17-Feb-2023,70d,amazonprime,ARandomTopHat,1
17-Feb-2023,70d,amazonprime,16WhispersOfBlood,1
17-Feb-2023,70d,amazonprime,blendy70,1
17-Feb-2023,70d,amazonprime,Cantrell2000,1
17-Feb-2023,70d,amazonprime,_mmm_febreeze_,1
17-Feb-2023,70d,amazonprime,DizzyDrawing8789,1
17-Feb-2023,70d,amazonprime,blacksewerdog,1
17-Feb-2023,70d,amazonprime,ih8batman,1
17-Feb-2023,70d,amazonprime,keekee66,1
17-Feb-2023,70d,amazonprime,If_Left_Alone,1
17-Feb-2023,70d,amazonprime,sunlituplands,1
17-Feb-2023,70d,amazonprime,PaBlO_enthusiast,1
17-Feb-2023,70d,amazonprime,Haunting_Quote2277,1
17-Feb-2023,70d,amazonprime,MalcoveMagnesia,1
17-Feb-2023,70d,amazonprime,MarvelBishUSA42,1
17-Feb-2023,70d,amazonprime,DeadNeko-,1
17-Feb-2023,70d,amazonprime,piesaresquarey,1
17-Feb-2023,70d,amazonprime,tankavenger,1
17-Feb-2023,70d,amazonprime,Dixielord,1
17-Feb-2023,70d,amazonprime,robertson160,1
17-Feb-2023,70d,amazonprime,TGMcGonigle,1
17-Feb-2023,70d,amazonprime,-rootx,1
17-Feb-2023,70d,amazonprime,Much-Lavishness-3121,1
17-Feb-2023,70d,amazonprime,AZPuzzler,1
17-Feb-2023,70d,amazonprime,MTVKrybs,1
17-Feb-2023,70d,amazonprime,Miserable-Thanks5218,1
17-Feb-2023,70d,amazonprime,C_Birch81,1
17-Feb-2023,70d,amazonprime,Bhoteyr,1
17-Feb-2023,70d,amazonprime,pillpushermike,1
17-Feb-2023,70d,amazonprime,julysniperx,1
17-Feb-2023,70d,amazonprime,sinisterhacker,1
17-Feb-2023,70d,amazonprime,nodakskip,1
17-Feb-2023,70d,amazonprime,Dry_Elevator4590,1
17-Feb-2023,70d,amazonprime,rangerm2,1
17-Feb-2023,70d,amazonprime,paxinfernum,1
17-Feb-2023,70d,amazonprime,Lioba98,1
17-Feb-2023,70d,amazonprime,ViktorCapulet,1
17-Feb-2023,70d,amazonprime,Formal_Towel_9144,1
17-Feb-2023,70d,amazonprime,sybildb,1
17-Feb-2023,70d,amazonprime,zacksgorillas,1
17-Feb-2023,70d,amazonprime,pyeeater,1
17-Feb-2023,70d,amazonprime,TheSlimeBallSupreme,1
17-Feb-2023,70d,amazonprime,Cold-Shoe-951,1
17-Feb-2023,70d,amazonprime,ElysiumHub,1
17-Feb-2023,70d,amazonprime,lima_echo_lima,1
17-Feb-2023,70d,amazonprime,Ill-Improvement2963,1
17-Feb-2023,70d,amazonprime,SumTingWong59,1
17-Feb-2023,70d,amazonprime,yangsadventure,1
17-Feb-2023,70d,amazonprime,Used_Context3485,1
17-Feb-2023,70d,amazonprime,Business-Quantity712,1
17-Feb-2023,70d,amazonprime,fulo009,1
17-Feb-2023,70d,amazonprime,Used_Growth_4068,1
17-Feb-2023,70d,amazonprime,xkatiekatx7,1
17-Feb-2023,70d,amazonprime,Character_Nail78,1
17-Feb-2023,70d,amazonprime,Competitive-Iron185,1
17-Feb-2023,70d,amazonprime,rvgirl42,1
17-Feb-2023,70d,amazonprime,Hnoc,1
17-Feb-2023,70d,amazonprime,officegringo,1
17-Feb-2023,70d,amazonprime,Plastic-Surprise3734,1
17-Feb-2023,70d,amazonprime,Money_Arugula1028,1
17-Feb-2023,70d,amazonprime,Affectionate-Cook-11,1
17-Feb-2023,70d,amazonprime,blip_00,1
17-Feb-2023,70d,amazonprime,BigMacRedneck,1
17-Feb-2023,70d,amazonprime,Dazzling-Mammoth-788,1
17-Feb-2023,70d,amazonprime,FirmTrain8780,1
17-Feb-2023,70d,amazonprime,JealousQuantity2481,1
17-Feb-2023,70d,amazonprime,jammydodger302,1
17-Feb-2023,70d,amazonprime,nonstopski,1
17-Feb-2023,70d,amazonprime,thelast3musketeer,1
17-Feb-2023,70d,amazonprime,steve_s_28,1
17-Feb-2023,70d,amazonprime,VirtualBlaster,1
17-Feb-2023,70d,amazonprime,Judahv,1
17-Feb-2023,70d,amazonprime,lokiofjotunheim01,1
17-Feb-2023,70d,amazonprime,dogdogdoggio,1
17-Feb-2023,70d,amazonprime,5punedagr,1
17-Feb-2023,70d,amazonprime,Sazrixx,1
17-Feb-2023,70d,amazonprime,HA-AWE50ME,1
17-Feb-2023,70d,amazonprime,Azazeleus,1
17-Feb-2023,70d,amazonprime,Bobbis2000,1
17-Feb-2023,70d,amazonprime,newemotion7831,1
17-Feb-2023,70d,amazonprime,RandleDANDLE96,1
17-Feb-2023,70d,amazonprime,peacelovearizona,1
17-Feb-2023,70d,amazonprime,campingtigger,1
17-Feb-2023,70d,amazonprime,lab_R_inth,1
17-Feb-2023,70d,amazonprime,whwQkfdk,1
17-Feb-2023,70d,amazonprime,Zealousideal_Beat907,1
17-Feb-2023,70d,amazonprime,LisaProcter90,1
17-Feb-2023,70d,amazonprime,MeringueLivid,1
17-Feb-2023,70d,amazonprime,LostConnection_2543,1
17-Feb-2023,70d,amazonprime,K0T0L,1
17-Feb-2023,70d,amazonprime,implodedrat,1
17-Feb-2023,70d,amazonprime,Lukemc3708,1
17-Feb-2023,70d,amazonprime,Sevb36,1
17-Feb-2023,70d,amazonprime,Realistic-Joe,1
17-Feb-2023,70d,amazonprime,Emergency-Webs,1
17-Feb-2023,70d,amazonprime,bobdob1234,1
17-Feb-2023,70d,amazonprime,mom2mermaidboo,1
17-Feb-2023,70d,amazonprime,trihexhunter,1
17-Feb-2023,70d,amazonprime,baldheadslick,1
17-Feb-2023,70d,amazonprime,nettiklooc,1
