query_date	before_date	subreddit	comment_author	comment_frequency
15-May-2023	40d	AmazonAstro	tcypher	126
15-May-2023	40d	AmazonAstro	spydercanopus	40
15-May-2023	40d	AmazonAstro	robin_the_rich	35
15-May-2023	40d	AmazonAstro	NotCreativeToday	31
15-May-2023	40d	AmazonAstro	HistorySufficient170	28
15-May-2023	40d	AmazonAstro	LividSituation9152	25
15-May-2023	40d	AmazonAstro	Fraggb0y	25
15-May-2023	40d	AmazonAstro	Initial_Contest	24
15-May-2023	40d	AmazonAstro	WhimsicalVirtuosity2	21
15-May-2023	40d	AmazonAstro	RaphSeraph	21
15-May-2023	40d	AmazonAstro	AvailableReason5672	20
15-May-2023	40d	AmazonAstro	Solicited_Duck_Pics	18
15-May-2023	40d	AmazonAstro	Any_Food1782	17
15-May-2023	40d	AmazonAstro	Big_Factor8478	17
15-May-2023	40d	AmazonAstro	Suspicious_Photo_802	17
15-May-2023	40d	AmazonAstro	Catnamedpaxil	17
15-May-2023	40d	AmazonAstro	wagnerstechtalk	16
15-May-2023	40d	AmazonAstro	TheGadgetGuy1	16
15-May-2023	40d	AmazonAstro	Caendryl	15
15-May-2023	40d	AmazonAstro	Brodie1985	15
15-May-2023	40d	AmazonAstro	gaspero1	13
15-May-2023	40d	AmazonAstro	CalvinDuBois	13
15-May-2023	40d	AmazonAstro	miraenda	13
15-May-2023	40d	AmazonAstro	Imaginary-Wait8805	12
15-May-2023	40d	AmazonAstro	JAVASCRIPT4LIFE	11
15-May-2023	40d	AmazonAstro	ResidentLubeSlinger	10
15-May-2023	40d	AmazonAstro	Blake-kun	9
15-May-2023	40d	AmazonAstro	cobrapa	9
15-May-2023	40d	AmazonAstro	JoseGasparIsReal	8
15-May-2023	40d	AmazonAstro	Chosen_UserName217	8
15-May-2023	40d	AmazonAstro	scottmfairley	8
15-May-2023	40d	AmazonAstro	rs4longhorns	7
15-May-2023	40d	AmazonAstro	bradyd06	7
15-May-2023	40d	AmazonAstro	88MKing16	7
15-May-2023	40d	AmazonAstro	Jedigohan84	7
15-May-2023	40d	AmazonAstro	man2000000	7
15-May-2023	40d	AmazonAstro	nucleiis	6
15-May-2023	40d	AmazonAstro	Captjeffb	6
15-May-2023	40d	AmazonAstro	idly2sambar	6
15-May-2023	40d	AmazonAstro	Constant-Anteater-58	6
15-May-2023	40d	AmazonAstro	RedditUser108911	6
15-May-2023	40d	AmazonAstro	docmedich	5
15-May-2023	40d	AmazonAstro	Hoggierollz	5
15-May-2023	40d	AmazonAstro	wowzie1	5
15-May-2023	40d	AmazonAstro	strictly900	5
15-May-2023	40d	AmazonAstro	adeadfetus	5
15-May-2023	40d	AmazonAstro	No-Dimension910	5
15-May-2023	40d	AmazonAstro	survive_los_angeles	4
15-May-2023	40d	AmazonAstro	Intrepid_Resist8786	4
15-May-2023	40d	AmazonAstro	Stromberg-Carlson	4
15-May-2023	40d	AmazonAstro	JoyBellLove	4
15-May-2023	40d	AmazonAstro	ElleMerida	4
15-May-2023	40d	AmazonAstro	DamnItLoki	4
15-May-2023	40d	AmazonAstro	kcsporttoo	4
15-May-2023	40d	AmazonAstro	ImTryinDammit	4
15-May-2023	40d	AmazonAstro	GrumpyGeek404	4
15-May-2023	40d	AmazonAstro	Schick79	4
15-May-2023	40d	AmazonAstro	skittle3344	3
15-May-2023	40d	AmazonAstro	avenger70	3
15-May-2023	40d	AmazonAstro	AloneAd2001	3
15-May-2023	40d	AmazonAstro	joycesyi	3
15-May-2023	40d	AmazonAstro	bonafidebob	3
15-May-2023	40d	AmazonAstro	Unfair_Issue79	3
15-May-2023	40d	AmazonAstro	westernspion	3
15-May-2023	40d	AmazonAstro	shopfl	3
15-May-2023	40d	AmazonAstro	BoltsVoltage	3
15-May-2023	40d	AmazonAstro	ChangeForeign	3
15-May-2023	40d	AmazonAstro	PhoneBusiness	3
15-May-2023	40d	AmazonAstro	sph130	3
15-May-2023	40d	AmazonAstro	TheCollector1976	3
15-May-2023	40d	AmazonAstro	ZombiFlu	3
15-May-2023	40d	AmazonAstro	NefariousnessSea2663	3
15-May-2023	40d	AmazonAstro	bribritx	3
15-May-2023	40d	AmazonAstro	NSCmultipotent	3
15-May-2023	40d	AmazonAstro	GlitteryTracksuit	3
15-May-2023	40d	AmazonAstro	Like2Read	3
15-May-2023	40d	AmazonAstro	greshe	3
15-May-2023	40d	AmazonAstro	StoicKiwi	3
15-May-2023	40d	AmazonAstro	arielgon	3
15-May-2023	40d	AmazonAstro	spisHjerner	2
15-May-2023	40d	AmazonAstro	Lt4344	2
15-May-2023	40d	AmazonAstro	Bubbly_Rip_1569	2
15-May-2023	40d	AmazonAstro	squatlock4019	2
15-May-2023	40d	AmazonAstro	greywar777	2
15-May-2023	40d	AmazonAstro	mwdavis84	2
15-May-2023	40d	AmazonAstro	[deleted]	2
15-May-2023	40d	AmazonAstro	ady624	2
15-May-2023	40d	AmazonAstro	prebsol	2
15-May-2023	40d	AmazonAstro	Few-Artichoke-7593	2
15-May-2023	40d	AmazonAstro	mrtko28	2
15-May-2023	40d	AmazonAstro	manngrosser	2
15-May-2023	40d	AmazonAstro	zxo2000	2
15-May-2023	40d	AmazonAstro	Phorton58	2
15-May-2023	40d	AmazonAstro	ExtermeNATE	2
15-May-2023	40d	AmazonAstro	Traditional_Mine1009	2
15-May-2023	40d	AmazonAstro	FunkyDoktor	2
15-May-2023	40d	AmazonAstro	Adept_Error_904	2
15-May-2023	40d	AmazonAstro	davelarson1	2
15-May-2023	40d	AmazonAstro	ObsidianDragon334	2
15-May-2023	40d	AmazonAstro	Own_Medium	2
15-May-2023	40d	AmazonAstro	mikemu	2
15-May-2023	40d	AmazonAstro	Rotozip	2
15-May-2023	40d	AmazonAstro	Svsanya7	2
15-May-2023	40d	AmazonAstro	chiknsalad	2
15-May-2023	40d	AmazonAstro	scanavo	2
15-May-2023	40d	AmazonAstro	MaudeDib	2
15-May-2023	40d	AmazonAstro	Old_Connection5486	2
15-May-2023	40d	AmazonAstro	theeberhart	2
15-May-2023	40d	AmazonAstro	Otherwise-County-984	2
15-May-2023	40d	AmazonAstro	loorana22	2
15-May-2023	40d	AmazonAstro	Ashkir	2
15-May-2023	40d	AmazonAstro	TizzyTech	2
15-May-2023	40d	AmazonAstro	sicj0n	1
15-May-2023	40d	AmazonAstro	breakingwind2022	1
15-May-2023	40d	AmazonAstro	Mugnatoid	1
15-May-2023	40d	AmazonAstro	BilderbergerMeister	1
15-May-2023	40d	AmazonAstro	RozellaLinden	1
15-May-2023	40d	AmazonAstro	Elegant-Fish675	1
15-May-2023	40d	AmazonAstro	Impossible-Middle-15	1
15-May-2023	40d	AmazonAstro	ChrisSTL314	1
15-May-2023	40d	AmazonAstro	atm2770	1
15-May-2023	40d	AmazonAstro	B1GAAPL	1
15-May-2023	40d	AmazonAstro	shad0wspid3r	1
15-May-2023	40d	AmazonAstro	Danger_Dow	1
15-May-2023	40d	AmazonAstro	mich_ultra95	1
15-May-2023	40d	AmazonAstro	the_peoples_champ_	1
15-May-2023	40d	AmazonAstro	WorldlyResource5692	1
15-May-2023	40d	AmazonAstro	ajdude101	1
15-May-2023	40d	AmazonAstro	minusthebra	1
15-May-2023	40d	AmazonAstro	-foulball-	1
15-May-2023	40d	AmazonAstro	TheBrexican	1
15-May-2023	40d	AmazonAstro	OctagonUFO	1
15-May-2023	40d	AmazonAstro	robosteel	1
15-May-2023	40d	AmazonAstro	mystery_smelly_feet	1
15-May-2023	40d	AmazonAstro	mjdean3326	1
15-May-2023	40d	AmazonAstro	atvtraillife	1
15-May-2023	40d	AmazonAstro	LSUTigerInDC	1
15-May-2023	40d	AmazonAstro	lcblexky	1
15-May-2023	40d	AmazonAstro	Superman_eZ3	1
15-May-2023	40d	AmazonAstro	winniebillerica	1
15-May-2023	40d	AmazonAstro	Beefadams	1
15-May-2023	40d	AmazonAstro	ImBigBadWolf	1
15-May-2023	40d	AmazonAstro	TheRumBy	1
15-May-2023	40d	AmazonAstro	onesmartcrib	1
15-May-2023	40d	AmazonAstro	oppisum	1
15-May-2023	40d	AmazonAstro	blackredsilvergold	1
15-May-2023	40d	AmazonAstro	kl814	1
15-May-2023	40d	AmazonAstro	RearWheelDrive	1
15-May-2023	40d	AmazonAstro	mattbytes	1
15-May-2023	40d	AmazonAstro	kingkunta77	1
15-May-2023	40d	AmazonAstro	AlternativeTough4725	1
15-May-2023	40d	AmazonAstro	bluebastion	1
15-May-2023	40d	AmazonAstro	b9tech	1
15-May-2023	40d	AmazonAstro	meowTheKat	1
15-May-2023	40d	AmazonAstro	Professional_Grand34	1
15-May-2023	40d	AmazonAstro	TheREDNAVE	1
15-May-2023	40d	AmazonAstro	CrayZ_88s	1
15-May-2023	40d	AmazonAstro	RemindMeBot	1
15-May-2023	40d	AmazonAstro	racmantequillas	1
15-May-2023	40d	AmazonAstro	Sigmawoz	1
15-May-2023	40d	AmazonAstro	pete8314	1
15-May-2023	40d	AmazonAstro	turkeyburgeryas	1
15-May-2023	40d	AmazonAstro	Financial-Soft6071	1
15-May-2023	40d	AmazonAstro	ColJohn	1
15-May-2023	40d	AmazonAstro	Mountain-Reward-7207	1
15-May-2023	40d	AmazonAstro	spongebob_jy	1
15-May-2023	40d	AmazonAstro	breatheinoutinout	1
15-May-2023	40d	AmazonAstro	Aggravating_Floor471	1
15-May-2023	40d	AmazonAstro	jbvetter	1
15-May-2023	40d	AmazonAstro	Chart_Critical	1
15-May-2023	40d	AmazonAstro	Tripleh3lix24	1
15-May-2023	40d	AmazonAstro	chadherrella	1
15-May-2023	40d	AmazonAstro	EimaiOTed	1
15-May-2023	40d	AmazonAstro	skyrunner15	1
15-May-2023	40d	AmazonAstro	MadapakaRin	1
15-May-2023	40d	AmazonAstro	osoft	1
15-May-2023	40d	AmazonAstro	TargetIcy7277	1
15-May-2023	40d	AmazonAstro	ManEEEFaces	1
15-May-2023	40d	AmazonAstro	ImprovementLoud3581	1
15-May-2023	40d	AmazonAstro	audiolomb	1
15-May-2023	40d	AmazonAstro	KenEsq	1
15-May-2023	40d	AmazonAstro	cityofruston	1
15-May-2023	40d	AmazonAstro	brianrx99	1
15-May-2023	40d	AmazonAstro	AllGoodNamesRGone-	1
15-May-2023	40d	AmazonAstro	Carlos60607	1
15-May-2023	40d	AmazonAstro	aterribleexcuse	1
