query_date	before_date	subreddit	comment_author	comment_frequency
03-May-2023	80d	alexa	[deleted]	68
03-May-2023	80d	alexa	Dansk72	57
03-May-2023	80d	alexa	brantome24	32
03-May-2023	80d	alexa	gangsteroflove1	24
03-May-2023	80d	alexa	Wayne8766	21
03-May-2023	80d	alexa	antisane	20
03-May-2023	80d	alexa	Famous-Perspective-3	16
03-May-2023	80d	alexa	RedMapleBat	14
03-May-2023	80d	alexa	Important-Comfort	13
03-May-2023	80d	alexa	downloaderfan	13
03-May-2023	80d	alexa	BSBitch47	12
03-May-2023	80d	alexa	VikingOy	10
03-May-2023	80d	alexa	tarzan_nojane	9
03-May-2023	80d	alexa	kresbok	8
03-May-2023	80d	alexa	Njtotx3	8
03-May-2023	80d	alexa	myfufu	8
03-May-2023	80d	alexa	dalmarnock	7
03-May-2023	80d	alexa	doc_snyder	7
03-May-2023	80d	alexa	GaryTurbo	7
03-May-2023	80d	alexa	DragonWolf5589	7
03-May-2023	80d	alexa	Scooter310	6
03-May-2023	80d	alexa	ggs657	6
03-May-2023	80d	alexa	jcretrop	6
03-May-2023	80d	alexa	Trick-Two497	6
03-May-2023	80d	alexa	Bluedemonde	6
03-May-2023	80d	alexa	thedreaming2017	5
03-May-2023	80d	alexa	tendervittles77	5
03-May-2023	80d	alexa	mikeyshu	5
03-May-2023	80d	alexa	Blueandigo	5
03-May-2023	80d	alexa	NAAnymore	5
03-May-2023	80d	alexa	vylip	5
03-May-2023	80d	alexa	NikkiRoxi	5
03-May-2023	80d	alexa	versaveaux	5
03-May-2023	80d	alexa	jjharkan	5
03-May-2023	80d	alexa	RR0925	5
03-May-2023	80d	alexa	Jano_tho	4
03-May-2023	80d	alexa	Striking_Raspberry57	4
03-May-2023	80d	alexa	PrivatePilot9	4
03-May-2023	80d	alexa	Riquende	4
03-May-2023	80d	alexa	TheGalaxyEater	4
03-May-2023	80d	alexa	BHAinSweden	4
03-May-2023	80d	alexa	winelight	4
03-May-2023	80d	alexa	Aggressive_Lake191	4
03-May-2023	80d	alexa	DerFred3	4
03-May-2023	80d	alexa	j4mes_27	4
03-May-2023	80d	alexa	krisiteenie	4
03-May-2023	80d	alexa	Baremegigjen	4
03-May-2023	80d	alexa	SonicTheDog420	4
03-May-2023	80d	alexa	Im_Your_Consciense	4
03-May-2023	80d	alexa	RichyTea	4
03-May-2023	80d	alexa	Bearulice	4
03-May-2023	80d	alexa	TheFanMan64_again	4
03-May-2023	80d	alexa	Muted_Sorts	4
03-May-2023	80d	alexa	kkitty44	4
03-May-2023	80d	alexa	Gwynnavere	4
03-May-2023	80d	alexa	Furiousguy79	3
03-May-2023	80d	alexa	NorthernMan5	3
03-May-2023	80d	alexa	normal2norman	3
03-May-2023	80d	alexa	partypantaloons	3
03-May-2023	80d	alexa	GronlandicReddit	3
03-May-2023	80d	alexa	AD_MDestroyer	3
03-May-2023	80d	alexa	zsoltsandor	3
03-May-2023	80d	alexa	deadeye09	3
03-May-2023	80d	alexa	Blondeambitchion	3
03-May-2023	80d	alexa	big_taco_guy	3
03-May-2023	80d	alexa	trumanlet	3
03-May-2023	80d	alexa	DryHJ	3
03-May-2023	80d	alexa	Ares6	3
03-May-2023	80d	alexa	Jubaliya	3
03-May-2023	80d	alexa	Large-Squash8379	3
03-May-2023	80d	alexa	KitWat	3
03-May-2023	80d	alexa	Mouthtrap	3
03-May-2023	80d	alexa	brokenarrow7777777	3
03-May-2023	80d	alexa	MoistBridge1090	3
03-May-2023	80d	alexa	killermonkey87	3
03-May-2023	80d	alexa	halcyon918	3
03-May-2023	80d	alexa	mrezar	3
03-May-2023	80d	alexa	ami2weird4u	3
03-May-2023	80d	alexa	Gizmify	3
03-May-2023	80d	alexa	mikerapegoobies	3
03-May-2023	80d	alexa	AmDDJunkie	3
03-May-2023	80d	alexa	rsrandall_	2
03-May-2023	80d	alexa	HonnyBrown	2
03-May-2023	80d	alexa	BriSleep	2
03-May-2023	80d	alexa	Hamst_r	2
03-May-2023	80d	alexa	jeweliegb	2
03-May-2023	80d	alexa	maybe-me	2
03-May-2023	80d	alexa	doubleg72	2
03-May-2023	80d	alexa	Tough_Clix	2
03-May-2023	80d	alexa	LateChapter8596	2
03-May-2023	80d	alexa	wpbguy69	2
03-May-2023	80d	alexa	noocit	2
03-May-2023	80d	alexa	Kasdaya	2
03-May-2023	80d	alexa	1Bourbon1Scotch1Rye	2
03-May-2023	80d	alexa	Initial_Contest	2
03-May-2023	80d	alexa	xamomax	2
03-May-2023	80d	alexa	niuzki	2
03-May-2023	80d	alexa	Helpful_Put_5274	2
03-May-2023	80d	alexa	jonehughes	2
03-May-2023	80d	alexa	bugbia	2
03-May-2023	80d	alexa	OsborneCoxMemoir3	2
03-May-2023	80d	alexa	Dingdongmycatisgone	2
03-May-2023	80d	alexa	breakneckridge	2
03-May-2023	80d	alexa	GruntledEx	2
03-May-2023	80d	alexa	icolinpro	2
03-May-2023	80d	alexa	WhatWouldTNGPicardDo	2
03-May-2023	80d	alexa	ex-oh	2
03-May-2023	80d	alexa	K3RTSK	2
03-May-2023	80d	alexa	Rylos1701	2
03-May-2023	80d	alexa	ashley0497	2
03-May-2023	80d	alexa	RNX77	2
03-May-2023	80d	alexa	wolfelias2	2
03-May-2023	80d	alexa	Kyosji	2
03-May-2023	80d	alexa	Michael_10-4	2
03-May-2023	80d	alexa	SamBGB	2
03-May-2023	80d	alexa	GreatTao	2
03-May-2023	80d	alexa	NativeCoder	2
03-May-2023	80d	alexa	wildwood9843	2
03-May-2023	80d	alexa	VAgreengene	2
03-May-2023	80d	alexa	mistressofnone	2
03-May-2023	80d	alexa	Flip86	2
03-May-2023	80d	alexa	Particular-Bank-5519	2
03-May-2023	80d	alexa	NameOfWhichIsTaken	2
03-May-2023	80d	alexa	TrustLeft	2
03-May-2023	80d	alexa	rcroche01	2
03-May-2023	80d	alexa	ATX_Analytics	2
03-May-2023	80d	alexa	paulcjones	2
03-May-2023	80d	alexa	brannonglover	2
03-May-2023	80d	alexa	gogovic219	2
03-May-2023	80d	alexa	DARKFiB3R	2
03-May-2023	80d	alexa	redalexei	2
03-May-2023	80d	alexa	Desert_Trader	2
03-May-2023	80d	alexa	Elkee68	2
03-May-2023	80d	alexa	CallMeRawie	2
03-May-2023	80d	alexa	nepbug	2
03-May-2023	80d	alexa	ShibuRingo	2
03-May-2023	80d	alexa	Eclipse8301	2
03-May-2023	80d	alexa	SuchSalad4	2
03-May-2023	80d	alexa	_druzod	2
03-May-2023	80d	alexa	Flimsy_Temperature_8	2
03-May-2023	80d	alexa	CarolTheCleaningLady	2
03-May-2023	80d	alexa	4ment	2
03-May-2023	80d	alexa	Responsible-Exit-901	2
03-May-2023	80d	alexa	bluenautilus2	2
03-May-2023	80d	alexa	dadudster	2
03-May-2023	80d	alexa	tuliusy2k	2
03-May-2023	80d	alexa	mrBill12	2
03-May-2023	80d	alexa	Sullhammer	2
03-May-2023	80d	alexa	hlp3916	1
03-May-2023	80d	alexa	eiorrmg	1
03-May-2023	80d	alexa	redapples42	1
03-May-2023	80d	alexa	Slade_Williams	1
03-May-2023	80d	alexa	scattered_ideas	1
03-May-2023	80d	alexa	Aboricand	1
03-May-2023	80d	alexa	FakespotAnalysisBot	1
03-May-2023	80d	alexa	speccyteccy	1
03-May-2023	80d	alexa	f_conte	1
03-May-2023	80d	alexa	Carter-Gullickson	1
03-May-2023	80d	alexa	PaleontologistEven98	1
03-May-2023	80d	alexa	zero_dr00l	1
03-May-2023	80d	alexa	wkomorow	1
03-May-2023	80d	alexa	CedarPointDada	1
03-May-2023	80d	alexa	Watashifr	1
03-May-2023	80d	alexa	jacivb	1
03-May-2023	80d	alexa	CherishSlan	1
03-May-2023	80d	alexa	dantesgift	1
03-May-2023	80d	alexa	moodragonfly	1
03-May-2023	80d	alexa	BobWells	1
03-May-2023	80d	alexa	VeryContributory	1
03-May-2023	80d	alexa	Objective_Butterfly7	1
03-May-2023	80d	alexa	polk1845	1
03-May-2023	80d	alexa	hmd_yip	1
03-May-2023	80d	alexa	237wood	1
03-May-2023	80d	alexa	FunkyFreshJive	1
03-May-2023	80d	alexa	Stormy-Monday	1
03-May-2023	80d	alexa	-m1zu-	1
03-May-2023	80d	alexa	buddhafig	1
03-May-2023	80d	alexa	katriki	1
03-May-2023	80d	alexa	Corn3tto	1
03-May-2023	80d	alexa	paulywauly99	1
03-May-2023	80d	alexa	GarfieldSighs3	1
03-May-2023	80d	alexa	ViolentEdWhoopWhoop	1
03-May-2023	80d	alexa	LukasHeinzel	1
03-May-2023	80d	alexa	rashnull	1
03-May-2023	80d	alexa	PilotTyers	1
03-May-2023	80d	alexa	FastAndForgetful	1
03-May-2023	80d	alexa	freelancerjourn	1
03-May-2023	80d	alexa	OkRegret1644	1
03-May-2023	80d	alexa	dddhome	1
03-May-2023	80d	alexa	katesicle82	1
03-May-2023	80d	alexa	BlueIdoru	1
03-May-2023	80d	alexa	shagieIsMe	1
03-May-2023	80d	alexa	HolierThanYow	1
03-May-2023	80d	alexa	steinauf85	1
03-May-2023	80d	alexa	Monkfich	1
03-May-2023	80d	alexa	kelsiersghost	1
03-May-2023	80d	alexa	ATXthedude	1
03-May-2023	80d	alexa	realStuvis	1
03-May-2023	80d	alexa	Scarab138	1
03-May-2023	80d	alexa	Rolo_9000	1
03-May-2023	80d	alexa	Multiversal_Love	1
03-May-2023	80d	alexa	hab136	1
03-May-2023	80d	alexa	SkatterbrainMusic420	1
03-May-2023	80d	alexa	Deceptiveideas	1
03-May-2023	80d	alexa	Trevlavo7	1
03-May-2023	80d	alexa	RichieHHam	1
03-May-2023	80d	alexa	femalemadman	1
03-May-2023	80d	alexa	ClooneyAnna	1
03-May-2023	80d	alexa	IncapableOfLaughing	1
03-May-2023	80d	alexa	Novajesus	1
03-May-2023	80d	alexa	iRawriLaugh	1
03-May-2023	80d	alexa	Nick_W1	1
03-May-2023	80d	alexa	nit4sz	1
03-May-2023	80d	alexa	mmedlock	1
03-May-2023	80d	alexa	shadow198492	1
03-May-2023	80d	alexa	Dontcallmetiger	1
03-May-2023	80d	alexa	mediaserver8	1
03-May-2023	80d	alexa	geauxtigers77	1
03-May-2023	80d	alexa	Kilkegard	1
03-May-2023	80d	alexa	Terrible_Cut_3336	1
03-May-2023	80d	alexa	beritknight	1
03-May-2023	80d	alexa	Byrktr1	1
03-May-2023	80d	alexa	keitheii	1
03-May-2023	80d	alexa	original_dr_mono	1
03-May-2023	80d	alexa	CJohnstone90	1
03-May-2023	80d	alexa	neophlegm	1
03-May-2023	80d	alexa	diymatt	1
03-May-2023	80d	alexa	Queensboy57	1
03-May-2023	80d	alexa	Agitated_Pilot8629	1
03-May-2023	80d	alexa	cutelory	1
03-May-2023	80d	alexa	Sad-Teacher6579	1
03-May-2023	80d	alexa	SC487	1
03-May-2023	80d	alexa	Ichthius	1
03-May-2023	80d	alexa	Tall_Purpose3740	1
03-May-2023	80d	alexa	Enos316	1
03-May-2023	80d	alexa	skarro-	1
03-May-2023	80d	alexa	TwentyLegs	1
03-May-2023	80d	alexa	Anonymous_Bozo	1
03-May-2023	80d	alexa	ChrisSoll48	1
03-May-2023	80d	alexa	dnlmnn	1
03-May-2023	80d	alexa	what01448005	1
03-May-2023	80d	alexa	Freeagnt	1
03-May-2023	80d	alexa	ChrisP2a	1
03-May-2023	80d	alexa	SooThatGuy	1
03-May-2023	80d	alexa	RedToby	1
03-May-2023	80d	alexa	rainystateguy	1
03-May-2023	80d	alexa	leigh094	1
03-May-2023	80d	alexa	sometin__else	1
03-May-2023	80d	alexa	Dawn0fTime	1
03-May-2023	80d	alexa	termin8stayresident	1
03-May-2023	80d	alexa	DiogoBenigno	1
03-May-2023	80d	alexa	friendlyhermit	1
03-May-2023	80d	alexa	flargenhargen	1
03-May-2023	80d	alexa	duluoz1	1
03-May-2023	80d	alexa	InterstellarDeathPur	1
03-May-2023	80d	alexa	_SeeTurtle_	1
03-May-2023	80d	alexa	iShock89	1
03-May-2023	80d	alexa	theboatlover	1
03-May-2023	80d	alexa	An-Old-Fart	1
03-May-2023	80d	alexa	DebtPlenty2383	1
03-May-2023	80d	alexa	jt325i	1
03-May-2023	80d	alexa	bigbuc	1
03-May-2023	80d	alexa	LilCube	1
03-May-2023	80d	alexa	FrenchMex	1
03-May-2023	80d	alexa	kiddleydivey	1
03-May-2023	80d	alexa	ritchie70	1
03-May-2023	80d	alexa	Stinky__Person	1
03-May-2023	80d	alexa	starcrescendo	1
03-May-2023	80d	alexa	babybunny129863	1
03-May-2023	80d	alexa	see_blue	1
03-May-2023	80d	alexa	PartyDad69	1
03-May-2023	80d	alexa	MikeLowry13	1
03-May-2023	80d	alexa	Healthy_Ladder_6198	1
03-May-2023	80d	alexa	vinsterX	1
03-May-2023	80d	alexa	Benjihubbs	1
03-May-2023	80d	alexa	dharris	1
03-May-2023	80d	alexa	Ok-Zookeepergame-698	1
03-May-2023	80d	alexa	KingZakyu	1
03-May-2023	80d	alexa	NoraaYat007	1
03-May-2023	80d	alexa	standupfiredancer	1
03-May-2023	80d	alexa	billccn	1
03-May-2023	80d	alexa	CanadianDiver	1
03-May-2023	80d	alexa	TheManFromConlig	1
03-May-2023	80d	alexa	Realistic_Clerk_2123	1
03-May-2023	80d	alexa	justin0628	1
03-May-2023	80d	alexa	unreqistered	1
03-May-2023	80d	alexa	Soggy_Midnight980	1
03-May-2023	80d	alexa	googy55	1
03-May-2023	80d	alexa	erowell1974	1
03-May-2023	80d	alexa	ChiefBroady	1
03-May-2023	80d	alexa	ElectriCole	1
03-May-2023	80d	alexa	soggybread666	1
03-May-2023	80d	alexa	adb1146	1
03-May-2023	80d	alexa	CKR83	1
03-May-2023	80d	alexa	neBettin	1
03-May-2023	80d	alexa	nanaboostme	1
03-May-2023	80d	alexa	mostlynights	1
03-May-2023	80d	alexa	Kwintty7	1
03-May-2023	80d	alexa	haroldslackenoffer	1
03-May-2023	80d	alexa	Miata_GT	1
03-May-2023	80d	alexa	RUN-PMT	1
03-May-2023	80d	alexa	Easy-Classic-2157	1
03-May-2023	80d	alexa	iapawv	1
03-May-2023	80d	alexa	Jmckeown2	1
03-May-2023	80d	alexa	silenthatch	1
03-May-2023	80d	alexa	Nossie	1
03-May-2023	80d	alexa	Far-Independent704	1
03-May-2023	80d	alexa	freebubbleup	1
03-May-2023	80d	alexa	QuasarSoze	1
03-May-2023	80d	alexa	Svelte01	1
03-May-2023	80d	alexa	oldroadfan52	1
03-May-2023	80d	alexa	YaTheMadness	1
03-May-2023	80d	alexa	aram654	1
03-May-2023	80d	alexa	ollieworkman	1
03-May-2023	80d	alexa	tgoz13	1
03-May-2023	80d	alexa	greggsand	1
03-May-2023	80d	alexa	ani2781	1
03-May-2023	80d	alexa	yellowlinedpaper	1
03-May-2023	80d	alexa	catheterhero	1
03-May-2023	80d	alexa	suatkelem	1
03-May-2023	80d	alexa	airmandan	1
03-May-2023	80d	alexa	Ok_Friend1741	1
03-May-2023	80d	alexa	Gredo89	1
03-May-2023	80d	alexa	codecrackx15	1
03-May-2023	80d	alexa	alb_digidizi	1
03-May-2023	80d	alexa	Teppischgesicht	1
03-May-2023	80d	alexa	propagandhi1	1
03-May-2023	80d	alexa	Impulse3000	1
03-May-2023	80d	alexa	Bsjensen1012	1
03-May-2023	80d	alexa	Happycthulhu	1
03-May-2023	80d	alexa	Active-Drive-7749	1
03-May-2023	80d	alexa	panda_has_reddit_now	1
03-May-2023	80d	alexa	iExtro13	1
03-May-2023	80d	alexa	Heggy5	1
03-May-2023	80d	alexa	Outside_Pin_8923	1
03-May-2023	80d	alexa	VariousBlonde	1
03-May-2023	80d	alexa	JonathanMurray272	1
03-May-2023	80d	alexa	jdobem	1
03-May-2023	80d	alexa	tim0767	1
03-May-2023	80d	alexa	Phlobotz	1
03-May-2023	80d	alexa	Dragonflies4eva	1
03-May-2023	80d	alexa	jeremythepope	1
03-May-2023	80d	alexa	TMNTFan99	1
03-May-2023	80d	alexa	Complex-Thought7848	1
03-May-2023	80d	alexa	ThreeNC	1
03-May-2023	80d	alexa	N-V-N-D-O	1
03-May-2023	80d	alexa	ChiefinLasVegas	1
03-May-2023	80d	alexa	bbacardi18	1
03-May-2023	80d	alexa	MrKooops	1
03-May-2023	80d	alexa	McFeely_Smackup	1
03-May-2023	80d	alexa	joey133	1
03-May-2023	80d	alexa	ChunkyLaFunga	1
03-May-2023	80d	alexa	ActualMis	1
03-May-2023	80d	alexa	-DogProblems-	1
03-May-2023	80d	alexa	Tampapokemon	1
03-May-2023	80d	alexa	throwaway186736	1
03-May-2023	80d	alexa	DSavoie6	1
03-May-2023	80d	alexa	cadioli	1
03-May-2023	80d	alexa	mikeinmass	1
03-May-2023	80d	alexa	Movykappa	1
03-May-2023	80d	alexa	CuriousMe6987	1
03-May-2023	80d	alexa	theofficehussy	1
03-May-2023	80d	alexa	Sufficient_Subject95	1
03-May-2023	80d	alexa	jaguar879	1
03-May-2023	80d	alexa	SaltyIsland1008	1
03-May-2023	80d	alexa	anow2	1
03-May-2023	80d	alexa	SirMego	1
03-May-2023	80d	alexa	abejabuzzzz	1
03-May-2023	80d	alexa	WomanOfEld	1
03-May-2023	80d	alexa	mymonkeyishungry	1
03-May-2023	80d	alexa	SirEnzyme	1
03-May-2023	80d	alexa	ianishomer	1
03-May-2023	80d	alexa	Rice_Eater483	1
03-May-2023	80d	alexa	Neighbortim	1
03-May-2023	80d	alexa	mfwood8	1
03-May-2023	80d	alexa	netrate	1
03-May-2023	80d	alexa	washburn100	1
03-May-2023	80d	alexa	ztreft1	1
03-May-2023	80d	alexa	MAGunGuy	1
03-May-2023	80d	alexa	crownedmartyr	1
03-May-2023	80d	alexa	yeshereisaname	1
03-May-2023	80d	alexa	PURKITTY	1
03-May-2023	80d	alexa	MrNumberOneMan	1
03-May-2023	80d	alexa	Manish_B_reddit	1
03-May-2023	80d	alexa	GetRiceCrispy	1
03-May-2023	80d	alexa	sbalarad	1
03-May-2023	80d	alexa	jookieapc	1
03-May-2023	80d	alexa	No-Enthusiasm-1423	1
03-May-2023	80d	alexa	veedems	1
03-May-2023	80d	alexa	ViscountBurrito	1
03-May-2023	80d	alexa	xZTrdNVNizab4zLWEynB	1
03-May-2023	80d	alexa	hamo78	1
03-May-2023	80d	alexa	libertymartin190	1
03-May-2023	80d	alexa	zestypurplecatalyst	1
03-May-2023	80d	alexa	100_Percent_Dark	1
03-May-2023	80d	alexa	Kenuven	1
03-May-2023	80d	alexa	werdmouf	1
03-May-2023	80d	alexa	urbanaprof	1
03-May-2023	80d	alexa	BJBBJB99	1
03-May-2023	80d	alexa	OldShipwrecked	1
03-May-2023	80d	alexa	DaVyper	1
03-May-2023	80d	alexa	Kafuu21	1
03-May-2023	80d	alexa	AskWhatWhen	1
03-May-2023	80d	alexa	spinozasrobot	1
03-May-2023	80d	alexa	ScruffyMo_onkey	1
03-May-2023	80d	alexa	MiNeCrAftERjeb_	1
03-May-2023	80d	alexa	tcpukl	1
03-May-2023	80d	alexa	Simplexitycustom	1
03-May-2023	80d	alexa	not_a_lady_tonight	1
03-May-2023	80d	alexa	theblueoddity	1
03-May-2023	80d	alexa	CoffeeOrWhine	1
03-May-2023	80d	alexa	drtyndale	1
