query_date	before_date	subreddit	comment_author	comment_frequency
03-May-2023	30d	alexa	[deleted]	108
03-May-2023	30d	alexa	Dansk72	55
03-May-2023	30d	alexa	Muted_Sorts	20
03-May-2023	30d	alexa	Wayne8766	20
03-May-2023	30d	alexa	Famous-Perspective-3	17
03-May-2023	30d	alexa	EEEEEE-E132	16
03-May-2023	30d	alexa	antisane	16
03-May-2023	30d	alexa	RedMapleBat	15
03-May-2023	30d	alexa	brantome24	12
03-May-2023	30d	alexa	WhatWouldTNGPicardDo	10
03-May-2023	30d	alexa	InterstellarDeathPur	8
03-May-2023	30d	alexa	BigVariation3	8
03-May-2023	30d	alexa	Laura--Rampart	7
03-May-2023	30d	alexa	LazarianV	7
03-May-2023	30d	alexa	dondixon	7
03-May-2023	30d	alexa	temp4adhd	7
03-May-2023	30d	alexa	Important-Comfort	6
03-May-2023	30d	alexa	thedreaming2017	6
03-May-2023	30d	alexa	HonnyBrown	6
03-May-2023	30d	alexa	SpockYoda	5
03-May-2023	30d	alexa	Laura9624	5
03-May-2023	30d	alexa	ggs657	5
03-May-2023	30d	alexa	pee_face_applehead	5
03-May-2023	30d	alexa	spleencheesemonkey	5
03-May-2023	30d	alexa	googy55	5
03-May-2023	30d	alexa	dmt_alpha	5
03-May-2023	30d	alexa	tendervittles77	5
03-May-2023	30d	alexa	Garden_Lady2	5
03-May-2023	30d	alexa	supergimp2000	5
03-May-2023	30d	alexa	Scooter310	5
03-May-2023	30d	alexa	tbrown2080	5
03-May-2023	30d	alexa	Aggravated-by-alexa	5
03-May-2023	30d	alexa	SgtSplacker	5
03-May-2023	30d	alexa	Torontobeachboy	4
03-May-2023	30d	alexa	rcroche01	4
03-May-2023	30d	alexa	Edragon85	4
03-May-2023	30d	alexa	MarvinG1984	4
03-May-2023	30d	alexa	bigj2552	4
03-May-2023	30d	alexa	oswaler	4
03-May-2023	30d	alexa	NicoJunco	4
03-May-2023	30d	alexa	spisHjerner	4
03-May-2023	30d	alexa	tarzan_nojane	4
03-May-2023	30d	alexa	KitWat	4
03-May-2023	30d	alexa	Trick-Two497	4
03-May-2023	30d	alexa	Thecussen	4
03-May-2023	30d	alexa	freelancerjourn	4
03-May-2023	30d	alexa	OldGuyGeek	4
03-May-2023	30d	alexa	AaronG85	4
03-May-2023	30d	alexa	HairySphere	4
03-May-2023	30d	alexa	Jack_Benney	3
03-May-2023	30d	alexa	htowntex	3
03-May-2023	30d	alexa	Heggy5	3
03-May-2023	30d	alexa	jazzageguy	3
03-May-2023	30d	alexa	TheRealFarmerBob	3
03-May-2023	30d	alexa	Pollywogstew_mi	3
03-May-2023	30d	alexa	CTRexPope	3
03-May-2023	30d	alexa	DanAboutT0wn	3
03-May-2023	30d	alexa	stilldeb	3
03-May-2023	30d	alexa	BahaMan69	3
03-May-2023	30d	alexa	dbonneville	3
03-May-2023	30d	alexa	Revolutionary-Fact6	3
03-May-2023	30d	alexa	porterhouse0	3
03-May-2023	30d	alexa	KingZakyu	3
03-May-2023	30d	alexa	notinferno	3
03-May-2023	30d	alexa	inchoatemeaning	3
03-May-2023	30d	alexa	twhiting9275	3
03-May-2023	30d	alexa	Guido-thekillerpimp	3
03-May-2023	30d	alexa	normal2norman	3
03-May-2023	30d	alexa	essex_ludlow	3
03-May-2023	30d	alexa	Howler7777	3
03-May-2023	30d	alexa	LuluLaRue1	3
03-May-2023	30d	alexa	neophlegm	3
03-May-2023	30d	alexa	LLPF2	3
03-May-2023	30d	alexa	Kbye80	3
03-May-2023	30d	alexa	SomeRando1967	3
03-May-2023	30d	alexa	Smirkydarkdude	3
03-May-2023	30d	alexa	Foreheadless	3
03-May-2023	30d	alexa	dackasaurus	3
03-May-2023	30d	alexa	bhalf19	3
03-May-2023	30d	alexa	BSBitch47	3
03-May-2023	30d	alexa	loziomario	3
03-May-2023	30d	alexa	ninegagz	3
03-May-2023	30d	alexa	Turbulent_Tale6497	2
03-May-2023	30d	alexa	monolithtma	2
03-May-2023	30d	alexa	Riquende	2
03-May-2023	30d	alexa	santaklaw	2
03-May-2023	30d	alexa	brucehhlo	2
03-May-2023	30d	alexa	nutznshells	2
03-May-2023	30d	alexa	Ok_Initiative_2420	2
03-May-2023	30d	alexa	halcyon918	2
03-May-2023	30d	alexa	ferdinandsalzberg	2
03-May-2023	30d	alexa	kprecor	2
03-May-2023	30d	alexa	breakneckridge	2
03-May-2023	30d	alexa	bvdp	2
03-May-2023	30d	alexa	Fleemo17	2
03-May-2023	30d	alexa	IncapableOfLaughing	2
03-May-2023	30d	alexa	CuriousMe6987	2
03-May-2023	30d	alexa	khantroll1	2
03-May-2023	30d	alexa	TwentyLegs	2
03-May-2023	30d	alexa	Zakkana	2
03-May-2023	30d	alexa	Michael_10-4	2
03-May-2023	30d	alexa	ignoremypresence96	2
03-May-2023	30d	alexa	Assist-Visual	2
03-May-2023	30d	alexa	leopoldovitch	2
03-May-2023	30d	alexa	Relative-Pea-65	2
03-May-2023	30d	alexa	Miata_GT	2
03-May-2023	30d	alexa	josh-i	2
03-May-2023	30d	alexa	Cottonita	2
03-May-2023	30d	alexa	ftwes	2
03-May-2023	30d	alexa	Valmeri	2
03-May-2023	30d	alexa	snelson66-Duluth	2
03-May-2023	30d	alexa	Gwynnavere	2
03-May-2023	30d	alexa	Zealousideal_Weird_3	2
03-May-2023	30d	alexa	WacoNanna	2
03-May-2023	30d	alexa	Accomplished_Lake128	2
03-May-2023	30d	alexa	pir8radio	2
03-May-2023	30d	alexa	UpboatsforUpvotes	2
03-May-2023	30d	alexa	aguaholic33	2
03-May-2023	30d	alexa	sometin__else	2
03-May-2023	30d	alexa	flargenhargen	2
03-May-2023	30d	alexa	mediaserver8	2
03-May-2023	30d	alexa	Winter-Arugula-3622	2
03-May-2023	30d	alexa	billwashere	2
03-May-2023	30d	alexa	DartSport	2
03-May-2023	30d	alexa	Serjical__Strike	2
03-May-2023	30d	alexa	MeliodasKush	2
03-May-2023	30d	alexa	gozer90	2
03-May-2023	30d	alexa	J4M0MU51C	2
03-May-2023	30d	alexa	cking22001	2
03-May-2023	30d	alexa	EBone12355	2
03-May-2023	30d	alexa	washburn100	2
03-May-2023	30d	alexa	RemindMeBot	2
03-May-2023	30d	alexa	aireland2006	2
03-May-2023	30d	alexa	middle_aged_cyclist	2
03-May-2023	30d	alexa	Tethilia	2
03-May-2023	30d	alexa	Formal-Ad8037	2
03-May-2023	30d	alexa	IAmWhatIWill	2
03-May-2023	30d	alexa	Bklover93	2
03-May-2023	30d	alexa	nagetech	2
03-May-2023	30d	alexa	rochesterrr	2
03-May-2023	30d	alexa	slawnz	2
03-May-2023	30d	alexa	ibwebb86	2
03-May-2023	30d	alexa	wkearney99	2
03-May-2023	30d	alexa	ViscountBurrito	2
03-May-2023	30d	alexa	crazywatson	2
03-May-2023	30d	alexa	Vamdrapids	2
03-May-2023	30d	alexa	SkyFullofHat	2
03-May-2023	30d	alexa	puppypossumpendulum	2
03-May-2023	30d	alexa	LonelyChampionship17	2
03-May-2023	30d	alexa	Qubrick	2
03-May-2023	30d	alexa	donclark-Atlanta	2
03-May-2023	30d	alexa	Man_Bear_Beaver	1
03-May-2023	30d	alexa	DoctorToonz	1
03-May-2023	30d	alexa	Max-Dmg	1
03-May-2023	30d	alexa	xtools-at	1
03-May-2023	30d	alexa	freebubbleup	1
03-May-2023	30d	alexa	zziipper	1
03-May-2023	30d	alexa	-Battlecat	1
03-May-2023	30d	alexa	JoyFull117	1
03-May-2023	30d	alexa	WinnieGirl22	1
03-May-2023	30d	alexa	MamaTyg	1
03-May-2023	30d	alexa	stacielynn89	1
03-May-2023	30d	alexa	Njtotx3	1
03-May-2023	30d	alexa	heimdal77	1
03-May-2023	30d	alexa	Pointofive	1
03-May-2023	30d	alexa	Woodythdog	1
03-May-2023	30d	alexa	VisualReversal	1
03-May-2023	30d	alexa	1977-05-25	1
03-May-2023	30d	alexa	Latte_THE_HaMb	1
03-May-2023	30d	alexa	NCael	1
03-May-2023	30d	alexa	cwoodaus17	1
03-May-2023	30d	alexa	FlashyIntention6547	1
03-May-2023	30d	alexa	Complex-Thought7848	1
03-May-2023	30d	alexa	Dull_Woodpecker6766	1
03-May-2023	30d	alexa	GravitasMusic	1
03-May-2023	30d	alexa	rubs_tshirts	1
03-May-2023	30d	alexa	ianganderton	1
03-May-2023	30d	alexa	louloutre75	1
03-May-2023	30d	alexa	Big_Attempt6783	1
03-May-2023	30d	alexa	Deeg1026	1
03-May-2023	30d	alexa	Gboteos	1
03-May-2023	30d	alexa	lolfuckoff69	1
03-May-2023	30d	alexa	Stormy-Monday	1
03-May-2023	30d	alexa	Usa_45	1
03-May-2023	30d	alexa	GreenThmb	1
03-May-2023	30d	alexa	LuaparK	1
03-May-2023	30d	alexa	Distinct-Stranger816	1
03-May-2023	30d	alexa	Solicited_Duck_Pics	1
03-May-2023	30d	alexa	Elhessar	1
03-May-2023	30d	alexa	CopperSauce	1
03-May-2023	30d	alexa	Lufferov	1
03-May-2023	30d	alexa	DrinksNKnowsThings	1
03-May-2023	30d	alexa	Grimdave	1
03-May-2023	30d	alexa	livykiki	1
03-May-2023	30d	alexa	lachavela	1
03-May-2023	30d	alexa	MrCrawcikTv	1
03-May-2023	30d	alexa	AhtonicusCruxzonicus	1
03-May-2023	30d	alexa	versaveaux	1
03-May-2023	30d	alexa	uniquedifferences	1
03-May-2023	30d	alexa	AdamOas	1
03-May-2023	30d	alexa	dalmarnock	1
03-May-2023	30d	alexa	kelsiersghost	1
03-May-2023	30d	alexa	CurryMustard	1
03-May-2023	30d	alexa	probablysarcastic	1
03-May-2023	30d	alexa	Enos316	1
03-May-2023	30d	alexa	rwhal06	1
03-May-2023	30d	alexa	Wade1217	1
03-May-2023	30d	alexa	J4MEJ	1
03-May-2023	30d	alexa	imfm	1
03-May-2023	30d	alexa	ACPotato	1
03-May-2023	30d	alexa	BuckityFye	1
03-May-2023	30d	alexa	LennyIsAFox1	1
03-May-2023	30d	alexa	kelvin_bot	1
03-May-2023	30d	alexa	ENrgStar	1
03-May-2023	30d	alexa	Stray_Bullet78	1
03-May-2023	30d	alexa	lostinthe530	1
03-May-2023	30d	alexa	DadVader77	1
03-May-2023	30d	alexa	iamatworknowtoo	1
03-May-2023	30d	alexa	LLAMA_on_a_unicycle	1
03-May-2023	30d	alexa	BadgersAndJam77	1
03-May-2023	30d	alexa	kerfuffle_dood	1
03-May-2023	30d	alexa	crvgt	1
03-May-2023	30d	alexa	linuxlib	1
03-May-2023	30d	alexa	coaudavman	1
03-May-2023	30d	alexa	bawlachora	1
03-May-2023	30d	alexa	theneedfull	1
03-May-2023	30d	alexa	GP_Byrne	1
03-May-2023	30d	alexa	Eatpineapplenow	1
03-May-2023	30d	alexa	hapa-boi	1
03-May-2023	30d	alexa	Suspicious_Picture95	1
03-May-2023	30d	alexa	veedems	1
03-May-2023	30d	alexa	HQ_Mattster	1
03-May-2023	30d	alexa	JonathanMurray272	1
03-May-2023	30d	alexa	snac	1
03-May-2023	30d	alexa	Proper-Maintenance77	1
03-May-2023	30d	alexa	P_Devil	1
03-May-2023	30d	alexa	MichaelJayQue	1
03-May-2023	30d	alexa	ThisIsNotTokyo	1
03-May-2023	30d	alexa	newtonbase	1
03-May-2023	30d	alexa	Rosemoorstreet	1
03-May-2023	30d	alexa	Ianyat	1
03-May-2023	30d	alexa	mike480	1
03-May-2023	30d	alexa	seansand	1
03-May-2023	30d	alexa	48fifteen162342	1
03-May-2023	30d	alexa	CaptainKen2	1
03-May-2023	30d	alexa	Glass-Material5689	1
03-May-2023	30d	alexa	SupernovaGamezYT	1
03-May-2023	30d	alexa	m_abdelfattah	1
03-May-2023	30d	alexa	LowDevelopment3714	1
03-May-2023	30d	alexa	FeathersOfJade	1
03-May-2023	30d	alexa	jxcb345	1
03-May-2023	30d	alexa	TheOriginalHuh	1
03-May-2023	30d	alexa	forumwhore	1
03-May-2023	30d	alexa	BillZZ7777	1
03-May-2023	30d	alexa	jeweliegb	1
03-May-2023	30d	alexa	funkygrrl	1
03-May-2023	30d	alexa	codewolf	1
03-May-2023	30d	alexa	Frank_chevelle	1
03-May-2023	30d	alexa	vivi_t3ch	1
03-May-2023	30d	alexa	Baremegigjen	1
03-May-2023	30d	alexa	carolineecouture	1
03-May-2023	30d	alexa	CryptographerSoft215	1
03-May-2023	30d	alexa	GakutoYo	1
03-May-2023	30d	alexa	ArdRi6	1
03-May-2023	30d	alexa	GothicEmmaLouise	1
03-May-2023	30d	alexa	JBinYYC	1
03-May-2023	30d	alexa	Loobeedo	1
03-May-2023	30d	alexa	clicker666	1
03-May-2023	30d	alexa	brannonglover	1
03-May-2023	30d	alexa	sanfranchristo	1
03-May-2023	30d	alexa	Upyakakychute	1
03-May-2023	30d	alexa	Mission_Highway5032	1
03-May-2023	30d	alexa	eijisawakita	1
03-May-2023	30d	alexa	Outrageous_Pool7	1
03-May-2023	30d	alexa	TheGratitudeBot	1
03-May-2023	30d	alexa	Underdoge69420	1
03-May-2023	30d	alexa	Watashifr	1
03-May-2023	30d	alexa	nah_im_just_looking	1
03-May-2023	30d	alexa	chewinchaz	1
03-May-2023	30d	alexa	MonoChz	1
03-May-2023	30d	alexa	Excellent-Zombie-470	1
03-May-2023	30d	alexa	ursur	1
03-May-2023	30d	alexa	BojackHorsey	1
03-May-2023	30d	alexa	BritniRose	1
03-May-2023	30d	alexa	Freeagnt	1
03-May-2023	30d	alexa	imaraccoonilovetrash	1
03-May-2023	30d	alexa	MattyNiceGuy	1
03-May-2023	30d	alexa	oooh-she-stealin	1
03-May-2023	30d	alexa	thee3	1
03-May-2023	30d	alexa	Vacation_Jonathan	1
03-May-2023	30d	alexa	jeffhunterx	1
03-May-2023	30d	alexa	Velena82	1
03-May-2023	30d	alexa	TheRatPatrol1	1
03-May-2023	30d	alexa	JackStrawWitchita	1
03-May-2023	30d	alexa	sara-alexa	1
03-May-2023	30d	alexa	uggyy	1
03-May-2023	30d	alexa	pylawn	1
03-May-2023	30d	alexa	RobertPaulsenSr	1
03-May-2023	30d	alexa	ViolentSprinkles	1
03-May-2023	30d	alexa	SashimiRick	1
03-May-2023	30d	alexa	Wilber187	1
03-May-2023	30d	alexa	Snakeyeskm	1
03-May-2023	30d	alexa	Retro_uk	1
03-May-2023	30d	alexa	Hyacin75	1
03-May-2023	30d	alexa	Kayshanski	1
03-May-2023	30d	alexa	Eastern-Honeydew-411	1
03-May-2023	30d	alexa	anniebme	1
03-May-2023	30d	alexa	calis	1
03-May-2023	30d	alexa	Rustybolts_	1
03-May-2023	30d	alexa	AuntRobin	1
03-May-2023	30d	alexa	DebtPlenty2383	1
03-May-2023	30d	alexa	cocoabeach	1
03-May-2023	30d	alexa	robbmann297	1
03-May-2023	30d	alexa	-JXter-	1
03-May-2023	30d	alexa	X0AN	1
03-May-2023	30d	alexa	RandyFMcDonald	1
03-May-2023	30d	alexa	runkrod1140	1
03-May-2023	30d	alexa	quickdrawmcsmokes	1
03-May-2023	30d	alexa	Krandor1	1
03-May-2023	30d	alexa	Twistterella	1
03-May-2023	30d	alexa	1shrimp	1
03-May-2023	30d	alexa	Dontcallmetiger	1
03-May-2023	30d	alexa	Di20	1
03-May-2023	30d	alexa	malki666	1
03-May-2023	30d	alexa	MightyHandy	1
03-May-2023	30d	alexa	livinlizard	1
03-May-2023	30d	alexa	BismarkUMD	1
03-May-2023	30d	alexa	huyouer	1
03-May-2023	30d	alexa	yeahmaybe	1
03-May-2023	30d	alexa	Iangh007	1
03-May-2023	30d	alexa	Curious-Conclusion	1
03-May-2023	30d	alexa	Torrence73	1
03-May-2023	30d	alexa	KamChiChris	1
03-May-2023	30d	alexa	mflbatman	1
03-May-2023	30d	alexa	buddhafig	1
03-May-2023	30d	alexa	Overall-Ad7670	1
03-May-2023	30d	alexa	Morbo782	1
03-May-2023	30d	alexa	12LetterName	1
03-May-2023	30d	alexa	DidYouLickIt	1
03-May-2023	30d	alexa	ThunderVamp9	1
03-May-2023	30d	alexa	baxter510	1
03-May-2023	30d	alexa	ipottersmith	1
03-May-2023	30d	alexa	bugbia	1
03-May-2023	30d	alexa	nzahn1	1
03-May-2023	30d	alexa	Technically_Bored14	1
03-May-2023	30d	alexa	CherryKeshav	1
03-May-2023	30d	alexa	threadycat	1
03-May-2023	30d	alexa	TuneMeIn_YT	1
03-May-2023	30d	alexa	SirLauncelot	1
03-May-2023	30d	alexa	iByteApple	1
03-May-2023	30d	alexa	clearc845	1
03-May-2023	30d	alexa	lolitsmax	1
03-May-2023	30d	alexa	MonoTopia5	1
03-May-2023	30d	alexa	zoltan99	1
03-May-2023	30d	alexa	bLiNdEN_	1
03-May-2023	30d	alexa	ImDerekJeterUShotMe	1
03-May-2023	30d	alexa	BitterRide7	1
03-May-2023	30d	alexa	hale444	1
03-May-2023	30d	alexa	varsitytrack	1
03-May-2023	30d	alexa	cruz0881	1
03-May-2023	30d	alexa	redlancer_1987	1
03-May-2023	30d	alexa	ko05012317	1
03-May-2023	30d	alexa	RelationshipFew5238	1
03-May-2023	30d	alexa	dirtyelliott	1
03-May-2023	30d	alexa	melduforx	1
03-May-2023	30d	alexa	xMisterMAYHEMx	1
03-May-2023	30d	alexa	OriginalCTrain	1
03-May-2023	30d	alexa	ObiYawn	1
03-May-2023	30d	alexa	SamBGB	1
03-May-2023	30d	alexa	biggledeeboo	1
03-May-2023	30d	alexa	Official_Government	1
03-May-2023	30d	alexa	Carlife0830	1
03-May-2023	30d	alexa	tinybib	1
03-May-2023	30d	alexa	Babyrix	1
03-May-2023	30d	alexa	PupChase	1
03-May-2023	30d	alexa	Competitive-Data2112	1
03-May-2023	30d	alexa	polarbearhero	1
03-May-2023	30d	alexa	zitsky	1
03-May-2023	30d	alexa	Sutarmekeg	1
03-May-2023	30d	alexa	Yesyesnaaooo	1
03-May-2023	30d	alexa	BrianAMartin221	1
03-May-2023	30d	alexa	burnbeforeburning	1
03-May-2023	30d	alexa	Sumpskildpadden	1
03-May-2023	30d	alexa	leftcoast-usa	1
03-May-2023	30d	alexa	s_boa	1
03-May-2023	30d	alexa	Texas_Torch	1
03-May-2023	30d	alexa	winelight	1
03-May-2023	30d	alexa	Calm_Character_422	1
03-May-2023	30d	alexa	Striking_Raspberry57	1
03-May-2023	30d	alexa	gregzywicki	1
03-May-2023	30d	alexa	BudgetAd8844	1
03-May-2023	30d	alexa	DCPOKnight	1
03-May-2023	30d	alexa	crackedcosmonaut	1
03-May-2023	30d	alexa	ImaginaryNerve	1
03-May-2023	30d	alexa	Pegafree	1
03-May-2023	30d	alexa	SoCalBritgirl	1
03-May-2023	30d	alexa	Exact_Roll_4048	1
03-May-2023	30d	alexa	LadyLoki5	1
03-May-2023	30d	alexa	nationalinterest	1
03-May-2023	30d	alexa	xamomax	1
03-May-2023	30d	alexa	bazfum	1
03-May-2023	30d	alexa	Equivalent-Energy-26	1
03-May-2023	30d	alexa	Jeffuk88	1
03-May-2023	30d	alexa	Swordnimi79	1
03-May-2023	30d	alexa	valencialeigh20	1
03-May-2023	30d	alexa	Soggy_Midnight980	1
03-May-2023	30d	alexa	squipysquip	1
03-May-2023	30d	alexa	Away-Ad-8053	1
03-May-2023	30d	alexa	imaginateinventify	1
03-May-2023	30d	alexa	ErinPaperbackstash	1
03-May-2023	30d	alexa	LurkerLoo	1
03-May-2023	30d	alexa	Eccentrica_Gallumbit	1
03-May-2023	30d	alexa	huzbum	1
03-May-2023	30d	alexa	enzyme8000	1
03-May-2023	30d	alexa	Kmj77	1
03-May-2023	30d	alexa	PP_UP	1
03-May-2023	30d	alexa	patbrochill89	1
03-May-2023	30d	alexa	Q48VW	1
03-May-2023	30d	alexa	lucy3141592	1
03-May-2023	30d	alexa	doctorkb	1
03-May-2023	30d	alexa	banisheduser	1
03-May-2023	30d	alexa	tribal_ru	1
03-May-2023	30d	alexa	Ok-Zookeepergame-698	1
03-May-2023	30d	alexa	isaiahfranco	1
03-May-2023	30d	alexa	Simplexitycustom	1
03-May-2023	30d	alexa	electric_bro	1
03-May-2023	30d	alexa	JeffR47	1
03-May-2023	30d	alexa	kresbok	1
03-May-2023	30d	alexa	grolschie	1
