query_date	before_date	subreddit	submission_author	submission_frequency
03-May-2023	30d	alexa	gangsteroflove1	11
03-May-2023	30d	alexa	sara-alexa	7
03-May-2023	30d	alexa	Multiversal_Love	6
03-May-2023	30d	alexa	Bearulice	5
03-May-2023	30d	alexa	Eclipse8301	5
03-May-2023	30d	alexa	Traditional_Mine1009	5
03-May-2023	30d	alexa	Sexy-alexa	4
03-May-2023	30d	alexa	pixolz	4
03-May-2023	30d	alexa	Simplexitycustom	4
03-May-2023	30d	alexa	bvdp	3
03-May-2023	30d	alexa	googy55	3
03-May-2023	30d	alexa	brannonglover	3
03-May-2023	30d	alexa	SirGreenDay	3
03-May-2023	30d	alexa	Standard-Outcome9881	3
03-May-2023	30d	alexa	thedreaming2017	3
03-May-2023	30d	alexa	No-Departure-2825	3
03-May-2023	30d	alexa	Father_Lightning	3
03-May-2023	30d	alexa	RandomNubGuy	3
03-May-2023	30d	alexa	TraditionGlass2315	3
03-May-2023	30d	alexa	TheUnknown0100	3
03-May-2023	30d	alexa	Moegsh	3
03-May-2023	30d	alexa	VikingOy	3
03-May-2023	30d	alexa	nick_frigerio	3
03-May-2023	30d	alexa	Htumedrm	3
03-May-2023	30d	alexa	TheDadRockPodcast	3
03-May-2023	30d	alexa	Few-Grapefruit9377	3
03-May-2023	30d	alexa	EEEEEE-E132	2
03-May-2023	30d	alexa	heimdal77	2
03-May-2023	30d	alexa	charlie-1973	2
03-May-2023	30d	alexa	oswaler	2
03-May-2023	30d	alexa	Njtotx3	2
03-May-2023	30d	alexa	DanAboutT0wn	2
03-May-2023	30d	alexa	pee_face_applehead	2
03-May-2023	30d	alexa	JordenL91	2
03-May-2023	30d	alexa	Laura--Rampart	2
03-May-2023	30d	alexa	kevinchadwick55	2
03-May-2023	30d	alexa	goForItMyBest	2
03-May-2023	30d	alexa	middle_aged_cyclist	2
03-May-2023	30d	alexa	inchoatemeaning	2
03-May-2023	30d	alexa	Traditional-Car2161	2
03-May-2023	30d	alexa	spleencheesemonkey	2
03-May-2023	30d	alexa	slawnz	2
03-May-2023	30d	alexa	harmonyscher	2
03-May-2023	30d	alexa	cryptotollnumber	2
03-May-2023	30d	alexa	tomm2611	2
03-May-2023	30d	alexa	ianganderton	2
03-May-2023	30d	alexa	ASKERWINTER	2
03-May-2023	30d	alexa	avg33k	2
03-May-2023	30d	alexa	ArticleIcicle	2
03-May-2023	30d	alexa	Smart-Raccoon-6887	2
03-May-2023	30d	alexa	ajd416	2
03-May-2023	30d	alexa	DickerBizeps	2
03-May-2023	30d	alexa	derrickcoleman44	2
03-May-2023	30d	alexa	luvadoodle	2
03-May-2023	30d	alexa	ReserveIntelligent90	2
03-May-2023	30d	alexa	lapeen4	2
03-May-2023	30d	alexa	Kaethy77	2
03-May-2023	30d	alexa	EvanMcD3	2
03-May-2023	30d	alexa	gods10rules	2
03-May-2023	30d	alexa	Kyosji	2
03-May-2023	30d	alexa	IvenaDarcy	2
03-May-2023	30d	alexa	Aggressive-Level-799	2
03-May-2023	30d	alexa	speccyteccy	2
03-May-2023	30d	alexa	Willing_Glove6657	2
03-May-2023	30d	alexa	Desperate-Station-71	2
03-May-2023	30d	alexa	jjharkan	2
03-May-2023	30d	alexa	Groupee19	2
03-May-2023	30d	alexa	werdmouf	2
03-May-2023	30d	alexa	Janx__Spirit	2
03-May-2023	30d	alexa	GronlandicReddit	2
03-May-2023	30d	alexa	Dangerous_Farm_7801	2
03-May-2023	30d	alexa	NoodleCheeseThief	2
03-May-2023	30d	alexa	Furiousguy79	2
03-May-2023	30d	alexa	VeryContributory	2
03-May-2023	30d	alexa	dynamale	2
03-May-2023	30d	alexa	NAAnymore	2
03-May-2023	30d	alexa	ReserveMaximum	2
03-May-2023	30d	alexa	schmidtmueller	2
03-May-2023	30d	alexa	RNX77	2
03-May-2023	30d	alexa	IanglDev	2
03-May-2023	30d	alexa	gjoakum221	2
03-May-2023	30d	alexa	psilversmith	2
03-May-2023	30d	alexa	keyboardcanadian	2
03-May-2023	30d	alexa	Chicodemilo	2
03-May-2023	30d	alexa	mytabletacc0unt	2
03-May-2023	30d	alexa	CKR83	2
03-May-2023	30d	alexa	wewewawa	2
03-May-2023	30d	alexa	alexa_developer	2
03-May-2023	30d	alexa	Chrimbie	2
03-May-2023	30d	alexa	Turbulent_Guess3204	2
03-May-2023	30d	alexa	creeterry	2
03-May-2023	30d	alexa	kendallb183	2
03-May-2023	30d	alexa	jesusfuckingasq	2
03-May-2023	30d	alexa	Study-Evening	2
03-May-2023	30d	alexa	ivlr_18	2
03-May-2023	30d	alexa	HehroMaraFara	1
03-May-2023	30d	alexa	AndyPryceManUtd	1
03-May-2023	30d	alexa	dthmagic	1
03-May-2023	30d	alexa	princefreeze	1
03-May-2023	30d	alexa	Craigotrak	1
03-May-2023	30d	alexa	DjoooKaplan	1
03-May-2023	30d	alexa	Dabura65	1
03-May-2023	30d	alexa	spinozasrobot	1
03-May-2023	30d	alexa	-Battlecat	1
03-May-2023	30d	alexa	ShavuuY219	1
03-May-2023	30d	alexa	focusrite99	1
03-May-2023	30d	alexa	Accomplished-Step660	1
03-May-2023	30d	alexa	wilvanpkro	1
03-May-2023	30d	alexa	Tank097	1
03-May-2023	30d	alexa	CaboDennis17	1
03-May-2023	30d	alexa	Any_Extension_2610	1
03-May-2023	30d	alexa	nerdy_devil	1
03-May-2023	30d	alexa	babbage22	1
03-May-2023	30d	alexa	DrewDowne22	1
03-May-2023	30d	alexa	stickmonger	1
03-May-2023	30d	alexa	anonwillnevertell	1
03-May-2023	30d	alexa	MangoMike813	1
03-May-2023	30d	alexa	Faengelm	1
03-May-2023	30d	alexa	WillvieP801	1
03-May-2023	30d	alexa	Usa_45	1
03-May-2023	30d	alexa	WhereTheMangoesAt	1
03-May-2023	30d	alexa	nlDuncan	1
03-May-2023	30d	alexa	Turbulent_Swan_64	1
03-May-2023	30d	alexa	mesonoxian_loner	1
03-May-2023	30d	alexa	luizgnunes	1
03-May-2023	30d	alexa	leftarmslow	1
03-May-2023	30d	alexa	NicovhP261	1
03-May-2023	30d	alexa	Reshimes	1
03-May-2023	30d	alexa	DesignSmallEmpires	1
03-May-2023	30d	alexa	sccr410	1
03-May-2023	30d	alexa	blokch8n	1
03-May-2023	30d	alexa	dmt_alpha	1
03-May-2023	30d	alexa	Isaac_RF_239	1
03-May-2023	30d	alexa	RockPaperShredder	1
03-May-2023	30d	alexa	CurryMustard	1
03-May-2023	30d	alexa	BohemeWinter	1
03-May-2023	30d	alexa	Isti115	1
03-May-2023	30d	alexa	bawlachora	1
03-May-2023	30d	alexa	Barvrerice201	1
03-May-2023	30d	alexa	hapa-boi	1
03-May-2023	30d	alexa	peachdra9on	1
03-May-2023	30d	alexa	Assist-Visual	1
03-May-2023	30d	alexa	pandaman1339	1
03-May-2023	30d	alexa	BahaMan69	1
03-May-2023	30d	alexa	xilog	1
03-May-2023	30d	alexa	element_unknownn	1
03-May-2023	30d	alexa	nutznshells	1
03-May-2023	30d	alexa	stilldeb	1
03-May-2023	30d	alexa	JessivvbP792	1
03-May-2023	30d	alexa	snac	1
03-May-2023	30d	alexa	Jeffskistler	1
03-May-2023	30d	alexa	josh-i	1
03-May-2023	30d	alexa	Emreprox	1
03-May-2023	30d	alexa	dbonneville	1
03-May-2023	30d	alexa	Zealousideal_Weird_3	1
03-May-2023	30d	alexa	Iangh007	1
03-May-2023	30d	alexa	Minimum-Lemon-402	1
03-May-2023	30d	alexa	B1ack_0ut0908	1
03-May-2023	30d	alexa	SmellyCummies	1
03-May-2023	30d	alexa	Mission_Highway5032	1
03-May-2023	30d	alexa	stacielynn89	1
03-May-2023	30d	alexa	Relative-Pea-65	1
03-May-2023	30d	alexa	chelle_renee13	1
03-May-2023	30d	alexa	relativelymark	1
03-May-2023	30d	alexa	porterhouse0	1
03-May-2023	30d	alexa	Accomplished_Lake128	1
03-May-2023	30d	alexa	notinferno	1
03-May-2023	30d	alexa	Velena82	1
03-May-2023	30d	alexa	Matthvin	1
03-May-2023	30d	alexa	HamSolo31	1
03-May-2023	30d	alexa	99isGOAT	1
03-May-2023	30d	alexa	pylawn	1
03-May-2023	30d	alexa	cocoabeach	1
03-May-2023	30d	alexa	Initial_Fan8178	1
03-May-2023	30d	alexa	Fleemo17	1
03-May-2023	30d	alexa	thee3	1
03-May-2023	30d	alexa	MightyHandy	1
03-May-2023	30d	alexa	BigScaryBlackDude	1
03-May-2023	30d	alexa	ichi-ni-san123	1
03-May-2023	30d	alexa	TheLegofThanos	1
03-May-2023	30d	alexa	Valmeri	1
03-May-2023	30d	alexa	LazarianV	1
03-May-2023	30d	alexa	Human-Taro2630	1
03-May-2023	30d	alexa	ipottersmith	1
03-May-2023	30d	alexa	DidYouLickIt	1
03-May-2023	30d	alexa	BigVariation3	1
03-May-2023	30d	alexa	Technically_Bored14	1
03-May-2023	30d	alexa	MeliodasKush	1
03-May-2023	30d	alexa	iByteApple	1
03-May-2023	30d	alexa	PixelDaisy	1
03-May-2023	30d	alexa	neophlegm	1
03-May-2023	30d	alexa	Serjical__Strike	1
03-May-2023	30d	alexa	Formal-Ad8037	1
03-May-2023	30d	alexa	thegameguydude	1
03-May-2023	30d	alexa	CarolynsFingers	1
03-May-2023	30d	alexa	IAmWhatIWill	1
03-May-2023	30d	alexa	ko05012317	1
03-May-2023	30d	alexa	InterstellarDeathPur	1
03-May-2023	30d	alexa	OriginalCTrain	1
03-May-2023	30d	alexa	M528LeeFlorida	1
03-May-2023	30d	alexa	huyouer	1
03-May-2023	30d	alexa	BlueLeatherBucket	1
03-May-2023	30d	alexa	Shit_Holden	1
03-May-2023	30d	alexa	hipsterdoofus	1
03-May-2023	30d	alexa	V1perIX	1
03-May-2023	30d	alexa	Bklover93	1
03-May-2023	30d	alexa	ObiYawn	1
03-May-2023	30d	alexa	Yesyesnaaooo	1
03-May-2023	30d	alexa	Formal-Fudge-1105	1
03-May-2023	30d	alexa	MaltaMaltaMaltaMalta	1
03-May-2023	30d	alexa	Drshta	1
03-May-2023	30d	alexa	ibwebb86	1
03-May-2023	30d	alexa	Lopsided-Art5399	1
03-May-2023	30d	alexa	temp4adhd	1
03-May-2023	30d	alexa	ImaginaryNerve	1
03-May-2023	30d	alexa	supergimp2000	1
03-May-2023	30d	alexa	The-Adster	1
03-May-2023	30d	alexa	Ok-Fly3692	1
03-May-2023	30d	alexa	Vamdrapids	1
03-May-2023	30d	alexa	usernameisinus	1
03-May-2023	30d	alexa	squipysquip	1
03-May-2023	30d	alexa	Realistic-Nothing599	1
03-May-2023	30d	alexa	SkyFullofHat	1
03-May-2023	30d	alexa	Svaneman_	1
03-May-2023	30d	alexa	SirCompetitive5560	1
03-May-2023	30d	alexa	AdministrativeBig150	1
03-May-2023	30d	alexa	dackasaurus	1
03-May-2023	30d	alexa	cartasticc	1
03-May-2023	30d	alexa	reckless_commenter	1
03-May-2023	30d	alexa	ViaraiX	1
03-May-2023	30d	alexa	PamBeeslyHalpert64	1
03-May-2023	30d	alexa	ninegagz	1
03-May-2023	30d	alexa	BSBitch47	1
03-May-2023	30d	alexa	SpecialpOps	1
03-May-2023	30d	alexa	santaklaw	1
03-May-2023	30d	alexa	JonniteYT	1
03-May-2023	30d	alexa	HairySphere	1
03-May-2023	30d	alexa	Calm_Character_422	1
03-May-2023	30d	alexa	Leaaaaann	1
03-May-2023	30d	alexa	NicoJunco	1
03-May-2023	30d	alexa	Soggy_Breakfast_2720	1
03-May-2023	30d	alexa	JeffR47	1
03-May-2023	30d	alexa	ak9317	1
03-May-2023	30d	alexa	DixinMahbum	1
03-May-2023	30d	alexa	AQDUyYN7cgbDa4eYtxTq	1
03-May-2023	30d	alexa	Defiant-Tell-3199	1
03-May-2023	30d	alexa	MaticE83	1
03-May-2023	30d	alexa	paulogrego	1
03-May-2023	30d	alexa	SkeletonCreed	1
03-May-2023	30d	alexa	OrganizationLarge256	1
03-May-2023	30d	alexa	absaar1122	1
03-May-2023	30d	alexa	LuluLaRue1	1
03-May-2023	30d	alexa	Optimal-Statement-81	1
03-May-2023	30d	alexa	ChunkCreme	1
03-May-2023	30d	alexa	SpockYoda	1
03-May-2023	30d	alexa	Msattitude1185	1
03-May-2023	30d	alexa	loziomario	1
03-May-2023	30d	alexa	kseventytwo	1
03-May-2023	30d	alexa	bigj2552	1
03-May-2023	30d	alexa	deadcatdidntbounce	1
03-May-2023	30d	alexa	BrianAMartin221	1
03-May-2023	30d	alexa	otpid	1
03-May-2023	30d	alexa	whocarez_pt	1
03-May-2023	30d	alexa	AaronG85	1
03-May-2023	30d	alexa	roid_rage_over9000	1
03-May-2023	30d	alexa	NotUrbanMilkmaid	1
03-May-2023	30d	alexa	CoCambria	1
03-May-2023	30d	alexa	CTregurtha	1
03-May-2023	30d	alexa	MusicAddict12375	1
03-May-2023	30d	alexa	Melkorzz	1
03-May-2023	30d	alexa	archchunk	1
03-May-2023	30d	alexa	Electrical_Standard7	1
03-May-2023	30d	alexa	trafalger	1
03-May-2023	30d	alexa	calavandriel	1
03-May-2023	30d	alexa	Perma_SSBM	1
03-May-2023	30d	alexa	Camelfoe	1
03-May-2023	30d	alexa	emilylimemilylime	1
03-May-2023	30d	alexa	KeiKenchi	1
03-May-2023	30d	alexa	Love_For_All_Always	1
03-May-2023	30d	alexa	avbprog66	1
03-May-2023	30d	alexa	JQuinn2014	1
03-May-2023	30d	alexa	WhoWho22222	1
03-May-2023	30d	alexa	GungaPeace	1
03-May-2023	30d	alexa	Number-Efficient	1
03-May-2023	30d	alexa	cynycal	1
03-May-2023	30d	alexa	qagir	1
03-May-2023	30d	alexa	Exotic-Start-5039	1
03-May-2023	30d	alexa	L4GNKODEX	1
03-May-2023	30d	alexa	Drowning1989	1
03-May-2023	30d	alexa	Financial_Panda6539	1
03-May-2023	30d	alexa	AuntRobin	1
03-May-2023	30d	alexa	kbkc14	1
03-May-2023	30d	alexa	cocainebear95	1
03-May-2023	30d	alexa	Physkidbbu	1
03-May-2023	30d	alexa	burritosandblunts	1
03-May-2023	30d	alexa	QuietAd8340	1
03-May-2023	30d	alexa	DataBoss_me	1
03-May-2023	30d	alexa	doncaruana	1
03-May-2023	30d	alexa	FlakoJordi	1
03-May-2023	30d	alexa	40trieslater	1
03-May-2023	30d	alexa	chachanita	1
03-May-2023	30d	alexa	Draven2050	1
03-May-2023	30d	alexa	MagdalenaHagdalena	1
03-May-2023	30d	alexa	explictlyrics	1
03-May-2023	30d	alexa	kay47106	1
03-May-2023	30d	alexa	geppetoman	1
03-May-2023	30d	alexa	Competitive_Front_90	1
03-May-2023	30d	alexa	Fun_Transportation97	1
03-May-2023	30d	alexa	BeerGogglesFTW	1
03-May-2023	30d	alexa	Consistent-Mud-7740	1
03-May-2023	30d	alexa	Murky_March_439	1
03-May-2023	30d	alexa	i-just-wanna-be-edgy	1
03-May-2023	30d	alexa	cotuisano	1
03-May-2023	30d	alexa	Fitzfuzzington	1
03-May-2023	30d	alexa	YeahThatCee	1
03-May-2023	30d	alexa	Mr_Xu1	1
03-May-2023	30d	alexa	vylip	1
03-May-2023	30d	alexa	cleff911	1
03-May-2023	30d	alexa	SuurAlaOrolo	1
03-May-2023	30d	alexa	Yvai	1
03-May-2023	30d	alexa	anm11x	1
03-May-2023	30d	alexa	GreyOtter86	1
03-May-2023	30d	alexa	LastWitness13	1
03-May-2023	30d	alexa	Apprehensive-Ad738	1
03-May-2023	30d	alexa	jstallingssr	1
03-May-2023	30d	alexa	primalanomaly	1
03-May-2023	30d	alexa	Cenddel	1
03-May-2023	30d	alexa	Dizzy_Blackberry_762	1
03-May-2023	30d	alexa	alittlepronetopanic	1
03-May-2023	30d	alexa	asjonesy99	1
03-May-2023	30d	alexa	Puzzleheaded_Basil13	1
03-May-2023	30d	alexa	frenchynerd	1
03-May-2023	30d	alexa	No_Gear1535	1
03-May-2023	30d	alexa	CrossPlainsCat	1
03-May-2023	30d	alexa	rebobbecker	1
03-May-2023	30d	alexa	SegretoBaccello	1
03-May-2023	30d	alexa	lubbom	1
03-May-2023	30d	alexa	Tellurian_Cyborg	1
03-May-2023	30d	alexa	roblu001	1
03-May-2023	30d	alexa	soulmagic123	1
03-May-2023	30d	alexa	crazyasspig	1
03-May-2023	30d	alexa	unreqistered	1
03-May-2023	30d	alexa	phillerup97079	1
03-May-2023	30d	alexa	Parafault	1
03-May-2023	30d	alexa	Ok_Faithlessness609	1
03-May-2023	30d	alexa	boutell	1
03-May-2023	30d	alexa	Chipbeef	1
03-May-2023	30d	alexa	SlowCondition8131	1
03-May-2023	30d	alexa	memebuster	1
03-May-2023	30d	alexa	SailTheWaves	1
03-May-2023	30d	alexa	kevinatconifer	1
03-May-2023	30d	alexa	Grim_Skulduggery	1
03-May-2023	30d	alexa	_DrunkenStein	1
03-May-2023	30d	alexa	AccidentAutomatic259	1
03-May-2023	30d	alexa	RobertKreuels	1
03-May-2023	30d	alexa	Fusional_Delusional	1
03-May-2023	30d	alexa	DSavoie6	1
03-May-2023	30d	alexa	kawachira	1
03-May-2023	30d	alexa	zikronix	1
03-May-2023	30d	alexa	kiloelectronvolt619	1
03-May-2023	30d	alexa	JuliaJune96	1
03-May-2023	30d	alexa	FastConversation3594	1
03-May-2023	30d	alexa	luixiuno	1
03-May-2023	30d	alexa	offshore1100	1
03-May-2023	30d	alexa	TomerHorowitz	1
03-May-2023	30d	alexa	shark978	1
03-May-2023	30d	alexa	VSFX	1
03-May-2023	30d	alexa	ss_weevo	1
03-May-2023	30d	alexa	ORD-DRO	1
03-May-2023	30d	alexa	kprecor	1
03-May-2023	30d	alexa	FallingPlane	1
03-May-2023	30d	alexa	hebrewnational35	1
03-May-2023	30d	alexa	Thunder-Kuntz	1
03-May-2023	30d	alexa	Benjani85	1
03-May-2023	30d	alexa	JasonTheHealer	1
03-May-2023	30d	alexa	prakashanish	1
03-May-2023	30d	alexa	BlueIdoru	1
03-May-2023	30d	alexa	whonu5	1
03-May-2023	30d	alexa	scottishsteveo	1
03-May-2023	30d	alexa	carpetony	1
03-May-2023	30d	alexa	oddjobs4bud	1
03-May-2023	30d	alexa	Excellent-Zombie-470	1
03-May-2023	30d	alexa	RawMan99	1
03-May-2023	30d	alexa	Ok-Rabbit-3335	1
03-May-2023	30d	alexa	alexandereastwood	1
03-May-2023	30d	alexa	Octoling1674	1
03-May-2023	30d	alexa	shakeyorumpahh23	1
03-May-2023	30d	alexa	LSP-86	1
03-May-2023	30d	alexa	HHCeramicCoatings	1
03-May-2023	30d	alexa	freelancerjourn	1
03-May-2023	30d	alexa	rgvrules12	1
03-May-2023	30d	alexa	mightyt2000	1
03-May-2023	30d	alexa	abusivecat	1
03-May-2023	30d	alexa	reevoIution	1
03-May-2023	30d	alexa	Individual-Tap95	1
03-May-2023	30d	alexa	Djelimon	1
03-May-2023	30d	alexa	nmartins10	1
03-May-2023	30d	alexa	Reizumii	1
03-May-2023	30d	alexa	Railfanning2005	1
03-May-2023	30d	alexa	Bill-NM	1
03-May-2023	30d	alexa	mice_inthewalls	1
03-May-2023	30d	alexa	GakutoYo	1
03-May-2023	30d	alexa	Uncle-oswald	1
03-May-2023	30d	alexa	rustypie314	1
03-May-2023	30d	alexa	jettisonthelunchroom	1
03-May-2023	30d	alexa	glassmine2020	1
03-May-2023	30d	alexa	PuzzledCarpet2459	1
03-May-2023	30d	alexa	SkyesMomma	1
03-May-2023	30d	alexa	Llymlaen_Rilkam	1
03-May-2023	30d	alexa	sour_apple_1228	1
03-May-2023	30d	alexa	Dry-Hotel5306	1
03-May-2023	30d	alexa	username_load_failed	1
03-May-2023	30d	alexa	JLdc2000	1
03-May-2023	30d	alexa	PercheMiPiaci	1
03-May-2023	30d	alexa	fskhalsa	1
03-May-2023	30d	alexa	noonecaresxd	1
03-May-2023	30d	alexa	Smirkydarkdude	1
03-May-2023	30d	alexa	maxident65	1
03-May-2023	30d	alexa	tommygunz007	1
03-May-2023	30d	alexa	shubie42	1
03-May-2023	30d	alexa	tmxkn1	1
03-May-2023	30d	alexa	shawnofthedead_	1
03-May-2023	30d	alexa	borgqueenx	1
03-May-2023	30d	alexa	SkateFossSL	1
03-May-2023	30d	alexa	applesauce2011	1
03-May-2023	30d	alexa	itoldusoandso	1
03-May-2023	30d	alexa	Shot_Capital_7788	1
03-May-2023	30d	alexa	AnswerIsBacon	1
03-May-2023	30d	alexa	IXPrazor	1
03-May-2023	30d	alexa	tuttifruttif4nta	1
03-May-2023	30d	alexa	bobbo2443	1
03-May-2023	30d	alexa	SirArko23	1
03-May-2023	30d	alexa	andyh200	1
03-May-2023	30d	alexa	ViciousScenario	1
03-May-2023	30d	alexa	Spirited-Meringue829	1
03-May-2023	30d	alexa	pcb1962	1
03-May-2023	30d	alexa	_air25	1
03-May-2023	30d	alexa	QuasarSoze	1
03-May-2023	30d	alexa	SgtSplacker	1
03-May-2023	30d	alexa	siva992	1
03-May-2023	30d	alexa	zEdgarHoover	1
03-May-2023	30d	alexa	random125184	1
03-May-2023	30d	alexa	Weak_Ad_5128	1
03-May-2023	30d	alexa	throawaymcdumbface	1
03-May-2023	30d	alexa	Jonatheber	1
03-May-2023	30d	alexa	Ramius_M_415	1
03-May-2023	30d	alexa	_Biaa_-	1
03-May-2023	30d	alexa	techilu	1
03-May-2023	30d	alexa	loaxming	1
03-May-2023	30d	alexa	geminiwave	1
03-May-2023	30d	alexa	CheddarDeity	1
03-May-2023	30d	alexa	TurbulentTowel1024	1
03-May-2023	30d	alexa	radioblues	1
03-May-2023	30d	alexa	Sim-0-nster	1
03-May-2023	30d	alexa	Professional_Feed791	1
03-May-2023	30d	alexa	mclosi	1
03-May-2023	30d	alexa	quandariusbingleton	1
03-May-2023	30d	alexa	Kaitlin_Shaw	1
03-May-2023	30d	alexa	ohmysunnyday	1
03-May-2023	30d	alexa	onesmartcrib	1
03-May-2023	30d	alexa	CollectorG	1
03-May-2023	30d	alexa	Dogmeat411	1
03-May-2023	30d	alexa	AvocadoInsurgence	1
03-May-2023	30d	alexa	torrphilla	1
03-May-2023	30d	alexa	beardiac	1
03-May-2023	30d	alexa	FapDamage	1
03-May-2023	30d	alexa	newtonbase	1
03-May-2023	30d	alexa	Sip0nThis	1
03-May-2023	30d	alexa	South_Suggestion_116	1
03-May-2023	30d	alexa	AnonymousScorpi	1
03-May-2023	30d	alexa	BigTamMacGotchy	1
03-May-2023	30d	alexa	FieldsingAround	1
03-May-2023	30d	alexa	youenjoymyhood	1
03-May-2023	30d	alexa	Traditional_Cattle87	1
03-May-2023	30d	alexa	reidgells	1
03-May-2023	30d	alexa	Joshbegosh	1
03-May-2023	30d	alexa	mysteryman112211	1
03-May-2023	30d	alexa	tylerski45	1
03-May-2023	30d	alexa	Square-Canary-1387	1
03-May-2023	30d	alexa	AlanMichel	1
03-May-2023	30d	alexa	Human_Yam1500	1
03-May-2023	30d	alexa	Twice6	1
03-May-2023	30d	alexa	Siuol28	1
03-May-2023	30d	alexa	sbs1138	1
03-May-2023	30d	alexa	alexburnsredd	1
03-May-2023	30d	alexa	electric_bro	1
03-May-2023	30d	alexa	TheHYPO	1
03-May-2023	30d	alexa	Timanemone	1
03-May-2023	30d	alexa	mesocyclone1	1
03-May-2023	30d	alexa	abigthicctoe	1
03-May-2023	30d	alexa	le_mole	1
03-May-2023	30d	alexa	LythriIux	1
03-May-2023	30d	alexa	AaryanChadha	1
03-May-2023	30d	alexa	estelleheather	1
03-May-2023	30d	alexa	Kelaat	1
03-May-2023	30d	alexa	brownbanjo	1
03-May-2023	30d	alexa	starstriker64DD	1
03-May-2023	30d	alexa	AlrightRealNice	1
03-May-2023	30d	alexa	MrTalonHawk	1
03-May-2023	30d	alexa	Scanfro	1
03-May-2023	30d	alexa	efisk666	1
03-May-2023	30d	alexa	RojoPez	1
03-May-2023	30d	alexa	Whisker-biscuitt	1
03-May-2023	30d	alexa	Wit_tank	1
03-May-2023	30d	alexa	NAD1983UTMZONExx	1
03-May-2023	30d	alexa	Redstonemaniac2019	1
03-May-2023	30d	alexa	hlp3916	1
03-May-2023	30d	alexa	f_conte	1
03-May-2023	30d	alexa	redapples42	1
03-May-2023	30d	alexa	Drakknfyre	1
03-May-2023	30d	alexa	IsraelZulu	1
03-May-2023	30d	alexa	CryptographerSoft215	1
03-May-2023	30d	alexa	super_delegate	1
03-May-2023	30d	alexa	elizathornberry-	1
03-May-2023	30d	alexa	silentkiller000	1
03-May-2023	30d	alexa	rsrandall_	1
03-May-2023	30d	alexa	Aboricand	1
03-May-2023	30d	alexa	237wood	1
03-May-2023	30d	alexa	UpRolled_TheRiotVan	1
03-May-2023	30d	alexa	hmd_yip	1
03-May-2023	30d	alexa	binaryguy	1
03-May-2023	30d	alexa	katesicle82	1
03-May-2023	30d	alexa	xamomax	1
03-May-2023	30d	alexa	GrapefruitComplex126	1
03-May-2023	30d	alexa	SkatterbrainMusic420	1
03-May-2023	30d	alexa	Ok-Action511	1
03-May-2023	30d	alexa	theComputerGnome	1
03-May-2023	30d	alexa	spookysanta33	1
03-May-2023	30d	alexa	CedarPointDada	1
03-May-2023	30d	alexa	GarfieldSighs3	1
03-May-2023	30d	alexa	crblack24	1
03-May-2023	30d	alexa	alwaysLearning_6405	1
03-May-2023	30d	alexa	Flimsy_Wait_8235	1
03-May-2023	30d	alexa	OsborneCoxMemoir3	1
03-May-2023	30d	alexa	AD_MDestroyer	1
03-May-2023	30d	alexa	nexokicker	1
03-May-2023	30d	alexa	skarro-	1
03-May-2023	30d	alexa	icolinpro	1
03-May-2023	30d	alexa	BellaLovesCats	1
03-May-2023	30d	alexa	Red_from_NL	1
03-May-2023	30d	alexa	meep-moo	1
03-May-2023	30d	alexa	LazyKranch13	1
03-May-2023	30d	alexa	pandoroar	1
03-May-2023	30d	alexa	Striking_Raspberry57	1
03-May-2023	30d	alexa	FiveFire33	1
03-May-2023	30d	alexa	i112	1
03-May-2023	30d	alexa	ex-oh	1
03-May-2023	30d	alexa	K3RTSK	1
03-May-2023	30d	alexa	thosecars82	1
03-May-2023	30d	alexa	trumanlet	1
03-May-2023	30d	alexa	Interesting-Ask7615	1
03-May-2023	30d	alexa	deadeye09	1
03-May-2023	30d	alexa	jcretrop	1
03-May-2023	30d	alexa	Soler37	1
03-May-2023	30d	alexa	ashley0497	1
03-May-2023	30d	alexa	theboatlover	1
03-May-2023	30d	alexa	motaA24	1
03-May-2023	30d	alexa	NativeCoder	1
03-May-2023	30d	alexa	TheLazyPurpleWizard	1
03-May-2023	30d	alexa	PockASqueeno	1
03-May-2023	30d	alexa	DerFred3	1
03-May-2023	30d	alexa	bobbysorer	1
03-May-2023	30d	alexa	Healthy_Ladder_6198	1
03-May-2023	30d	alexa	JuanD260	1
03-May-2023	30d	alexa	MikeLowry13	1
03-May-2023	30d	alexa	Dan__Glesak	1
03-May-2023	30d	alexa	Benjihubbs	1
03-May-2023	30d	alexa	wildwood9843	1
03-May-2023	30d	alexa	errol343	1
03-May-2023	30d	alexa	81mrg81	1
03-May-2023	30d	alexa	Christopher247uk	1
03-May-2023	30d	alexa	ir1999	1
03-May-2023	30d	alexa	zeypierce	1
03-May-2023	30d	alexa	lifesucksblabla	1
03-May-2023	30d	alexa	theonerm2	1
03-May-2023	30d	alexa	Aggressive_Lake191	1
03-May-2023	30d	alexa	SonicTheDog420	1
03-May-2023	30d	alexa	Cyreesedabeast	1
03-May-2023	30d	alexa	eyesdrib	1
03-May-2023	30d	alexa	Particular-Bank-5519	1
03-May-2023	30d	alexa	j4mes_27	1
03-May-2023	30d	alexa	ATX_Analytics	1
03-May-2023	30d	alexa	Heya05	1
03-May-2023	30d	alexa	mickceratops_	1
03-May-2023	30d	alexa	lorraineg57	1
03-May-2023	30d	alexa	pollutionblues	1
03-May-2023	30d	alexa	Tall-Accountant-5177	1
03-May-2023	30d	alexa	DaMunzzz	1
03-May-2023	30d	alexa	xdLeoFam	1
03-May-2023	30d	alexa	brokenarrow7777777	1
03-May-2023	30d	alexa	yellowlinedpaper	1
03-May-2023	30d	alexa	boom-boom-butterfly	1
03-May-2023	30d	alexa	DragonWolf5589	1
03-May-2023	30d	alexa	mguod	1
03-May-2023	30d	alexa	FeanorsFamilyJewels	1
03-May-2023	30d	alexa	Impulse3000	1
03-May-2023	30d	alexa	DARKFiB3R	1
03-May-2023	30d	alexa	CoherentReceptor	1
03-May-2023	30d	alexa	iExtro13	1
03-May-2023	30d	alexa	Active-Drive-7749	1
03-May-2023	30d	alexa	Wolfie_Rankin	1
03-May-2023	30d	alexa	Gredo89	1
03-May-2023	30d	alexa	TREDOTCOM	1
03-May-2023	30d	alexa	TMNTFan99	1
03-May-2023	30d	alexa	OnionSilver1081	1
03-May-2023	30d	alexa	Minuspuma	1
03-May-2023	30d	alexa	mrezar	1
03-May-2023	30d	alexa	Wayne8766	1
03-May-2023	30d	alexa	joey133	1
03-May-2023	30d	alexa	roytay	1
03-May-2023	30d	alexa	ami2weird4u	1
03-May-2023	30d	alexa	Drillerfan	1
03-May-2023	30d	alexa	Ok-Possibility-7573	1
03-May-2023	30d	alexa	Sufficient_Subject95	1
03-May-2023	30d	alexa	LamzTheLlama	1
03-May-2023	30d	alexa	Japanda23	1
03-May-2023	30d	alexa	RR0925	1
03-May-2023	30d	alexa	KitWat	1
03-May-2023	30d	alexa	Bluedemonde	1
03-May-2023	30d	alexa	ollieworkman	1
03-May-2023	30d	alexa	original_dr_mono	1
03-May-2023	30d	alexa	MAGunGuy	1
03-May-2023	30d	alexa	UnHivedMind	1
03-May-2023	30d	alexa	MrNumberOneMan	1
03-May-2023	30d	alexa	yeshereisaname	1
03-May-2023	30d	alexa	Safe_Shirt2416	1
03-May-2023	30d	alexa	froto_swaggin	1
03-May-2023	30d	alexa	OkilyNeighbour	1
03-May-2023	30d	alexa	SmashHitsHasReddit	1
03-May-2023	30d	alexa	kwoosh-	1
03-May-2023	30d	alexa	netrate	1
03-May-2023	30d	alexa	AmDDJunkie	1
03-May-2023	30d	alexa	MoistBridge1090	1
03-May-2023	30d	alexa	Willing-Bandicoot-55	1
03-May-2023	30d	alexa	tuhinkarmakar	1
03-May-2023	30d	alexa	OldShipwrecked	1
03-May-2023	30d	alexa	parrudelas	1
03-May-2023	30d	alexa	TurnoverNo5026	1
03-May-2023	30d	alexa	Cczwork	1
03-May-2023	30d	alexa	Comfortable-Fox9153	1
03-May-2023	30d	alexa	princesstillyenna	1
03-May-2023	30d	alexa	nivek_123k	1
03-May-2023	30d	alexa	mikerapegoobies	1
03-May-2023	30d	alexa	Sullhammer	1
03-May-2023	30d	alexa	SamBGB	1
03-May-2023	30d	alexa	lawn19	1
03-May-2023	30d	alexa	Simple-Cattle-3946	1
03-May-2023	30d	alexa	CuriousMe6987	1
03-May-2023	30d	alexa	Many_Appointment8632	1
03-May-2023	30d	alexa	shio14	1
03-May-2023	30d	alexa	speedstickman	1
03-May-2023	30d	alexa	diverdawg	1
03-May-2023	30d	alexa	pointlessbanter1	1
03-May-2023	30d	alexa	scrim415	1
03-May-2023	30d	alexa	yeaokaythatscool	1
03-May-2023	30d	alexa	mikeyshu	1
03-May-2023	30d	alexa	Omg_stop	1
03-May-2023	30d	alexa	LoiteringInNJ	1
03-May-2023	30d	alexa	Ahviaa224	1
03-May-2023	30d	alexa	tomlol	1
03-May-2023	30d	alexa	mymonkeyishungry	1
03-May-2023	30d	alexa	ActualMis	1
03-May-2023	30d	alexa	Miru8112	1
03-May-2023	30d	alexa	lostdrewid	1
03-May-2023	30d	alexa	Defiled92	1
03-May-2023	30d	alexa	ITSYABOIGALAXY	1
03-May-2023	30d	alexa	gdavison86	1
03-May-2023	30d	alexa	phil_o_matic	1
03-May-2023	30d	alexa	31456	1
03-May-2023	30d	alexa	talljerseyguy	1
03-May-2023	30d	alexa	klayface94	1
03-May-2023	30d	alexa	NoahC513	1
03-May-2023	30d	alexa	ArkaneArkade	1
03-May-2023	30d	alexa	WranglerWarm6850	1
03-May-2023	30d	alexa	Emergency-Cellist213	1
03-May-2023	30d	alexa	Tf_am_i_doing_here_	1
03-May-2023	30d	alexa	SamJones888999	1
03-May-2023	30d	alexa	basileus451	1
03-May-2023	30d	alexa	Adrian_enki_stories	1
03-May-2023	30d	alexa	JoeTunneyCBC	1
03-May-2023	30d	alexa	SquireBimtucklez	1
03-May-2023	30d	alexa	Minimum_Willow_7565	1
03-May-2023	30d	alexa	LLoadin	1
03-May-2023	30d	alexa	Current-Pin-3839	1
03-May-2023	30d	alexa	kibzandfriends	1
03-May-2023	30d	alexa	gersbersms	1
03-May-2023	30d	alexa	stoolzmclingo	1
03-May-2023	30d	alexa	MaurokNC	1
03-May-2023	30d	alexa	HiroshiHatake	1
03-May-2023	30d	alexa	Gizmify	1
03-May-2023	30d	alexa	Wibxu110	1
03-May-2023	30d	alexa	Illustrious-Block-94	1
03-May-2023	30d	alexa	shockingdevelopment	1
03-May-2023	30d	alexa	mgacnnytdk	1
03-May-2023	30d	alexa	JJGatti02	1
03-May-2023	30d	alexa	elroypaisley	1
03-May-2023	30d	alexa	Abalisk	1
03-May-2023	30d	alexa	donnie-bee	1
03-May-2023	30d	alexa	The-Voice-Of-Dog	1
03-May-2023	30d	alexa	DrPhollox	1
03-May-2023	30d	alexa	AdamSith85	1
03-May-2023	30d	alexa	rcatk42	1
03-May-2023	30d	alexa	DragonDude5741	1
03-May-2023	30d	alexa	Michael_10-4	1
03-May-2023	30d	alexa	AltinUrda	1
03-May-2023	30d	alexa	samuraidogparty	1
03-May-2023	30d	alexa	[deleted]	1
03-May-2023	30d	alexa	HazardSkii	1
03-May-2023	30d	alexa	OkGoose5057	1
03-May-2023	30d	alexa	bruklook	1
03-May-2023	30d	alexa	ofgamez__	1
03-May-2023	30d	alexa	yourmotherisfatt	1
03-May-2023	30d	alexa	Legitimate_Award3225	1
03-May-2023	30d	alexa	RandyBoBandy115	1
03-May-2023	30d	alexa	NEB32018	1
03-May-2023	30d	alexa	Numerous_Roof_9408	1
03-May-2023	30d	alexa	ExaltFibs24	1
03-May-2023	30d	alexa	BGen13	1
03-May-2023	30d	alexa	Aflyingmongoose	1
03-May-2023	30d	alexa	Piggy9896	1
03-May-2023	30d	alexa	singing_pizza_1	1
03-May-2023	30d	alexa	anus_reus	1
03-May-2023	30d	alexa	JdtheOp	1
03-May-2023	30d	alexa	jthtiger	1
03-May-2023	30d	alexa	jrdnmdhl	1
03-May-2023	30d	alexa	leobrescia	1
03-May-2023	30d	alexa	qrsyr	1
03-May-2023	30d	alexa	Jacque_Hass	1
03-May-2023	30d	alexa	anthonycsimone	1
03-May-2023	30d	alexa	thentangler	1
03-May-2023	30d	alexa	No_Mud8432	1
03-May-2023	30d	alexa	g76s8	1
03-May-2023	30d	alexa	DiogoBenigno	1
03-May-2023	30d	alexa	sickyasfricky	1
03-May-2023	30d	alexa	backpropstl	1
03-May-2023	30d	alexa	Mysterious-Alfalfa46	1
03-May-2023	30d	alexa	ttran857	1
03-May-2023	30d	alexa	hamo78	1
03-May-2023	30d	alexa	Bungild	1
03-May-2023	30d	alexa	KristyPDX	1
03-May-2023	30d	alexa	thezdude1234	1
03-May-2023	30d	alexa	argus4ever	1
03-May-2023	30d	alexa	bonnieboopz	1
03-May-2023	30d	alexa	howaboutnow4444	1
03-May-2023	30d	alexa	cmilkosk	1
03-May-2023	30d	alexa	vulcan_on_earth	1
03-May-2023	30d	alexa	Levinheaded0	1
03-May-2023	30d	alexa	Ayla19	1
03-May-2023	30d	alexa	dntcareboutdownvotes	1
03-May-2023	30d	alexa	PrivatePilot9	1
03-May-2023	30d	alexa	doubledare1	1
03-May-2023	30d	alexa	Letsgomic	1
03-May-2023	30d	alexa	MR_System_	1
03-May-2023	30d	alexa	vibbleboy	1
03-May-2023	30d	alexa	VargasIdiocy	1
03-May-2023	30d	alexa	Worldly_Sort5129	1
03-May-2023	30d	alexa	oOVraptorOo	1
03-May-2023	30d	alexa	reddshroom	1
03-May-2023	30d	alexa	foulblade	1
03-May-2023	30d	alexa	ATXthedude	1
03-May-2023	30d	alexa	KristinaBaker707	1
03-May-2023	30d	alexa	AdjunctSocrates	1
03-May-2023	30d	alexa	throwaway186736	1
03-May-2023	30d	alexa	Apple_546	1
03-May-2023	30d	alexa	-m1zu-	1
03-May-2023	30d	alexa	Phredee	1
03-May-2023	30d	alexa	CountessCraft	1
03-May-2023	30d	alexa	Specialist-Product45	1
03-May-2023	30d	alexa	PurelyPocketMons	1
03-May-2023	30d	alexa	MichR76	1
03-May-2023	30d	alexa	arpie	1
03-May-2023	30d	alexa	feroz2020	1
03-May-2023	30d	alexa	schalowendofthepool	1
03-May-2023	30d	alexa	MichaelWRossjr	1
03-May-2023	30d	alexa	kinderror666	1
03-May-2023	30d	alexa	Demigod_007	1
03-May-2023	30d	alexa	ihatethisusernametoo	1
03-May-2023	30d	alexa	alexbro001	1
03-May-2023	30d	alexa	ExcuseMe004	1
03-May-2023	30d	alexa	mikeydhakid	1
03-May-2023	30d	alexa	kurumais	1
03-May-2023	30d	alexa	soupplant	1
03-May-2023	30d	alexa	izzykong	1
03-May-2023	30d	alexa	PaddleNW	1
03-May-2023	30d	alexa	Hamstark	1
03-May-2023	30d	alexa	joopface	1
03-May-2023	30d	alexa	parkineos	1
03-May-2023	30d	alexa	Thrashman69	1
03-May-2023	30d	alexa	NukaDadd	1
03-May-2023	30d	alexa	MusicLife16	1
03-May-2023	30d	alexa	Lurkofeer	1
03-May-2023	30d	alexa	mrdctaylor	1
03-May-2023	30d	alexa	o0joshua0o	1
03-May-2023	30d	alexa	Willr2645	1
03-May-2023	30d	alexa	Terrible-Ad106	1
03-May-2023	30d	alexa	ericstefan	1
03-May-2023	30d	alexa	beyondthegraceofgod	1
03-May-2023	30d	alexa	FurnishedPenguin	1
03-May-2023	30d	alexa	AndresCruz_R6	1
03-May-2023	30d	alexa	DIperez54	1
03-May-2023	30d	alexa	jellyjamesmemes	1
03-May-2023	30d	alexa	Travelin_Soulja	1
03-May-2023	30d	alexa	scoobs35	1
03-May-2023	30d	alexa	Substantial_Creme420	1
03-May-2023	30d	alexa	RollBW	1
03-May-2023	30d	alexa	wangus_tangus	1
03-May-2023	30d	alexa	mediaserver8	1
03-May-2023	30d	alexa	GeilerGandalf9699	1
03-May-2023	30d	alexa	Fearless-Bet-8499	1
03-May-2023	30d	alexa	mattsnowboard	1
03-May-2023	30d	alexa	iktan2102	1
03-May-2023	30d	alexa	downloaderfan	1
03-May-2023	30d	alexa	roots_seeker	1
03-May-2023	30d	alexa	100_Percent_Dark	1
03-May-2023	30d	alexa	Leojln05-cld	1
03-May-2023	30d	alexa	VariousBlonde	1
03-May-2023	30d	alexa	ChildhoodOk5526	1
03-May-2023	30d	alexa	proness223	1
03-May-2023	30d	alexa	Adorable_Bottle65	1
03-May-2023	30d	alexa	kelemvor33	1
03-May-2023	30d	alexa	mvidal01	1
03-May-2023	30d	alexa	casweitzer	1
03-May-2023	30d	alexa	-gpz-	1
03-May-2023	30d	alexa	pulledporksandwich69	1
03-May-2023	30d	alexa	slartybartvart	1
03-May-2023	30d	alexa	jplarose80	1
03-May-2023	30d	alexa	thehavensgrey	1
03-May-2023	30d	alexa	Charlie_S17	1
03-May-2023	30d	alexa	thelastofbill	1
03-May-2023	30d	alexa	Cerebrlasassn	1
03-May-2023	30d	alexa	Saabboy93se	1
03-May-2023	30d	alexa	dwfmba	1
03-May-2023	30d	alexa	RyanBlogsSE	1
03-May-2023	30d	alexa	cieje	1
03-May-2023	30d	alexa	cla1993	1
03-May-2023	30d	alexa	NoFluffyOnlyZuul	1
03-May-2023	30d	alexa	connor03_	1
03-May-2023	30d	alexa	DoctorMindWar	1
03-May-2023	30d	alexa	Used-Ad-803	1
03-May-2023	30d	alexa	_All_Tied_Up_	1
03-May-2023	30d	alexa	Staragox	1
03-May-2023	30d	alexa	itsbrittanybitch369	1
03-May-2023	30d	alexa	infamousmdr	1
03-May-2023	30d	alexa	rcx918	1
03-May-2023	30d	alexa	bisquicktee	1
03-May-2023	30d	alexa	Paul0452	1
03-May-2023	30d	alexa	gogovic219	1
03-May-2023	30d	alexa	GTRacer1972	1
03-May-2023	30d	alexa	menicknick	1
03-May-2023	30d	alexa	Jroddx92	1
03-May-2023	30d	alexa	seqiro	1
03-May-2023	30d	alexa	headinthered	1
03-May-2023	30d	alexa	abelinkin84	1
