query_date	before_date	subreddit	submission_author	submission_frequency
03-May-2023	0d	alexa	sara-alexa	9
03-May-2023	0d	alexa	gangsteroflove1	7
03-May-2023	0d	alexa	Sexy-alexa	7
03-May-2023	0d	alexa	Multiversal_Love	6
03-May-2023	0d	alexa	kevinchadwick55	4
03-May-2023	0d	alexa	BellaLovesCats	4
03-May-2023	0d	alexa	spleencheesemonkey	3
03-May-2023	0d	alexa	Traditional-Car2161	3
03-May-2023	0d	alexa	WallaWallaWally	3
03-May-2023	0d	alexa	gods10rules	3
03-May-2023	0d	alexa	AndyPryceManUtd	3
03-May-2023	0d	alexa	ArticleIcicle	3
03-May-2023	0d	alexa	thedreaming2017	3
03-May-2023	0d	alexa	Laura--Rampart	3
03-May-2023	0d	alexa	googy55	3
03-May-2023	0d	alexa	brannonglover	3
03-May-2023	0d	alexa	SirGreenDay	3
03-May-2023	0d	alexa	Standard-Outcome9881	3
03-May-2023	0d	alexa	No-Departure-2825	3
03-May-2023	0d	alexa	Father_Lightning	3
03-May-2023	0d	alexa	RandomNubGuy	3
03-May-2023	0d	alexa	Bearulice	3
03-May-2023	0d	alexa	TheUnknown0100	3
03-May-2023	0d	alexa	Moegsh	3
03-May-2023	0d	alexa	Eclipse8301	3
03-May-2023	0d	alexa	nick_frigerio	3
03-May-2023	0d	alexa	banisheduser	2
03-May-2023	0d	alexa	Minimum-Lemon-402	2
03-May-2023	0d	alexa	geminiwave	2
03-May-2023	0d	alexa	OkClassroom7185	2
03-May-2023	0d	alexa	CurryMustard	2
03-May-2023	0d	alexa	oportoman	2
03-May-2023	0d	alexa	ChunkCreme	2
03-May-2023	0d	alexa	Own-Tumbleweed-4910	2
03-May-2023	0d	alexa	xcardinal_copiax	2
03-May-2023	0d	alexa	BlueMANAHat	2
03-May-2023	0d	alexa	I-AM-Savannah	2
03-May-2023	0d	alexa	LilKSong7	2
03-May-2023	0d	alexa	PMonkey03	2
03-May-2023	0d	alexa	julien38813	2
03-May-2023	0d	alexa	DataBoss_me	2
03-May-2023	0d	alexa	bigj2552	2
03-May-2023	0d	alexa	Serjical__Strike	2
03-May-2023	0d	alexa	rokojoe	2
03-May-2023	0d	alexa	Striking_Raspberry57	2
03-May-2023	0d	alexa	meowkittykitty510	2
03-May-2023	0d	alexa	BSBitch47	2
03-May-2023	0d	alexa	superboyintelligence	2
03-May-2023	0d	alexa	squipysquip	2
03-May-2023	0d	alexa	iamtheundefined	2
03-May-2023	0d	alexa	No-Nefariousness6520	2
03-May-2023	0d	alexa	Assist-Visual	2
03-May-2023	0d	alexa	roblu001	2
03-May-2023	0d	alexa	lorraineg57	2
03-May-2023	0d	alexa	EEEEEE-E132	2
03-May-2023	0d	alexa	heimdal77	2
03-May-2023	0d	alexa	oswaler	2
03-May-2023	0d	alexa	Njtotx3	2
03-May-2023	0d	alexa	DanAboutT0wn	2
03-May-2023	0d	alexa	pee_face_applehead	2
03-May-2023	0d	alexa	bvdp	2
03-May-2023	0d	alexa	JordenL91	2
03-May-2023	0d	alexa	middle_aged_cyclist	2
03-May-2023	0d	alexa	inchoatemeaning	2
03-May-2023	0d	alexa	slawnz	2
03-May-2023	0d	alexa	harmonyscher	2
03-May-2023	0d	alexa	cryptotollnumber	2
03-May-2023	0d	alexa	ASKERWINTER	2
03-May-2023	0d	alexa	avg33k	2
03-May-2023	0d	alexa	Smart-Raccoon-6887	2
03-May-2023	0d	alexa	DickerBizeps	2
03-May-2023	0d	alexa	derrickcoleman44	2
03-May-2023	0d	alexa	luvadoodle	2
03-May-2023	0d	alexa	ReserveIntelligent90	2
03-May-2023	0d	alexa	lapeen4	2
03-May-2023	0d	alexa	Kaethy77	2
03-May-2023	0d	alexa	Kyosji	2
03-May-2023	0d	alexa	IvenaDarcy	2
03-May-2023	0d	alexa	TraditionGlass2315	2
03-May-2023	0d	alexa	Aggressive-Level-799	2
03-May-2023	0d	alexa	speccyteccy	2
03-May-2023	0d	alexa	Willing_Glove6657	2
03-May-2023	0d	alexa	Desperate-Station-71	2
03-May-2023	0d	alexa	jjharkan	2
03-May-2023	0d	alexa	Groupee19	2
03-May-2023	0d	alexa	Janx__Spirit	2
03-May-2023	0d	alexa	GronlandicReddit	2
03-May-2023	0d	alexa	Furiousguy79	2
03-May-2023	0d	alexa	VeryContributory	2
03-May-2023	0d	alexa	dynamale	2
03-May-2023	0d	alexa	NAAnymore	2
03-May-2023	0d	alexa	Traditional_Mine1009	2
03-May-2023	0d	alexa	schmidtmueller	2
03-May-2023	0d	alexa	RNX77	2
03-May-2023	0d	alexa	VikingOy	2
03-May-2023	0d	alexa	IanglDev	2
03-May-2023	0d	alexa	Ok-Jury5684	1
03-May-2023	0d	alexa	Captain_Khora	1
03-May-2023	0d	alexa	Dear_Philosophy9752	1
03-May-2023	0d	alexa	CelticNomadd	1
03-May-2023	0d	alexa	dsupreme99	1
03-May-2023	0d	alexa	Milostoxx	1
03-May-2023	0d	alexa	animestar1234	1
03-May-2023	0d	alexa	kerfuffle_dood	1
03-May-2023	0d	alexa	spyrangerx	1
03-May-2023	0d	alexa	Mission_Unlikely	1
03-May-2023	0d	alexa	SaiyajinBlack	1
03-May-2023	0d	alexa	Covetingace	1
03-May-2023	0d	alexa	TubbytonySCFC	1
03-May-2023	0d	alexa	ikeabfj	1
03-May-2023	0d	alexa	MrSneaux	1
03-May-2023	0d	alexa	moskowizzle	1
03-May-2023	0d	alexa	BiteyMadLady12	1
03-May-2023	0d	alexa	Lord_Blackbeard	1
03-May-2023	0d	alexa	OkManufacturer1953	1
03-May-2023	0d	alexa	CptPatches	1
03-May-2023	0d	alexa	MonzieMe	1
03-May-2023	0d	alexa	PotatoHeadPS	1
03-May-2023	0d	alexa	JackStrawWitchita	1
03-May-2023	0d	alexa	paulywauly99	1
03-May-2023	0d	alexa	Corbs117	1
03-May-2023	0d	alexa	indorfpf	1
03-May-2023	0d	alexa	lovebot5000	1
03-May-2023	0d	alexa	APT0001	1
03-May-2023	0d	alexa	SenorFluffy	1
03-May-2023	0d	alexa	TrustLeft	1
03-May-2023	0d	alexa	CupOfTeaWithOneSugar	1
03-May-2023	0d	alexa	grumpymonkey315	1
03-May-2023	0d	alexa	zvwe	1
03-May-2023	0d	alexa	mordhau5	1
03-May-2023	0d	alexa	Johnster001	1
03-May-2023	0d	alexa	DR_DROWZEE	1
03-May-2023	0d	alexa	puddinpiesez	1
03-May-2023	0d	alexa	codecrackx15	1
03-May-2023	0d	alexa	BlueberryGrin	1
03-May-2023	0d	alexa	fosh1zzle	1
03-May-2023	0d	alexa	mgsissy	1
03-May-2023	0d	alexa	DidYouRebootIt	1
03-May-2023	0d	alexa	kimbolll	1
03-May-2023	0d	alexa	realchriswells	1
03-May-2023	0d	alexa	SandwichGlad9152	1
03-May-2023	0d	alexa	Interesting-Guest-24	1
03-May-2023	0d	alexa	NewVenari	1
03-May-2023	0d	alexa	CantFixMoronic	1
03-May-2023	0d	alexa	TimPig4	1
03-May-2023	0d	alexa	justahebrew	1
03-May-2023	0d	alexa	AnotherEndeavor	1
03-May-2023	0d	alexa	harrier_gr7_ftw	1
03-May-2023	0d	alexa	Cute_Illustrator_713	1
03-May-2023	0d	alexa	HeyItsJonah	1
03-May-2023	0d	alexa	After-Life-1101	1
03-May-2023	0d	alexa	binaryhextechdude	1
03-May-2023	0d	alexa	tabolini7	1
03-May-2023	0d	alexa	timeforwasp	1
03-May-2023	0d	alexa	zombiefiedmind	1
03-May-2023	0d	alexa	Smooth-Rice6494	1
03-May-2023	0d	alexa	sarctastic	1
03-May-2023	0d	alexa	Madited17	1
03-May-2023	0d	alexa	LaithOkab	1
03-May-2023	0d	alexa	ArlenPropaneSalesman	1
03-May-2023	0d	alexa	Scientist_Lopsided	1
03-May-2023	0d	alexa	JumpRopesAndLove	1
03-May-2023	0d	alexa	user969420	1
03-May-2023	0d	alexa	Inevitable_Talk4338	1
03-May-2023	0d	alexa	AcrobaticStruggle264	1
03-May-2023	0d	alexa	dontlaukatme	1
03-May-2023	0d	alexa	Alone-Guarantee-9646	1
03-May-2023	0d	alexa	tattooedsofla	1
03-May-2023	0d	alexa	PlatformTraining5054	1
03-May-2023	0d	alexa	jamesclef	1
03-May-2023	0d	alexa	Velvis	1
03-May-2023	0d	alexa	Mo-jo-po	1
03-May-2023	0d	alexa	Adventurous_Total996	1
03-May-2023	0d	alexa	drgreenway	1
03-May-2023	0d	alexa	ChittyShops	1
03-May-2023	0d	alexa	WifeofTheRIOT	1
03-May-2023	0d	alexa	Tired8281	1
03-May-2023	0d	alexa	DynamoD_D	1
03-May-2023	0d	alexa	Complex-Thought7848	1
03-May-2023	0d	alexa	Feisty_Cranberry_214	1
03-May-2023	0d	alexa	chapeaumetallique	1
03-May-2023	0d	alexa	AmazingChicken	1
03-May-2023	0d	alexa	sometin__else	1
03-May-2023	0d	alexa	[deleted]	1
03-May-2023	0d	alexa	Boniferous13	1
03-May-2023	0d	alexa	gregzywicki	1
03-May-2023	0d	alexa	sorrynothuman	1
03-May-2023	0d	alexa	enzyme8000	1
03-May-2023	0d	alexa	tuhinkarmakar	1
03-May-2023	0d	alexa	hazelhaze1025	1
03-May-2023	0d	alexa	roboterapple	1
03-May-2023	0d	alexa	Comfortable-Fox9153	1
03-May-2023	0d	alexa	bitb0y	1
03-May-2023	0d	alexa	RealLilRuby	1
03-May-2023	0d	alexa	cannacoin-boy-21	1
03-May-2023	0d	alexa	u4ricblues6	1
03-May-2023	0d	alexa	Abalisk	1
03-May-2023	0d	alexa	rat_shit	1
03-May-2023	0d	alexa	jookieapc	1
03-May-2023	0d	alexa	jphilebiz	1
03-May-2023	0d	alexa	SuperMario630	1
03-May-2023	0d	alexa	RichAmedeo	1
03-May-2023	0d	alexa	ikilledthepromkween	1
03-May-2023	0d	alexa	StarComet04	1
03-May-2023	0d	alexa	amityriot	1
03-May-2023	0d	alexa	KoditasOwO	1
03-May-2023	0d	alexa	dragonagitator	1
03-May-2023	0d	alexa	goateeislong	1
03-May-2023	0d	alexa	CrabbitJambo	1
03-May-2023	0d	alexa	iplayonreddit	1
03-May-2023	0d	alexa	lllF3ARlll	1
03-May-2023	0d	alexa	EazyCheeze1978	1
03-May-2023	0d	alexa	Huge-Habit-6201	1
03-May-2023	0d	alexa	Spin_Me	1
03-May-2023	0d	alexa	K-DramaDonna	1
03-May-2023	0d	alexa	phidotexe	1
03-May-2023	0d	alexa	Trofinix_YT	1
03-May-2023	0d	alexa	OldShipwrecked	1
03-May-2023	0d	alexa	Hot-Specialist-6824	1
03-May-2023	0d	alexa	0SwifTBuddY0	1
03-May-2023	0d	alexa	MILK_DUD_NIPPLES	1
03-May-2023	0d	alexa	frenchknot	1
03-May-2023	0d	alexa	KeyboardFromElbaf	1
03-May-2023	0d	alexa	Avocado_Mafia	1
03-May-2023	0d	alexa	gtdjeff	1
03-May-2023	0d	alexa	MeladtheOne	1
03-May-2023	0d	alexa	Whatchuuumeaaaan	1
03-May-2023	0d	alexa	Exact_Roll_4048	1
03-May-2023	0d	alexa	mjhamu	1
03-May-2023	0d	alexa	rlast1956	1
03-May-2023	0d	alexa	pmjm	1
03-May-2023	0d	alexa	ArteSuave197	1
03-May-2023	0d	alexa	lindalee5479	1
03-May-2023	0d	alexa	CaptainGreezy	1
03-May-2023	0d	alexa	dor_hi	1
03-May-2023	0d	alexa	tomwhitaker	1
03-May-2023	0d	alexa	Coffeman94	1
03-May-2023	0d	alexa	Tfaze1	1
03-May-2023	0d	alexa	Lumpymaximus	1
03-May-2023	0d	alexa	Bipolar_Buddha	1
03-May-2023	0d	alexa	oahusurfer2018	1
03-May-2023	0d	alexa	LowKeyCurmudgeon	1
03-May-2023	0d	alexa	katemonster_22	1
03-May-2023	0d	alexa	Ecstatic_Simple3205	1
03-May-2023	0d	alexa	kibblet	1
03-May-2023	0d	alexa	kleexg	1
03-May-2023	0d	alexa	Dalrint	1
03-May-2023	0d	alexa	smdifansmfjsmsnd	1
03-May-2023	0d	alexa	stephenhawkingruns	1
03-May-2023	0d	alexa	s_i_m_s	1
03-May-2023	0d	alexa	Viking53fan	1
03-May-2023	0d	alexa	holbeton	1
03-May-2023	0d	alexa	AdrianaRed	1
03-May-2023	0d	alexa	cleesi	1
03-May-2023	0d	alexa	Humble_Affect_1653	1
03-May-2023	0d	alexa	Zoroastia	1
03-May-2023	0d	alexa	YellowRadi0	1
03-May-2023	0d	alexa	yourisguy	1
03-May-2023	0d	alexa	Iskro45	1
03-May-2023	0d	alexa	jaymartinez	1
03-May-2023	0d	alexa	ThunkBlug	1
03-May-2023	0d	alexa	ratty_ace	1
03-May-2023	0d	alexa	btadams1971	1
03-May-2023	0d	alexa	thisdckaintFREEEE	1
03-May-2023	0d	alexa	kid_wonderbread	1
03-May-2023	0d	alexa	Newwales2	1
03-May-2023	0d	alexa	lilb3aner_	1
03-May-2023	0d	alexa	Grammar-Police2002	1
03-May-2023	0d	alexa	Iiawgiwbi	1
03-May-2023	0d	alexa	Simple-Initial283	1
03-May-2023	0d	alexa	Danuvius_Wave	1
03-May-2023	0d	alexa	Professional_End1298	1
03-May-2023	0d	alexa	Pogger_boi10	1
03-May-2023	0d	alexa	azz3879	1
03-May-2023	0d	alexa	bxclnt	1
03-May-2023	0d	alexa	SteelersYoda	1
03-May-2023	0d	alexa	lmarzoli7	1
03-May-2023	0d	alexa	Abevigodaschoda	1
03-May-2023	0d	alexa	breDAniel	1
03-May-2023	0d	alexa	Gasai-alexa	1
03-May-2023	0d	alexa	AdSoLo_	1
03-May-2023	0d	alexa	Official_Government	1
03-May-2023	0d	alexa	Mike12mt	1
03-May-2023	0d	alexa	vbcarvalho	1
03-May-2023	0d	alexa	tolgabalci	1
03-May-2023	0d	alexa	ExperiencedOptimist	1
03-May-2023	0d	alexa	slesher27	1
03-May-2023	0d	alexa	RobotMode2	1
03-May-2023	0d	alexa	Lawris2B	1
03-May-2023	0d	alexa	talk2me-alexa	1
03-May-2023	0d	alexa	koko1414	1
03-May-2023	0d	alexa	Dansk72	1
03-May-2023	0d	alexa	Big-Introduction9159	1
03-May-2023	0d	alexa	PotentialSpend8532	1
03-May-2023	0d	alexa	MannyGTSkyrimModder	1
03-May-2023	0d	alexa	scottjf8	1
03-May-2023	0d	alexa	2drunk2remember-	1
03-May-2023	0d	alexa	bingobango2911	1
03-May-2023	0d	alexa	ASNetGuy	1
03-May-2023	0d	alexa	CornSpark	1
03-May-2023	0d	alexa	uscpsycho	1
03-May-2023	0d	alexa	Old_AP_Pro	1
03-May-2023	0d	alexa	bootyproblems99999	1
03-May-2023	0d	alexa	Glass-Material5689	1
03-May-2023	0d	alexa	MrsSmiles09	1
03-May-2023	0d	alexa	pizzafan2	1
03-May-2023	0d	alexa	Ardbert_The_Fallen	1
03-May-2023	0d	alexa	cyberjunkyfreak	1
03-May-2023	0d	alexa	Zealousideal-Rub-701	1
03-May-2023	0d	alexa	maniac365	1
03-May-2023	0d	alexa	baker2gs	1
03-May-2023	0d	alexa	AlternativeMusic143	1
03-May-2023	0d	alexa	chemsexblues	1
03-May-2023	0d	alexa	PragmaticProkopton	1
03-May-2023	0d	alexa	rokrishnan	1
03-May-2023	0d	alexa	danc0mrad	1
03-May-2023	0d	alexa	Oakenshield-	1
03-May-2023	0d	alexa	Oztravels	1
03-May-2023	0d	alexa	BlotterArt_	1
03-May-2023	0d	alexa	Plenty-Purchase-7673	1
03-May-2023	0d	alexa	AnalyticalsRCool	1
03-May-2023	0d	alexa	MachineElfOnASheIf	1
03-May-2023	0d	alexa	LegndRisk	1
03-May-2023	0d	alexa	MrStrype	1
03-May-2023	0d	alexa	DeathWray	1
03-May-2023	0d	alexa	bemo115	1
03-May-2023	0d	alexa	7_iceman_7	1
03-May-2023	0d	alexa	Latte_THE_HaMb	1
03-May-2023	0d	alexa	epiccoder2	1
03-May-2023	0d	alexa	Chloe_0258_	1
03-May-2023	0d	alexa	Japanste	1
03-May-2023	0d	alexa	Moist-War5196	1
03-May-2023	0d	alexa	HehroMaraFara	1
03-May-2023	0d	alexa	dthmagic	1
03-May-2023	0d	alexa	princefreeze	1
03-May-2023	0d	alexa	Craigotrak	1
03-May-2023	0d	alexa	DjoooKaplan	1
03-May-2023	0d	alexa	Dabura65	1
03-May-2023	0d	alexa	spinozasrobot	1
03-May-2023	0d	alexa	-Battlecat	1
03-May-2023	0d	alexa	ShavuuY219	1
03-May-2023	0d	alexa	focusrite99	1
03-May-2023	0d	alexa	Accomplished-Step660	1
03-May-2023	0d	alexa	wilvanpkro	1
03-May-2023	0d	alexa	Tank097	1
03-May-2023	0d	alexa	CaboDennis17	1
03-May-2023	0d	alexa	Any_Extension_2610	1
03-May-2023	0d	alexa	nerdy_devil	1
03-May-2023	0d	alexa	babbage22	1
03-May-2023	0d	alexa	DrewDowne22	1
03-May-2023	0d	alexa	charlie-1973	1
03-May-2023	0d	alexa	stickmonger	1
03-May-2023	0d	alexa	anonwillnevertell	1
03-May-2023	0d	alexa	MangoMike813	1
03-May-2023	0d	alexa	Faengelm	1
03-May-2023	0d	alexa	WillvieP801	1
03-May-2023	0d	alexa	Usa_45	1
03-May-2023	0d	alexa	WhereTheMangoesAt	1
03-May-2023	0d	alexa	nlDuncan	1
03-May-2023	0d	alexa	Turbulent_Swan_64	1
03-May-2023	0d	alexa	mesonoxian_loner	1
03-May-2023	0d	alexa	luizgnunes	1
03-May-2023	0d	alexa	leftarmslow	1
03-May-2023	0d	alexa	NicovhP261	1
03-May-2023	0d	alexa	Reshimes	1
03-May-2023	0d	alexa	DesignSmallEmpires	1
03-May-2023	0d	alexa	sccr410	1
03-May-2023	0d	alexa	blokch8n	1
03-May-2023	0d	alexa	dmt_alpha	1
03-May-2023	0d	alexa	Isaac_RF_239	1
03-May-2023	0d	alexa	RockPaperShredder	1
03-May-2023	0d	alexa	BohemeWinter	1
03-May-2023	0d	alexa	Isti115	1
03-May-2023	0d	alexa	bawlachora	1
03-May-2023	0d	alexa	Barvrerice201	1
03-May-2023	0d	alexa	hapa-boi	1
03-May-2023	0d	alexa	peachdra9on	1
03-May-2023	0d	alexa	pandaman1339	1
03-May-2023	0d	alexa	BahaMan69	1
03-May-2023	0d	alexa	xilog	1
03-May-2023	0d	alexa	element_unknownn	1
03-May-2023	0d	alexa	nutznshells	1
03-May-2023	0d	alexa	stilldeb	1
03-May-2023	0d	alexa	JessivvbP792	1
03-May-2023	0d	alexa	snac	1
03-May-2023	0d	alexa	Jeffskistler	1
03-May-2023	0d	alexa	josh-i	1
03-May-2023	0d	alexa	Emreprox	1
03-May-2023	0d	alexa	dbonneville	1
03-May-2023	0d	alexa	Zealousideal_Weird_3	1
03-May-2023	0d	alexa	Iangh007	1
03-May-2023	0d	alexa	B1ack_0ut0908	1
03-May-2023	0d	alexa	SmellyCummies	1
03-May-2023	0d	alexa	goForItMyBest	1
03-May-2023	0d	alexa	Mission_Highway5032	1
03-May-2023	0d	alexa	stacielynn89	1
03-May-2023	0d	alexa	Relative-Pea-65	1
03-May-2023	0d	alexa	chelle_renee13	1
03-May-2023	0d	alexa	relativelymark	1
03-May-2023	0d	alexa	porterhouse0	1
03-May-2023	0d	alexa	Accomplished_Lake128	1
03-May-2023	0d	alexa	notinferno	1
03-May-2023	0d	alexa	Velena82	1
03-May-2023	0d	alexa	Matthvin	1
03-May-2023	0d	alexa	HamSolo31	1
03-May-2023	0d	alexa	99isGOAT	1
03-May-2023	0d	alexa	pylawn	1
03-May-2023	0d	alexa	cocoabeach	1
03-May-2023	0d	alexa	Initial_Fan8178	1
03-May-2023	0d	alexa	Fleemo17	1
03-May-2023	0d	alexa	thee3	1
03-May-2023	0d	alexa	MightyHandy	1
03-May-2023	0d	alexa	BigScaryBlackDude	1
03-May-2023	0d	alexa	ichi-ni-san123	1
03-May-2023	0d	alexa	TheLegofThanos	1
03-May-2023	0d	alexa	Valmeri	1
03-May-2023	0d	alexa	LazarianV	1
03-May-2023	0d	alexa	Human-Taro2630	1
03-May-2023	0d	alexa	ipottersmith	1
03-May-2023	0d	alexa	DidYouLickIt	1
03-May-2023	0d	alexa	BigVariation3	1
03-May-2023	0d	alexa	Technically_Bored14	1
03-May-2023	0d	alexa	MeliodasKush	1
03-May-2023	0d	alexa	iByteApple	1
03-May-2023	0d	alexa	PixelDaisy	1
03-May-2023	0d	alexa	neophlegm	1
03-May-2023	0d	alexa	Formal-Ad8037	1
03-May-2023	0d	alexa	thegameguydude	1
03-May-2023	0d	alexa	CarolynsFingers	1
03-May-2023	0d	alexa	IAmWhatIWill	1
03-May-2023	0d	alexa	ko05012317	1
03-May-2023	0d	alexa	InterstellarDeathPur	1
03-May-2023	0d	alexa	OriginalCTrain	1
03-May-2023	0d	alexa	M528LeeFlorida	1
03-May-2023	0d	alexa	huyouer	1
03-May-2023	0d	alexa	BlueLeatherBucket	1
03-May-2023	0d	alexa	Shit_Holden	1
03-May-2023	0d	alexa	hipsterdoofus	1
03-May-2023	0d	alexa	V1perIX	1
03-May-2023	0d	alexa	Bklover93	1
03-May-2023	0d	alexa	ObiYawn	1
03-May-2023	0d	alexa	Yesyesnaaooo	1
03-May-2023	0d	alexa	Formal-Fudge-1105	1
03-May-2023	0d	alexa	MaltaMaltaMaltaMalta	1
03-May-2023	0d	alexa	Drshta	1
03-May-2023	0d	alexa	ibwebb86	1
03-May-2023	0d	alexa	Lopsided-Art5399	1
03-May-2023	0d	alexa	temp4adhd	1
03-May-2023	0d	alexa	ImaginaryNerve	1
03-May-2023	0d	alexa	supergimp2000	1
03-May-2023	0d	alexa	The-Adster	1
03-May-2023	0d	alexa	Ok-Fly3692	1
03-May-2023	0d	alexa	Vamdrapids	1
03-May-2023	0d	alexa	usernameisinus	1
03-May-2023	0d	alexa	Realistic-Nothing599	1
03-May-2023	0d	alexa	SkyFullofHat	1
03-May-2023	0d	alexa	Svaneman_	1
03-May-2023	0d	alexa	SirCompetitive5560	1
03-May-2023	0d	alexa	AdministrativeBig150	1
03-May-2023	0d	alexa	dackasaurus	1
03-May-2023	0d	alexa	cartasticc	1
03-May-2023	0d	alexa	reckless_commenter	1
03-May-2023	0d	alexa	ViaraiX	1
03-May-2023	0d	alexa	PamBeeslyHalpert64	1
03-May-2023	0d	alexa	ninegagz	1
03-May-2023	0d	alexa	SpecialpOps	1
03-May-2023	0d	alexa	santaklaw	1
03-May-2023	0d	alexa	JonniteYT	1
03-May-2023	0d	alexa	HairySphere	1
03-May-2023	0d	alexa	Calm_Character_422	1
03-May-2023	0d	alexa	Leaaaaann	1
03-May-2023	0d	alexa	NicoJunco	1
03-May-2023	0d	alexa	Soggy_Breakfast_2720	1
03-May-2023	0d	alexa	JeffR47	1
03-May-2023	0d	alexa	ak9317	1
03-May-2023	0d	alexa	DixinMahbum	1
03-May-2023	0d	alexa	AQDUyYN7cgbDa4eYtxTq	1
03-May-2023	0d	alexa	Defiant-Tell-3199	1
03-May-2023	0d	alexa	MaticE83	1
03-May-2023	0d	alexa	paulogrego	1
03-May-2023	0d	alexa	SkeletonCreed	1
03-May-2023	0d	alexa	OrganizationLarge256	1
03-May-2023	0d	alexa	absaar1122	1
03-May-2023	0d	alexa	tomm2611	1
03-May-2023	0d	alexa	ianganderton	1
03-May-2023	0d	alexa	LuluLaRue1	1
03-May-2023	0d	alexa	Optimal-Statement-81	1
03-May-2023	0d	alexa	SpockYoda	1
03-May-2023	0d	alexa	Msattitude1185	1
03-May-2023	0d	alexa	loziomario	1
03-May-2023	0d	alexa	kseventytwo	1
03-May-2023	0d	alexa	deadcatdidntbounce	1
03-May-2023	0d	alexa	BrianAMartin221	1
03-May-2023	0d	alexa	otpid	1
03-May-2023	0d	alexa	whocarez_pt	1
03-May-2023	0d	alexa	AaronG85	1
03-May-2023	0d	alexa	roid_rage_over9000	1
03-May-2023	0d	alexa	NotUrbanMilkmaid	1
03-May-2023	0d	alexa	CoCambria	1
03-May-2023	0d	alexa	CTregurtha	1
03-May-2023	0d	alexa	MusicAddict12375	1
03-May-2023	0d	alexa	Melkorzz	1
03-May-2023	0d	alexa	archchunk	1
03-May-2023	0d	alexa	Electrical_Standard7	1
03-May-2023	0d	alexa	trafalger	1
03-May-2023	0d	alexa	calavandriel	1
03-May-2023	0d	alexa	Perma_SSBM	1
03-May-2023	0d	alexa	Camelfoe	1
03-May-2023	0d	alexa	emilylimemilylime	1
03-May-2023	0d	alexa	KeiKenchi	1
03-May-2023	0d	alexa	Love_For_All_Always	1
03-May-2023	0d	alexa	avbprog66	1
03-May-2023	0d	alexa	JQuinn2014	1
03-May-2023	0d	alexa	WhoWho22222	1
03-May-2023	0d	alexa	GungaPeace	1
03-May-2023	0d	alexa	Number-Efficient	1
03-May-2023	0d	alexa	cynycal	1
03-May-2023	0d	alexa	qagir	1
03-May-2023	0d	alexa	Exotic-Start-5039	1
03-May-2023	0d	alexa	L4GNKODEX	1
03-May-2023	0d	alexa	Drowning1989	1
03-May-2023	0d	alexa	Financial_Panda6539	1
03-May-2023	0d	alexa	AuntRobin	1
03-May-2023	0d	alexa	kbkc14	1
03-May-2023	0d	alexa	cocainebear95	1
03-May-2023	0d	alexa	Physkidbbu	1
03-May-2023	0d	alexa	burritosandblunts	1
03-May-2023	0d	alexa	QuietAd8340	1
03-May-2023	0d	alexa	doncaruana	1
03-May-2023	0d	alexa	FlakoJordi	1
03-May-2023	0d	alexa	40trieslater	1
03-May-2023	0d	alexa	ajd416	1
03-May-2023	0d	alexa	chachanita	1
03-May-2023	0d	alexa	Draven2050	1
03-May-2023	0d	alexa	MagdalenaHagdalena	1
03-May-2023	0d	alexa	explictlyrics	1
03-May-2023	0d	alexa	kay47106	1
03-May-2023	0d	alexa	geppetoman	1
03-May-2023	0d	alexa	Competitive_Front_90	1
03-May-2023	0d	alexa	Fun_Transportation97	1
03-May-2023	0d	alexa	BeerGogglesFTW	1
03-May-2023	0d	alexa	Consistent-Mud-7740	1
03-May-2023	0d	alexa	Murky_March_439	1
03-May-2023	0d	alexa	i-just-wanna-be-edgy	1
03-May-2023	0d	alexa	cotuisano	1
03-May-2023	0d	alexa	Fitzfuzzington	1
03-May-2023	0d	alexa	YeahThatCee	1
03-May-2023	0d	alexa	Mr_Xu1	1
03-May-2023	0d	alexa	vylip	1
03-May-2023	0d	alexa	cleff911	1
03-May-2023	0d	alexa	SuurAlaOrolo	1
03-May-2023	0d	alexa	Yvai	1
03-May-2023	0d	alexa	anm11x	1
03-May-2023	0d	alexa	GreyOtter86	1
03-May-2023	0d	alexa	LastWitness13	1
03-May-2023	0d	alexa	Apprehensive-Ad738	1
03-May-2023	0d	alexa	jstallingssr	1
03-May-2023	0d	alexa	primalanomaly	1
03-May-2023	0d	alexa	Cenddel	1
03-May-2023	0d	alexa	Dizzy_Blackberry_762	1
03-May-2023	0d	alexa	alittlepronetopanic	1
03-May-2023	0d	alexa	asjonesy99	1
03-May-2023	0d	alexa	Puzzleheaded_Basil13	1
03-May-2023	0d	alexa	frenchynerd	1
03-May-2023	0d	alexa	No_Gear1535	1
03-May-2023	0d	alexa	CrossPlainsCat	1
03-May-2023	0d	alexa	rebobbecker	1
03-May-2023	0d	alexa	SegretoBaccello	1
03-May-2023	0d	alexa	lubbom	1
03-May-2023	0d	alexa	Tellurian_Cyborg	1
03-May-2023	0d	alexa	soulmagic123	1
03-May-2023	0d	alexa	crazyasspig	1
03-May-2023	0d	alexa	unreqistered	1
03-May-2023	0d	alexa	phillerup97079	1
03-May-2023	0d	alexa	Parafault	1
03-May-2023	0d	alexa	Ok_Faithlessness609	1
03-May-2023	0d	alexa	boutell	1
03-May-2023	0d	alexa	Chipbeef	1
03-May-2023	0d	alexa	SlowCondition8131	1
03-May-2023	0d	alexa	EvanMcD3	1
03-May-2023	0d	alexa	memebuster	1
03-May-2023	0d	alexa	SailTheWaves	1
03-May-2023	0d	alexa	kevinatconifer	1
03-May-2023	0d	alexa	Grim_Skulduggery	1
03-May-2023	0d	alexa	_DrunkenStein	1
03-May-2023	0d	alexa	AccidentAutomatic259	1
03-May-2023	0d	alexa	RobertKreuels	1
03-May-2023	0d	alexa	Fusional_Delusional	1
03-May-2023	0d	alexa	DSavoie6	1
03-May-2023	0d	alexa	kawachira	1
03-May-2023	0d	alexa	zikronix	1
03-May-2023	0d	alexa	kiloelectronvolt619	1
03-May-2023	0d	alexa	JuliaJune96	1
03-May-2023	0d	alexa	FastConversation3594	1
03-May-2023	0d	alexa	luixiuno	1
03-May-2023	0d	alexa	offshore1100	1
03-May-2023	0d	alexa	TomerHorowitz	1
03-May-2023	0d	alexa	shark978	1
03-May-2023	0d	alexa	VSFX	1
03-May-2023	0d	alexa	ss_weevo	1
03-May-2023	0d	alexa	ORD-DRO	1
03-May-2023	0d	alexa	kprecor	1
03-May-2023	0d	alexa	FallingPlane	1
03-May-2023	0d	alexa	hebrewnational35	1
03-May-2023	0d	alexa	Thunder-Kuntz	1
03-May-2023	0d	alexa	Benjani85	1
03-May-2023	0d	alexa	JasonTheHealer	1
03-May-2023	0d	alexa	prakashanish	1
03-May-2023	0d	alexa	BlueIdoru	1
03-May-2023	0d	alexa	whonu5	1
03-May-2023	0d	alexa	scottishsteveo	1
03-May-2023	0d	alexa	carpetony	1
03-May-2023	0d	alexa	oddjobs4bud	1
03-May-2023	0d	alexa	Excellent-Zombie-470	1
03-May-2023	0d	alexa	RawMan99	1
03-May-2023	0d	alexa	Ok-Rabbit-3335	1
03-May-2023	0d	alexa	alexandereastwood	1
03-May-2023	0d	alexa	Octoling1674	1
03-May-2023	0d	alexa	shakeyorumpahh23	1
03-May-2023	0d	alexa	LSP-86	1
03-May-2023	0d	alexa	HHCeramicCoatings	1
03-May-2023	0d	alexa	freelancerjourn	1
03-May-2023	0d	alexa	rgvrules12	1
03-May-2023	0d	alexa	mightyt2000	1
03-May-2023	0d	alexa	abusivecat	1
03-May-2023	0d	alexa	reevoIution	1
03-May-2023	0d	alexa	Individual-Tap95	1
03-May-2023	0d	alexa	Djelimon	1
03-May-2023	0d	alexa	nmartins10	1
03-May-2023	0d	alexa	Reizumii	1
03-May-2023	0d	alexa	Railfanning2005	1
03-May-2023	0d	alexa	Bill-NM	1
03-May-2023	0d	alexa	mice_inthewalls	1
03-May-2023	0d	alexa	GakutoYo	1
03-May-2023	0d	alexa	Uncle-oswald	1
03-May-2023	0d	alexa	rustypie314	1
03-May-2023	0d	alexa	jettisonthelunchroom	1
03-May-2023	0d	alexa	glassmine2020	1
03-May-2023	0d	alexa	PuzzledCarpet2459	1
03-May-2023	0d	alexa	SkyesMomma	1
03-May-2023	0d	alexa	Llymlaen_Rilkam	1
03-May-2023	0d	alexa	sour_apple_1228	1
03-May-2023	0d	alexa	Dry-Hotel5306	1
03-May-2023	0d	alexa	username_load_failed	1
03-May-2023	0d	alexa	JLdc2000	1
03-May-2023	0d	alexa	PercheMiPiaci	1
03-May-2023	0d	alexa	fskhalsa	1
03-May-2023	0d	alexa	noonecaresxd	1
03-May-2023	0d	alexa	Smirkydarkdude	1
03-May-2023	0d	alexa	maxident65	1
03-May-2023	0d	alexa	tommygunz007	1
03-May-2023	0d	alexa	shubie42	1
03-May-2023	0d	alexa	tmxkn1	1
03-May-2023	0d	alexa	shawnofthedead_	1
03-May-2023	0d	alexa	borgqueenx	1
03-May-2023	0d	alexa	SkateFossSL	1
03-May-2023	0d	alexa	applesauce2011	1
03-May-2023	0d	alexa	itoldusoandso	1
03-May-2023	0d	alexa	Shot_Capital_7788	1
03-May-2023	0d	alexa	AnswerIsBacon	1
03-May-2023	0d	alexa	IXPrazor	1
03-May-2023	0d	alexa	tuttifruttif4nta	1
03-May-2023	0d	alexa	bobbo2443	1
03-May-2023	0d	alexa	SirArko23	1
03-May-2023	0d	alexa	andyh200	1
03-May-2023	0d	alexa	ViciousScenario	1
03-May-2023	0d	alexa	Spirited-Meringue829	1
03-May-2023	0d	alexa	pcb1962	1
03-May-2023	0d	alexa	_air25	1
03-May-2023	0d	alexa	QuasarSoze	1
03-May-2023	0d	alexa	SgtSplacker	1
03-May-2023	0d	alexa	siva992	1
03-May-2023	0d	alexa	zEdgarHoover	1
03-May-2023	0d	alexa	random125184	1
03-May-2023	0d	alexa	Weak_Ad_5128	1
03-May-2023	0d	alexa	throawaymcdumbface	1
03-May-2023	0d	alexa	Jonatheber	1
03-May-2023	0d	alexa	Ramius_M_415	1
03-May-2023	0d	alexa	_Biaa_-	1
03-May-2023	0d	alexa	techilu	1
03-May-2023	0d	alexa	loaxming	1
03-May-2023	0d	alexa	CheddarDeity	1
03-May-2023	0d	alexa	werdmouf	1
03-May-2023	0d	alexa	TurbulentTowel1024	1
03-May-2023	0d	alexa	radioblues	1
03-May-2023	0d	alexa	Sim-0-nster	1
03-May-2023	0d	alexa	Professional_Feed791	1
03-May-2023	0d	alexa	mclosi	1
03-May-2023	0d	alexa	quandariusbingleton	1
03-May-2023	0d	alexa	Kaitlin_Shaw	1
03-May-2023	0d	alexa	ohmysunnyday	1
03-May-2023	0d	alexa	onesmartcrib	1
03-May-2023	0d	alexa	CollectorG	1
03-May-2023	0d	alexa	Dogmeat411	1
03-May-2023	0d	alexa	AvocadoInsurgence	1
03-May-2023	0d	alexa	torrphilla	1
03-May-2023	0d	alexa	beardiac	1
03-May-2023	0d	alexa	FapDamage	1
03-May-2023	0d	alexa	newtonbase	1
03-May-2023	0d	alexa	Sip0nThis	1
03-May-2023	0d	alexa	South_Suggestion_116	1
03-May-2023	0d	alexa	AnonymousScorpi	1
03-May-2023	0d	alexa	BigTamMacGotchy	1
03-May-2023	0d	alexa	FieldsingAround	1
03-May-2023	0d	alexa	youenjoymyhood	1
03-May-2023	0d	alexa	Traditional_Cattle87	1
03-May-2023	0d	alexa	reidgells	1
03-May-2023	0d	alexa	Joshbegosh	1
03-May-2023	0d	alexa	mysteryman112211	1
03-May-2023	0d	alexa	tylerski45	1
03-May-2023	0d	alexa	Square-Canary-1387	1
03-May-2023	0d	alexa	AlanMichel	1
03-May-2023	0d	alexa	Human_Yam1500	1
03-May-2023	0d	alexa	Twice6	1
03-May-2023	0d	alexa	Siuol28	1
03-May-2023	0d	alexa	sbs1138	1
03-May-2023	0d	alexa	alexburnsredd	1
03-May-2023	0d	alexa	electric_bro	1
03-May-2023	0d	alexa	TheHYPO	1
03-May-2023	0d	alexa	Timanemone	1
03-May-2023	0d	alexa	Dangerous_Farm_7801	1
03-May-2023	0d	alexa	mesocyclone1	1
03-May-2023	0d	alexa	abigthicctoe	1
03-May-2023	0d	alexa	le_mole	1
03-May-2023	0d	alexa	LythriIux	1
03-May-2023	0d	alexa	AaryanChadha	1
03-May-2023	0d	alexa	estelleheather	1
03-May-2023	0d	alexa	Kelaat	1
03-May-2023	0d	alexa	NoodleCheeseThief	1
03-May-2023	0d	alexa	brownbanjo	1
03-May-2023	0d	alexa	starstriker64DD	1
03-May-2023	0d	alexa	AlrightRealNice	1
03-May-2023	0d	alexa	MrTalonHawk	1
03-May-2023	0d	alexa	Scanfro	1
03-May-2023	0d	alexa	efisk666	1
03-May-2023	0d	alexa	RojoPez	1
03-May-2023	0d	alexa	Whisker-biscuitt	1
03-May-2023	0d	alexa	Wit_tank	1
03-May-2023	0d	alexa	NAD1983UTMZONExx	1
03-May-2023	0d	alexa	Redstonemaniac2019	1
03-May-2023	0d	alexa	hlp3916	1
03-May-2023	0d	alexa	f_conte	1
03-May-2023	0d	alexa	redapples42	1
03-May-2023	0d	alexa	Drakknfyre	1
03-May-2023	0d	alexa	IsraelZulu	1
03-May-2023	0d	alexa	CryptographerSoft215	1
03-May-2023	0d	alexa	super_delegate	1
03-May-2023	0d	alexa	elizathornberry-	1
03-May-2023	0d	alexa	silentkiller000	1
03-May-2023	0d	alexa	rsrandall_	1
03-May-2023	0d	alexa	Aboricand	1
03-May-2023	0d	alexa	237wood	1
03-May-2023	0d	alexa	UpRolled_TheRiotVan	1
03-May-2023	0d	alexa	hmd_yip	1
03-May-2023	0d	alexa	binaryguy	1
03-May-2023	0d	alexa	katesicle82	1
03-May-2023	0d	alexa	xamomax	1
03-May-2023	0d	alexa	GrapefruitComplex126	1
03-May-2023	0d	alexa	SkatterbrainMusic420	1
03-May-2023	0d	alexa	Ok-Action511	1
03-May-2023	0d	alexa	theComputerGnome	1
03-May-2023	0d	alexa	spookysanta33	1
03-May-2023	0d	alexa	CedarPointDada	1
03-May-2023	0d	alexa	GarfieldSighs3	1
03-May-2023	0d	alexa	crblack24	1
03-May-2023	0d	alexa	alwaysLearning_6405	1
03-May-2023	0d	alexa	Flimsy_Wait_8235	1
03-May-2023	0d	alexa	OsborneCoxMemoir3	1
03-May-2023	0d	alexa	AD_MDestroyer	1
03-May-2023	0d	alexa	nexokicker	1
03-May-2023	0d	alexa	skarro-	1
03-May-2023	0d	alexa	icolinpro	1
03-May-2023	0d	alexa	ReserveMaximum	1
03-May-2023	0d	alexa	Red_from_NL	1
03-May-2023	0d	alexa	meep-moo	1
03-May-2023	0d	alexa	LazyKranch13	1
03-May-2023	0d	alexa	pandoroar	1
03-May-2023	0d	alexa	FiveFire33	1
03-May-2023	0d	alexa	i112	1
03-May-2023	0d	alexa	ex-oh	1
03-May-2023	0d	alexa	K3RTSK	1
03-May-2023	0d	alexa	thosecars82	1
03-May-2023	0d	alexa	trumanlet	1
03-May-2023	0d	alexa	Interesting-Ask7615	1
03-May-2023	0d	alexa	deadeye09	1
03-May-2023	0d	alexa	jcretrop	1
03-May-2023	0d	alexa	Soler37	1
03-May-2023	0d	alexa	ashley0497	1
03-May-2023	0d	alexa	theboatlover	1
03-May-2023	0d	alexa	motaA24	1
03-May-2023	0d	alexa	NativeCoder	1
03-May-2023	0d	alexa	TheLazyPurpleWizard	1
03-May-2023	0d	alexa	PockASqueeno	1
03-May-2023	0d	alexa	DerFred3	1
03-May-2023	0d	alexa	bobbysorer	1
03-May-2023	0d	alexa	Healthy_Ladder_6198	1
03-May-2023	0d	alexa	JuanD260	1
03-May-2023	0d	alexa	MikeLowry13	1
03-May-2023	0d	alexa	Dan__Glesak	1
03-May-2023	0d	alexa	Benjihubbs	1
03-May-2023	0d	alexa	wildwood9843	1
03-May-2023	0d	alexa	errol343	1
03-May-2023	0d	alexa	81mrg81	1
03-May-2023	0d	alexa	Christopher247uk	1
03-May-2023	0d	alexa	ir1999	1
03-May-2023	0d	alexa	zeypierce	1
03-May-2023	0d	alexa	lifesucksblabla	1
03-May-2023	0d	alexa	theonerm2	1
03-May-2023	0d	alexa	Aggressive_Lake191	1
03-May-2023	0d	alexa	SonicTheDog420	1
03-May-2023	0d	alexa	Cyreesedabeast	1
03-May-2023	0d	alexa	eyesdrib	1
03-May-2023	0d	alexa	Particular-Bank-5519	1
03-May-2023	0d	alexa	j4mes_27	1
03-May-2023	0d	alexa	ATX_Analytics	1
03-May-2023	0d	alexa	Heya05	1
03-May-2023	0d	alexa	mickceratops_	1
03-May-2023	0d	alexa	pollutionblues	1
03-May-2023	0d	alexa	Tall-Accountant-5177	1
03-May-2023	0d	alexa	DaMunzzz	1
03-May-2023	0d	alexa	xdLeoFam	1
03-May-2023	0d	alexa	brokenarrow7777777	1
03-May-2023	0d	alexa	yellowlinedpaper	1
03-May-2023	0d	alexa	boom-boom-butterfly	1
03-May-2023	0d	alexa	DragonWolf5589	1
03-May-2023	0d	alexa	mguod	1
03-May-2023	0d	alexa	FeanorsFamilyJewels	1
03-May-2023	0d	alexa	Impulse3000	1
03-May-2023	0d	alexa	DARKFiB3R	1
03-May-2023	0d	alexa	CoherentReceptor	1
03-May-2023	0d	alexa	iExtro13	1
03-May-2023	0d	alexa	Active-Drive-7749	1
03-May-2023	0d	alexa	Wolfie_Rankin	1
03-May-2023	0d	alexa	Gredo89	1
03-May-2023	0d	alexa	TREDOTCOM	1
03-May-2023	0d	alexa	TMNTFan99	1
03-May-2023	0d	alexa	OnionSilver1081	1
03-May-2023	0d	alexa	Minuspuma	1
03-May-2023	0d	alexa	mrezar	1
03-May-2023	0d	alexa	Wayne8766	1
03-May-2023	0d	alexa	joey133	1
03-May-2023	0d	alexa	roytay	1
03-May-2023	0d	alexa	ami2weird4u	1
03-May-2023	0d	alexa	Drillerfan	1
03-May-2023	0d	alexa	gjoakum221	1
03-May-2023	0d	alexa	Ok-Possibility-7573	1
03-May-2023	0d	alexa	Sufficient_Subject95	1
03-May-2023	0d	alexa	LamzTheLlama	1
03-May-2023	0d	alexa	Japanda23	1
03-May-2023	0d	alexa	RR0925	1
03-May-2023	0d	alexa	KitWat	1
03-May-2023	0d	alexa	pixolz	1
03-May-2023	0d	alexa	Bluedemonde	1
03-May-2023	0d	alexa	ollieworkman	1
03-May-2023	0d	alexa	original_dr_mono	1
03-May-2023	0d	alexa	MAGunGuy	1
03-May-2023	0d	alexa	UnHivedMind	1
03-May-2023	0d	alexa	psilversmith	1
