query_date	before_date	subreddit	comment_author	comment_frequency
03-May-2023	100d	alexa	[deleted]	90
03-May-2023	100d	alexa	Dansk72	53
03-May-2023	100d	alexa	brantome24	33
03-May-2023	100d	alexa	Famous-Perspective-3	21
03-May-2023	100d	alexa	dadudster	19
03-May-2023	100d	alexa	Wayne8766	17
03-May-2023	100d	alexa	gangsteroflove1	14
03-May-2023	100d	alexa	antisane	13
03-May-2023	100d	alexa	dalmarnock	13
03-May-2023	100d	alexa	Important-Comfort	13
03-May-2023	100d	alexa	Phredee	12
03-May-2023	100d	alexa	Gizmify	9
03-May-2023	100d	alexa	PrivatePilot9	9
03-May-2023	100d	alexa	TheJessicator	9
03-May-2023	100d	alexa	Man_Bear_Beaver	7
03-May-2023	100d	alexa	DSavoie6	7
03-May-2023	100d	alexa	MichaelJayQue	7
03-May-2023	100d	alexa	RedMapleBat	6
03-May-2023	100d	alexa	washburn100	6
03-May-2023	100d	alexa	Scooter310	6
03-May-2023	100d	alexa	BGen13	6
03-May-2023	100d	alexa	WhatWouldTNGPicardDo	6
03-May-2023	100d	alexa	breakneckridge	6
03-May-2023	100d	alexa	ATXthedude	6
03-May-2023	100d	alexa	OkBoomerEh	6
03-May-2023	100d	alexa	frodrick895	5
03-May-2023	100d	alexa	BlueIdoru	5
03-May-2023	100d	alexa	-m1zu-	5
03-May-2023	100d	alexa	sometin__else	5
03-May-2023	100d	alexa	McFeely_Smackup	5
03-May-2023	100d	alexa	GryffindorTwr	5
03-May-2023	100d	alexa	thedreaming2017	5
03-May-2023	100d	alexa	foulblade	5
03-May-2023	100d	alexa	TangleOfWires	5
03-May-2023	100d	alexa	creeterry	5
03-May-2023	100d	alexa	parkineos	5
03-May-2023	100d	alexa	mrdctaylor	5
03-May-2023	100d	alexa	TheBlueLeopard	4
03-May-2023	100d	alexa	Riquende	4
03-May-2023	100d	alexa	stoolzmclingo	4
03-May-2023	100d	alexa	wuxxler	4
03-May-2023	100d	alexa	anthonycsimone	4
03-May-2023	100d	alexa	Laura9624	4
03-May-2023	100d	alexa	winelight	4
03-May-2023	100d	alexa	argus4ever	4
03-May-2023	100d	alexa	doubledare1	4
03-May-2023	100d	alexa	J4M0MU51C	4
03-May-2023	100d	alexa	darthcaedus81	4
03-May-2023	100d	alexa	joopface	4
03-May-2023	100d	alexa	LadyLoki5	3
03-May-2023	100d	alexa	HiroshiHatake	3
03-May-2023	100d	alexa	Grimdave	3
03-May-2023	100d	alexa	Michael_10-4	3
03-May-2023	100d	alexa	FastAndForgetful	3
03-May-2023	100d	alexa	forumwhore	3
03-May-2023	100d	alexa	mediaserver8	3
03-May-2023	100d	alexa	echgrl96	3
03-May-2023	100d	alexa	freebubbleup	3
03-May-2023	100d	alexa	Piggy9896	3
03-May-2023	100d	alexa	Ichthius	3
03-May-2023	100d	alexa	anoninternetguy	3
03-May-2023	100d	alexa	niuzki	3
03-May-2023	100d	alexa	NukaDadd	3
03-May-2023	100d	alexa	MyCircusMyMonkeyz	3
03-May-2023	100d	alexa	WomanOfEld	3
03-May-2023	100d	alexa	ebsebs	3
03-May-2023	100d	alexa	arpie	3
03-May-2023	100d	alexa	alexbro001	3
03-May-2023	100d	alexa	Gru_Daddy	3
03-May-2023	100d	alexa	PsychoInHell	2
03-May-2023	100d	alexa	Helpful_Put_5274	2
03-May-2023	100d	alexa	thebrokedown	2
03-May-2023	100d	alexa	_All_Tied_Up_	2
03-May-2023	100d	alexa	Impressive-Ad9815	2
03-May-2023	100d	alexa	mckulty	2
03-May-2023	100d	alexa	tbluhp	2
03-May-2023	100d	alexa	Muted_Sorts	2
03-May-2023	100d	alexa	cerebasan	2
03-May-2023	100d	alexa	itsallyourfoucault	2
03-May-2023	100d	alexa	Elkee68	2
03-May-2023	100d	alexa	rcatk42	2
03-May-2023	100d	alexa	HugsyMalone	2
03-May-2023	100d	alexa	NeptuneWades	2
03-May-2023	100d	alexa	sterlingsplendor	2
03-May-2023	100d	alexa	BJBBJB99	2
03-May-2023	100d	alexa	mrBill12	2
03-May-2023	100d	alexa	rr777	2
03-May-2023	100d	alexa	GronlandicReddit	2
03-May-2023	100d	alexa	Guido-thekillerpimp	2
03-May-2023	100d	alexa	FinlayTomasMead	2
03-May-2023	100d	alexa	vbguy77	2
03-May-2023	100d	alexa	ActualMis	2
03-May-2023	100d	alexa	Eclipse8301	2
03-May-2023	100d	alexa	sykon1st	2
03-May-2023	100d	alexa	HonnyBrown	2
03-May-2023	100d	alexa	headinthered	2
03-May-2023	100d	alexa	Crowsby	2
03-May-2023	100d	alexa	Jack_Benney	2
03-May-2023	100d	alexa	Monkfich	2
03-May-2023	100d	alexa	-gpz-	2
03-May-2023	100d	alexa	Essar388	2
03-May-2023	100d	alexa	wewewawa	2
03-May-2023	100d	alexa	demonblack873	2
03-May-2023	100d	alexa	This_Is_Section_One	2
03-May-2023	100d	alexa	anus_reus	2
03-May-2023	100d	alexa	pdinc	2
03-May-2023	100d	alexa	ihateeverythingandu	2
03-May-2023	100d	alexa	thentangler	2
03-May-2023	100d	alexa	ObjectiveAttention80	2
03-May-2023	100d	alexa	mickeybob00	2
03-May-2023	100d	alexa	mikeyshu	2
03-May-2023	100d	alexa	badguy7654321	2
03-May-2023	100d	alexa	_Durs	2
03-May-2023	100d	alexa	Nsfwcal	2
03-May-2023	100d	alexa	dntcareboutdownvotes	2
03-May-2023	100d	alexa	LintStalker	2
03-May-2023	100d	alexa	newtonbase	2
03-May-2023	100d	alexa	bvdp	2
03-May-2023	100d	alexa	baobab68	2
03-May-2023	100d	alexa	ChiefBroady	2
03-May-2023	100d	alexa	MildredMay	2
03-May-2023	100d	alexa	IncapableOfLaughing	2
03-May-2023	100d	alexa	lapeen4	2
03-May-2023	100d	alexa	shif	2
03-May-2023	100d	alexa	psilokan	2
03-May-2023	100d	alexa	NottaGuy	2
03-May-2023	100d	alexa	Apple_546	2
03-May-2023	100d	alexa	bhop0073	2
03-May-2023	100d	alexa	Htumedrm	2
03-May-2023	100d	alexa	hammersgirl86	2
03-May-2023	100d	alexa	CanadianDiver	2
03-May-2023	100d	alexa	tat21985	2
03-May-2023	100d	alexa	SirEnzyme	2
03-May-2023	100d	alexa	sara-alexa	2
03-May-2023	100d	alexa	PaddleNW	2
03-May-2023	100d	alexa	W_Rabbit	2
03-May-2023	100d	alexa	jlbob	2
03-May-2023	100d	alexa	feroz2020	2
03-May-2023	100d	alexa	Watashifr	2
03-May-2023	100d	alexa	kendallb183	2
03-May-2023	100d	alexa	Dingdongmycatisgone	2
03-May-2023	100d	alexa	SupremeSTI	2
03-May-2023	100d	alexa	Sethjustseth	2
03-May-2023	100d	alexa	MechaNickzilla	2
03-May-2023	100d	alexa	DIperez54	2
03-May-2023	100d	alexa	beyondthegraceofgod	2
03-May-2023	100d	alexa	Simplexitycustom	2
03-May-2023	100d	alexa	FurnishedPenguin	2
03-May-2023	100d	alexa	FrenziedBunny	2
03-May-2023	100d	alexa	mattsnowboard	2
03-May-2023	100d	alexa	Slythius	1
03-May-2023	100d	alexa	paeioudia	1
03-May-2023	100d	alexa	carpetony	1
03-May-2023	100d	alexa	ritchie70	1
03-May-2023	100d	alexa	Toid3	1
03-May-2023	100d	alexa	Abalisk	1
03-May-2023	100d	alexa	ShawnPay32	1
03-May-2023	100d	alexa	JessC-	1
03-May-2023	100d	alexa	Leupster	1
03-May-2023	100d	alexa	Yesyesnaaooo	1
03-May-2023	100d	alexa	EvanMcD3	1
03-May-2023	100d	alexa	FrauMausL	1
03-May-2023	100d	alexa	bellbo	1
03-May-2023	100d	alexa	marticored	1
03-May-2023	100d	alexa	GruntledEx	1
03-May-2023	100d	alexa	spiderplex	1
03-May-2023	100d	alexa	impzzzz	1
03-May-2023	100d	alexa	saturn480	1
03-May-2023	100d	alexa	buygonetimes	1
03-May-2023	100d	alexa	Intelligent-Key3576	1
03-May-2023	100d	alexa	PilotTyers	1
03-May-2023	100d	alexa	brownsugar1212	1
03-May-2023	100d	alexa	Short_Woodpecker1331	1
03-May-2023	100d	alexa	shockingdevelopment	1
03-May-2023	100d	alexa	Dwaine1977	1
03-May-2023	100d	alexa	zakaroy	1
03-May-2023	100d	alexa	Bother-Present	1
03-May-2023	100d	alexa	BananimusPrime	1
03-May-2023	100d	alexa	chaospearl	1
03-May-2023	100d	alexa	Scarab138	1
03-May-2023	100d	alexa	nightcatsmeow77	1
03-May-2023	100d	alexa	Outside_Pin_8923	1
03-May-2023	100d	alexa	tarzan_nojane	1
03-May-2023	100d	alexa	zalloy	1
03-May-2023	100d	alexa	universaljester	1
03-May-2023	100d	alexa	bluenautilus2	1
03-May-2023	100d	alexa	helloworldquestion	1
03-May-2023	100d	alexa	paulsmt	1
03-May-2023	100d	alexa	The-Voice-Of-Dog	1
03-May-2023	100d	alexa	Martholomeow	1
03-May-2023	100d	alexa	yourmotherisfatt	1
03-May-2023	100d	alexa	Stompin89	1
03-May-2023	100d	alexa	Excellent-Zombie-470	1
03-May-2023	100d	alexa	Solicited_Duck_Pics	1
03-May-2023	100d	alexa	Morbo782	1
03-May-2023	100d	alexa	commorancy0	1
03-May-2023	100d	alexa	SmellyZelly	1
03-May-2023	100d	alexa	anacrucix	1
03-May-2023	100d	alexa	Camelfoe	1
03-May-2023	100d	alexa	DragonDude5741	1
03-May-2023	100d	alexa	mooninomics	1
03-May-2023	100d	alexa	blade_jenkins	1
03-May-2023	100d	alexa	redkulat	1
03-May-2023	100d	alexa	gocard	1
03-May-2023	100d	alexa	catG123	1
03-May-2023	100d	alexa	Withheld_BY_Duress	1
03-May-2023	100d	alexa	intentionallybad	1
03-May-2023	100d	alexa	layne2216	1
03-May-2023	100d	alexa	lloyddobbler	1
03-May-2023	100d	alexa	bobbingblondie	1
03-May-2023	100d	alexa	swerveliscious	1
03-May-2023	100d	alexa	Baremegigjen	1
03-May-2023	100d	alexa	OkGoose5057	1
03-May-2023	100d	alexa	Mistamoons	1
03-May-2023	100d	alexa	Ok-Zookeepergame-698	1
03-May-2023	100d	alexa	mostlynights	1
03-May-2023	100d	alexa	Abdul-Ahmadinejad	1
03-May-2023	100d	alexa	ride_whenever	1
03-May-2023	100d	alexa	moldy912	1
03-May-2023	100d	alexa	Stinky__Person	1
03-May-2023	100d	alexa	judgejenkins	1
03-May-2023	100d	alexa	StartingaGwen	1
03-May-2023	100d	alexa	gwgaston	1
03-May-2023	100d	alexa	EncomCTO	1
03-May-2023	100d	alexa	errol343	1
03-May-2023	100d	alexa	sleepymuse911	1
03-May-2023	100d	alexa	Neighbortim	1
03-May-2023	100d	alexa	SlimeQSlimeball	1
03-May-2023	100d	alexa	NeonGray117	1
03-May-2023	100d	alexa	LLAMA_on_a_unicycle	1
03-May-2023	100d	alexa	PurplePaisley7	1
03-May-2023	100d	alexa	SirMego	1
03-May-2023	100d	alexa	blaine_the_train19	1
03-May-2023	100d	alexa	yonafin	1
03-May-2023	100d	alexa	DankYogi	1
03-May-2023	100d	alexa	JTsince1980	1
03-May-2023	100d	alexa	CuriousConnect	1
03-May-2023	100d	alexa	Cyberpunk627	1
03-May-2023	100d	alexa	AlDu14	1
03-May-2023	100d	alexa	Onegrayone	1
03-May-2023	100d	alexa	friendlyhermit	1
03-May-2023	100d	alexa	jrdnmdhl	1
03-May-2023	100d	alexa	Freeagnt	1
03-May-2023	100d	alexa	kingoffailsz	1
03-May-2023	100d	alexa	Asleep-Appearance212	1
03-May-2023	100d	alexa	uk-g	1
03-May-2023	100d	alexa	Jebus_San_Christos	1
03-May-2023	100d	alexa	diymatt	1
03-May-2023	100d	alexa	Jacque_Hass	1
03-May-2023	100d	alexa	Itsdawsontime	1
03-May-2023	100d	alexa	Nossie	1
03-May-2023	100d	alexa	JMan-91	1
03-May-2023	100d	alexa	salsa_rodeo	1
03-May-2023	100d	alexa	Simonite64	1
03-May-2023	100d	alexa	backpropstl	1
03-May-2023	100d	alexa	DiogoBenigno	1
03-May-2023	100d	alexa	jofjltncb6	1
03-May-2023	100d	alexa	Bungild	1
03-May-2023	100d	alexa	howaboutnow4444	1
03-May-2023	100d	alexa	kentfraser	1
03-May-2023	100d	alexa	AskWhatWhen	1
03-May-2023	100d	alexa	Smirkydarkdude	1
03-May-2023	100d	alexa	SooThatGuy	1
03-May-2023	100d	alexa	duluoz1	1
03-May-2023	100d	alexa	DynamiteMongoose	1
03-May-2023	100d	alexa	DoTheDew	1
03-May-2023	100d	alexa	maybesailor1	1
03-May-2023	100d	alexa	the-good-hand	1
03-May-2023	100d	alexa	ks724	1
03-May-2023	100d	alexa	meanwhileinbrazil	1
03-May-2023	100d	alexa	ScumEater	1
03-May-2023	100d	alexa	Keeks73	1
03-May-2023	100d	alexa	shoshanaz	1
03-May-2023	100d	alexa	JagerHands	1
03-May-2023	100d	alexa	uscpsycho	1
03-May-2023	100d	alexa	BrightDust848	1
03-May-2023	100d	alexa	rajrdajr	1
03-May-2023	100d	alexa	TheJagOffAssassin	1
03-May-2023	100d	alexa	Carter-Gullickson	1
03-May-2023	100d	alexa	stonewashedpotatoes	1
03-May-2023	100d	alexa	TattedMama88	1
03-May-2023	100d	alexa	2rememberyou	1
03-May-2023	100d	alexa	Saabboy93se	1
03-May-2023	100d	alexa	Tired8281	1
03-May-2023	100d	alexa	mhoner	1
03-May-2023	100d	alexa	Soggy_Midnight980	1
03-May-2023	100d	alexa	th3_st0rm	1
03-May-2023	100d	alexa	MtbGot	1
03-May-2023	100d	alexa	unreqistered	1
03-May-2023	100d	alexa	AraiMay	1
03-May-2023	100d	alexa	dee_lio	1
03-May-2023	100d	alexa	Konarkanuck	1
03-May-2023	100d	alexa	Altered_Wanderer	1
03-May-2023	100d	alexa	STylerMLmusic	1
03-May-2023	100d	alexa	ascrublife	1
03-May-2023	100d	alexa	wildwood9843	1
03-May-2023	100d	alexa	Levinheaded0	1
03-May-2023	100d	alexa	vitucadrus	1
03-May-2023	100d	alexa	Gwynnavere	1
03-May-2023	100d	alexa	TKDkid1992	1
03-May-2023	100d	alexa	Glad-Conversation921	1
03-May-2023	100d	alexa	rednailz	1
03-May-2023	100d	alexa	DannyOTM	1
03-May-2023	100d	alexa	Letsgomic	1
03-May-2023	100d	alexa	dazedandconfusedhere	1
03-May-2023	100d	alexa	bandion1	1
03-May-2023	100d	alexa	9100	1
03-May-2023	100d	alexa	Eluv2cool	1
03-May-2023	100d	alexa	AdjunctSocrates	1
03-May-2023	100d	alexa	cur10us_ge0rge	1
03-May-2023	100d	alexa	original_dr_mono	1
03-May-2023	100d	alexa	tha_bigdizzle	1
03-May-2023	100d	alexa	Collarbone240	1
03-May-2023	100d	alexa	Anonymous_Otters	1
03-May-2023	100d	alexa	AbdulPullMaTool	1
03-May-2023	100d	alexa	Digital_Sea7	1
03-May-2023	100d	alexa	jbaugues	1
03-May-2023	100d	alexa	Competitive_Fishing3	1
03-May-2023	100d	alexa	reddshroom	1
03-May-2023	100d	alexa	ReserveMaximum	1
03-May-2023	100d	alexa	KingZakyu	1
03-May-2023	100d	alexa	Pilda	1
03-May-2023	100d	alexa	Melkorzz	1
03-May-2023	100d	alexa	kqtkat	1
03-May-2023	100d	alexa	haikusbot	1
03-May-2023	100d	alexa	BEDavisBrown	1
03-May-2023	100d	alexa	dotslash00	1
03-May-2023	100d	alexa	BzztYeow	1
03-May-2023	100d	alexa	LegendarySnakeHips	1
03-May-2023	100d	alexa	atthebeach_gsd	1
03-May-2023	100d	alexa	SneakInTheSideDoor	1
03-May-2023	100d	alexa	CountessCraft	1
03-May-2023	100d	alexa	bestbuttman	1
03-May-2023	100d	alexa	gripesandmoans	1
03-May-2023	100d	alexa	bellybox69	1
03-May-2023	100d	alexa	Specialist-Product45	1
03-May-2023	100d	alexa	Stray_Bullet78	1
03-May-2023	100d	alexa	leebosay	1
03-May-2023	100d	alexa	ima420r	1
03-May-2023	100d	alexa	melcher70	1
03-May-2023	100d	alexa	WHSK3	1
03-May-2023	100d	alexa	Rosemoorstreet	1
03-May-2023	100d	alexa	ihatethisusernametoo	1
03-May-2023	100d	alexa	KeyP2021	1
03-May-2023	100d	alexa	kresbok	1
03-May-2023	100d	alexa	scorpv69	1
03-May-2023	100d	alexa	MissLinda7	1
03-May-2023	100d	alexa	Tokata0	1
03-May-2023	100d	alexa	OhCrapImBusted	1
03-May-2023	100d	alexa	corgwin	1
03-May-2023	100d	alexa	pimparoo25	1
03-May-2023	100d	alexa	phoquenut	1
03-May-2023	100d	alexa	palmjamer	1
03-May-2023	100d	alexa	Pouchalini	1
03-May-2023	100d	alexa	DoctorMindWar	1
03-May-2023	100d	alexa	fewzhon	1
03-May-2023	100d	alexa	ajd416	1
03-May-2023	100d	alexa	ExcuseMe004	1
03-May-2023	100d	alexa	nycsquirrel	1
03-May-2023	100d	alexa	pnkflmng0	1
03-May-2023	100d	alexa	mikeydhakid	1
03-May-2023	100d	alexa	arionkrause	1
03-May-2023	100d	alexa	FakespotAnalysisBot	1
03-May-2023	100d	alexa	Ok-Percentage4984	1
03-May-2023	100d	alexa	Tiger_Moon	1
03-May-2023	100d	alexa	izzykong	1
03-May-2023	100d	alexa	PandaWeird8666	1
03-May-2023	100d	alexa	TheMediaAcct	1
03-May-2023	100d	alexa	Wakizashiuk	1
03-May-2023	100d	alexa	gods10rules	1
03-May-2023	100d	alexa	jrocket121	1
03-May-2023	100d	alexa	Dusty_Dag	1
03-May-2023	100d	alexa	Tantrums-Cam1	1
03-May-2023	100d	alexa	GrokEverything	1
03-May-2023	100d	alexa	culinary_alchemist	1
03-May-2023	100d	alexa	Valor2002	1
03-May-2023	100d	alexa	withac2	1
03-May-2023	100d	alexa	Revolutionary-Fact6	1
03-May-2023	100d	alexa	Available-Topic5858	1
03-May-2023	100d	alexa	filoh123	1
03-May-2023	100d	alexa	Murphysburger	1
03-May-2023	100d	alexa	caiteha	1
03-May-2023	100d	alexa	LowValueOfPi	1
03-May-2023	100d	alexa	josh4587	1
03-May-2023	100d	alexa	GladdBagg	1
03-May-2023	100d	alexa	SportsPhotoGirl	1
03-May-2023	100d	alexa	malki666	1
03-May-2023	100d	alexa	LLuerker	1
03-May-2023	100d	alexa	Study-Evening	1
03-May-2023	100d	alexa	SFWfab	1
03-May-2023	100d	alexa	Chayse90	1
03-May-2023	100d	alexa	AuntRobin	1
03-May-2023	100d	alexa	stephancasas	1
03-May-2023	100d	alexa	EdgeCrusher157	1
03-May-2023	100d	alexa	slip63	1
03-May-2023	100d	alexa	tylerf19	1
03-May-2023	100d	alexa	Aggravated-by-alexa	1
03-May-2023	100d	alexa	kltrm25	1
03-May-2023	100d	alexa	carolineecouture	1
03-May-2023	100d	alexa	yeahmaybe	1
03-May-2023	100d	alexa	airmandan	1
03-May-2023	100d	alexa	bigbuc	1
03-May-2023	100d	alexa	jellyjamesmemes	1
03-May-2023	100d	alexa	Travelin_Soulja	1
03-May-2023	100d	alexa	AsTheWeedTumbles	1
03-May-2023	100d	alexa	Kissmethruthephone	1
03-May-2023	100d	alexa	PoconoChuck	1
03-May-2023	100d	alexa	dokuromark	1
03-May-2023	100d	alexa	Schland87	1
03-May-2023	100d	alexa	Stamp_My_Art	1
03-May-2023	100d	alexa	RiffRaffJoe458	1
03-May-2023	100d	alexa	banisheduser	1
03-May-2023	100d	alexa	1224rockton	1
03-May-2023	100d	alexa	bubu651	1
03-May-2023	100d	alexa	camelvendor	1
03-May-2023	100d	alexa	SretaWynam	1
03-May-2023	100d	alexa	roots_seeker	1
03-May-2023	100d	alexa	deltavdeltat	1
03-May-2023	100d	alexa	Totallynotacar	1
03-May-2023	100d	alexa	-Nate-Dawg-	1
03-May-2023	100d	alexa	VariousBlonde	1
