query_date	before_date	subreddit	comment_author	comment_frequency
03-May-2023	40d	alexa	[deleted]	105
03-May-2023	40d	alexa	Dansk72	64
03-May-2023	40d	alexa	Wayne8766	28
03-May-2023	40d	alexa	Famous-Perspective-3	17
03-May-2023	40d	alexa	Muted_Sorts	14
03-May-2023	40d	alexa	antisane	14
03-May-2023	40d	alexa	RedMapleBat	13
03-May-2023	40d	alexa	slawnz	12
03-May-2023	40d	alexa	Important-Comfort	10
03-May-2023	40d	alexa	brantome24	9
03-May-2023	40d	alexa	Scooter310	8
03-May-2023	40d	alexa	rcroche01	7
03-May-2023	40d	alexa	temp4adhd	7
03-May-2023	40d	alexa	leftcoast-usa	7
03-May-2023	40d	alexa	SpockYoda	6
03-May-2023	40d	alexa	thedreaming2017	6
03-May-2023	40d	alexa	InterstellarDeathPur	6
03-May-2023	40d	alexa	bigj2552	6
03-May-2023	40d	alexa	LuluLaRue1	6
03-May-2023	40d	alexa	AaronG85	6
03-May-2023	40d	alexa	deadcatdidntbounce	6
03-May-2023	40d	alexa	ajd416	6
03-May-2023	40d	alexa	AuntRobin	6
03-May-2023	40d	alexa	jjharkan	6
03-May-2023	40d	alexa	tbrown2080	5
03-May-2023	40d	alexa	MarvinG1984	5
03-May-2023	40d	alexa	Aggravated-by-alexa	5
03-May-2023	40d	alexa	xamomax	5
03-May-2023	40d	alexa	SgtSplacker	5
03-May-2023	40d	alexa	Qubrick	5
03-May-2023	40d	alexa	dalmarnock	5
03-May-2023	40d	alexa	Swanx	5
03-May-2023	40d	alexa	HoneyBadgerRy	5
03-May-2023	40d	alexa	-XboxZero-	5
03-May-2023	40d	alexa	OldGuyGeek	4
03-May-2023	40d	alexa	WhatWouldTNGPicardDo	4
03-May-2023	40d	alexa	washburn100	4
03-May-2023	40d	alexa	middle_aged_cyclist	4
03-May-2023	40d	alexa	SomeRando1967	4
03-May-2023	40d	alexa	Smirkydarkdude	4
03-May-2023	40d	alexa	Trick-Two497	4
03-May-2023	40d	alexa	supergimp2000	4
03-May-2023	40d	alexa	bhalf19	4
03-May-2023	40d	alexa	HairySphere	4
03-May-2023	40d	alexa	tarzan_nojane	4
03-May-2023	40d	alexa	Junish40	4
03-May-2023	40d	alexa	Msattitude1185	4
03-May-2023	40d	alexa	IncapableOfLaughing	4
03-May-2023	40d	alexa	gangsteroflove1	4
03-May-2023	40d	alexa	Anonymous_Otters	4
03-May-2023	40d	alexa	brannonglover	4
03-May-2023	40d	alexa	Edragon85	4
03-May-2023	40d	alexa	TheJessicator	4
03-May-2023	40d	alexa	BigVariation3	3
03-May-2023	40d	alexa	NicoJunco	3
03-May-2023	40d	alexa	neophlegm	3
03-May-2023	40d	alexa	Laura9624	3
03-May-2023	40d	alexa	LLPF2	3
03-May-2023	40d	alexa	Kbye80	3
03-May-2023	40d	alexa	freelancerjourn	3
03-May-2023	40d	alexa	nagetech	3
03-May-2023	40d	alexa	Foreheadless	3
03-May-2023	40d	alexa	dackasaurus	3
03-May-2023	40d	alexa	winelight	3
03-May-2023	40d	alexa	ViscountBurrito	3
03-May-2023	40d	alexa	flargenhargen	3
03-May-2023	40d	alexa	tendervittles77	3
03-May-2023	40d	alexa	LonelyChampionship17	3
03-May-2023	40d	alexa	BSBitch47	3
03-May-2023	40d	alexa	loziomario	3
03-May-2023	40d	alexa	electric_bro	3
03-May-2023	40d	alexa	ninegagz	3
03-May-2023	40d	alexa	paulogrego	3
03-May-2023	40d	alexa	Jack_Benney	3
03-May-2023	40d	alexa	DidIEver	3
03-May-2023	40d	alexa	Watashifr	3
03-May-2023	40d	alexa	FieldsingAround	3
03-May-2023	40d	alexa	normal2norman	3
03-May-2023	40d	alexa	mikeyshu	3
03-May-2023	40d	alexa	gracielynn72	3
03-May-2023	40d	alexa	otpid	3
03-May-2023	40d	alexa	ritchie70	3
03-May-2023	40d	alexa	do_add_unicorn	3
03-May-2023	40d	alexa	JQuinn2014	3
03-May-2023	40d	alexa	cynycal	3
03-May-2023	40d	alexa	kprecor	3
03-May-2023	40d	alexa	lolfuckoff69	3
03-May-2023	40d	alexa	cking22001	2
03-May-2023	40d	alexa	EBone12355	2
03-May-2023	40d	alexa	RemindMeBot	2
03-May-2023	40d	alexa	inchoatemeaning	2
03-May-2023	40d	alexa	aireland2006	2
03-May-2023	40d	alexa	Tethilia	2
03-May-2023	40d	alexa	Formal-Ad8037	2
03-May-2023	40d	alexa	IAmWhatIWill	2
03-May-2023	40d	alexa	twhiting9275	2
03-May-2023	40d	alexa	Bklover93	2
03-May-2023	40d	alexa	HonnyBrown	2
03-May-2023	40d	alexa	rochesterrr	2
03-May-2023	40d	alexa	zitsky	2
03-May-2023	40d	alexa	ibwebb86	2
03-May-2023	40d	alexa	wkearney99	2
03-May-2023	40d	alexa	crazywatson	2
03-May-2023	40d	alexa	Vamdrapids	2
03-May-2023	40d	alexa	SkyFullofHat	2
03-May-2023	40d	alexa	puppypossumpendulum	2
03-May-2023	40d	alexa	spleencheesemonkey	2
03-May-2023	40d	alexa	ErinPaperbackstash	2
03-May-2023	40d	alexa	ggs657	2
03-May-2023	40d	alexa	banisheduser	2
03-May-2023	40d	alexa	donclark-Atlanta	2
03-May-2023	40d	alexa	J-COE	2
03-May-2023	40d	alexa	ak9317	2
03-May-2023	40d	alexa	KingZakyu	2
03-May-2023	40d	alexa	ray_meister	2
03-May-2023	40d	alexa	Ichthius	2
03-May-2023	40d	alexa	EvanMcD3	2
03-May-2023	40d	alexa	DixinMahbum	2
03-May-2023	40d	alexa	iNecroJudgeYourPosts	2
03-May-2023	40d	alexa	flippinheckwhatsleft	2
03-May-2023	40d	alexa	AdWeird732	2
03-May-2023	40d	alexa	AQDUyYN7cgbDa4eYtxTq	2
03-May-2023	40d	alexa	CramNevets	2
03-May-2023	40d	alexa	Big-Introduction9159	2
03-May-2023	40d	alexa	Own_Bird_6016	2
03-May-2023	40d	alexa	codecrackx15	2
03-May-2023	40d	alexa	BadAtExisting	2
03-May-2023	40d	alexa	beeedeee	2
03-May-2023	40d	alexa	Derekeys	2
03-May-2023	40d	alexa	CoCambria	2
03-May-2023	40d	alexa	trafalger	2
03-May-2023	40d	alexa	KeiKenchi	2
03-May-2023	40d	alexa	shonuff97	2
03-May-2023	40d	alexa	Garden_Lady2	2
03-May-2023	40d	alexa	No_Carry_3991	2
03-May-2023	40d	alexa	DixiewreckedGA	2
03-May-2023	40d	alexa	Fitzfuzzington	2
03-May-2023	40d	alexa	L4GNKODEX	2
03-May-2023	40d	alexa	Stepho725	2
03-May-2023	40d	alexa	yeahmaybe	2
03-May-2023	40d	alexa	burritosandblunts	2
03-May-2023	40d	alexa	ThatJ4ke	2
03-May-2023	40d	alexa	DidYouRebootIt	2
03-May-2023	40d	alexa	kay47106	2
03-May-2023	40d	alexa	vylip	2
03-May-2023	40d	alexa	halcyon918	1
03-May-2023	40d	alexa	nzahn1	1
03-May-2023	40d	alexa	Technically_Bored14	1
03-May-2023	40d	alexa	CherryKeshav	1
03-May-2023	40d	alexa	threadycat	1
03-May-2023	40d	alexa	TuneMeIn_YT	1
03-May-2023	40d	alexa	MeliodasKush	1
03-May-2023	40d	alexa	SirLauncelot	1
03-May-2023	40d	alexa	Revolutionary-Fact6	1
03-May-2023	40d	alexa	iByteApple	1
03-May-2023	40d	alexa	clearc845	1
03-May-2023	40d	alexa	Riquende	1
03-May-2023	40d	alexa	lolitsmax	1
03-May-2023	40d	alexa	essex_ludlow	1
03-May-2023	40d	alexa	MonoTopia5	1
03-May-2023	40d	alexa	zoltan99	1
03-May-2023	40d	alexa	bLiNdEN_	1
03-May-2023	40d	alexa	ImDerekJeterUShotMe	1
03-May-2023	40d	alexa	BitterRide7	1
03-May-2023	40d	alexa	hale444	1
03-May-2023	40d	alexa	varsitytrack	1
03-May-2023	40d	alexa	Serjical__Strike	1
03-May-2023	40d	alexa	cruz0881	1
03-May-2023	40d	alexa	redlancer_1987	1
03-May-2023	40d	alexa	ko05012317	1
03-May-2023	40d	alexa	RelationshipFew5238	1
03-May-2023	40d	alexa	dirtyelliott	1
03-May-2023	40d	alexa	bvdp	1
03-May-2023	40d	alexa	melduforx	1
03-May-2023	40d	alexa	xMisterMAYHEMx	1
03-May-2023	40d	alexa	OriginalCTrain	1
03-May-2023	40d	alexa	ObiYawn	1
03-May-2023	40d	alexa	KitWat	1
03-May-2023	40d	alexa	SamBGB	1
03-May-2023	40d	alexa	biggledeeboo	1
03-May-2023	40d	alexa	Official_Government	1
03-May-2023	40d	alexa	Carlife0830	1
03-May-2023	40d	alexa	tinybib	1
03-May-2023	40d	alexa	Babyrix	1
03-May-2023	40d	alexa	PupChase	1
03-May-2023	40d	alexa	Competitive-Data2112	1
03-May-2023	40d	alexa	polarbearhero	1
03-May-2023	40d	alexa	Sutarmekeg	1
03-May-2023	40d	alexa	Yesyesnaaooo	1
03-May-2023	40d	alexa	BrianAMartin221	1
03-May-2023	40d	alexa	leopoldovitch	1
03-May-2023	40d	alexa	monolithtma	1
03-May-2023	40d	alexa	burnbeforeburning	1
03-May-2023	40d	alexa	Sumpskildpadden	1
03-May-2023	40d	alexa	s_boa	1
03-May-2023	40d	alexa	Texas_Torch	1
03-May-2023	40d	alexa	Calm_Character_422	1
03-May-2023	40d	alexa	Striking_Raspberry57	1
03-May-2023	40d	alexa	TwentyLegs	1
03-May-2023	40d	alexa	gregzywicki	1
03-May-2023	40d	alexa	BudgetAd8844	1
03-May-2023	40d	alexa	DCPOKnight	1
03-May-2023	40d	alexa	crackedcosmonaut	1
03-May-2023	40d	alexa	ImaginaryNerve	1
03-May-2023	40d	alexa	Pegafree	1
03-May-2023	40d	alexa	SoCalBritgirl	1
03-May-2023	40d	alexa	Exact_Roll_4048	1
03-May-2023	40d	alexa	LadyLoki5	1
03-May-2023	40d	alexa	nationalinterest	1
03-May-2023	40d	alexa	bazfum	1
03-May-2023	40d	alexa	Equivalent-Energy-26	1
03-May-2023	40d	alexa	Jeffuk88	1
03-May-2023	40d	alexa	Swordnimi79	1
03-May-2023	40d	alexa	valencialeigh20	1
03-May-2023	40d	alexa	Soggy_Midnight980	1
03-May-2023	40d	alexa	squipysquip	1
03-May-2023	40d	alexa	Away-Ad-8053	1
03-May-2023	40d	alexa	imaginateinventify	1
03-May-2023	40d	alexa	LurkerLoo	1
03-May-2023	40d	alexa	Eccentrica_Gallumbit	1
03-May-2023	40d	alexa	huzbum	1
03-May-2023	40d	alexa	enzyme8000	1
03-May-2023	40d	alexa	Kmj77	1
03-May-2023	40d	alexa	PP_UP	1
03-May-2023	40d	alexa	patbrochill89	1
03-May-2023	40d	alexa	Q48VW	1
03-May-2023	40d	alexa	lucy3141592	1
03-May-2023	40d	alexa	doctorkb	1
03-May-2023	40d	alexa	santaklaw	1
03-May-2023	40d	alexa	tribal_ru	1
03-May-2023	40d	alexa	Ok-Zookeepergame-698	1
03-May-2023	40d	alexa	isaiahfranco	1
03-May-2023	40d	alexa	Simplexitycustom	1
03-May-2023	40d	alexa	JeffR47	1
03-May-2023	40d	alexa	kresbok	1
03-May-2023	40d	alexa	grolschie	1
03-May-2023	40d	alexa	c3141rd	1
03-May-2023	40d	alexa	matthewjoubert	1
03-May-2023	40d	alexa	Ratman056	1
03-May-2023	40d	alexa	Waterbottle_365	1
03-May-2023	40d	alexa	partypantaloons	1
03-May-2023	40d	alexa	Corran1327	1
03-May-2023	40d	alexa	_All_Tied_Up_	1
03-May-2023	40d	alexa	DogPlane3425	1
03-May-2023	40d	alexa	Soggy_Breakfast_2720	1
03-May-2023	40d	alexa	jbl0ggs	1
03-May-2023	40d	alexa	harmonyscher	1
03-May-2023	40d	alexa	Nighthawk_NZ	1
03-May-2023	40d	alexa	freebubbleup	1
03-May-2023	40d	alexa	sometin__else	1
03-May-2023	40d	alexa	SanDiegoDude	1
03-May-2023	40d	alexa	Ambitious-Map-4594	1
03-May-2023	40d	alexa	firebird20000	1
03-May-2023	40d	alexa	Heggy5	1
03-May-2023	40d	alexa	robin_-_-sparkles	1
03-May-2023	40d	alexa	Blueskyfox2019	1
03-May-2023	40d	alexa	stafford_fan	1
03-May-2023	40d	alexa	Rosemoorstreet	1
03-May-2023	40d	alexa	zilops	1
03-May-2023	40d	alexa	CallMeRawie	1
03-May-2023	40d	alexa	Scarab138	1
03-May-2023	40d	alexa	apexncgeek	1
03-May-2023	40d	alexa	mx_gamer803	1
03-May-2023	40d	alexa	Jimmylegz	1
03-May-2023	40d	alexa	Iangh007	1
03-May-2023	40d	alexa	skape4321	1
03-May-2023	40d	alexa	ltdonaat	1
03-May-2023	40d	alexa	WomanOfEld	1
03-May-2023	40d	alexa	CWagner	1
03-May-2023	40d	alexa	DmnJuice	1
03-May-2023	40d	alexa	polycomb	1
03-May-2023	40d	alexa	Doctor27	1
03-May-2023	40d	alexa	Tokata0	1
03-May-2023	40d	alexa	fsmrdt	1
03-May-2023	40d	alexa	pi3r8	1
03-May-2023	40d	alexa	St0rmborn	1
03-May-2023	40d	alexa	Abdul-Ahmadinejad	1
03-May-2023	40d	alexa	Boat-Electrical	1
03-May-2023	40d	alexa	rr777	1
03-May-2023	40d	alexa	Howler7777	1
03-May-2023	40d	alexa	theofficehussy	1
03-May-2023	40d	alexa	FondantCrazy8307	1
03-May-2023	40d	alexa	Gwynnavere	1
03-May-2023	40d	alexa	thisdckaintFREEEE	1
03-May-2023	40d	alexa	mostlynights	1
03-May-2023	40d	alexa	Tank905	1
03-May-2023	40d	alexa	Rustybolts_	1
03-May-2023	40d	alexa	Eastern-Honeydew-411	1
03-May-2023	40d	alexa	GruntledEx	1
03-May-2023	40d	alexa	WilliamFishkins	1
03-May-2023	40d	alexa	scofus	1
03-May-2023	40d	alexa	Accomplished_Ad294	1
03-May-2023	40d	alexa	Shiva-	1
03-May-2023	40d	alexa	wwwmaster1	1
03-May-2023	40d	alexa	June_2022	1
03-May-2023	40d	alexa	bastian74	1
03-May-2023	40d	alexa	mrBill12	1
03-May-2023	40d	alexa	Desert_Trader	1
03-May-2023	40d	alexa	ell0bo	1
03-May-2023	40d	alexa	quicklyreplay	1
03-May-2023	40d	alexa	AliFrostpaw	1
03-May-2023	40d	alexa	HazPippy	1
03-May-2023	40d	alexa	whpjr	1
03-May-2023	40d	alexa	normanriches	1
03-May-2023	40d	alexa	colleen2163	1
03-May-2023	40d	alexa	basecatcherz	1
03-May-2023	40d	alexa	illage-vidiot	1
03-May-2023	40d	alexa	GodsendNYC	1
03-May-2023	40d	alexa	reddd1083	1
03-May-2023	40d	alexa	T-Shrewsbury	1
03-May-2023	40d	alexa	archchunk	1
03-May-2023	40d	alexa	weaselBookmite	1
03-May-2023	40d	alexa	pmcdevitt4321098765	1
03-May-2023	40d	alexa	RJGill84	1
03-May-2023	40d	alexa	steve20092009	1
03-May-2023	40d	alexa	GreenThmb	1
03-May-2023	40d	alexa	nerys-1431	1
03-May-2023	40d	alexa	alyas94	1
03-May-2023	40d	alexa	ChunkCreme	1
03-May-2023	40d	alexa	jt325i	1
03-May-2023	40d	alexa	Extreme-Tie9282	1
03-May-2023	40d	alexa	smdifansmfjsmsnd	1
03-May-2023	40d	alexa	Kenuven	1
03-May-2023	40d	alexa	Kaethy77	1
03-May-2023	40d	alexa	DangermouseKeir	1
03-May-2023	40d	alexa	ndercommon	1
03-May-2023	40d	alexa	kseventytwo	1
03-May-2023	40d	alexa	Striking_Presence	1
03-May-2023	40d	alexa	RhumHamAndPineapple	1
03-May-2023	40d	alexa	adamandeve79	1
03-May-2023	40d	alexa	gnuoyedonig	1
03-May-2023	40d	alexa	RRappel	1
03-May-2023	40d	alexa	SuspiciousFoot9439	1
03-May-2023	40d	alexa	eastmpman	1
03-May-2023	40d	alexa	jayelarex	1
03-May-2023	40d	alexa	No_Sail_6576	1
03-May-2023	40d	alexa	rdickert	1
03-May-2023	40d	alexa	deeohdoublegzzy	1
03-May-2023	40d	alexa	jig1056	1
03-May-2023	40d	alexa	catladyorbust	1
03-May-2023	40d	alexa	Baremegigjen	1
03-May-2023	40d	alexa	Odd-Problem	1
03-May-2023	40d	alexa	jindofox	1
03-May-2023	40d	alexa	Rnorman3	1
03-May-2023	40d	alexa	MichaelJayQue	1
03-May-2023	40d	alexa	staticfive	1
03-May-2023	40d	alexa	Big_Attempt6783	1
03-May-2023	40d	alexa	JonsLadySnow	1
03-May-2023	40d	alexa	Mhind1	1
03-May-2023	40d	alexa	mfwood8	1
03-May-2023	40d	alexa	Mrbeankc	1
03-May-2023	40d	alexa	Complex-Thought7848	1
03-May-2023	40d	alexa	nazrinhz	1
03-May-2023	40d	alexa	TheOriginalHuh	1
03-May-2023	40d	alexa	jeweliegb	1
03-May-2023	40d	alexa	handelspariah	1
03-May-2023	40d	alexa	CheddarDeity	1
03-May-2023	40d	alexa	landops	1
03-May-2023	40d	alexa	naut	1
03-May-2023	40d	alexa	unusefulengine	1
03-May-2023	40d	alexa	JKS808	1
03-May-2023	40d	alexa	GIDAMIEN	1
03-May-2023	40d	alexa	foxhoundzz	1
03-May-2023	40d	alexa	SexyMuthaFunka	1
03-May-2023	40d	alexa	Caressingsmllamas	1
03-May-2023	40d	alexa	DaTruAndi	1
03-May-2023	40d	alexa	yorcharturoqro	1
03-May-2023	40d	alexa	jookieapc	1
03-May-2023	40d	alexa	angelmnemosyne	1
03-May-2023	40d	alexa	deeg3r	1
03-May-2023	40d	alexa	GungaPeace	1
03-May-2023	40d	alexa	WhoWho22222	1
03-May-2023	40d	alexa	Stannic50	1
03-May-2023	40d	alexa	sfatula	1
03-May-2023	40d	alexa	MarkEdwards	1
03-May-2023	40d	alexa	thsvnlwn	1
03-May-2023	40d	alexa	mhoner	1
03-May-2023	40d	alexa	Lofzy1	1
03-May-2023	40d	alexa	maybe_later_on	1
03-May-2023	40d	alexa	qagir	1
03-May-2023	40d	alexa	Torontobeachboy	1
03-May-2023	40d	alexa	jeweynougat	1
03-May-2023	40d	alexa	codenigma	1
03-May-2023	40d	alexa	SingsEnochian	1
03-May-2023	40d	alexa	Htumedrm	1
03-May-2023	40d	alexa	ObjectiveAttention80	1
03-May-2023	40d	alexa	stealph	1
03-May-2023	40d	alexa	krisiteenie	1
03-May-2023	40d	alexa	redwingshat	1
03-May-2023	40d	alexa	Astrocytera777	1
03-May-2023	40d	alexa	testpilotnt	1
03-May-2023	40d	alexa	Draven2050	1
03-May-2023	40d	alexa	ComprehensiveTerm298	1
03-May-2023	40d	alexa	cody2isdown	1
03-May-2023	40d	alexa	MasteryAbides	1
03-May-2023	40d	alexa	Neapstatties	1
03-May-2023	40d	alexa	Creepyhorrorboy	1
03-May-2023	40d	alexa	Tired8281	1
03-May-2023	40d	alexa	lapeen4	1
03-May-2023	40d	alexa	drkneisen	1
03-May-2023	40d	alexa	OGBrewSwayne	1
03-May-2023	40d	alexa	labelsonshampoo	1
03-May-2023	40d	alexa	Rumblarr	1
03-May-2023	40d	alexa	DryHJ	1
03-May-2023	40d	alexa	Omega_Warlord_01	1
03-May-2023	40d	alexa	mrchuckbass	1
03-May-2023	40d	alexa	mclosi	1
03-May-2023	40d	alexa	Thataintright1	1
03-May-2023	40d	alexa	paullbart	1
03-May-2023	40d	alexa	Gord-Eto	1
03-May-2023	40d	alexa	catG123	1
03-May-2023	40d	alexa	chachanita	1
03-May-2023	40d	alexa	TheGalaxyEater	1
03-May-2023	40d	alexa	dlPeter	1
03-May-2023	40d	alexa	DrBabs	1
03-May-2023	40d	alexa	b4dwaffle	1
03-May-2023	40d	alexa	bugbia	1
03-May-2023	40d	alexa	Nekattodd	1
03-May-2023	40d	alexa	HHOVqueen	1
03-May-2023	40d	alexa	Father_Lightning	1
03-May-2023	40d	alexa	BahaMan69	1
03-May-2023	40d	alexa	Blue_KikiT92	1
03-May-2023	40d	alexa	Ftlist81	1
03-May-2023	40d	alexa	KCDAF44	1
03-May-2023	40d	alexa	Quirky-Examination-6	1
