query_date	before_date	subreddit	comment_author	comment_frequency
03-May-2023	0d	alexa	[deleted]	71
03-May-2023	0d	alexa	brantome24	35
03-May-2023	0d	alexa	Muted_Sorts	21
03-May-2023	0d	alexa	Important-Comfort	20
03-May-2023	0d	alexa	dalmarnock	18
03-May-2023	0d	alexa	Dansk72	15
03-May-2023	0d	alexa	Scooter310	11
03-May-2023	0d	alexa	CYPH3R_22	11
03-May-2023	0d	alexa	thedreaming2017	11
03-May-2023	0d	alexa	BestCatEva	11
03-May-2023	0d	alexa	codecrackx15	11
03-May-2023	0d	alexa	Wayne8766	10
03-May-2023	0d	alexa	Laura9624	10
03-May-2023	0d	alexa	TheRealFarmerBob	10
03-May-2023	0d	alexa	InterstellarDeathPur	8
03-May-2023	0d	alexa	BSBitch47	8
03-May-2023	0d	alexa	dragonagitator	8
03-May-2023	0d	alexa	Edragon85	8
03-May-2023	0d	alexa	tuhinkarmakar	8
03-May-2023	0d	alexa	TheJessicator	7
03-May-2023	0d	alexa	spleencheesemonkey	7
03-May-2023	0d	alexa	antisane	7
03-May-2023	0d	alexa	rcroche01	6
03-May-2023	0d	alexa	Bagel42	6
03-May-2023	0d	alexa	I-AM-Savannah	6
03-May-2023	0d	alexa	Jack_Benney	6
03-May-2023	0d	alexa	Famous-Perspective-3	6
03-May-2023	0d	alexa	kimbolll	6
03-May-2023	0d	alexa	winelight	6
03-May-2023	0d	alexa	oportoman	5
03-May-2023	0d	alexa	NikkiRoxi	5
03-May-2023	0d	alexa	tarzan_nojane	5
03-May-2023	0d	alexa	AdaptableVision	5
03-May-2023	0d	alexa	Hitsmanj	5
03-May-2023	0d	alexa	EvanMcD3	5
03-May-2023	0d	alexa	sara-alexa	5
03-May-2023	0d	alexa	TrustLeft	5
03-May-2023	0d	alexa	spisHjerner	5
03-May-2023	0d	alexa	harrier_gr7_ftw	5
03-May-2023	0d	alexa	benm1976	5
03-May-2023	0d	alexa	i__like__bike	5
03-May-2023	0d	alexa	leftcoast-usa	5
03-May-2023	0d	alexa	MonzieMe	4
03-May-2023	0d	alexa	diverareyouok	4
03-May-2023	0d	alexa	RetroGamingGuy	4
03-May-2023	0d	alexa	ManOfLittleTalent	4
03-May-2023	0d	alexa	grumpymonkey315	4
03-May-2023	0d	alexa	AskWhatWhen	4
03-May-2023	0d	alexa	ArlenPropaneSalesman	4
03-May-2023	0d	alexa	Born100YearsTooSoon	4
03-May-2023	0d	alexa	RRappel	4
03-May-2023	0d	alexa	fosh1zzle	4
03-May-2023	0d	alexa	gangsteroflove1	4
03-May-2023	0d	alexa	After-Life-1101	4
03-May-2023	0d	alexa	squeamish	4
03-May-2023	0d	alexa	BrentInBelize	4
03-May-2023	0d	alexa	Krandor1	4
03-May-2023	0d	alexa	BlueMANAHat	4
03-May-2023	0d	alexa	AcrobaticStruggle264	4
03-May-2023	0d	alexa	imdatkibble223	4
03-May-2023	0d	alexa	rexalbel	4
03-May-2023	0d	alexa	StarComet04	4
03-May-2023	0d	alexa	unreqistered	3
03-May-2023	0d	alexa	normal2norman	3
03-May-2023	0d	alexa	paulywauly99	3
03-May-2023	0d	alexa	Soggy_Midnight980	3
03-May-2023	0d	alexa	ersan191	3
03-May-2023	0d	alexa	SaiyajinBlack	3
03-May-2023	0d	alexa	animestar1234	3
03-May-2023	0d	alexa	Downrivergirl	3
03-May-2023	0d	alexa	WigerAndToods	3
03-May-2023	0d	alexa	Enschede2	3
03-May-2023	0d	alexa	CurryMustard	3
03-May-2023	0d	alexa	partypantaloons	3
03-May-2023	0d	alexa	HugsyMalone	3
03-May-2023	0d	alexa	Idontmatter69420	3
03-May-2023	0d	alexa	Cryterionlol	3
03-May-2023	0d	alexa	ViscountBurrito	3
03-May-2023	0d	alexa	Popular_Cow_9390	3
03-May-2023	0d	alexa	calis	3
03-May-2023	0d	alexa	MarkJordan36	3
03-May-2023	0d	alexa	tomwhitaker	3
03-May-2023	0d	alexa	CrabbitJambo	3
03-May-2023	0d	alexa	AmazingChicken	3
03-May-2023	0d	alexa	LilKSong7	3
03-May-2023	0d	alexa	banisheduser	3
03-May-2023	0d	alexa	Ecstatic_Builder8325	3
03-May-2023	0d	alexa	RealLilRuby	3
03-May-2023	0d	alexa	Bacon_1981	3
03-May-2023	0d	alexa	sorrynothuman	3
03-May-2023	0d	alexa	netmommy	3
03-May-2023	0d	alexa	mariannemet	2
03-May-2023	0d	alexa	Ok_Dependent9976	2
03-May-2023	0d	alexa	freebubbleup	2
03-May-2023	0d	alexa	easytoforget94	2
03-May-2023	0d	alexa	spyrangerx	2
03-May-2023	0d	alexa	Hot-Specialist-6824	2
03-May-2023	0d	alexa	tated744	2
03-May-2023	0d	alexa	neon_Hermit	2
03-May-2023	0d	alexa	No_Bad_4363	2
03-May-2023	0d	alexa	thisdckaintFREEEE	2
03-May-2023	0d	alexa	vmrrrn	2
03-May-2023	0d	alexa	Lord_Blackbeard	2
03-May-2023	0d	alexa	rhgla	2
03-May-2023	0d	alexa	J-COE	2
03-May-2023	0d	alexa	forumwhore	2
03-May-2023	0d	alexa	yyzworker	2
03-May-2023	0d	alexa	jrrocketrue	2
03-May-2023	0d	alexa	sanfranchristo	2
03-May-2023	0d	alexa	breakneckridge	2
03-May-2023	0d	alexa	HonnyBrown	2
03-May-2023	0d	alexa	SanDiegoDude	2
03-May-2023	0d	alexa	Crowsby	2
03-May-2023	0d	alexa	CuriousMe6987	2
03-May-2023	0d	alexa	wwork2021	2
03-May-2023	0d	alexa	Johnster001	2
03-May-2023	0d	alexa	TwentyLegs	2
03-May-2023	0d	alexa	YaTheMadness	2
03-May-2023	0d	alexa	sarhoshamiral	2
03-May-2023	0d	alexa	dmau9600	2
03-May-2023	0d	alexa	desbos	2
03-May-2023	0d	alexa	jamesclef	2
03-May-2023	0d	alexa	AnAngryMelon	2
03-May-2023	0d	alexa	realchriswells	2
03-May-2023	0d	alexa	flargenhargen	2
03-May-2023	0d	alexa	bigj2552	2
03-May-2023	0d	alexa	Glad-Conversation921	2
03-May-2023	0d	alexa	ritchie70	2
03-May-2023	0d	alexa	ChiefBroady	2
03-May-2023	0d	alexa	Iangh007	2
03-May-2023	0d	alexa	wotsit_sandwich	2
03-May-2023	0d	alexa	TheJagOffAssassin	2
03-May-2023	0d	alexa	versaveaux	2
03-May-2023	0d	alexa	paulsmt	2
03-May-2023	0d	alexa	binaryhextechdude	2
03-May-2023	0d	alexa	timeforwasp	2
03-May-2023	0d	alexa	deadcatdidntbounce	2
03-May-2023	0d	alexa	Tmnvanderberg	2
03-May-2023	0d	alexa	ChunkCreme	2
03-May-2023	0d	alexa	Riquende	2
03-May-2023	0d	alexa	0YaKnow	2
03-May-2023	0d	alexa	kathlin409	2
03-May-2023	0d	alexa	Scientist_Lopsided	2
03-May-2023	0d	alexa	WomanOfEld	2
03-May-2023	0d	alexa	dontlaukatme	2
03-May-2023	0d	alexa	Velvis	2
03-May-2023	0d	alexa	ssoocc	2
03-May-2023	0d	alexa	SupernovaGamezYT	2
03-May-2023	0d	alexa	enzyme8000	2
03-May-2023	0d	alexa	tibo123	2
03-May-2023	0d	alexa	AndyPryceManUtd	2
03-May-2023	0d	alexa	gardenbrain	2
03-May-2023	0d	alexa	meowkittykitty510	2
03-May-2023	0d	alexa	cokakatta	2
03-May-2023	0d	alexa	Cousin-Jack	2
03-May-2023	0d	alexa	getupgetgoing	2
03-May-2023	0d	alexa	WallaWallaWally	2
03-May-2023	0d	alexa	Jimbo415650	2
03-May-2023	0d	alexa	Big_Attempt6783	2
03-May-2023	0d	alexa	Ok-Jury5684	1
03-May-2023	0d	alexa	KungFuSpoon	1
03-May-2023	0d	alexa	o4saken	1
03-May-2023	0d	alexa	jdobem	1
03-May-2023	0d	alexa	SummerLover69	1
03-May-2023	0d	alexa	Dear_Philosophy9752	1
03-May-2023	0d	alexa	acydlord	1
03-May-2023	0d	alexa	Man_Bear_Beaver	1
03-May-2023	0d	alexa	TemplarIRL	1
03-May-2023	0d	alexa	EDCvoid	1
03-May-2023	0d	alexa	LuckyCoco17	1
03-May-2023	0d	alexa	ENrgStar	1
03-May-2023	0d	alexa	Chairboy	1
03-May-2023	0d	alexa	parkineos	1
03-May-2023	0d	alexa	rupertthecactus	1
03-May-2023	0d	alexa	DearManufacturer9803	1
03-May-2023	0d	alexa	halcyon918	1
03-May-2023	0d	alexa	kiln	1
03-May-2023	0d	alexa	Garetht	1
03-May-2023	0d	alexa	ATMinotaur	1
03-May-2023	0d	alexa	nytwdragon	1
03-May-2023	0d	alexa	big_dick_energy_mc2	1
03-May-2023	0d	alexa	Patereye	1
03-May-2023	0d	alexa	DeepSouthDude	1
03-May-2023	0d	alexa	AlmightyHeretic	1
03-May-2023	0d	alexa	roxdacrox	1
03-May-2023	0d	alexa	L00PIL00P	1
03-May-2023	0d	alexa	onetirespins	1
03-May-2023	0d	alexa	TheDextrometh-Orphan	1
03-May-2023	0d	alexa	Unhooked-	1
03-May-2023	0d	alexa	Zombi3Kush	1
03-May-2023	0d	alexa	BeeAwesome	1
03-May-2023	0d	alexa	indorfpf	1
03-May-2023	0d	alexa	MooseBoys	1
03-May-2023	0d	alexa	BrockPlaysFortniteYT	1
03-May-2023	0d	alexa	Alfistigem	1
03-May-2023	0d	alexa	yellowumbrella___	1
03-May-2023	0d	alexa	TubbytonySCFC	1
03-May-2023	0d	alexa	fhspatriot	1
03-May-2023	0d	alexa	12LetterName	1
03-May-2023	0d	alexa	lolsuga	1
03-May-2023	0d	alexa	OpportunityMaximum97	1
03-May-2023	0d	alexa	SomeRando1967	1
03-May-2023	0d	alexa	FlashyIntention6547	1
03-May-2023	0d	alexa	Paid-Not-Payed-Bot	1
03-May-2023	0d	alexa	rr777	1
03-May-2023	0d	alexa	youagreewithit	1
03-May-2023	0d	alexa	th3kingmidas	1
03-May-2023	0d	alexa	redwolf3332	1
03-May-2023	0d	alexa	giantButzn33	1
03-May-2023	0d	alexa	Pinseeking81	1
03-May-2023	0d	alexa	MarvinG1984	1
03-May-2023	0d	alexa	Abdul-Ahmadinejad	1
03-May-2023	0d	alexa	baobab68	1
03-May-2023	0d	alexa	FrauMausL	1
03-May-2023	0d	alexa	DR_DROWZEE	1
03-May-2023	0d	alexa	AnterosLive	1
03-May-2023	0d	alexa	WhatWouldTNGPicardDo	1
03-May-2023	0d	alexa	zedkrevas	1
03-May-2023	0d	alexa	TechnoBillyD	1
03-May-2023	0d	alexa	new-username-2017	1
03-May-2023	0d	alexa	proffgilligan	1
03-May-2023	0d	alexa	zvwe	1
03-May-2023	0d	alexa	CriscoWithLime	1
03-May-2023	0d	alexa	AdministrationOk210	1
03-May-2023	0d	alexa	skarro-	1
03-May-2023	0d	alexa	TheOneTrueChris	1
03-May-2023	0d	alexa	mordhau5	1
03-May-2023	0d	alexa	ConditionYellow	1
03-May-2023	0d	alexa	katarthurs1	1
03-May-2023	0d	alexa	johngault	1
03-May-2023	0d	alexa	BrianDerm	1
03-May-2023	0d	alexa	MonstarHU	1
03-May-2023	0d	alexa	yendor5	1
03-May-2023	0d	alexa	pdinc	1
03-May-2023	0d	alexa	r3ddit3ric	1
03-May-2023	0d	alexa	LilGrassie56	1
03-May-2023	0d	alexa	DogPlane3425	1
03-May-2023	0d	alexa	dor_hi	1
03-May-2023	0d	alexa	JackStrawWitchita	1
03-May-2023	0d	alexa	FIveontheSlide	1
03-May-2023	0d	alexa	GamingNacho	1
03-May-2023	0d	alexa	Viking53fan	1
03-May-2023	0d	alexa	tfmeltdown	1
03-May-2023	0d	alexa	dchabz	1
03-May-2023	0d	alexa	indywest2	1
03-May-2023	0d	alexa	A_Random_Polski	1
03-May-2023	0d	alexa	NewVenari	1
03-May-2023	0d	alexa	BigOrkoo	1
03-May-2023	0d	alexa	Longshoez	1
03-May-2023	0d	alexa	Affectionate_Row9568	1
03-May-2023	0d	alexa	warbeforepeace	1
03-May-2023	0d	alexa	TimPig4	1
03-May-2023	0d	alexa	starcrescendo	1
03-May-2023	0d	alexa	CherishSlan	1
03-May-2023	0d	alexa	Kwintty7	1
03-May-2023	0d	alexa	psilokan	1
03-May-2023	0d	alexa	Chopin1224	1
03-May-2023	0d	alexa	cien_anos_de_soledad	1
03-May-2023	0d	alexa	anubhavmajumder	1
03-May-2023	0d	alexa	J4M0MU51C	1
03-May-2023	0d	alexa	SignificantDealer667	1
03-May-2023	0d	alexa	PerpetualBigAC	1
03-May-2023	0d	alexa	Mclol12345	1
03-May-2023	0d	alexa	Proper-Maintenance77	1
03-May-2023	0d	alexa	Jaredt225	1
03-May-2023	0d	alexa	sibman	1
03-May-2023	0d	alexa	slhumph	1
03-May-2023	0d	alexa	St0rmborn	1
03-May-2023	0d	alexa	NsaneJoe	1
03-May-2023	0d	alexa	zombiefiedmind	1
03-May-2023	0d	alexa	rjdebenedictis	1
03-May-2023	0d	alexa	Reddit-username_here	1
03-May-2023	0d	alexa	m_jessing	1
03-May-2023	0d	alexa	duncantuna	1
03-May-2023	0d	alexa	ninjaryda	1
03-May-2023	0d	alexa	tha_bigdizzle	1
03-May-2023	0d	alexa	ArtofMotion	1
03-May-2023	0d	alexa	sunole123	1
03-May-2023	0d	alexa	CherryKeshav	1
03-May-2023	0d	alexa	radauim	1
03-May-2023	0d	alexa	Kyric1899	1
03-May-2023	0d	alexa	eatglasslickrust	1
03-May-2023	0d	alexa	alxnick37	1
03-May-2023	0d	alexa	just_dave1234	1
03-May-2023	0d	alexa	Monkfich	1
03-May-2023	0d	alexa	jboholue	1
03-May-2023	0d	alexa	Wakizashiuk	1
03-May-2023	0d	alexa	Anya69xo	1
03-May-2023	0d	alexa	Neighbortim	1
03-May-2023	0d	alexa	patbrochill89	1
03-May-2023	0d	alexa	CFNikki	1
03-May-2023	0d	alexa	Madited17	1
03-May-2023	0d	alexa	Junish40	1
03-May-2023	0d	alexa	DigThatData	1
03-May-2023	0d	alexa	LaithOkab	1
03-May-2023	0d	alexa	JeffR47	1
03-May-2023	0d	alexa	DoctorPumpkinKing	1
03-May-2023	0d	alexa	YMarkY2	1
03-May-2023	0d	alexa	CramNevets	1
03-May-2023	0d	alexa	hamo78	1
03-May-2023	0d	alexa	Healthy_Force1349	1
03-May-2023	0d	alexa	rahulnautiyal3	1
03-May-2023	0d	alexa	GlamourD	1
03-May-2023	0d	alexa	dialler-4872	1
03-May-2023	0d	alexa	GrantannosaurusRex	1
03-May-2023	0d	alexa	jagger1973	1
03-May-2023	0d	alexa	Helivated69	1
03-May-2023	0d	alexa	Mrbeankc	1
03-May-2023	0d	alexa	mhoner	1
03-May-2023	0d	alexa	Anonymous_Otters	1
03-May-2023	0d	alexa	anoninternetguy	1
03-May-2023	0d	alexa	K4ot1K	1
03-May-2023	0d	alexa	skittylove101	1
03-May-2023	0d	alexa	lyndonwong	1
03-May-2023	0d	alexa	sebju02	1
03-May-2023	0d	alexa	squipysquip	1
03-May-2023	0d	alexa	PMonkey03	1
03-May-2023	0d	alexa	LoganJFisher	1
03-May-2023	0d	alexa	1Sambo	1
03-May-2023	0d	alexa	ghstfox33	1
03-May-2023	0d	alexa	el_smurfo	1
03-May-2023	0d	alexa	OutsideAir2652	1
03-May-2023	0d	alexa	cwoodaus17	1
03-May-2023	0d	alexa	labelsonshampoo	1
03-May-2023	0d	alexa	ChittyShops	1
03-May-2023	0d	alexa	Cream06	1
03-May-2023	0d	alexa	simsyboy	1
03-May-2023	0d	alexa	AuntRobin	1
03-May-2023	0d	alexa	djellicon	1
03-May-2023	0d	alexa	pperca	1
03-May-2023	0d	alexa	ShoCkEpic	1
03-May-2023	0d	alexa	urmotherisgay2555	1
03-May-2023	0d	alexa	Rice_Eater483	1
03-May-2023	0d	alexa	TheFaceStuffer	1
03-May-2023	0d	alexa	vivi_t3ch	1
03-May-2023	0d	alexa	Abalisk	1
03-May-2023	0d	alexa	DataBoss_me	1
03-May-2023	0d	alexa	Flat-Figure-8289	1
03-May-2023	0d	alexa	Tired8281	1
03-May-2023	0d	alexa	idun0	1
03-May-2023	0d	alexa	ks724	1
03-May-2023	0d	alexa	Iseeupoopin	1
03-May-2023	0d	alexa	shibiku_	1
03-May-2023	0d	alexa	1wildcatfan	1
03-May-2023	0d	alexa	BigBoiKry	1
03-May-2023	0d	alexa	sometin__else	1
03-May-2023	0d	alexa	beeedeee	1
03-May-2023	0d	alexa	floatable_shark	1
03-May-2023	0d	alexa	Intergalactic_Ass	1
03-May-2023	0d	alexa	ReunionFeelsSoGood	1
03-May-2023	0d	alexa	Bother-Present	1
03-May-2023	0d	alexa	wildcat12321	1
03-May-2023	0d	alexa	Serjical__Strike	1
03-May-2023	0d	alexa	No1KnowsIamCat	1
03-May-2023	0d	alexa	cdtoad	1
03-May-2023	0d	alexa	vidalong04	1
03-May-2023	0d	alexa	SuperfujiMaster	1
03-May-2023	0d	alexa	mfwood8	1
03-May-2023	0d	alexa	Loose_Artichoke_6774	1
03-May-2023	0d	alexa	wildwood9843	1
03-May-2023	0d	alexa	kibblet	1
03-May-2023	0d	alexa	path825	1
03-May-2023	0d	alexa	spyderspyders	1
03-May-2023	0d	alexa	McFeely_Smackup	1
03-May-2023	0d	alexa	Turbulent_Tale6497	1
03-May-2023	0d	alexa	92MsNeverGoHungry	1
03-May-2023	0d	alexa	boilerroom111	1
03-May-2023	0d	alexa	Comfortable-Fox9153	1
03-May-2023	0d	alexa	olapbill	1
03-May-2023	0d	alexa	bitb0y	1
03-May-2023	0d	alexa	EverReddyKilowatt	1
03-May-2023	0d	alexa	smartyhome	1
03-May-2023	0d	alexa	oculus_miffed	1
03-May-2023	0d	alexa	honestduane	1
03-May-2023	0d	alexa	SgtSplacker	1
03-May-2023	0d	alexa	Freeagnt	1
03-May-2023	0d	alexa	jigby6	1
03-May-2023	0d	alexa	Sebastian_308	1
03-May-2023	0d	alexa	Bolingo20	1
03-May-2023	0d	alexa	Swordnimi79	1
03-May-2023	0d	alexa	pimparoo25	1
03-May-2023	0d	alexa	do_add_unicorn	1
03-May-2023	0d	alexa	Schaanh	1
03-May-2023	0d	alexa	SirBottomtooth	1
03-May-2023	0d	alexa	SuperMario630	1
03-May-2023	0d	alexa	Responsible-Exit-901	1
03-May-2023	0d	alexa	goateeislong	1
03-May-2023	0d	alexa	diacrum	1
03-May-2023	0d	alexa	Black_Rose67	1
03-May-2023	0d	alexa	IsshinDZahul	1
03-May-2023	0d	alexa	kid_wonderbread	1
03-May-2023	0d	alexa	mo__1987	1
03-May-2023	0d	alexa	LochNessMansterLives	1
03-May-2023	0d	alexa	KoditasOwO	1
03-May-2023	0d	alexa	KingZakyu	1
03-May-2023	0d	alexa	colonelcat	1
03-May-2023	0d	alexa	daelite	1
03-May-2023	0d	alexa	Never4end	1
03-May-2023	0d	alexa	gdoor	1
03-May-2023	0d	alexa	lllF3ARlll	1
03-May-2023	0d	alexa	Ecstatic_Simple3205	1
03-May-2023	0d	alexa	Huge-Habit-6201	1
03-May-2023	0d	alexa	Philmehew	1
03-May-2023	0d	alexa	Saltysalad	1
03-May-2023	0d	alexa	Official_Government	1
03-May-2023	0d	alexa	RedMapleBat	1
03-May-2023	0d	alexa	Haitsmelol	1
03-May-2023	0d	alexa	userid666	1
03-May-2023	0d	alexa	kp2119	1
03-May-2023	0d	alexa	EveningMinute	1
03-May-2023	0d	alexa	RaptorO-1	1
03-May-2023	0d	alexa	Glass-Material5689	1
03-May-2023	0d	alexa	katemonster_22	1
03-May-2023	0d	alexa	TheDudeTodd	1
03-May-2023	0d	alexa	OldShipwrecked	1
03-May-2023	0d	alexa	MILK_DUD_NIPPLES	1
03-May-2023	0d	alexa	PanDiStelleIsAmazing	1
03-May-2023	0d	alexa	harlows_monkeys	1
03-May-2023	0d	alexa	Tokata0	1
03-May-2023	0d	alexa	Smirkydarkdude	1
03-May-2023	0d	alexa	devianpctek	1
03-May-2023	0d	alexa	lilmike8080	1
03-May-2023	0d	alexa	r3mdh	1
