query_date	before_date	subreddit	submission_author	submission_frequency
03-May-2023	80d	alexa	gangsteroflove1	12
03-May-2023	80d	alexa	sara-alexa	12
03-May-2023	80d	alexa	tbluhp	8
03-May-2023	80d	alexa	Traditional_Mine1009	5
03-May-2023	80d	alexa	[deleted]	5
03-May-2023	80d	alexa	Bearulice	4
03-May-2023	80d	alexa	pixolz	4
03-May-2023	80d	alexa	Simplexitycustom	4
03-May-2023	80d	alexa	AIONLAB	4
03-May-2023	80d	alexa	Aboricand	3
03-May-2023	80d	alexa	VikingOy	3
03-May-2023	80d	alexa	nick_frigerio	3
03-May-2023	80d	alexa	Eclipse8301	3
03-May-2023	80d	alexa	KitWat	3
03-May-2023	80d	alexa	ITSYABOIGALAXY	3
03-May-2023	80d	alexa	Htumedrm	3
03-May-2023	80d	alexa	TheDadRockPodcast	3
03-May-2023	80d	alexa	wewewawa	3
03-May-2023	80d	alexa	vulcan_on_earth	3
03-May-2023	80d	alexa	kendallb183	3
03-May-2023	80d	alexa	Few-Grapefruit9377	3
03-May-2023	80d	alexa	slartybartvart	3
03-May-2023	80d	alexa	Claranicolle	3
03-May-2023	80d	alexa	rollsyrollsy	3
03-May-2023	80d	alexa	roblu001	3
03-May-2023	80d	alexa	explictlyrics	3
03-May-2023	80d	alexa	djsolidsnake86	3
03-May-2023	80d	alexa	rootdiggity	3
03-May-2023	80d	alexa	Levitb2	3
03-May-2023	80d	alexa	Davy___Jones	3
03-May-2023	80d	alexa	wvilberg	3
03-May-2023	80d	alexa	asuhayda	3
03-May-2023	80d	alexa	Furiousguy79	2
03-May-2023	80d	alexa	VeryContributory	2
03-May-2023	80d	alexa	dynamale	2
03-May-2023	80d	alexa	NAAnymore	2
03-May-2023	80d	alexa	ReserveMaximum	2
03-May-2023	80d	alexa	Multiversal_Love	2
03-May-2023	80d	alexa	schmidtmueller	2
03-May-2023	80d	alexa	RNX77	2
03-May-2023	80d	alexa	IanglDev	2
03-May-2023	80d	alexa	gjoakum221	2
03-May-2023	80d	alexa	psilversmith	2
03-May-2023	80d	alexa	keyboardcanadian	2
03-May-2023	80d	alexa	Chicodemilo	2
03-May-2023	80d	alexa	mytabletacc0unt	2
03-May-2023	80d	alexa	CKR83	2
03-May-2023	80d	alexa	alexa_developer	2
03-May-2023	80d	alexa	Chrimbie	2
03-May-2023	80d	alexa	bvdp	2
03-May-2023	80d	alexa	Turbulent_Guess3204	2
03-May-2023	80d	alexa	Apple_546	2
03-May-2023	80d	alexa	creeterry	2
03-May-2023	80d	alexa	jesusfuckingasq	2
03-May-2023	80d	alexa	Study-Evening	2
03-May-2023	80d	alexa	ivlr_18	2
03-May-2023	80d	alexa	jplarose80	2
03-May-2023	80d	alexa	Cerebrlasassn	2
03-May-2023	80d	alexa	NewtoniteToo	2
03-May-2023	80d	alexa	penthoy	2
03-May-2023	80d	alexa	liquidocelotYT	2
03-May-2023	80d	alexa	neverpostsmd	2
03-May-2023	80d	alexa	eginoUK	2
03-May-2023	80d	alexa	Irishuser2022	2
03-May-2023	80d	alexa	Bklover93	2
03-May-2023	80d	alexa	zoeygirl69	2
03-May-2023	80d	alexa	Longjumping-Draft-79	2
03-May-2023	80d	alexa	kayakvibes	2
03-May-2023	80d	alexa	Logical_Persimmon_40	2
03-May-2023	80d	alexa	Armus-soe	2
03-May-2023	80d	alexa	PinkAdultery	2
03-May-2023	80d	alexa	I-AM-Savannah	2
03-May-2023	80d	alexa	Stulmacher	2
03-May-2023	80d	alexa	Same-Pie-9757	2
03-May-2023	80d	alexa	DSavoie6	2
03-May-2023	80d	alexa	Critical-Meeting-895	2
03-May-2023	80d	alexa	GamingBar	2
03-May-2023	80d	alexa	xViPER__	2
03-May-2023	80d	alexa	vgrazi899	2
03-May-2023	80d	alexa	Environmental-Emu987	2
03-May-2023	80d	alexa	Glass-Material5689	2
03-May-2023	80d	alexa	NAD1983UTMZONExx	1
03-May-2023	80d	alexa	Redstonemaniac2019	1
03-May-2023	80d	alexa	hlp3916	1
03-May-2023	80d	alexa	f_conte	1
03-May-2023	80d	alexa	redapples42	1
03-May-2023	80d	alexa	speccyteccy	1
03-May-2023	80d	alexa	Drakknfyre	1
03-May-2023	80d	alexa	IsraelZulu	1
03-May-2023	80d	alexa	CryptographerSoft215	1
03-May-2023	80d	alexa	super_delegate	1
03-May-2023	80d	alexa	elizathornberry-	1
03-May-2023	80d	alexa	silentkiller000	1
03-May-2023	80d	alexa	rsrandall_	1
03-May-2023	80d	alexa	237wood	1
03-May-2023	80d	alexa	UpRolled_TheRiotVan	1
03-May-2023	80d	alexa	hmd_yip	1
03-May-2023	80d	alexa	binaryguy	1
03-May-2023	80d	alexa	katesicle82	1
03-May-2023	80d	alexa	xamomax	1
03-May-2023	80d	alexa	GrapefruitComplex126	1
03-May-2023	80d	alexa	GronlandicReddit	1
03-May-2023	80d	alexa	SkatterbrainMusic420	1
03-May-2023	80d	alexa	Ok-Action511	1
03-May-2023	80d	alexa	theComputerGnome	1
03-May-2023	80d	alexa	spookysanta33	1
03-May-2023	80d	alexa	CedarPointDada	1
03-May-2023	80d	alexa	GarfieldSighs3	1
03-May-2023	80d	alexa	crblack24	1
03-May-2023	80d	alexa	alwaysLearning_6405	1
03-May-2023	80d	alexa	Flimsy_Wait_8235	1
03-May-2023	80d	alexa	OsborneCoxMemoir3	1
03-May-2023	80d	alexa	AD_MDestroyer	1
03-May-2023	80d	alexa	nexokicker	1
03-May-2023	80d	alexa	skarro-	1
03-May-2023	80d	alexa	icolinpro	1
03-May-2023	80d	alexa	BellaLovesCats	1
03-May-2023	80d	alexa	Red_from_NL	1
03-May-2023	80d	alexa	meep-moo	1
03-May-2023	80d	alexa	LazyKranch13	1
03-May-2023	80d	alexa	pandoroar	1
03-May-2023	80d	alexa	Striking_Raspberry57	1
03-May-2023	80d	alexa	FiveFire33	1
03-May-2023	80d	alexa	i112	1
03-May-2023	80d	alexa	ex-oh	1
03-May-2023	80d	alexa	K3RTSK	1
03-May-2023	80d	alexa	thosecars82	1
03-May-2023	80d	alexa	trumanlet	1
03-May-2023	80d	alexa	Interesting-Ask7615	1
03-May-2023	80d	alexa	deadeye09	1
03-May-2023	80d	alexa	jcretrop	1
03-May-2023	80d	alexa	Soler37	1
03-May-2023	80d	alexa	ashley0497	1
03-May-2023	80d	alexa	theboatlover	1
03-May-2023	80d	alexa	motaA24	1
03-May-2023	80d	alexa	Njtotx3	1
03-May-2023	80d	alexa	NativeCoder	1
03-May-2023	80d	alexa	TheLazyPurpleWizard	1
03-May-2023	80d	alexa	PockASqueeno	1
03-May-2023	80d	alexa	DerFred3	1
03-May-2023	80d	alexa	bobbysorer	1
03-May-2023	80d	alexa	Healthy_Ladder_6198	1
03-May-2023	80d	alexa	JuanD260	1
03-May-2023	80d	alexa	MikeLowry13	1
03-May-2023	80d	alexa	Dan__Glesak	1
03-May-2023	80d	alexa	Benjihubbs	1
03-May-2023	80d	alexa	wildwood9843	1
03-May-2023	80d	alexa	errol343	1
03-May-2023	80d	alexa	81mrg81	1
03-May-2023	80d	alexa	Christopher247uk	1
03-May-2023	80d	alexa	ir1999	1
03-May-2023	80d	alexa	zeypierce	1
03-May-2023	80d	alexa	lifesucksblabla	1
03-May-2023	80d	alexa	theonerm2	1
03-May-2023	80d	alexa	Aggressive_Lake191	1
03-May-2023	80d	alexa	SonicTheDog420	1
03-May-2023	80d	alexa	Cyreesedabeast	1
03-May-2023	80d	alexa	eyesdrib	1
03-May-2023	80d	alexa	Particular-Bank-5519	1
03-May-2023	80d	alexa	j4mes_27	1
03-May-2023	80d	alexa	ATX_Analytics	1
03-May-2023	80d	alexa	Heya05	1
03-May-2023	80d	alexa	googy55	1
03-May-2023	80d	alexa	mickceratops_	1
03-May-2023	80d	alexa	lorraineg57	1
03-May-2023	80d	alexa	pollutionblues	1
03-May-2023	80d	alexa	Tall-Accountant-5177	1
03-May-2023	80d	alexa	DaMunzzz	1
03-May-2023	80d	alexa	xdLeoFam	1
03-May-2023	80d	alexa	brokenarrow7777777	1
03-May-2023	80d	alexa	yellowlinedpaper	1
03-May-2023	80d	alexa	boom-boom-butterfly	1
03-May-2023	80d	alexa	DragonWolf5589	1
03-May-2023	80d	alexa	mguod	1
03-May-2023	80d	alexa	brannonglover	1
03-May-2023	80d	alexa	FeanorsFamilyJewels	1
03-May-2023	80d	alexa	Impulse3000	1
03-May-2023	80d	alexa	DARKFiB3R	1
03-May-2023	80d	alexa	CoherentReceptor	1
03-May-2023	80d	alexa	iExtro13	1
03-May-2023	80d	alexa	Active-Drive-7749	1
03-May-2023	80d	alexa	Wolfie_Rankin	1
03-May-2023	80d	alexa	Gredo89	1
03-May-2023	80d	alexa	TREDOTCOM	1
03-May-2023	80d	alexa	TMNTFan99	1
03-May-2023	80d	alexa	OnionSilver1081	1
03-May-2023	80d	alexa	Minuspuma	1
03-May-2023	80d	alexa	IvenaDarcy	1
03-May-2023	80d	alexa	mrezar	1
03-May-2023	80d	alexa	Wayne8766	1
03-May-2023	80d	alexa	joey133	1
03-May-2023	80d	alexa	roytay	1
03-May-2023	80d	alexa	ami2weird4u	1
03-May-2023	80d	alexa	Drillerfan	1
03-May-2023	80d	alexa	Ok-Possibility-7573	1
03-May-2023	80d	alexa	Sufficient_Subject95	1
03-May-2023	80d	alexa	LamzTheLlama	1
03-May-2023	80d	alexa	Japanda23	1
03-May-2023	80d	alexa	RR0925	1
03-May-2023	80d	alexa	jjharkan	1
03-May-2023	80d	alexa	Bluedemonde	1
03-May-2023	80d	alexa	ollieworkman	1
03-May-2023	80d	alexa	original_dr_mono	1
03-May-2023	80d	alexa	MAGunGuy	1
03-May-2023	80d	alexa	UnHivedMind	1
03-May-2023	80d	alexa	cryptotollnumber	1
03-May-2023	80d	alexa	MrNumberOneMan	1
03-May-2023	80d	alexa	yeshereisaname	1
03-May-2023	80d	alexa	Safe_Shirt2416	1
03-May-2023	80d	alexa	froto_swaggin	1
03-May-2023	80d	alexa	OkilyNeighbour	1
03-May-2023	80d	alexa	SmashHitsHasReddit	1
03-May-2023	80d	alexa	kwoosh-	1
03-May-2023	80d	alexa	netrate	1
03-May-2023	80d	alexa	AmDDJunkie	1
03-May-2023	80d	alexa	MoistBridge1090	1
03-May-2023	80d	alexa	Willing-Bandicoot-55	1
03-May-2023	80d	alexa	tuhinkarmakar	1
03-May-2023	80d	alexa	OldShipwrecked	1
03-May-2023	80d	alexa	parrudelas	1
03-May-2023	80d	alexa	TurnoverNo5026	1
03-May-2023	80d	alexa	Cczwork	1
03-May-2023	80d	alexa	Comfortable-Fox9153	1
03-May-2023	80d	alexa	princesstillyenna	1
03-May-2023	80d	alexa	nivek_123k	1
03-May-2023	80d	alexa	mikerapegoobies	1
03-May-2023	80d	alexa	Sullhammer	1
03-May-2023	80d	alexa	SamBGB	1
03-May-2023	80d	alexa	lawn19	1
03-May-2023	80d	alexa	Simple-Cattle-3946	1
03-May-2023	80d	alexa	CuriousMe6987	1
03-May-2023	80d	alexa	Many_Appointment8632	1
03-May-2023	80d	alexa	shio14	1
03-May-2023	80d	alexa	speedstickman	1
03-May-2023	80d	alexa	diverdawg	1
03-May-2023	80d	alexa	pointlessbanter1	1
03-May-2023	80d	alexa	scrim415	1
03-May-2023	80d	alexa	yeaokaythatscool	1
03-May-2023	80d	alexa	mikeyshu	1
03-May-2023	80d	alexa	werdmouf	1
03-May-2023	80d	alexa	Omg_stop	1
03-May-2023	80d	alexa	LoiteringInNJ	1
03-May-2023	80d	alexa	Ahviaa224	1
03-May-2023	80d	alexa	tomlol	1
03-May-2023	80d	alexa	mymonkeyishungry	1
03-May-2023	80d	alexa	ActualMis	1
03-May-2023	80d	alexa	Miru8112	1
03-May-2023	80d	alexa	lostdrewid	1
03-May-2023	80d	alexa	Defiled92	1
03-May-2023	80d	alexa	gdavison86	1
03-May-2023	80d	alexa	phil_o_matic	1
03-May-2023	80d	alexa	31456	1
03-May-2023	80d	alexa	talljerseyguy	1
03-May-2023	80d	alexa	klayface94	1
03-May-2023	80d	alexa	NoahC513	1
03-May-2023	80d	alexa	ArkaneArkade	1
03-May-2023	80d	alexa	WranglerWarm6850	1
03-May-2023	80d	alexa	Emergency-Cellist213	1
03-May-2023	80d	alexa	Tf_am_i_doing_here_	1
03-May-2023	80d	alexa	SamJones888999	1
03-May-2023	80d	alexa	NoodleCheeseThief	1
03-May-2023	80d	alexa	tomm2611	1
03-May-2023	80d	alexa	basileus451	1
03-May-2023	80d	alexa	Adrian_enki_stories	1
03-May-2023	80d	alexa	JoeTunneyCBC	1
03-May-2023	80d	alexa	SquireBimtucklez	1
03-May-2023	80d	alexa	Minimum_Willow_7565	1
03-May-2023	80d	alexa	LLoadin	1
03-May-2023	80d	alexa	Current-Pin-3839	1
03-May-2023	80d	alexa	kibzandfriends	1
03-May-2023	80d	alexa	gersbersms	1
03-May-2023	80d	alexa	EvanMcD3	1
03-May-2023	80d	alexa	stoolzmclingo	1
03-May-2023	80d	alexa	MaurokNC	1
03-May-2023	80d	alexa	HiroshiHatake	1
03-May-2023	80d	alexa	Gizmify	1
03-May-2023	80d	alexa	Wibxu110	1
03-May-2023	80d	alexa	Illustrious-Block-94	1
03-May-2023	80d	alexa	shockingdevelopment	1
03-May-2023	80d	alexa	mgacnnytdk	1
03-May-2023	80d	alexa	JJGatti02	1
03-May-2023	80d	alexa	elroypaisley	1
03-May-2023	80d	alexa	Abalisk	1
03-May-2023	80d	alexa	donnie-bee	1
03-May-2023	80d	alexa	The-Voice-Of-Dog	1
03-May-2023	80d	alexa	Dangerous_Farm_7801	1
03-May-2023	80d	alexa	DrPhollox	1
03-May-2023	80d	alexa	AdamSith85	1
03-May-2023	80d	alexa	rcatk42	1
03-May-2023	80d	alexa	DragonDude5741	1
03-May-2023	80d	alexa	Michael_10-4	1
03-May-2023	80d	alexa	AltinUrda	1
03-May-2023	80d	alexa	samuraidogparty	1
03-May-2023	80d	alexa	thedreaming2017	1
03-May-2023	80d	alexa	HazardSkii	1
03-May-2023	80d	alexa	OkGoose5057	1
03-May-2023	80d	alexa	bruklook	1
03-May-2023	80d	alexa	ofgamez__	1
03-May-2023	80d	alexa	yourmotherisfatt	1
03-May-2023	80d	alexa	Legitimate_Award3225	1
03-May-2023	80d	alexa	RandyBoBandy115	1
03-May-2023	80d	alexa	NEB32018	1
03-May-2023	80d	alexa	Numerous_Roof_9408	1
03-May-2023	80d	alexa	ExaltFibs24	1
03-May-2023	80d	alexa	BGen13	1
03-May-2023	80d	alexa	Aflyingmongoose	1
03-May-2023	80d	alexa	Piggy9896	1
03-May-2023	80d	alexa	singing_pizza_1	1
03-May-2023	80d	alexa	anus_reus	1
03-May-2023	80d	alexa	JdtheOp	1
03-May-2023	80d	alexa	jthtiger	1
03-May-2023	80d	alexa	jrdnmdhl	1
03-May-2023	80d	alexa	leobrescia	1
03-May-2023	80d	alexa	qrsyr	1
03-May-2023	80d	alexa	Jacque_Hass	1
03-May-2023	80d	alexa	anthonycsimone	1
03-May-2023	80d	alexa	thentangler	1
03-May-2023	80d	alexa	No_Mud8432	1
03-May-2023	80d	alexa	g76s8	1
03-May-2023	80d	alexa	DiogoBenigno	1
03-May-2023	80d	alexa	sickyasfricky	1
03-May-2023	80d	alexa	backpropstl	1
03-May-2023	80d	alexa	Mysterious-Alfalfa46	1
03-May-2023	80d	alexa	ttran857	1
03-May-2023	80d	alexa	hamo78	1
03-May-2023	80d	alexa	Bungild	1
03-May-2023	80d	alexa	KristyPDX	1
03-May-2023	80d	alexa	thezdude1234	1
03-May-2023	80d	alexa	argus4ever	1
03-May-2023	80d	alexa	bonnieboopz	1
03-May-2023	80d	alexa	howaboutnow4444	1
03-May-2023	80d	alexa	cmilkosk	1
03-May-2023	80d	alexa	Levinheaded0	1
03-May-2023	80d	alexa	Ayla19	1
03-May-2023	80d	alexa	dntcareboutdownvotes	1
03-May-2023	80d	alexa	PrivatePilot9	1
03-May-2023	80d	alexa	doubledare1	1
03-May-2023	80d	alexa	Letsgomic	1
03-May-2023	80d	alexa	MR_System_	1
03-May-2023	80d	alexa	vibbleboy	1
03-May-2023	80d	alexa	VargasIdiocy	1
03-May-2023	80d	alexa	Worldly_Sort5129	1
03-May-2023	80d	alexa	oOVraptorOo	1
03-May-2023	80d	alexa	reddshroom	1
03-May-2023	80d	alexa	foulblade	1
03-May-2023	80d	alexa	ATXthedude	1
03-May-2023	80d	alexa	KristinaBaker707	1
03-May-2023	80d	alexa	AdjunctSocrates	1
03-May-2023	80d	alexa	throwaway186736	1
03-May-2023	80d	alexa	-m1zu-	1
03-May-2023	80d	alexa	Phredee	1
03-May-2023	80d	alexa	CountessCraft	1
03-May-2023	80d	alexa	Specialist-Product45	1
03-May-2023	80d	alexa	PurelyPocketMons	1
03-May-2023	80d	alexa	MichR76	1
03-May-2023	80d	alexa	arpie	1
03-May-2023	80d	alexa	feroz2020	1
03-May-2023	80d	alexa	schalowendofthepool	1
03-May-2023	80d	alexa	MichaelWRossjr	1
03-May-2023	80d	alexa	kinderror666	1
03-May-2023	80d	alexa	Demigod_007	1
03-May-2023	80d	alexa	ihatethisusernametoo	1
03-May-2023	80d	alexa	alexbro001	1
03-May-2023	80d	alexa	ExcuseMe004	1
03-May-2023	80d	alexa	mikeydhakid	1
03-May-2023	80d	alexa	kurumais	1
03-May-2023	80d	alexa	soupplant	1
03-May-2023	80d	alexa	izzykong	1
03-May-2023	80d	alexa	PaddleNW	1
03-May-2023	80d	alexa	gods10rules	1
03-May-2023	80d	alexa	Hamstark	1
03-May-2023	80d	alexa	joopface	1
03-May-2023	80d	alexa	parkineos	1
03-May-2023	80d	alexa	Thrashman69	1
03-May-2023	80d	alexa	NukaDadd	1
03-May-2023	80d	alexa	MusicLife16	1
03-May-2023	80d	alexa	Lurkofeer	1
03-May-2023	80d	alexa	mrdctaylor	1
03-May-2023	80d	alexa	o0joshua0o	1
03-May-2023	80d	alexa	Willr2645	1
03-May-2023	80d	alexa	Terrible-Ad106	1
03-May-2023	80d	alexa	ericstefan	1
03-May-2023	80d	alexa	beyondthegraceofgod	1
03-May-2023	80d	alexa	FurnishedPenguin	1
03-May-2023	80d	alexa	AndresCruz_R6	1
03-May-2023	80d	alexa	DIperez54	1
03-May-2023	80d	alexa	jellyjamesmemes	1
03-May-2023	80d	alexa	Travelin_Soulja	1
03-May-2023	80d	alexa	scoobs35	1
03-May-2023	80d	alexa	Substantial_Creme420	1
03-May-2023	80d	alexa	RollBW	1
03-May-2023	80d	alexa	wangus_tangus	1
03-May-2023	80d	alexa	mediaserver8	1
03-May-2023	80d	alexa	GeilerGandalf9699	1
03-May-2023	80d	alexa	Fearless-Bet-8499	1
03-May-2023	80d	alexa	mattsnowboard	1
03-May-2023	80d	alexa	ajd416	1
03-May-2023	80d	alexa	TraditionGlass2315	1
03-May-2023	80d	alexa	charlie-1973	1
03-May-2023	80d	alexa	goForItMyBest	1
03-May-2023	80d	alexa	iktan2102	1
03-May-2023	80d	alexa	downloaderfan	1
03-May-2023	80d	alexa	roots_seeker	1
03-May-2023	80d	alexa	100_Percent_Dark	1
03-May-2023	80d	alexa	Leojln05-cld	1
03-May-2023	80d	alexa	VariousBlonde	1
03-May-2023	80d	alexa	ChildhoodOk5526	1
03-May-2023	80d	alexa	proness223	1
03-May-2023	80d	alexa	Adorable_Bottle65	1
03-May-2023	80d	alexa	kelemvor33	1
03-May-2023	80d	alexa	mvidal01	1
03-May-2023	80d	alexa	casweitzer	1
03-May-2023	80d	alexa	ianganderton	1
03-May-2023	80d	alexa	-gpz-	1
03-May-2023	80d	alexa	pulledporksandwich69	1
03-May-2023	80d	alexa	thehavensgrey	1
03-May-2023	80d	alexa	Charlie_S17	1
03-May-2023	80d	alexa	thelastofbill	1
03-May-2023	80d	alexa	Saabboy93se	1
03-May-2023	80d	alexa	dwfmba	1
03-May-2023	80d	alexa	RyanBlogsSE	1
03-May-2023	80d	alexa	cieje	1
03-May-2023	80d	alexa	cla1993	1
03-May-2023	80d	alexa	NoFluffyOnlyZuul	1
03-May-2023	80d	alexa	connor03_	1
03-May-2023	80d	alexa	DoctorMindWar	1
03-May-2023	80d	alexa	Used-Ad-803	1
03-May-2023	80d	alexa	_All_Tied_Up_	1
03-May-2023	80d	alexa	Staragox	1
03-May-2023	80d	alexa	itsbrittanybitch369	1
03-May-2023	80d	alexa	infamousmdr	1
03-May-2023	80d	alexa	rcx918	1
03-May-2023	80d	alexa	bisquicktee	1
03-May-2023	80d	alexa	Paul0452	1
03-May-2023	80d	alexa	gogovic219	1
03-May-2023	80d	alexa	GTRacer1972	1
03-May-2023	80d	alexa	menicknick	1
03-May-2023	80d	alexa	Jroddx92	1
03-May-2023	80d	alexa	seqiro	1
03-May-2023	80d	alexa	headinthered	1
03-May-2023	80d	alexa	abelinkin84	1
03-May-2023	80d	alexa	Grimdave	1
03-May-2023	80d	alexa	80skid100	1
03-May-2023	80d	alexa	Patneu	1
03-May-2023	80d	alexa	nickmalbsn	1
03-May-2023	80d	alexa	karavidas_1987	1
03-May-2023	80d	alexa	The_Choir_Invisible	1
03-May-2023	80d	alexa	BJBBJB99	1
03-May-2023	80d	alexa	starryfoot	1
03-May-2023	80d	alexa	Bsjensen1012	1
03-May-2023	80d	alexa	SFWfab	1
03-May-2023	80d	alexa	theborkenplaces	1
03-May-2023	80d	alexa	AnyDrug	1
03-May-2023	80d	alexa	Holiday_Kale_9335	1
03-May-2023	80d	alexa	jelfonzo123	1
03-May-2023	80d	alexa	vanillafreakz	1
03-May-2023	80d	alexa	Crommington	1
03-May-2023	80d	alexa	hcklo	1
03-May-2023	80d	alexa	DukesEYEball	1
03-May-2023	80d	alexa	Optimal_Sand_5329	1
03-May-2023	80d	alexa	Haitsmelol	1
03-May-2023	80d	alexa	DerMannMitDerPosaune	1
03-May-2023	80d	alexa	WitchDrAsh	1
03-May-2023	80d	alexa	Stinky__Person	1
03-May-2023	80d	alexa	watcher2001	1
03-May-2023	80d	alexa	waffletheaccountant	1
03-May-2023	80d	alexa	LLAMA_on_a_unicycle	1
03-May-2023	80d	alexa	Rangtangtangtang	1
03-May-2023	80d	alexa	Gala-Actual	1
03-May-2023	80d	alexa	azillies	1
03-May-2023	80d	alexa	RandomGamer1917	1
03-May-2023	80d	alexa	spacekittyusa	1
03-May-2023	80d	alexa	TheYask	1
03-May-2023	80d	alexa	fancypantshorse	1
03-May-2023	80d	alexa	p3748	1
03-May-2023	80d	alexa	ElkAccomplished8605	1
03-May-2023	80d	alexa	Equivalent_Store_645	1
03-May-2023	80d	alexa	Oneblonded	1
03-May-2023	80d	alexa	vivoachernobyl	1
03-May-2023	80d	alexa	Livid-Pomegranate-11	1
03-May-2023	80d	alexa	Abdul-Ahmadinejad	1
03-May-2023	80d	alexa	carp0613	1
03-May-2023	80d	alexa	mas417	1
03-May-2023	80d	alexa	AverageCowboyCentaur	1
03-May-2023	80d	alexa	scaryman088	1
03-May-2023	80d	alexa	pacifique2607	1
03-May-2023	80d	alexa	Money_pizza51	1
03-May-2023	80d	alexa	Kyosji	1
03-May-2023	80d	alexa	sometin__else	1
03-May-2023	80d	alexa	Happydaytoyou1	1
03-May-2023	80d	alexa	SimpForTae	1
03-May-2023	80d	alexa	banisheduser	1
03-May-2023	80d	alexa	user342091001	1
03-May-2023	80d	alexa	ChargeActual5097	1
03-May-2023	80d	alexa	pesd42	1
03-May-2023	80d	alexa	pikachu_one	1
03-May-2023	80d	alexa	idonadel	1
03-May-2023	80d	alexa	istilloveher	1
03-May-2023	80d	alexa	Abbyliciouss	1
03-May-2023	80d	alexa	HeyT00ts11	1
03-May-2023	80d	alexa	kevinchadwick55	1
03-May-2023	80d	alexa	Excolo_Veritas	1
03-May-2023	80d	alexa	Ok-Significance7453	1
03-May-2023	80d	alexa	Cable_Mental	1
03-May-2023	80d	alexa	LiahStrawbs	1
03-May-2023	80d	alexa	papabless1738	1
03-May-2023	80d	alexa	KeeperCake	1
03-May-2023	80d	alexa	nraygun	1
03-May-2023	80d	alexa	MerryReign	1
03-May-2023	80d	alexa	winterwhispering	1
03-May-2023	80d	alexa	DwelveDeeper	1
03-May-2023	80d	alexa	CrunchyUnicorn	1
03-May-2023	80d	alexa	EpisodicDoleWhip	1
03-May-2023	80d	alexa	LLuerker	1
03-May-2023	80d	alexa	Dagalleryofames	1
03-May-2023	80d	alexa	dans98	1
03-May-2023	80d	alexa	rologies	1
03-May-2023	80d	alexa	Apfelflusi	1
03-May-2023	80d	alexa	IlluminationTheory7	1
03-May-2023	80d	alexa	EthanReilly	1
03-May-2023	80d	alexa	owiaf	1
03-May-2023	80d	alexa	ACW1721	1
03-May-2023	80d	alexa	QueenScorp	1
03-May-2023	80d	alexa	Pablo9231	1
03-May-2023	80d	alexa	MichaelJayQue	1
03-May-2023	80d	alexa	Bromes_08	1
03-May-2023	80d	alexa	Cerberus73	1
03-May-2023	80d	alexa	MrRickVigorous	1
03-May-2023	80d	alexa	Lufferov	1
03-May-2023	80d	alexa	GaltLogic	1
03-May-2023	80d	alexa	GravitasMusic	1
03-May-2023	80d	alexa	Late-Commercial-6918	1
03-May-2023	80d	alexa	beeedeee	1
03-May-2023	80d	alexa	Trails_and_Trees	1
03-May-2023	80d	alexa	lilydeetee	1
03-May-2023	80d	alexa	BladeInWater	1
03-May-2023	80d	alexa	tinyismyfavorite	1
03-May-2023	80d	alexa	SexyMuthaFunka	1
03-May-2023	80d	alexa	Capraq	1
03-May-2023	80d	alexa	Clyngh	1
03-May-2023	80d	alexa	Majinlord	1
03-May-2023	80d	alexa	slipperystevenson69	1
03-May-2023	80d	alexa	Skullman9191	1
03-May-2023	80d	alexa	Hopeful-Cancel3363	1
03-May-2023	80d	alexa	greggsand	1
03-May-2023	80d	alexa	IndyWoodSmith	1
03-May-2023	80d	alexa	paintacct624	1
03-May-2023	80d	alexa	goshtin	1
03-May-2023	80d	alexa	johngault	1
03-May-2023	80d	alexa	LevHB	1
03-May-2023	80d	alexa	kettlechips87	1
03-May-2023	80d	alexa	eightballart	1
03-May-2023	80d	alexa	Murphysburger	1
03-May-2023	80d	alexa	skaertus	1
03-May-2023	80d	alexa	LucidTechnologies	1
03-May-2023	80d	alexa	Bob_Sacamano7379	1
03-May-2023	80d	alexa	SavannahsRUs	1
03-May-2023	80d	alexa	ICameUpOnTheTrain	1
03-May-2023	80d	alexa	whyrustaring	1
03-May-2023	80d	alexa	strunker	1
03-May-2023	80d	alexa	svideo	1
03-May-2023	80d	alexa	Heavy_Cauliflower442	1
03-May-2023	80d	alexa	9100	1
03-May-2023	80d	alexa	Amon_Lua	1
03-May-2023	80d	alexa	brewtalizer	1
03-May-2023	80d	alexa	Skaro3007	1
03-May-2023	80d	alexa	JTsince1980	1
03-May-2023	80d	alexa	Tallyho37	1
03-May-2023	80d	alexa	crosstherubicon	1
03-May-2023	80d	alexa	989x4000	1
03-May-2023	80d	alexa	looker009	1
03-May-2023	80d	alexa	FlamingCoolBird	1
03-May-2023	80d	alexa	ZoinkersScooob	1
03-May-2023	80d	alexa	beattysgirl	1
03-May-2023	80d	alexa	MapleSyrupManiac	1
03-May-2023	80d	alexa	Razor512	1
03-May-2023	80d	alexa	DixiewreckedGA	1
03-May-2023	80d	alexa	CalFromManc	1
03-May-2023	80d	alexa	Rot_Grub	1
03-May-2023	80d	alexa	shockinglyunoriginal	1
03-May-2023	80d	alexa	1999RedditUser1999	1
03-May-2023	80d	alexa	ForkET1138	1
03-May-2023	80d	alexa	Shelbyrose09	1
03-May-2023	80d	alexa	thearmydatascientist	1
03-May-2023	80d	alexa	Zatonji	1
03-May-2023	80d	alexa	oopsyeveryday14	1
03-May-2023	80d	alexa	BreakfastCrafty	1
03-May-2023	80d	alexa	katec0587	1
03-May-2023	80d	alexa	SweatRiley	1
03-May-2023	80d	alexa	Body-These	1
03-May-2023	80d	alexa	SlimeQSlimeball	1
03-May-2023	80d	alexa	homercles82	1
03-May-2023	80d	alexa	Chukpen	1
03-May-2023	80d	alexa	squipysquip	1
03-May-2023	80d	alexa	AdIntelligent2796	1
03-May-2023	80d	alexa	namenamename321	1
03-May-2023	80d	alexa	Throbbingprepuce	1
03-May-2023	80d	alexa	ArminVonKink	1
03-May-2023	80d	alexa	theslowrush-	1
03-May-2023	80d	alexa	Toddvg	1
03-May-2023	80d	alexa	GabrielHunter	1
03-May-2023	80d	alexa	hammnbubbly	1
03-May-2023	80d	alexa	swampyswampyswampy	1
03-May-2023	80d	alexa	LeonardoGottfried	1
03-May-2023	80d	alexa	Cultural_Bat_9192	1
03-May-2023	80d	alexa	O_Train	1
03-May-2023	80d	alexa	educacionprimero	1
03-May-2023	80d	alexa	RGBLEDWill	1
03-May-2023	80d	alexa	FabledFalsehood	1
03-May-2023	80d	alexa	mpsilfve	1
03-May-2023	80d	alexa	MrProfessional17	1
03-May-2023	80d	alexa	EndlessTypist	1
03-May-2023	80d	alexa	heyredway	1
03-May-2023	80d	alexa	OneToughFemale	1
03-May-2023	80d	alexa	DocCaliban	1
03-May-2023	80d	alexa	VAgreengene	1
03-May-2023	80d	alexa	connor1095	1
03-May-2023	80d	alexa	Shae_Clark	1
03-May-2023	80d	alexa	tracetrimble	1
03-May-2023	80d	alexa	otisoh	1
03-May-2023	80d	alexa	BurnsRedit	1
03-May-2023	80d	alexa	necrochaos	1
03-May-2023	80d	alexa	pacumming1	1
03-May-2023	80d	alexa	raptorhunter22	1
03-May-2023	80d	alexa	techilu	1
03-May-2023	80d	alexa	k_mainer	1
03-May-2023	80d	alexa	indorock	1
03-May-2023	80d	alexa	Lone_Slayer1980	1
03-May-2023	80d	alexa	TheJauntyCrapGoblin	1
03-May-2023	80d	alexa	punisher11	1
03-May-2023	80d	alexa	luke_wal	1
03-May-2023	80d	alexa	fatalrta	1
03-May-2023	80d	alexa	RoodNewb	1
03-May-2023	80d	alexa	Daentalion	1
03-May-2023	80d	alexa	amykat321	1
03-May-2023	80d	alexa	JMD_quest	1
03-May-2023	80d	alexa	AlDef	1
03-May-2023	80d	alexa	beansandwich	1
03-May-2023	80d	alexa	Upbeat-Expert1259	1
03-May-2023	80d	alexa	binaryhextechdude	1
03-May-2023	80d	alexa	ShaderGamingYT	1
03-May-2023	80d	alexa	ashleymcglamour	1
03-May-2023	80d	alexa	not_my_monkeys_	1
03-May-2023	80d	alexa	ltzSka	1
03-May-2023	80d	alexa	APotato106	1
03-May-2023	80d	alexa	tiredasff	1
03-May-2023	80d	alexa	poodog13	1
03-May-2023	80d	alexa	elysian-mara	1
03-May-2023	80d	alexa	CanBraFla	1
03-May-2023	80d	alexa	Apollo_creedbratton	1
03-May-2023	80d	alexa	MrNokiaUser	1
03-May-2023	80d	alexa	treyedwardsal	1
03-May-2023	80d	alexa	Jerryberry945	1
03-May-2023	80d	alexa	TotteryTurtle	1
03-May-2023	80d	alexa	Big-Introduction9159	1
03-May-2023	80d	alexa	DismalAssociate	1
03-May-2023	80d	alexa	RockingKrish364	1
03-May-2023	80d	alexa	claska18	1
03-May-2023	80d	alexa	PerformanceSoggy5554	1
03-May-2023	80d	alexa	No_Personality1577	1
03-May-2023	80d	alexa	aerojb	1
03-May-2023	80d	alexa	obitest11	1
03-May-2023	80d	alexa	RockyB95	1
03-May-2023	80d	alexa	aubaub	1
03-May-2023	80d	alexa	coldhandsss	1
03-May-2023	80d	alexa	xDeluxers	1
03-May-2023	80d	alexa	JimMc94	1
03-May-2023	80d	alexa	A-to-fucking-Z	1
03-May-2023	80d	alexa	connorbarrownx	1
03-May-2023	80d	alexa	clord420	1
03-May-2023	80d	alexa	EhNephew	1
03-May-2023	80d	alexa	Omoks2018	1
03-May-2023	80d	alexa	GaMerCores	1
03-May-2023	80d	alexa	G_10R	1
03-May-2023	80d	alexa	notrohkaz	1
03-May-2023	80d	alexa	HicSvntDracones_4242	1
03-May-2023	80d	alexa	anthro89109	1
03-May-2023	80d	alexa	n0wander	1
03-May-2023	80d	alexa	missionbeach	1
03-May-2023	80d	alexa	Disastrous_Tone_1148	1
03-May-2023	80d	alexa	DroopyTrash	1
03-May-2023	80d	alexa	kid_ska	1
03-May-2023	80d	alexa	SirWobblyOfSausage	1
03-May-2023	80d	alexa	_dysania	1
03-May-2023	80d	alexa	ggs657	1
03-May-2023	80d	alexa	Assist-Visual	1
03-May-2023	80d	alexa	Keefryan	1
03-May-2023	80d	alexa	Pintoxic	1
03-May-2023	80d	alexa	ReconstructedPigeon	1
03-May-2023	80d	alexa	cfangvisuals	1
03-May-2023	80d	alexa	Noellehyg	1
03-May-2023	80d	alexa	dm-me-boobs-pls	1
03-May-2023	80d	alexa	Sh33v3s	1
03-May-2023	80d	alexa	goinallout80	1
03-May-2023	80d	alexa	BenchComplete8016	1
03-May-2023	80d	alexa	jgech	1
03-May-2023	80d	alexa	HaloTravis6	1
03-May-2023	80d	alexa	sox_n_sandals	1
03-May-2023	80d	alexa	According_City4214	1
03-May-2023	80d	alexa	Ridolph	1
03-May-2023	80d	alexa	PhysicalPhilosophy73	1
03-May-2023	80d	alexa	Due-Substance7842	1
03-May-2023	80d	alexa	XPazmanX	1
03-May-2023	80d	alexa	KaKi_87	1
03-May-2023	80d	alexa	MooseFox1	1
03-May-2023	80d	alexa	The_KC_Reefer	1
03-May-2023	80d	alexa	winetime4fox	1
03-May-2023	80d	alexa	EduReb	1
03-May-2023	80d	alexa	commorancy0	1
03-May-2023	80d	alexa	AnotherRedditExpert	1
03-May-2023	80d	alexa	jrlambert70	1
03-May-2023	80d	alexa	ryleto	1
03-May-2023	80d	alexa	TheJagOffAssassin	1
03-May-2023	80d	alexa	dubocracy	1
03-May-2023	80d	alexa	Richysgames	1
03-May-2023	80d	alexa	DrunkenBrewer	1
03-May-2023	80d	alexa	Cultural-Corner5096	1
03-May-2023	80d	alexa	Dansk72	1
03-May-2023	80d	alexa	Silencer271	1
03-May-2023	80d	alexa	ElanSpicer	1
03-May-2023	80d	alexa	48crash	1
03-May-2023	80d	alexa	Fur-Dev	1
03-May-2023	80d	alexa	crunchygal	1
03-May-2023	80d	alexa	Living_like_Larry12	1
03-May-2023	80d	alexa	genxnikki	1
03-May-2023	80d	alexa	emalways	1
03-May-2023	80d	alexa	Virrad	1
03-May-2023	80d	alexa	Jarbottle	1
03-May-2023	80d	alexa	bullgod1964	1
03-May-2023	80d	alexa	Superbuddhapunk	1
03-May-2023	80d	alexa	Evan22x	1
03-May-2023	80d	alexa	Terrible_Cut_3336	1
03-May-2023	80d	alexa	T-Money8227	1
03-May-2023	80d	alexa	SpikySimonW	1
03-May-2023	80d	alexa	beadsgrrl	1
03-May-2023	80d	alexa	CherishSlan	1
03-May-2023	80d	alexa	Formal-Ad8037	1
03-May-2023	80d	alexa	Winter-Suit-8704	1
03-May-2023	80d	alexa	GreatTao	1
03-May-2023	80d	alexa	thebestthinmints	1
03-May-2023	80d	alexa	LiquidZeroEA	1
03-May-2023	80d	alexa	UncommonGuava	1
03-May-2023	80d	alexa	DMala	1
03-May-2023	80d	alexa	redrebelquests	1
03-May-2023	80d	alexa	r1ch999999	1
03-May-2023	80d	alexa	ChugSampson	1
03-May-2023	80d	alexa	sriraamprst	1
03-May-2023	80d	alexa	SupremeSTI	1
03-May-2023	80d	alexa	justanator101	1
03-May-2023	80d	alexa	LoveleeChill	1
03-May-2023	80d	alexa	Dark_Star_Lilli	1
03-May-2023	80d	alexa	mimegallow	1
03-May-2023	80d	alexa	UnnaturalCarrier	1
03-May-2023	80d	alexa	Demetri124	1
03-May-2023	80d	alexa	HiramAbiffIsMyHomie	1
03-May-2023	80d	alexa	chavezone	1
03-May-2023	80d	alexa	Itiswrittenkjv1611	1
03-May-2023	80d	alexa	James-Worthington	1
03-May-2023	80d	alexa	ddtt	1
03-May-2023	80d	alexa	CrimsonCapacitor	1
03-May-2023	80d	alexa	Ilikepapercups	1
03-May-2023	80d	alexa	laurorual	1
03-May-2023	80d	alexa	kristianroberts	1
03-May-2023	80d	alexa	jphilebiz	1
03-May-2023	80d	alexa	slowpoke30	1
03-May-2023	80d	alexa	Rhubarb-Curious	1
03-May-2023	80d	alexa	Happycthulhu	1
03-May-2023	80d	alexa	fox-lover	1
03-May-2023	80d	alexa	dasbeerboot2	1
03-May-2023	80d	alexa	terrencetb	1
03-May-2023	80d	alexa	avicadi	1
03-May-2023	80d	alexa	josh-i	1
03-May-2023	80d	alexa	notyogrannysgrandkid	1
03-May-2023	80d	alexa	draxula16	1
03-May-2023	80d	alexa	spleencheesemonkey	1
03-May-2023	80d	alexa	ursisfatima	1
03-May-2023	80d	alexa	dangoodspeed	1
03-May-2023	80d	alexa	rskeetc	1
03-May-2023	80d	alexa	emeraldgirl08	1
03-May-2023	80d	alexa	ctg8tor	1
03-May-2023	80d	alexa	o_townsend25	1
03-May-2023	80d	alexa	frank3550	1
03-May-2023	80d	alexa	Mysterious-North-711	1
03-May-2023	80d	alexa	Ok_Sort_4764	1
03-May-2023	80d	alexa	iSoldMySon4Drugs	1
03-May-2023	80d	alexa	Jayeuk	1
03-May-2023	80d	alexa	TooMuchFaeel	1
03-May-2023	80d	alexa	matthi-bambam	1
03-May-2023	80d	alexa	jparro00	1
03-May-2023	80d	alexa	mycophagia	1
03-May-2023	80d	alexa	surfergurl42	1
03-May-2023	80d	alexa	injustice_done3	1
03-May-2023	80d	alexa	tellitelli555	1
03-May-2023	80d	alexa	thedangerman007	1
03-May-2023	80d	alexa	PsychologicalLevel11	1
03-May-2023	80d	alexa	jdlyga	1
03-May-2023	80d	alexa	Joel4JC	1
03-May-2023	80d	alexa	Totallynotacar	1
03-May-2023	80d	alexa	drowny	1
03-May-2023	80d	alexa	emilesmithbro	1
03-May-2023	80d	alexa	AbdulPullMaTool	1
03-May-2023	80d	alexa	bigj2552	1
03-May-2023	80d	alexa	thisisnotspiff	1
03-May-2023	80d	alexa	Ethan2428	1
03-May-2023	80d	alexa	MarlowInvests	1
03-May-2023	80d	alexa	Ari_cloud	1
03-May-2023	80d	alexa	elwingworks	1
03-May-2023	80d	alexa	jeeftor	1
03-May-2023	80d	alexa	IIEarlGreyII	1
03-May-2023	80d	alexa	EmilioPujol	1
03-May-2023	80d	alexa	antm1222	1
03-May-2023	80d	alexa	bananatoast2	1
03-May-2023	80d	alexa	dogsanalgland	1
03-May-2023	80d	alexa	vl1020	1
03-May-2023	80d	alexa	Intelligent-Bath-137	1
03-May-2023	80d	alexa	Admirable-Tip-9426	1
03-May-2023	80d	alexa	Iskro45	1
03-May-2023	80d	alexa	kev160967	1
03-May-2023	80d	alexa	stollperu	1
03-May-2023	80d	alexa	glitteringpenny	1
03-May-2023	80d	alexa	Ryasuke_	1
03-May-2023	80d	alexa	Bubbly-Dress2373	1
03-May-2023	80d	alexa	vitucadrus	1
03-May-2023	80d	alexa	IronRectangle	1
03-May-2023	80d	alexa	N-V-N-D-O	1
03-May-2023	80d	alexa	Quintessa-K	1
03-May-2023	80d	alexa	a-fucking-donkey	1
03-May-2023	80d	alexa	FrancisOni	1
03-May-2023	80d	alexa	cardinal209629	1
03-May-2023	80d	alexa	guyincognito2999	1
03-May-2023	80d	alexa	Responsible_Emu_7120	1
03-May-2023	80d	alexa	djdunns	1
03-May-2023	80d	alexa	shoalsmike	1
03-May-2023	80d	alexa	myreal_name	1
03-May-2023	80d	alexa	Alsterdetektive123	1
03-May-2023	80d	alexa	LonestarCanuck	1
03-May-2023	80d	alexa	ianishomer	1
03-May-2023	80d	alexa	tmiller9833	1
03-May-2023	80d	alexa	NurseWithAmouth	1
03-May-2023	80d	alexa	quantumized	1
03-May-2023	80d	alexa	vogel777	1
03-May-2023	80d	alexa	SnooCakes7049	1
03-May-2023	80d	alexa	Guarkin	1
03-May-2023	80d	alexa	Icy-Property-7001	1
03-May-2023	80d	alexa	scrapmetal58	1
03-May-2023	80d	alexa	JollyGreenGelatin	1
03-May-2023	80d	alexa	reddebian	1
03-May-2023	80d	alexa	Starklet	1
03-May-2023	80d	alexa	habsfan777	1
03-May-2023	80d	alexa	Reformed_Man_1899	1
03-May-2023	80d	alexa	irtazaali193	1
03-May-2023	80d	alexa	savantsigns	1
03-May-2023	80d	alexa	peefyloo	1
03-May-2023	80d	alexa	ScopePlays	1
03-May-2023	80d	alexa	ProfessionalOk1448	1
