query_date	before_date	subreddit	comment_author	comment_frequency
03-May-2023	10d	alexa	[deleted]	83
03-May-2023	10d	alexa	brantome24	29
03-May-2023	10d	alexa	Dansk72	27
03-May-2023	10d	alexa	Muted_Sorts	19
03-May-2023	10d	alexa	Important-Comfort	17
03-May-2023	10d	alexa	antisane	15
03-May-2023	10d	alexa	TheRealFarmerBob	12
03-May-2023	10d	alexa	BSBitch47	12
03-May-2023	10d	alexa	katemonster_22	12
03-May-2023	10d	alexa	dalmarnock	11
03-May-2023	10d	alexa	tuhinkarmakar	8
03-May-2023	10d	alexa	thedreaming2017	8
03-May-2023	10d	alexa	WinnieGirl22	8
03-May-2023	10d	alexa	No_Carry_3991	8
03-May-2023	10d	alexa	I-AM-Savannah	8
03-May-2023	10d	alexa	GruntledEx	8
03-May-2023	10d	alexa	Edragon85	7
03-May-2023	10d	alexa	dragonagitator	7
03-May-2023	10d	alexa	BestCatEva	7
03-May-2023	10d	alexa	InterstellarDeathPur	7
03-May-2023	10d	alexa	rlast1956	7
03-May-2023	10d	alexa	Famous-Perspective-3	6
03-May-2023	10d	alexa	imdatkibble223	6
03-May-2023	10d	alexa	winelight	6
03-May-2023	10d	alexa	gangsteroflove1	5
03-May-2023	10d	alexa	Laura9624	5
03-May-2023	10d	alexa	benm1976	5
03-May-2023	10d	alexa	i__like__bike	5
03-May-2023	10d	alexa	dontlaukatme	5
03-May-2023	10d	alexa	Bagel42	5
03-May-2023	10d	alexa	leftcoast-usa	5
03-May-2023	10d	alexa	Wayne8766	5
03-May-2023	10d	alexa	oahusurfer2018	5
03-May-2023	10d	alexa	MayhemReignsTV	5
03-May-2023	10d	alexa	Cordcutter77	5
03-May-2023	10d	alexa	WhatWouldTNGPicardDo	5
03-May-2023	10d	alexa	staticfive	5
03-May-2023	10d	alexa	snarkywolverine	5
03-May-2023	10d	alexa	BrentInBelize	4
03-May-2023	10d	alexa	Krandor1	4
03-May-2023	10d	alexa	BlueMANAHat	4
03-May-2023	10d	alexa	AcrobaticStruggle264	4
03-May-2023	10d	alexa	Ecstatic_Builder8325	4
03-May-2023	10d	alexa	CYPH3R_22	4
03-May-2023	10d	alexa	tarzan_nojane	4
03-May-2023	10d	alexa	AndyPryceManUtd	4
03-May-2023	10d	alexa	AdaptableVision	4
03-May-2023	10d	alexa	rexalbel	4
03-May-2023	10d	alexa	StarComet04	4
03-May-2023	10d	alexa	rcroche01	4
03-May-2023	10d	alexa	diverareyouok	4
03-May-2023	10d	alexa	outdoorintrovert1	4
03-May-2023	10d	alexa	Exact_Roll_4048	4
03-May-2023	10d	alexa	LoveAndData	4
03-May-2023	10d	alexa	Roleplaynotrealplay	4
03-May-2023	10d	alexa	stormpetrichor	4
03-May-2023	10d	alexa	mrkruk	4
03-May-2023	10d	alexa	AmazingChicken	3
03-May-2023	10d	alexa	Scooter310	3
03-May-2023	10d	alexa	TrustLeft	3
03-May-2023	10d	alexa	RetroGamingGuy	3
03-May-2023	10d	alexa	TheJessicator	3
03-May-2023	10d	alexa	normal2norman	3
03-May-2023	10d	alexa	LilKSong7	3
03-May-2023	10d	alexa	banisheduser	3
03-May-2023	10d	alexa	RealLilRuby	3
03-May-2023	10d	alexa	Soggy_Midnight980	3
03-May-2023	10d	alexa	Bacon_1981	3
03-May-2023	10d	alexa	sorrynothuman	3
03-May-2023	10d	alexa	Born100YearsTooSoon	3
03-May-2023	10d	alexa	gardenbrain	3
03-May-2023	10d	alexa	Jack_Benney	3
03-May-2023	10d	alexa	Turbulent_Tale6497	3
03-May-2023	10d	alexa	ritchie70	3
03-May-2023	10d	alexa	WallaWallaWally	3
03-May-2023	10d	alexa	oportoman	3
03-May-2023	10d	alexa	netmommy	3
03-May-2023	10d	alexa	CrabbitJambo	3
03-May-2023	10d	alexa	MILK_DUD_NIPPLES	3
03-May-2023	10d	alexa	riverside507	3
03-May-2023	10d	alexa	Samisoy001	3
03-May-2023	10d	alexa	Natey_Two	3
03-May-2023	10d	alexa	monolithtma	3
03-May-2023	10d	alexa	Realistic-Divide-587	3
03-May-2023	10d	alexa	Time2GoGo	3
03-May-2023	10d	alexa	bucwaboos	3
03-May-2023	10d	alexa	dor_hi	3
03-May-2023	10d	alexa	Dingdongmycatisgone	3
03-May-2023	10d	alexa	FatNorm	3
03-May-2023	10d	alexa	nit4sz	3
03-May-2023	10d	alexa	ockhams-razor	3
03-May-2023	10d	alexa	squeamish	3
03-May-2023	10d	alexa	Tmnvanderberg	2
03-May-2023	10d	alexa	ChunkCreme	2
03-May-2023	10d	alexa	Monkfich	2
03-May-2023	10d	alexa	Riquende	2
03-May-2023	10d	alexa	0YaKnow	2
03-May-2023	10d	alexa	spleencheesemonkey	2
03-May-2023	10d	alexa	kathlin409	2
03-May-2023	10d	alexa	Scientist_Lopsided	2
03-May-2023	10d	alexa	WomanOfEld	2
03-May-2023	10d	alexa	ArlenPropaneSalesman	2
03-May-2023	10d	alexa	flargenhargen	2
03-May-2023	10d	alexa	spisHjerner	2
03-May-2023	10d	alexa	Velvis	2
03-May-2023	10d	alexa	el_smurfo	2
03-May-2023	10d	alexa	ssoocc	2
03-May-2023	10d	alexa	sometin__else	2
03-May-2023	10d	alexa	SupernovaGamezYT	2
03-May-2023	10d	alexa	enzyme8000	2
03-May-2023	10d	alexa	beeedeee	2
03-May-2023	10d	alexa	tibo123	2
03-May-2023	10d	alexa	AskWhatWhen	2
03-May-2023	10d	alexa	meowkittykitty510	2
03-May-2023	10d	alexa	Comfortable-Fox9153	2
03-May-2023	10d	alexa	cokakatta	2
03-May-2023	10d	alexa	smartyhome	2
03-May-2023	10d	alexa	Cousin-Jack	2
03-May-2023	10d	alexa	getupgetgoing	2
03-May-2023	10d	alexa	Responsible-Exit-901	2
03-May-2023	10d	alexa	mo__1987	2
03-May-2023	10d	alexa	Jimbo415650	2
03-May-2023	10d	alexa	Big_Attempt6783	2
03-May-2023	10d	alexa	Ecstatic_Simple3205	2
03-May-2023	10d	alexa	Official_Government	2
03-May-2023	10d	alexa	RedMapleBat	2
03-May-2023	10d	alexa	kp2119	2
03-May-2023	10d	alexa	Glass-Material5689	2
03-May-2023	10d	alexa	Smirkydarkdude	2
03-May-2023	10d	alexa	nyeargin	2
03-May-2023	10d	alexa	TheTacticalFerret	2
03-May-2023	10d	alexa	CMKiefer	2
03-May-2023	10d	alexa	Miata_GT	2
03-May-2023	10d	alexa	fadetoblack1004	2
03-May-2023	10d	alexa	soopafly	2
03-May-2023	10d	alexa	CaptainGreezy	2
03-May-2023	10d	alexa	aRandom_redditor	2
03-May-2023	10d	alexa	Myztic84	2
03-May-2023	10d	alexa	tjeast	2
03-May-2023	10d	alexa	BlossomPNW	2
03-May-2023	10d	alexa	Whyeff89	2
03-May-2023	10d	alexa	atomicxblue	2
03-May-2023	10d	alexa	washburn100	2
03-May-2023	10d	alexa	throwaway06262010	2
03-May-2023	10d	alexa	mchamp90	2
03-May-2023	10d	alexa	xamomax	2
03-May-2023	10d	alexa	NoodleCheeseThief	2
03-May-2023	10d	alexa	Nick_W1	2
03-May-2023	10d	alexa	DismasX	2
03-May-2023	10d	alexa	NikkiRoxi	2
03-May-2023	10d	alexa	ThunkBlug	2
03-May-2023	10d	alexa	jaymartinez	2
03-May-2023	10d	alexa	thisdckaintFREEEE	2
03-May-2023	10d	alexa	BigVeganski420	2
03-May-2023	10d	alexa	CherryKeshav	1
03-May-2023	10d	alexa	radauim	1
03-May-2023	10d	alexa	Kyric1899	1
03-May-2023	10d	alexa	eatglasslickrust	1
03-May-2023	10d	alexa	alxnick37	1
03-May-2023	10d	alexa	deadcatdidntbounce	1
03-May-2023	10d	alexa	just_dave1234	1
03-May-2023	10d	alexa	jboholue	1
03-May-2023	10d	alexa	Wakizashiuk	1
03-May-2023	10d	alexa	Anya69xo	1
03-May-2023	10d	alexa	Neighbortim	1
03-May-2023	10d	alexa	patbrochill89	1
03-May-2023	10d	alexa	CFNikki	1
03-May-2023	10d	alexa	Madited17	1
03-May-2023	10d	alexa	Junish40	1
03-May-2023	10d	alexa	DigThatData	1
03-May-2023	10d	alexa	LaithOkab	1
03-May-2023	10d	alexa	JeffR47	1
03-May-2023	10d	alexa	DoctorPumpkinKing	1
03-May-2023	10d	alexa	YMarkY2	1
03-May-2023	10d	alexa	CramNevets	1
03-May-2023	10d	alexa	tomwhitaker	1
03-May-2023	10d	alexa	hamo78	1
03-May-2023	10d	alexa	Healthy_Force1349	1
03-May-2023	10d	alexa	rahulnautiyal3	1
03-May-2023	10d	alexa	GlamourD	1
03-May-2023	10d	alexa	dialler-4872	1
03-May-2023	10d	alexa	GrantannosaurusRex	1
03-May-2023	10d	alexa	jagger1973	1
03-May-2023	10d	alexa	ChiefBroady	1
03-May-2023	10d	alexa	YaTheMadness	1
03-May-2023	10d	alexa	Helivated69	1
03-May-2023	10d	alexa	Mrbeankc	1
03-May-2023	10d	alexa	mhoner	1
03-May-2023	10d	alexa	Anonymous_Otters	1
03-May-2023	10d	alexa	anoninternetguy	1
03-May-2023	10d	alexa	K4ot1K	1
03-May-2023	10d	alexa	skittylove101	1
03-May-2023	10d	alexa	lyndonwong	1
03-May-2023	10d	alexa	unreqistered	1
03-May-2023	10d	alexa	sebju02	1
03-May-2023	10d	alexa	squipysquip	1
03-May-2023	10d	alexa	PMonkey03	1
03-May-2023	10d	alexa	LoganJFisher	1
03-May-2023	10d	alexa	1Sambo	1
03-May-2023	10d	alexa	ghstfox33	1
03-May-2023	10d	alexa	OutsideAir2652	1
03-May-2023	10d	alexa	cwoodaus17	1
03-May-2023	10d	alexa	labelsonshampoo	1
03-May-2023	10d	alexa	ChittyShops	1
03-May-2023	10d	alexa	Cream06	1
03-May-2023	10d	alexa	simsyboy	1
03-May-2023	10d	alexa	AuntRobin	1
03-May-2023	10d	alexa	djellicon	1
03-May-2023	10d	alexa	pperca	1
03-May-2023	10d	alexa	rhgla	1
03-May-2023	10d	alexa	Hitsmanj	1
03-May-2023	10d	alexa	ShoCkEpic	1
03-May-2023	10d	alexa	urmotherisgay2555	1
03-May-2023	10d	alexa	Rice_Eater483	1
03-May-2023	10d	alexa	TheFaceStuffer	1
03-May-2023	10d	alexa	J-COE	1
03-May-2023	10d	alexa	vivi_t3ch	1
03-May-2023	10d	alexa	Abalisk	1
03-May-2023	10d	alexa	DataBoss_me	1
03-May-2023	10d	alexa	Flat-Figure-8289	1
03-May-2023	10d	alexa	Tired8281	1
03-May-2023	10d	alexa	idun0	1
03-May-2023	10d	alexa	Iangh007	1
03-May-2023	10d	alexa	ks724	1
03-May-2023	10d	alexa	Iseeupoopin	1
03-May-2023	10d	alexa	shibiku_	1
03-May-2023	10d	alexa	1wildcatfan	1
03-May-2023	10d	alexa	BigBoiKry	1
03-May-2023	10d	alexa	Crowsby	1
03-May-2023	10d	alexa	floatable_shark	1
03-May-2023	10d	alexa	Intergalactic_Ass	1
03-May-2023	10d	alexa	ReunionFeelsSoGood	1
03-May-2023	10d	alexa	Bother-Present	1
03-May-2023	10d	alexa	wildcat12321	1
03-May-2023	10d	alexa	Serjical__Strike	1
03-May-2023	10d	alexa	No1KnowsIamCat	1
03-May-2023	10d	alexa	versaveaux	1
03-May-2023	10d	alexa	cdtoad	1
03-May-2023	10d	alexa	vidalong04	1
03-May-2023	10d	alexa	SuperfujiMaster	1
03-May-2023	10d	alexa	mfwood8	1
03-May-2023	10d	alexa	Loose_Artichoke_6774	1
03-May-2023	10d	alexa	wildwood9843	1
03-May-2023	10d	alexa	kibblet	1
03-May-2023	10d	alexa	path825	1
03-May-2023	10d	alexa	spyderspyders	1
03-May-2023	10d	alexa	McFeely_Smackup	1
03-May-2023	10d	alexa	92MsNeverGoHungry	1
03-May-2023	10d	alexa	boilerroom111	1
03-May-2023	10d	alexa	olapbill	1
03-May-2023	10d	alexa	bitb0y	1
03-May-2023	10d	alexa	EverReddyKilowatt	1
03-May-2023	10d	alexa	Glad-Conversation921	1
03-May-2023	10d	alexa	calis	1
03-May-2023	10d	alexa	oculus_miffed	1
03-May-2023	10d	alexa	honestduane	1
03-May-2023	10d	alexa	SgtSplacker	1
03-May-2023	10d	alexa	Freeagnt	1
03-May-2023	10d	alexa	jigby6	1
03-May-2023	10d	alexa	Sebastian_308	1
03-May-2023	10d	alexa	Bolingo20	1
03-May-2023	10d	alexa	Swordnimi79	1
03-May-2023	10d	alexa	pimparoo25	1
03-May-2023	10d	alexa	do_add_unicorn	1
03-May-2023	10d	alexa	Schaanh	1
03-May-2023	10d	alexa	SirBottomtooth	1
03-May-2023	10d	alexa	SuperMario630	1
03-May-2023	10d	alexa	goateeislong	1
03-May-2023	10d	alexa	diacrum	1
03-May-2023	10d	alexa	Black_Rose67	1
03-May-2023	10d	alexa	IsshinDZahul	1
03-May-2023	10d	alexa	kid_wonderbread	1
03-May-2023	10d	alexa	LochNessMansterLives	1
03-May-2023	10d	alexa	KoditasOwO	1
03-May-2023	10d	alexa	KingZakyu	1
03-May-2023	10d	alexa	colonelcat	1
03-May-2023	10d	alexa	daelite	1
03-May-2023	10d	alexa	Never4end	1
03-May-2023	10d	alexa	gdoor	1
03-May-2023	10d	alexa	lllF3ARlll	1
03-May-2023	10d	alexa	Huge-Habit-6201	1
03-May-2023	10d	alexa	Philmehew	1
03-May-2023	10d	alexa	Saltysalad	1
03-May-2023	10d	alexa	Haitsmelol	1
03-May-2023	10d	alexa	userid666	1
03-May-2023	10d	alexa	EveningMinute	1
03-May-2023	10d	alexa	RaptorO-1	1
03-May-2023	10d	alexa	TheDudeTodd	1
03-May-2023	10d	alexa	OldShipwrecked	1
03-May-2023	10d	alexa	PanDiStelleIsAmazing	1
03-May-2023	10d	alexa	harlows_monkeys	1
03-May-2023	10d	alexa	Tokata0	1
03-May-2023	10d	alexa	devianpctek	1
03-May-2023	10d	alexa	lilmike8080	1
03-May-2023	10d	alexa	r3mdh	1
03-May-2023	10d	alexa	_thegrringirl	1
03-May-2023	10d	alexa	rjdebenedictis	1
03-May-2023	10d	alexa	crocing	1
03-May-2023	10d	alexa	boy_luxxxa	1
03-May-2023	10d	alexa	eyeronik1	1
03-May-2023	10d	alexa	0SwifTBuddY0	1
03-May-2023	10d	alexa	noejose99	1
03-May-2023	10d	alexa	Smart-Time6212	1
03-May-2023	10d	alexa	Old_AP_Pro	1
03-May-2023	10d	alexa	theweeklyexpert	1
03-May-2023	10d	alexa	Calm_Character_422	1
03-May-2023	10d	alexa	im_not_here_man	1
03-May-2023	10d	alexa	DOF1186	1
03-May-2023	10d	alexa	tat21985	1
03-May-2023	10d	alexa	ceciledian	1
03-May-2023	10d	alexa	X0AN	1
03-May-2023	10d	alexa	skelley5000	1
03-May-2023	10d	alexa	JasperGibson80	1
03-May-2023	10d	alexa	MysticStorm1	1
03-May-2023	10d	alexa	cejaay	1
03-May-2023	10d	alexa	jswinner59	1
03-May-2023	10d	alexa	Whatchuuumeaaaan	1
03-May-2023	10d	alexa	dogunter	1
03-May-2023	10d	alexa	pee_face_applehead	1
03-May-2023	10d	alexa	OsborneCoxMemoir3	1
03-May-2023	10d	alexa	Mistervimes65	1
03-May-2023	10d	alexa	freelancerjourn	1
03-May-2023	10d	alexa	lindalee5479	1
03-May-2023	10d	alexa	Talnesa	1
03-May-2023	10d	alexa	T_TChaos	1
03-May-2023	10d	alexa	Valus_	1
03-May-2023	10d	alexa	Reditt16	1
03-May-2023	10d	alexa	AlotLovesYou	1
03-May-2023	10d	alexa	vaderfan1	1
03-May-2023	10d	alexa	harmonyscher	1
03-May-2023	10d	alexa	InfiniteCheck	1
03-May-2023	10d	alexa	DualDier	1
03-May-2023	10d	alexa	annetoal	1
03-May-2023	10d	alexa	wkomorow	1
03-May-2023	10d	alexa	sorkinfan79	1
03-May-2023	10d	alexa	laharmon	1
03-May-2023	10d	alexa	rconn2	1
03-May-2023	10d	alexa	Tufflaw	1
03-May-2023	10d	alexa	MediocreCommenter	1
03-May-2023	10d	alexa	ThisBytes5	1
03-May-2023	10d	alexa	punknamedesire	1
03-May-2023	10d	alexa	Jayrrock	1
03-May-2023	10d	alexa	Watashifr	1
03-May-2023	10d	alexa	mikeinmass	1
03-May-2023	10d	alexa	whelanjh	1
03-May-2023	10d	alexa	RonH2K	1
03-May-2023	10d	alexa	Minkiemink	1
03-May-2023	10d	alexa	Albert_Borland	1
03-May-2023	10d	alexa	TheRatPatrol1	1
03-May-2023	10d	alexa	rack88	1
03-May-2023	10d	alexa	MiserableComment425	1
03-May-2023	10d	alexa	Kayshanski	1
03-May-2023	10d	alexa	Starslasher_422	1
03-May-2023	10d	alexa	farside_cow	1
03-May-2023	10d	alexa	morac	1
03-May-2023	10d	alexa	Man_Bear_Beaver	1
03-May-2023	10d	alexa	ThatsNotMyDogma	1
03-May-2023	10d	alexa	icecold24k	1
03-May-2023	10d	alexa	swerveliscious	1
03-May-2023	10d	alexa	Rhutrow	1
03-May-2023	10d	alexa	Magnospider	1
03-May-2023	10d	alexa	otter111a	1
03-May-2023	10d	alexa	EctoRiddler	1
03-May-2023	10d	alexa	MrDanKHimself	1
03-May-2023	10d	alexa	euphewl	1
03-May-2023	10d	alexa	azz3879	1
03-May-2023	10d	alexa	awajitoka	1
03-May-2023	10d	alexa	r0n1n2021	1
03-May-2023	10d	alexa	bkdotcom	1
03-May-2023	10d	alexa	SignificantDealer667	1
03-May-2023	10d	alexa	Scarify	1
03-May-2023	10d	alexa	ReddiMayne	1
03-May-2023	10d	alexa	zipcad	1
03-May-2023	10d	alexa	LoFiCami	1
03-May-2023	10d	alexa	exclaim_bot	1
03-May-2023	10d	alexa	natdog1993	1
03-May-2023	10d	alexa	RepresentativeEmu335	1
03-May-2023	10d	alexa	Dr_Dust	1
03-May-2023	10d	alexa	Lumpymaximus	1
03-May-2023	10d	alexa	Locke-	1
03-May-2023	10d	alexa	Chaos_Blades	1
03-May-2023	10d	alexa	loserboi22	1
03-May-2023	10d	alexa	drake129103	1
03-May-2023	10d	alexa	LeonardoMyst	1
03-May-2023	10d	alexa	bigdizizzle	1
03-May-2023	10d	alexa	FurtherMentality	1
03-May-2023	10d	alexa	jdobem	1
03-May-2023	10d	alexa	youagreewithit	1
03-May-2023	10d	alexa	ianganderton	1
03-May-2023	10d	alexa	mia_smith257	1
03-May-2023	10d	alexa	ianishomer	1
03-May-2023	10d	alexa	iamgodatpf	1
03-May-2023	10d	alexa	Anonymous_Bozo	1
03-May-2023	10d	alexa	lycon3	1
03-May-2023	10d	alexa	blogsymcblogsalot	1
03-May-2023	10d	alexa	WanjiSan	1
03-May-2023	10d	alexa	Dalrint	1
03-May-2023	10d	alexa	rtrski	1
03-May-2023	10d	alexa	TemplarIRL	1
03-May-2023	10d	alexa	Nasty9999	1
03-May-2023	10d	alexa	douger1957	1
03-May-2023	10d	alexa	Exemplar1968	1
03-May-2023	10d	alexa	porterhouse0	1
03-May-2023	10d	alexa	breakneckridge	1
03-May-2023	10d	alexa	Best-Perception-694	1
03-May-2023	10d	alexa	Upyakakychute	1
03-May-2023	10d	alexa	aequitasXI	1
03-May-2023	10d	alexa	RockPaperShredder	1
03-May-2023	10d	alexa	Abdul-Ahmadinejad	1
03-May-2023	10d	alexa	Steven8786	1
03-May-2023	10d	alexa	hab136	1
03-May-2023	10d	alexa	prolikewhoa	1
03-May-2023	10d	alexa	phamton1150	1
03-May-2023	10d	alexa	neon_Hermit	1
03-May-2023	10d	alexa	Intrepid00	1
03-May-2023	10d	alexa	ugh_you_swine	1
03-May-2023	10d	alexa	Chochofosho	1
03-May-2023	10d	alexa	NewPart3244	1
03-May-2023	10d	alexa	Flamboyant1220	1
03-May-2023	10d	alexa	The_Frame	1
03-May-2023	10d	alexa	baobab68	1
03-May-2023	10d	alexa	SenDit26	1
03-May-2023	10d	alexa	YellowRadi0	1
03-May-2023	10d	alexa	VisualReversal	1
03-May-2023	10d	alexa	Rostgnom	1
03-May-2023	10d	alexa	l3enjamin5in	1
03-May-2023	10d	alexa	rupertthecactus	1
03-May-2023	10d	alexa	ViscountBurrito	1
03-May-2023	10d	alexa	jeweliegb	1
03-May-2023	10d	alexa	honeyandivy	1
03-May-2023	10d	alexa	johngault	1
03-May-2023	10d	alexa	LevianMcBirdo	1
03-May-2023	10d	alexa	SantaCruzDad	1
03-May-2023	10d	alexa	RocksNotDead	1
03-May-2023	10d	alexa	brdgz	1
03-May-2023	10d	alexa	TangleOfWires	1
03-May-2023	10d	alexa	isaiahfranco	1
03-May-2023	10d	alexa	48fifteen162342	1
03-May-2023	10d	alexa	sum_yungai	1
03-May-2023	10d	alexa	BahaMan69	1
03-May-2023	10d	alexa	tombammann	1
