query_date	before_date	subreddit	submission_author	submission_frequency
03-May-2023	100d	amazon	AmazonNewsBot	87
03-May-2023	100d	amazon	[deleted]	76
03-May-2023	100d	amazon	ChartLive6836	30
03-May-2023	100d	amazon	1HourBar	24
03-May-2023	100d	amazon	Competitive_Match_47	15
03-May-2023	100d	amazon	OkDiamond79	13
03-May-2023	100d	amazon	InevitablePicture658	9
03-May-2023	100d	amazon	TTGenera	9
03-May-2023	100d	amazon	198TG	7
03-May-2023	100d	amazon	8410main	5
03-May-2023	100d	amazon	iphone14pro09	4
03-May-2023	100d	amazon	TGeneraa0	4
03-May-2023	100d	amazon	01TG0	4
03-May-2023	100d	amazon	AM21C	3
03-May-2023	100d	amazon	Flat-Slice4959	3
03-May-2023	100d	amazon	BikeAny12	3
03-May-2023	100d	amazon	RightCat5128	3
03-May-2023	100d	amazon	Party-Ad-8606	3
03-May-2023	100d	amazon	Odd-Play4172	3
03-May-2023	100d	amazon	AAcrobatic	3
03-May-2023	100d	amazon	CanineAssBandit	3
03-May-2023	100d	amazon	KnightFtw	3
03-May-2023	100d	amazon	98terra	3
03-May-2023	100d	amazon	MrDabbermen	3
03-May-2023	100d	amazon	Mission_Leave8654	3
03-May-2023	100d	amazon	trumpfamily2020	2
03-May-2023	100d	amazon	NabeelShoukat	2
03-May-2023	100d	amazon	hurtyewh	2
03-May-2023	100d	amazon	Mizzou0579	2
03-May-2023	100d	amazon	AwfulPhotographer	2
03-May-2023	100d	amazon	DonnaFunke	2
03-May-2023	100d	amazon	GoldenAmazonSearch	2
03-May-2023	100d	amazon	PartyNo4851	2
03-May-2023	100d	amazon	charlescharlie1310	2
03-May-2023	100d	amazon	BumTumTingle	2
03-May-2023	100d	amazon	antdude	2
03-May-2023	100d	amazon	Scared-Security-3868	2
03-May-2023	100d	amazon	ThisQuietLifeOfMine	2
03-May-2023	100d	amazon	daws159	2
03-May-2023	100d	amazon	Informal_Ad_8755	2
03-May-2023	100d	amazon	Puzzleheaded_Arm761	2
03-May-2023	100d	amazon	R3volt75	2
03-May-2023	100d	amazon	KateKrause	2
03-May-2023	100d	amazon	stacibu	2
03-May-2023	100d	amazon	theCakestomach	2
03-May-2023	100d	amazon	Reasonable-Farm-8124	2
03-May-2023	100d	amazon	Electronic-Meal2185	2
03-May-2023	100d	amazon	ComfortableAd4436	2
03-May-2023	100d	amazon	mk_dnk	2
03-May-2023	100d	amazon	Fresh_Can296	2
03-May-2023	100d	amazon	ComfortableContext78	2
03-May-2023	100d	amazon	ellen_tube	2
03-May-2023	100d	amazon	dansmit2003	2
03-May-2023	100d	amazon	Monibul	2
03-May-2023	100d	amazon	MiWheele	2
03-May-2023	100d	amazon	EmmaSwimming68	2
03-May-2023	100d	amazon	Rowroot	1
03-May-2023	100d	amazon	Kingdom_OChem	1
03-May-2023	100d	amazon	Master_Gold_6894	1
03-May-2023	100d	amazon	ivonhxhh5-	1
03-May-2023	100d	amazon	TheDadRockPodcast	1
03-May-2023	100d	amazon	BlackScaped	1
03-May-2023	100d	amazon	moisesg88	1
03-May-2023	100d	amazon	PlusShoe5	1
03-May-2023	100d	amazon	Helgafjell4Me	1
03-May-2023	100d	amazon	visiosaur	1
03-May-2023	100d	amazon	user21403	1
03-May-2023	100d	amazon	Fun-Entertainer-1837	1
03-May-2023	100d	amazon	gojiraaltforreasons	1
03-May-2023	100d	amazon	Osama10708	1
03-May-2023	100d	amazon	kevsmakin	1
03-May-2023	100d	amazon	chilipeppercook	1
03-May-2023	100d	amazon	Hnanavan	1
03-May-2023	100d	amazon	amjadsur	1
03-May-2023	100d	amazon	OppositePolicy5508	1
03-May-2023	100d	amazon	Enkiisaac	1
03-May-2023	100d	amazon	Progenitor3	1
03-May-2023	100d	amazon	birbcat76	1
03-May-2023	100d	amazon	ReaMet2	1
03-May-2023	100d	amazon	rchllwr	1
03-May-2023	100d	amazon	Negative-Sugar-1188	1
03-May-2023	100d	amazon	Direct_House4094	1
03-May-2023	100d	amazon	daanverbeek	1
03-May-2023	100d	amazon	PuppetMaster000	1
03-May-2023	100d	amazon	largelcd	1
03-May-2023	100d	amazon	peroxybensoic	1
03-May-2023	100d	amazon	grigglegroggle	1
03-May-2023	100d	amazon	Denigma11	1
03-May-2023	100d	amazon	QuasarSurfr	1
03-May-2023	100d	amazon	URRRRRRGHIMSOMAD	1
03-May-2023	100d	amazon	Mathdoy2	1
03-May-2023	100d	amazon	Unreasonable_Hedger	1
03-May-2023	100d	amazon	Mistrz_mobile	1
03-May-2023	100d	amazon	unsolveddd	1
03-May-2023	100d	amazon	Pure-Statistician831	1
03-May-2023	100d	amazon	Careful_Lie5532	1
03-May-2023	100d	amazon	Nadira74	1
03-May-2023	100d	amazon	sagarmaruth1	1
03-May-2023	100d	amazon	Aceofwands111	1
03-May-2023	100d	amazon	River_Pleasant	1
03-May-2023	100d	amazon	AnnaWhiteOnOnly	1
03-May-2023	100d	amazon	CC713-LCTX	1
03-May-2023	100d	amazon	AfricanInvestor	1
03-May-2023	100d	amazon	iKankzz	1
03-May-2023	100d	amazon	fiercevillain	1
03-May-2023	100d	amazon	Common_Ad_678	1
03-May-2023	100d	amazon	Choice-Front3182	1
03-May-2023	100d	amazon	Mobz39	1
03-May-2023	100d	amazon	Ozzpala	1
03-May-2023	100d	amazon	Httpshoneybee	1
03-May-2023	100d	amazon	ChicagoJoe3	1
03-May-2023	100d	amazon	Gamer_AC	1
03-May-2023	100d	amazon	Miixv	1
03-May-2023	100d	amazon	Such_Introduction412	1
03-May-2023	100d	amazon	KimchiTheGreatest	1
03-May-2023	100d	amazon	WorkforceWonk	1
03-May-2023	100d	amazon	designedtodesign	1
03-May-2023	100d	amazon	problem_solver_evrdy	1
03-May-2023	100d	amazon	Suspicious_Falcon_97	1
03-May-2023	100d	amazon	Odd_Refrigerator1787	1
03-May-2023	100d	amazon	FaultOut	1
03-May-2023	100d	amazon	didJunome	1
03-May-2023	100d	amazon	mrosenfeld_shisha1	1
03-May-2023	100d	amazon	Eitan4700	1
03-May-2023	100d	amazon	PleasantOperation167	1
03-May-2023	100d	amazon	JGS747-	1
03-May-2023	100d	amazon	Jambo526	1
03-May-2023	100d	amazon	FuckGoogle69420	1
03-May-2023	100d	amazon	mdashik09	1
03-May-2023	100d	amazon	XxTh3Unkn0wnxX	1
03-May-2023	100d	amazon	WhisperingWillow006	1
03-May-2023	100d	amazon	yourmotherisfatt	1
03-May-2023	100d	amazon	Significant-Stick-99	1
03-May-2023	100d	amazon	Quacker_United	1
03-May-2023	100d	amazon	Bright-Report	1
03-May-2023	100d	amazon	Smash_Factor	1
03-May-2023	100d	amazon	usa788788	1
03-May-2023	100d	amazon	Successful_Shower_96	1
03-May-2023	100d	amazon	snoopshovel	1
03-May-2023	100d	amazon	Ch_dogs_only	1
03-May-2023	100d	amazon	Mk_Makanaki	1
03-May-2023	100d	amazon	Sad-Armadillo1680	1
03-May-2023	100d	amazon	Serious_Strawberryy	1
03-May-2023	100d	amazon	CrocodilianDan	1
03-May-2023	100d	amazon	ztjuh	1
03-May-2023	100d	amazon	Forsaken-Thought	1
03-May-2023	100d	amazon	BrainTech36	1
03-May-2023	100d	amazon	TenacityTough	1
03-May-2023	100d	amazon	RidZak	1
03-May-2023	100d	amazon	glbltvlr	1
03-May-2023	100d	amazon	sochieberry	1
03-May-2023	100d	amazon	Marketing-Flare	1
03-May-2023	100d	amazon	LuckFlaky1511	1
03-May-2023	100d	amazon	Additional_Paint_379	1
03-May-2023	100d	amazon	RickestRickSea137	1
03-May-2023	100d	amazon	Puzzleheaded_Money33	1
03-May-2023	100d	amazon	Necessary_Musician44	1
03-May-2023	100d	amazon	JamaicanKyng	1
03-May-2023	100d	amazon	Emotional_Raccoon651	1
03-May-2023	100d	amazon	Dehydrated_Jellyfish	1
03-May-2023	100d	amazon	00tfu_	1
03-May-2023	100d	amazon	GeoChallenge	1
03-May-2023	100d	amazon	Yungtoaster69	1
03-May-2023	100d	amazon	GiraffesForHigher	1
03-May-2023	100d	amazon	Fix-this1975	1
03-May-2023	100d	amazon	shrewmeister123	1
03-May-2023	100d	amazon	Steinfan94	1
03-May-2023	100d	amazon	root_switch	1
03-May-2023	100d	amazon	LoveBug23118	1
03-May-2023	100d	amazon	wockheartzz	1
03-May-2023	100d	amazon	mwalsh5757	1
03-May-2023	100d	amazon	Cultural_Iron_7488	1
03-May-2023	100d	amazon	Large_Film_2284	1
03-May-2023	100d	amazon	External-Writer-7141	1
03-May-2023	100d	amazon	Dansk72	1
03-May-2023	100d	amazon	BadP3NN1	1
03-May-2023	100d	amazon	gendulf	1
03-May-2023	100d	amazon	battlecatsahead	1
03-May-2023	100d	amazon	Different_Form8286	1
03-May-2023	100d	amazon	SonMendes	1
03-May-2023	100d	amazon	liarandathief	1
03-May-2023	100d	amazon	burymeintheuk	1
03-May-2023	100d	amazon	Wrestlingfan3434	1
03-May-2023	100d	amazon	Emergency_Special_34	1
03-May-2023	100d	amazon	anandamid26	1
03-May-2023	100d	amazon	greatoutdoorworld	1
03-May-2023	100d	amazon	Single-Neck-8506	1
03-May-2023	100d	amazon	PC_Man18	1
03-May-2023	100d	amazon	hellooonurse23	1
03-May-2023	100d	amazon	ethperience	1
03-May-2023	100d	amazon	AnonymouseAltAccount	1
03-May-2023	100d	amazon	Rice_Pudding8000	1
03-May-2023	100d	amazon	pigsqueakz	1
03-May-2023	100d	amazon	cookeree2008	1
03-May-2023	100d	amazon	timex17	1
03-May-2023	100d	amazon	NaiveChoiceMaker	1
03-May-2023	100d	amazon	ilovefacebook	1
03-May-2023	100d	amazon	Rocketdogcoco	1
03-May-2023	100d	amazon	FatBearWeekKatmai	1
03-May-2023	100d	amazon	Desperate_Broccoli80	1
03-May-2023	100d	amazon	myroon5	1
03-May-2023	100d	amazon	crazunggoy47	1
03-May-2023	100d	amazon	mitsam8	1
03-May-2023	100d	amazon	lclaxvp	1
03-May-2023	100d	amazon	JohnnyX18	1
03-May-2023	100d	amazon	TheBigGermanGuy	1
03-May-2023	100d	amazon	crypto_options	1
03-May-2023	100d	amazon	Max_Powers-	1
03-May-2023	100d	amazon	Cariboudjan	1
03-May-2023	100d	amazon	SyCoREAPER	1
03-May-2023	100d	amazon	tagno25	1
03-May-2023	100d	amazon	klsingapore	1
03-May-2023	100d	amazon	Player5xxx	1
03-May-2023	100d	amazon	Dragonfiremule	1
03-May-2023	100d	amazon	raphaeladidas	1
03-May-2023	100d	amazon	Prairie_Dog	1
03-May-2023	100d	amazon	thebigkevdogg	1
03-May-2023	100d	amazon	farmecologist	1
03-May-2023	100d	amazon	thomas_deans	1
03-May-2023	100d	amazon	flimspringfield	1
03-May-2023	100d	amazon	tim36272	1
03-May-2023	100d	amazon	OlliePop8	1
03-May-2023	100d	amazon	mjurek	1
03-May-2023	100d	amazon	jhovudu1	1
03-May-2023	100d	amazon	TheMacMan	1
03-May-2023	100d	amazon	RlyCoolCat	1
03-May-2023	100d	amazon	drj87	1
03-May-2023	100d	amazon	Fai1ed_ab0rtion	1
03-May-2023	100d	amazon	johnlim12	1
03-May-2023	100d	amazon	Theifs_Black	1
03-May-2023	100d	amazon	Dazzling-Judge-1816	1
03-May-2023	100d	amazon	blakk_foxe	1
03-May-2023	100d	amazon	babybuttoneyes	1
03-May-2023	100d	amazon	BrandNewDT	1
03-May-2023	100d	amazon	KiltyMilty	1
03-May-2023	100d	amazon	DarthGonkXx	1
03-May-2023	100d	amazon	Gullible-Historian10	1
03-May-2023	100d	amazon	aLostEngineer	1
03-May-2023	100d	amazon	Reisted	1
03-May-2023	100d	amazon	jerkstorenumber9	1
03-May-2023	100d	amazon	flightMom123	1
03-May-2023	100d	amazon	qaelith2112	1
03-May-2023	100d	amazon	GeauxSaints315	1
03-May-2023	100d	amazon	Few-Zookeepergame-60	1
03-May-2023	100d	amazon	quiken4	1
03-May-2023	100d	amazon	RegularCandidate4891	1
03-May-2023	100d	amazon	OkNegotiation186	1
03-May-2023	100d	amazon	Calm_Ad_343	1
03-May-2023	100d	amazon	SainttValentine	1
03-May-2023	100d	amazon	Crafty-Cost-781	1
03-May-2023	100d	amazon	Johnrtx94	1
03-May-2023	100d	amazon	QuetzalGamer	1
03-May-2023	100d	amazon	Thud2	1
03-May-2023	100d	amazon	redditgirlwz	1
03-May-2023	100d	amazon	CypherMcAfee	1
03-May-2023	100d	amazon	zgrizz	1
03-May-2023	100d	amazon	HazelMystery	1
03-May-2023	100d	amazon	soulmagic123	1
03-May-2023	100d	amazon	Point_Me_At_The_Sky-	1
03-May-2023	100d	amazon	Bulkratos	1
03-May-2023	100d	amazon	tightneden	1
03-May-2023	100d	amazon	IowaWBB	1
03-May-2023	100d	amazon	beautyofdeduction	1
03-May-2023	100d	amazon	burnerhardlyknower5	1
03-May-2023	100d	amazon	Heavy-Car1363	1
03-May-2023	100d	amazon	Beneficial_Ideal_690	1
03-May-2023	100d	amazon	Fun-Musician-1979	1
03-May-2023	100d	amazon	macmanjimmy	1
03-May-2023	100d	amazon	Zee2A	1
03-May-2023	100d	amazon	HicSvntDracones_4242	1
03-May-2023	100d	amazon	Stackingseason	1
03-May-2023	100d	amazon	Ocanannain	1
03-May-2023	100d	amazon	lawraxo	1
03-May-2023	100d	amazon	Savande	1
03-May-2023	100d	amazon	chopinrocks	1
03-May-2023	100d	amazon	talenteddog	1
03-May-2023	100d	amazon	ohsojosho	1
03-May-2023	100d	amazon	cugrad16	1
03-May-2023	100d	amazon	Business-Meat-4244	1
03-May-2023	100d	amazon	Realistic_Ocelot_836	1
03-May-2023	100d	amazon	SteveAlpineFulfill	1
03-May-2023	100d	amazon	log2211logie	1
03-May-2023	100d	amazon	Digital_Enterprenuer	1
03-May-2023	100d	amazon	SmellProfessional603	1
03-May-2023	100d	amazon	brenthicc	1
03-May-2023	100d	amazon	SimplyGrim	1
03-May-2023	100d	amazon	Accomplished_Win6989	1
03-May-2023	100d	amazon	falloutjackal	1
03-May-2023	100d	amazon	Maleficent_Band1201	1
03-May-2023	100d	amazon	Great_Entrance_415	1
03-May-2023	100d	amazon	alixhero	1
03-May-2023	100d	amazon	Any_Accountant_6291	1
03-May-2023	100d	amazon	dealsposter1	1
03-May-2023	100d	amazon	telxonhacker	1
03-May-2023	100d	amazon	bookishspider	1
03-May-2023	100d	amazon	susygomezd	1
03-May-2023	100d	amazon	cobalt82302	1
03-May-2023	100d	amazon	toemv	1
03-May-2023	100d	amazon	Oscarsome	1
03-May-2023	100d	amazon	Weird-Entertainer763	1
03-May-2023	100d	amazon	eraclee	1
03-May-2023	100d	amazon	monteverdevecchio	1
03-May-2023	100d	amazon	TitaniumBoa	1
03-May-2023	100d	amazon	AZwriterJD	1
03-May-2023	100d	amazon	coupsuper	1
03-May-2023	100d	amazon	helpful-amzn-product	1
03-May-2023	100d	amazon	keema_giveaway	1
03-May-2023	100d	amazon	thehighdon	1
03-May-2023	100d	amazon	MaxineC01	1
03-May-2023	100d	amazon	Nvmyprixgt	1
03-May-2023	100d	amazon	MelvinDiggs	1
03-May-2023	100d	amazon	Nickyweg	1
03-May-2023	100d	amazon	dhokes	1
03-May-2023	100d	amazon	thisismynewaccountig	1
03-May-2023	100d	amazon	Chrisbradley1	1
03-May-2023	100d	amazon	Gold-Appointment-534	1
03-May-2023	100d	amazon	neurosciguy2022	1
03-May-2023	100d	amazon	LaidbackLuke77	1
03-May-2023	100d	amazon	TheGreatTraveller	1
03-May-2023	100d	amazon	iluvmommymilkrs	1
03-May-2023	100d	amazon	ubanmaker	1
03-May-2023	100d	amazon	Varon_DiStefano	1
03-May-2023	100d	amazon	Still_Vacation_3534	1
03-May-2023	100d	amazon	Leafyistrippy	1
03-May-2023	100d	amazon	tommymila	1
03-May-2023	100d	amazon	ArdenTheProtector	1
03-May-2023	100d	amazon	jimmyhiccups	1
03-May-2023	100d	amazon	PurpsMcNuggets	1
03-May-2023	100d	amazon	PenaltyPositive4826	1
03-May-2023	100d	amazon	FoxReview-	1
03-May-2023	100d	amazon	Clmcm400	1
03-May-2023	100d	amazon	BEABETTERHUMAN2020	1
03-May-2023	100d	amazon	Samoj23	1
03-May-2023	100d	amazon	CroninChris	1
03-May-2023	100d	amazon	DrCorneliuss	1
03-May-2023	100d	amazon	aCupOhJoe	1
03-May-2023	100d	amazon	shaadow	1
03-May-2023	100d	amazon	BarefootBiker10	1
03-May-2023	100d	amazon	ihateriyyan	1
03-May-2023	100d	amazon	BatmanIsAwesome15	1
03-May-2023	100d	amazon	yeppeunxria	1
03-May-2023	100d	amazon	Mundane-Industry-794	1
03-May-2023	100d	amazon	Adorable_Ad_9740	1
03-May-2023	100d	amazon	SunBeeRocks	1
03-May-2023	100d	amazon	bamboozledlion02	1
03-May-2023	100d	amazon	leticiashirayu3	1
03-May-2023	100d	amazon	SilentOutcome225	1
03-May-2023	100d	amazon	GeekgirlOtt	1
03-May-2023	100d	amazon	Soulshadeuwu	1
03-May-2023	100d	amazon	Flabja	1
03-May-2023	100d	amazon	Illustrious-Egg1832	1
03-May-2023	100d	amazon	EvanMcD3	1
03-May-2023	100d	amazon	betasynn	1
03-May-2023	100d	amazon	RiseUpGamers92	1
03-May-2023	100d	amazon	No-Signature1219	1
03-May-2023	100d	amazon	ChickenTitilater	1
03-May-2023	100d	amazon	J2_012	1
03-May-2023	100d	amazon	aylons	1
03-May-2023	100d	amazon	KaioSavage	1
03-May-2023	100d	amazon	Aljajah	1
03-May-2023	100d	amazon	InternationalDot2671	1
03-May-2023	100d	amazon	ebridgewater	1
03-May-2023	100d	amazon	Sxffer_A1one	1
03-May-2023	100d	amazon	Vast-Respect-4048	1
03-May-2023	100d	amazon	ZakirMalikBlogger	1
03-May-2023	100d	amazon	_Strider___	1
03-May-2023	100d	amazon	USFBIOTECH	1
03-May-2023	100d	amazon	LunaticHound	1
03-May-2023	100d	amazon	yourheartisaweapon	1
03-May-2023	100d	amazon	cainoom	1
03-May-2023	100d	amazon	Theepicmason	1
03-May-2023	100d	amazon	phenom1tsmith	1
03-May-2023	100d	amazon	slaythrowaway2848	1
03-May-2023	100d	amazon	Intrepid-Scientist85	1
03-May-2023	100d	amazon	Pristine-Snow5526	1
03-May-2023	100d	amazon	qu3tr1x	1
03-May-2023	100d	amazon	AuspiciousHamster	1
03-May-2023	100d	amazon	Waxy_Tea	1
03-May-2023	100d	amazon	Wilddog73	1
03-May-2023	100d	amazon	NewCartoonist2317	1
03-May-2023	100d	amazon	GuaranteeIcy1076	1
03-May-2023	100d	amazon	sanfollowill	1
03-May-2023	100d	amazon	RoyalCart	1
03-May-2023	100d	amazon	LamoidZombieDog	1
03-May-2023	100d	amazon	DoAndroidsDrmOfSheep	1
03-May-2023	100d	amazon	Work_Ambassador2023	1
03-May-2023	100d	amazon	safa8033	1
03-May-2023	100d	amazon	humblegarrick	1
03-May-2023	100d	amazon	yol-a	1
03-May-2023	100d	amazon	Agonizel	1
03-May-2023	100d	amazon	Wrong_Sprinkles7901	1
03-May-2023	100d	amazon	whereisbadbunny	1
03-May-2023	100d	amazon	devind_407	1
03-May-2023	100d	amazon	its_just_vibe	1
03-May-2023	100d	amazon	DagonParty	1
03-May-2023	100d	amazon	Cmoney2020	1
03-May-2023	100d	amazon	Zealousideal_Monk6	1
03-May-2023	100d	amazon	ShopEzy	1
03-May-2023	100d	amazon	4kings	1
03-May-2023	100d	amazon	MikeKaye	1
03-May-2023	100d	amazon	marooned222	1
03-May-2023	100d	amazon	Deltaactual234	1
03-May-2023	100d	amazon	OkDependent4	1
03-May-2023	100d	amazon	technicolourhappy	1
03-May-2023	100d	amazon	KovacsAkos05	1
03-May-2023	100d	amazon	Shadelsayr17	1
03-May-2023	100d	amazon	MuzammilThaheem	1
03-May-2023	100d	amazon	Snoo53329	1
03-May-2023	100d	amazon	Dalyth_	1
03-May-2023	100d	amazon	bmaxj	1
03-May-2023	100d	amazon	barelylegalcomesexme	1
03-May-2023	100d	amazon	momsniper600	1
03-May-2023	100d	amazon	bobbym247	1
03-May-2023	100d	amazon	Main_Mix_4576	1
03-May-2023	100d	amazon	No-Introduction4003	1
03-May-2023	100d	amazon	dkibbled	1
03-May-2023	100d	amazon	actingupastorm	1
03-May-2023	100d	amazon	Popular-Exit-9908	1
03-May-2023	100d	amazon	Lyniaer	1
03-May-2023	100d	amazon	ATrueGmr	1
03-May-2023	100d	amazon	YamZealousideal8422	1
03-May-2023	100d	amazon	Bulky_Assist8240	1
03-May-2023	100d	amazon	nebirah	1
03-May-2023	100d	amazon	Jazzlike_Action1828	1
03-May-2023	100d	amazon	Ill_Shop7800	1
03-May-2023	100d	amazon	freeagent16cr	1
03-May-2023	100d	amazon	seekwww	1
03-May-2023	100d	amazon	ichbinmac	1
03-May-2023	100d	amazon	Longjumping_Jello862	1
03-May-2023	100d	amazon	zhuque48	1
03-May-2023	100d	amazon	SuperCoop26	1
03-May-2023	100d	amazon	princevzn	1
03-May-2023	100d	amazon	Skyyyyyyyler	1
03-May-2023	100d	amazon	AccurateChaos	1
03-May-2023	100d	amazon	Glarus30	1
03-May-2023	100d	amazon	mindmydarkness	1
03-May-2023	100d	amazon	No-Hovercraft3168	1
03-May-2023	100d	amazon	Sea_Bumblebee3118	1
03-May-2023	100d	amazon	Resident-Candy-9447	1
03-May-2023	100d	amazon	wallstreetamc	1
03-May-2023	100d	amazon	ResidentGuard6855	1
03-May-2023	100d	amazon	Xtryaq	1
03-May-2023	100d	amazon	127JT7	1
03-May-2023	100d	amazon	mav0499	1
03-May-2023	100d	amazon	lynsu27	1
03-May-2023	100d	amazon	FaggolaMcGee	1
03-May-2023	100d	amazon	iAmFlexy	1
03-May-2023	100d	amazon	Sharkscatsbuffy	1
03-May-2023	100d	amazon	_queen_bee01_	1
03-May-2023	100d	amazon	Danganboi	1
03-May-2023	100d	amazon	Decimus_of_the_VIII	1
03-May-2023	100d	amazon	jbafofi4	1
03-May-2023	100d	amazon	krazy_kool	1
03-May-2023	100d	amazon	Eternal_solitude666	1
03-May-2023	100d	amazon	zlatan_06	1
03-May-2023	100d	amazon	Qiqirnmercenary	1
03-May-2023	100d	amazon	retiredminion	1
03-May-2023	100d	amazon	mericafuckyes	1
03-May-2023	100d	amazon	Bright-Cake7380	1
03-May-2023	100d	amazon	STEPH5_	1
03-May-2023	100d	amazon	IAmYourMother__	1
03-May-2023	100d	amazon	mbr_creative	1
03-May-2023	100d	amazon	Real-Talk489	1
03-May-2023	100d	amazon	Mammoth-Bullfrog-274	1
03-May-2023	100d	amazon	ArtemixNelson	1
03-May-2023	100d	amazon	Real_Verix	1
03-May-2023	100d	amazon	Empty_Western_1999	1
03-May-2023	100d	amazon	MrDobalina916	1
03-May-2023	100d	amazon	Andrew_285	1
03-May-2023	100d	amazon	herequeerandgreat	1
03-May-2023	100d	amazon	ohwowpickle	1
03-May-2023	100d	amazon	VapingAmy	1
03-May-2023	100d	amazon	Hattix	1
03-May-2023	100d	amazon	vulzes	1
03-May-2023	100d	amazon	sungwon2k	1
03-May-2023	100d	amazon	Acceptable-Shoe7175	1
03-May-2023	100d	amazon	AbbreviationsPast772	1
03-May-2023	100d	amazon	HighHelloThereGround	1
03-May-2023	100d	amazon	Gettingitdone1	1
03-May-2023	100d	amazon	khaled109	1
03-May-2023	100d	amazon	JYanezez	1
03-May-2023	100d	amazon	_TENT_	1
03-May-2023	100d	amazon	software2023new	1
03-May-2023	100d	amazon	descending_angel	1
03-May-2023	100d	amazon	RobsterLobster_7	1
03-May-2023	100d	amazon	brandonlkb	1
03-May-2023	100d	amazon	Hokague27	1
03-May-2023	100d	amazon	Neither-Elderberry47	1
03-May-2023	100d	amazon	sanictheripoff	1
03-May-2023	100d	amazon	scarlettfiggy	1
03-May-2023	100d	amazon	knuckboy	1
03-May-2023	100d	amazon	NiftyKnickKnacks	1
03-May-2023	100d	amazon	Beginning-Cherry1360	1
03-May-2023	100d	amazon	Additional_Arachnid4	1
03-May-2023	100d	amazon	Badmoon1220	1
03-May-2023	100d	amazon	f00dl3	1
03-May-2023	100d	amazon	babahasan68	1
03-May-2023	100d	amazon	unknown_toothbrush	1
03-May-2023	100d	amazon	arditveseli1999	1
03-May-2023	100d	amazon	Emotional_Reindeer79	1
03-May-2023	100d	amazon	Dense_Technician_203	1
03-May-2023	100d	amazon	Powerful_Cut_722	1
03-May-2023	100d	amazon	Southern_Ad744	1
03-May-2023	100d	amazon	iblack7	1
03-May-2023	100d	amazon	Trick_Listen	1
03-May-2023	100d	amazon	MinuteNarwhal6820	1
03-May-2023	100d	amazon	Sad_Lavishness7860	1
03-May-2023	100d	amazon	im_still_water	1
03-May-2023	100d	amazon	Letusso	1
03-May-2023	100d	amazon	Feisty_Adeptness7725	1
03-May-2023	100d	amazon	makki-grey-0220	1
03-May-2023	100d	amazon	Jumpy_Fix7604	1
03-May-2023	100d	amazon	Many_Cauliflower_290	1
03-May-2023	100d	amazon	LogicGateKeeper123	1
03-May-2023	100d	amazon	Lemons9020	1
03-May-2023	100d	amazon	McGrufNStuf	1
03-May-2023	100d	amazon	moomjeeboop	1
03-May-2023	100d	amazon	Smallsled	1
03-May-2023	100d	amazon	Ice_Future1092	1
03-May-2023	100d	amazon	Sanelieu	1
03-May-2023	100d	amazon	Super-View7967	1
03-May-2023	100d	amazon	Trixualz	1
03-May-2023	100d	amazon	woniwonu	1
03-May-2023	100d	amazon	Autobotworrier11111	1
03-May-2023	100d	amazon	Ok-Heart-2884	1
03-May-2023	100d	amazon	narcoyouth	1
03-May-2023	100d	amazon	Jewbay	1
03-May-2023	100d	amazon	Johanne007	1
03-May-2023	100d	amazon	ulaeJ	1
03-May-2023	100d	amazon	Careless-Yesterday-6	1
03-May-2023	100d	amazon	Major_Singer	1
03-May-2023	100d	amazon	Efron12	1
03-May-2023	100d	amazon	Sensitive-Feed3189	1
03-May-2023	100d	amazon	ptr727	1
03-May-2023	100d	amazon	Lazy_Country3962	1
03-May-2023	100d	amazon	Bigg_Dick_Energy	1
03-May-2023	100d	amazon	JustSoHappy	1
03-May-2023	100d	amazon	Low_Conversation_442	1
03-May-2023	100d	amazon	nejitenfan01	1
03-May-2023	100d	amazon	IlyasKona	1
03-May-2023	100d	amazon	Snoo81468	1
03-May-2023	100d	amazon	Drey_master	1
03-May-2023	100d	amazon	Party_Set_6587	1
03-May-2023	100d	amazon	Legal_Boysenberry_36	1
03-May-2023	100d	amazon	poopinbound	1
03-May-2023	100d	amazon	Evening_bush	1
03-May-2023	100d	amazon	Bristid	1
03-May-2023	100d	amazon	ExplorerStandard6440	1
03-May-2023	100d	amazon	niniyass	1
03-May-2023	100d	amazon	davkistner	1
03-May-2023	100d	amazon	Prestigious_Scene360	1
03-May-2023	100d	amazon	drboofmaster	1
03-May-2023	100d	amazon	Excellent-Lemon-2127	1
03-May-2023	100d	amazon	webbslinger_0	1
03-May-2023	100d	amazon	iAxstic	1
03-May-2023	100d	amazon	FaZeMcKid2	1
03-May-2023	100d	amazon	TitanBeats_YT	1
03-May-2023	100d	amazon	designinme	1
03-May-2023	100d	amazon	slop10101	1
03-May-2023	100d	amazon	IcedColdMine	1
03-May-2023	100d	amazon	BrilliantCabinet8	1
03-May-2023	100d	amazon	WorriedArm3364	1
03-May-2023	100d	amazon	AlexandraRutt	1
03-May-2023	100d	amazon	Responsible-Note-363	1
03-May-2023	100d	amazon	goorinjap	1
03-May-2023	100d	amazon	furqanm1995A	1
03-May-2023	100d	amazon	Mariposabloom	1
03-May-2023	100d	amazon	calebchetty5	1
03-May-2023	100d	amazon	Itsrichyyy	1
03-May-2023	100d	amazon	redatola	1
03-May-2023	100d	amazon	IslandReign	1
03-May-2023	100d	amazon	icanhasreclaims	1
03-May-2023	100d	amazon	Highguy801	1
03-May-2023	100d	amazon	rawclipper	1
03-May-2023	100d	amazon	twoaspensimages	1
03-May-2023	100d	amazon	Mrs-Nugget	1
03-May-2023	100d	amazon	Ryeiran	1
03-May-2023	100d	amazon	A_Annon	1
03-May-2023	100d	amazon	Swimming_Fortune	1
03-May-2023	100d	amazon	AXLP_LaZEReD	1
03-May-2023	100d	amazon	sasksean	1
03-May-2023	100d	amazon	dmtraina	1
03-May-2023	100d	amazon	Accomplished-Log8484	1
03-May-2023	100d	amazon	NeighborhoodThick423	1
03-May-2023	100d	amazon	Brannig	1
03-May-2023	100d	amazon	doodoobby	1
03-May-2023	100d	amazon	upalnyt	1
03-May-2023	100d	amazon	lu_cas2904	1
03-May-2023	100d	amazon	Kitchen-Ad-9386	1
03-May-2023	100d	amazon	KitchenBreadfruit816	1
03-May-2023	100d	amazon	02nz	1
03-May-2023	100d	amazon	yawaworhtsuoivbona	1
03-May-2023	100d	amazon	John_Sknow	1
03-May-2023	100d	amazon	theghostcreeper	1
03-May-2023	100d	amazon	peepyboy	1
03-May-2023	100d	amazon	Traditional-List8254	1
03-May-2023	100d	amazon	Illustrious-Key-755	1
03-May-2023	100d	amazon	HeadLord4	1
03-May-2023	100d	amazon	lesbian867530	1
03-May-2023	100d	amazon	argdumtrist	1
03-May-2023	100d	amazon	Omrber	1
03-May-2023	100d	amazon	Few_Scientist_5283	1
03-May-2023	100d	amazon	happysharrk	1
03-May-2023	100d	amazon	koalaonthetree	1
03-May-2023	100d	amazon	MrSzalai	1
03-May-2023	100d	amazon	teeseattle206	1
03-May-2023	100d	amazon	CamTheGreat123	1
03-May-2023	100d	amazon	shgsvsvsgsgsgxgsg	1
03-May-2023	100d	amazon	Extension-Big1487	1
03-May-2023	100d	amazon	vantablackspacegood	1
03-May-2023	100d	amazon	wildmn	1
03-May-2023	100d	amazon	Proffesional_67	1
03-May-2023	100d	amazon	Scarpzzz	1
03-May-2023	100d	amazon	FerrousDerrius	1
03-May-2023	100d	amazon	peanutbuttergoodness	1
03-May-2023	100d	amazon	shunshine123	1
03-May-2023	100d	amazon	DoctorxRook	1
03-May-2023	100d	amazon	bobbigmac	1
03-May-2023	100d	amazon	black_oreo131	1
03-May-2023	100d	amazon	fuarkinghell	1
03-May-2023	100d	amazon	Tyr0n313	1
03-May-2023	100d	amazon	Awellknownstick	1
03-May-2023	100d	amazon	Humble-Function1005	1
03-May-2023	100d	amazon	kayrebb	1
03-May-2023	100d	amazon	MCClipss	1
03-May-2023	100d	amazon	TheDiggityDoo	1
03-May-2023	100d	amazon	WGAG_GUY	1
03-May-2023	100d	amazon	Swimming_Egg_1415	1
03-May-2023	100d	amazon	KindnessGiven34	1
03-May-2023	100d	amazon	SimsLoser	1
03-May-2023	100d	amazon	questionsperfect	1
03-May-2023	100d	amazon	Healthie123	1
03-May-2023	100d	amazon	Lukacs333	1
03-May-2023	100d	amazon	7Shade	1
03-May-2023	100d	amazon	tossaccount45	1
03-May-2023	100d	amazon	WorkerExpensive4285	1
03-May-2023	100d	amazon	skiddaddleskdleurpe	1
03-May-2023	100d	amazon	hendrix_yo	1
03-May-2023	100d	amazon	Less_Description7743	1
03-May-2023	100d	amazon	Whamelapamela	1
03-May-2023	100d	amazon	RadioSn0w	1
03-May-2023	100d	amazon	bwells46	1
03-May-2023	100d	amazon	Tipsy247	1
03-May-2023	100d	amazon	MARIO1KOO	1
03-May-2023	100d	amazon	nobodyinnj	1
03-May-2023	100d	amazon	Honest-Register-5151	1
03-May-2023	100d	amazon	H2N6	1
03-May-2023	100d	amazon	IAmArgumentGuy	1
03-May-2023	100d	amazon	xoxbrunettex	1
03-May-2023	100d	amazon	Hadyark	1
03-May-2023	100d	amazon	LaGrande-Gwaz	1
03-May-2023	100d	amazon	BadWorldAngryFace	1
03-May-2023	100d	amazon	SomeRandomDude923	1
03-May-2023	100d	amazon	PickMeWhyKnot	1
03-May-2023	100d	amazon	HospitalRoutine1495	1
03-May-2023	100d	amazon	Ash_and_Chloe	1
03-May-2023	100d	amazon	LeadLongjumping797	1
03-May-2023	100d	amazon	Liming8447	1
03-May-2023	100d	amazon	webakemall	1
03-May-2023	100d	amazon	tah4y0	1
03-May-2023	100d	amazon	Tall_Cow32	1
03-May-2023	100d	amazon	le0oSant	1
03-May-2023	100d	amazon	yelimar28	1
03-May-2023	100d	amazon	p_dwson	1
03-May-2023	100d	amazon	No-20223	1
03-May-2023	100d	amazon	inst4nce	1
03-May-2023	100d	amazon	itsgonnabeworthit	1
03-May-2023	100d	amazon	mrworld2099	1
03-May-2023	100d	amazon	breaddrinker	1
03-May-2023	100d	amazon	tikkamasalaicecoffee	1
03-May-2023	100d	amazon	Desperate-Kiwi-6745	1
