query_date	before_date	subreddit	submission_author	submission_frequency
03-May-2023	30d	amazon	AmazonNewsBot	100
03-May-2023	30d	amazon	[deleted]	12
03-May-2023	30d	amazon	afrinbappy6163	8
03-May-2023	30d	amazon	Lusha-Quine	3
03-May-2023	30d	amazon	Scared-Security-3868	3
03-May-2023	30d	amazon	malphadour	3
03-May-2023	30d	amazon	Midesales3	3
03-May-2023	30d	amazon	Latter-Specialist-24	3
03-May-2023	30d	amazon	tonybasil2001	2
03-May-2023	30d	amazon	Flaky_Echo_9421	2
03-May-2023	30d	amazon	Fluffy-Hedgehog-69	2
03-May-2023	30d	amazon	JaipurGlobalServices	2
03-May-2023	30d	amazon	todayofferbyali	2
03-May-2023	30d	amazon	JOHN30011887	2
03-May-2023	30d	amazon	VillegasGroup	2
03-May-2023	30d	amazon	Efteri	2
03-May-2023	30d	amazon	ilovedeadbees	2
03-May-2023	30d	amazon	DragonfruitStatus681	2
03-May-2023	30d	amazon	angryfortunecookie	2
03-May-2023	30d	amazon	jakishababers	2
03-May-2023	30d	amazon	Crafty_Midnight7845	2
03-May-2023	30d	amazon	sleeksleek	2
03-May-2023	30d	amazon	AstarothBeelzebub	2
03-May-2023	30d	amazon	JustHereForYourData	2
03-May-2023	30d	amazon	PixelDaisy	2
03-May-2023	30d	amazon	Frequent_Net9324	2
03-May-2023	30d	amazon	patabroad	2
03-May-2023	30d	amazon	Independent_Value350	2
03-May-2023	30d	amazon	Tazzz777zzz	2
03-May-2023	30d	amazon	codyB113	2
03-May-2023	30d	amazon	Estimate3363	2
03-May-2023	30d	amazon	CedarPointDada	2
03-May-2023	30d	amazon	wallpapersdance	2
03-May-2023	30d	amazon	nicfanz	2
03-May-2023	30d	amazon	Alex_ZH1	2
03-May-2023	30d	amazon	eberkain	2
03-May-2023	30d	amazon	Small_Promotion4380	2
03-May-2023	30d	amazon	Background_Table_593	2
03-May-2023	30d	amazon	konsoru-paysan	2
03-May-2023	30d	amazon	BuyOk4135	2
03-May-2023	30d	amazon	roberik111	2
03-May-2023	30d	amazon	Super-Essay-7596	2
03-May-2023	30d	amazon	Suspicious-Strike-78	2
03-May-2023	30d	amazon	chotikhaber	2
03-May-2023	30d	amazon	Inevitable-Panic-555	2
03-May-2023	30d	amazon	Maximus_Gaming_227	2
03-May-2023	30d	amazon	FindWonderland	2
03-May-2023	30d	amazon	Expensive-Band-2547	2
03-May-2023	30d	amazon	Ismailhosen1	2
03-May-2023	30d	amazon	Moviescommunity	2
03-May-2023	30d	amazon	BusinessPromotion_	2
03-May-2023	30d	amazon	thegrandyeetmaster	2
03-May-2023	30d	amazon	Kitchen-Werewolf-691	2
03-May-2023	30d	amazon	sfgreg10	2
03-May-2023	30d	amazon	Photoproguy	2
03-May-2023	30d	amazon	ikollokii	2
03-May-2023	30d	amazon	ian1234554321	2
03-May-2023	30d	amazon	noobiewithboobiess	2
03-May-2023	30d	amazon	Loose-Equivalent-715	2
03-May-2023	30d	amazon	Level-Barnacle-7318	2
03-May-2023	30d	amazon	EnvironmentalOil241	2
03-May-2023	30d	amazon	olasikitike	2
03-May-2023	30d	amazon	njconnect	2
03-May-2023	30d	amazon	rbrunson66	2
03-May-2023	30d	amazon	Perfect_Scream	2
03-May-2023	30d	amazon	Mission-Mud-6685	2
03-May-2023	30d	amazon	leomakrause	2
03-May-2023	30d	amazon	Schellhammer	2
03-May-2023	30d	amazon	HkHockey29	1
03-May-2023	30d	amazon	brasscup	1
03-May-2023	30d	amazon	Previous-Ad294	1
03-May-2023	30d	amazon	Luke_Atmi	1
03-May-2023	30d	amazon	DAT_DROP	1
03-May-2023	30d	amazon	Sea_Victory_6328	1
03-May-2023	30d	amazon	iloveehotmoms	1
03-May-2023	30d	amazon	bunoboz	1
03-May-2023	30d	amazon	cjp1873	1
03-May-2023	30d	amazon	OnlyWhenIBreathe	1
03-May-2023	30d	amazon	SwayX_X	1
03-May-2023	30d	amazon	redditupf2	1
03-May-2023	30d	amazon	isholamhi01	1
03-May-2023	30d	amazon	BeehiveStudio00	1
03-May-2023	30d	amazon	Unfair_Band_722	1
03-May-2023	30d	amazon	Whereismyflashlight	1
03-May-2023	30d	amazon	Janeb48	1
03-May-2023	30d	amazon	usamanajam	1
03-May-2023	30d	amazon	stefannnnnd	1
03-May-2023	30d	amazon	AlexInThePalace	1
03-May-2023	30d	amazon	Specialist-Ask8890	1
03-May-2023	30d	amazon	Pink-neck-Steven	1
03-May-2023	30d	amazon	divinexoxo	1
03-May-2023	30d	amazon	simmessi	1
03-May-2023	30d	amazon	ahsan2221	1
03-May-2023	30d	amazon	R3pa1r3d	1
03-May-2023	30d	amazon	mc510	1
03-May-2023	30d	amazon	vitaliyh	1
03-May-2023	30d	amazon	gRAVErGurl	1
03-May-2023	30d	amazon	Kitchen-Owl8952	1
03-May-2023	30d	amazon	pidgeonatemypidgeon	1
03-May-2023	30d	amazon	LiquidC001	1
03-May-2023	30d	amazon	NickFireplace	1
03-May-2023	30d	amazon	StressedAfraid_	1
03-May-2023	30d	amazon	bettymarilynsmith	1
03-May-2023	30d	amazon	whitley5	1
03-May-2023	30d	amazon	Aju_vee	1
03-May-2023	30d	amazon	Fruitsklo	1
03-May-2023	30d	amazon	Tcat9822	1
03-May-2023	30d	amazon	SanctuaryMoon	1
03-May-2023	30d	amazon	BatFastardRedditor	1
03-May-2023	30d	amazon	Raleighwood007	1
03-May-2023	30d	amazon	SureAd2323	1
03-May-2023	30d	amazon	chibinightray	1
03-May-2023	30d	amazon	SamMcGroovy	1
03-May-2023	30d	amazon	Adventurous_Echo2878	1
03-May-2023	30d	amazon	Acceptable_Pop_4393	1
03-May-2023	30d	amazon	pixelrogue	1
03-May-2023	30d	amazon	stonecats	1
03-May-2023	30d	amazon	ZaidS0405	1
03-May-2023	30d	amazon	Positive-Feed393	1
03-May-2023	30d	amazon	Potential_Display662	1
03-May-2023	30d	amazon	A9TOP6	1
03-May-2023	30d	amazon	Longjumping_Relief50	1
03-May-2023	30d	amazon	Prior-Common-8069	1
03-May-2023	30d	amazon	A7X_Z	1
03-May-2023	30d	amazon	moshedanger	1
03-May-2023	30d	amazon	The_Overgiver	1
03-May-2023	30d	amazon	Either-Bodybuilder60	1
03-May-2023	30d	amazon	CarterCornish	1
03-May-2023	30d	amazon	DekuSussyBaka	1
03-May-2023	30d	amazon	anyaxwakuwaku	1
03-May-2023	30d	amazon	etarag	1
03-May-2023	30d	amazon	italian_mom	1
03-May-2023	30d	amazon	Macondra2014	1
03-May-2023	30d	amazon	doorbell19	1
03-May-2023	30d	amazon	dairy666	1
03-May-2023	30d	amazon	new_gift_card	1
03-May-2023	30d	amazon	Organic-Purple-6351	1
03-May-2023	30d	amazon	Asleep-Ad6137	1
03-May-2023	30d	amazon	Main-Magician9145	1
03-May-2023	30d	amazon	PanicLogically	1
03-May-2023	30d	amazon	Professional-Slide68	1
03-May-2023	30d	amazon	CardiologistEarly483	1
03-May-2023	30d	amazon	Business_coach77	1
03-May-2023	30d	amazon	cz108	1
03-May-2023	30d	amazon	Heidirs	1
03-May-2023	30d	amazon	AlwaysWantedToAsk93	1
03-May-2023	30d	amazon	Standard-Report-2298	1
03-May-2023	30d	amazon	Alert_Safe_4440	1
03-May-2023	30d	amazon	whussain5	1
03-May-2023	30d	amazon	makemoney2024	1
03-May-2023	30d	amazon	PleasantCurrant-FAT1	1
03-May-2023	30d	amazon	thesunsetcatcher	1
03-May-2023	30d	amazon	Kayzer2410	1
03-May-2023	30d	amazon	Stunning-Ear-9087	1
03-May-2023	30d	amazon	abonaser23	1
03-May-2023	30d	amazon	ItsOceanPlayz_Reddit	1
03-May-2023	30d	amazon	Kamin-Sky	1
03-May-2023	30d	amazon	racerimmortal87	1
03-May-2023	30d	amazon	measchway	1
03-May-2023	30d	amazon	Usual-Draft9942	1
03-May-2023	30d	amazon	bob_ross_reddit_yea	1
03-May-2023	30d	amazon	Crafty_Cap5275	1
03-May-2023	30d	amazon	pallladin	1
03-May-2023	30d	amazon	Valin123	1
03-May-2023	30d	amazon	Dan-in-Va	1
03-May-2023	30d	amazon	NewinTown109	1
03-May-2023	30d	amazon	XercesGetsDown	1
03-May-2023	30d	amazon	Odd_Sleep3990	1
03-May-2023	30d	amazon	sarmi34	1
03-May-2023	30d	amazon	dunbarskii	1
03-May-2023	30d	amazon	Spuds4Duds	1
03-May-2023	30d	amazon	garoto_enxaqueca	1
03-May-2023	30d	amazon	No-Celery-7711	1
03-May-2023	30d	amazon	Notdestorm	1
03-May-2023	30d	amazon	0b4macare	1
03-May-2023	30d	amazon	Thomas_RD	1
03-May-2023	30d	amazon	Last_Ad3255	1
03-May-2023	30d	amazon	kevinheart22	1
03-May-2023	30d	amazon	Sea_Journalist_3615	1
03-May-2023	30d	amazon	MagicMyc10	1
03-May-2023	30d	amazon	Raven-XTreme	1
03-May-2023	30d	amazon	Puzzleheaded_You_689	1
03-May-2023	30d	amazon	CardiologistWarm9029	1
03-May-2023	30d	amazon	leechtealady	1
03-May-2023	30d	amazon	firewell_313	1
03-May-2023	30d	amazon	evolved92	1
03-May-2023	30d	amazon	Savwire	1
03-May-2023	30d	amazon	FastNeighborhood2767	1
03-May-2023	30d	amazon	Master-Environment95	1
03-May-2023	30d	amazon	QA_Nerd	1
03-May-2023	30d	amazon	Aboy_hasnoname	1
03-May-2023	30d	amazon	Fun-Librarian5941	1
03-May-2023	30d	amazon	UnderstandingDry9660	1
03-May-2023	30d	amazon	owotismwastaken	1
03-May-2023	30d	amazon	5eul-gi	1
03-May-2023	30d	amazon	Ryukashin94	1
03-May-2023	30d	amazon	edelclaude	1
03-May-2023	30d	amazon	Downtown_Row_4051	1
03-May-2023	30d	amazon	Future_Luck27	1
03-May-2023	30d	amazon	METASHOPUF	1
03-May-2023	30d	amazon	Possible_Tiger_695	1
03-May-2023	30d	amazon	icepalpa	1
03-May-2023	30d	amazon	Technical-Gur-382	1
03-May-2023	30d	amazon	AdforThepoorfamily	1
03-May-2023	30d	amazon	-Jeanne-dArc	1
03-May-2023	30d	amazon	League_Different	1
03-May-2023	30d	amazon	shadowhood25	1
03-May-2023	30d	amazon	ChocolateRich4122	1
03-May-2023	30d	amazon	bennett7569	1
03-May-2023	30d	amazon	TheOriginalDerpMan	1
03-May-2023	30d	amazon	louisvuittonlatte	1
03-May-2023	30d	amazon	thisismypornaltlolol	1
03-May-2023	30d	amazon	shemeanswelll	1
03-May-2023	30d	amazon	AffectionateField225	1
03-May-2023	30d	amazon	cnbc_official	1
03-May-2023	30d	amazon	mahdy89	1
03-May-2023	30d	amazon	Archieauthor	1
03-May-2023	30d	amazon	rkarl7777	1
03-May-2023	30d	amazon	Sweaty-Cut7578	1
03-May-2023	30d	amazon	TThe_Improvisor	1
03-May-2023	30d	amazon	Lazy-Sorbet-5999	1
03-May-2023	30d	amazon	Broccoli-Trickster	1
03-May-2023	30d	amazon	Minimocha_27	1
03-May-2023	30d	amazon	cheesymod	1
03-May-2023	30d	amazon	TEMUDEVELOPER	1
03-May-2023	30d	amazon	Smooth-Mycologist652	1
03-May-2023	30d	amazon	david123_brown	1
03-May-2023	30d	amazon	StebLoL	1
03-May-2023	30d	amazon	thinkagain1	1
03-May-2023	30d	amazon	Snappytomcat	1
03-May-2023	30d	amazon	Verduzcos	1
03-May-2023	30d	amazon	KeiraMurat	1
03-May-2023	30d	amazon	zyf444e668	1
03-May-2023	30d	amazon	SoftPois0n	1
03-May-2023	30d	amazon	Competitive_Shift206	1
03-May-2023	30d	amazon	Variety43	1
03-May-2023	30d	amazon	Semicolonhope	1
03-May-2023	30d	amazon	tebbytear	1
03-May-2023	30d	amazon	lagi444crus	1
03-May-2023	30d	amazon	Unlikely-Ad-4031	1
03-May-2023	30d	amazon	makeit2102-	1
03-May-2023	30d	amazon	Whoargche	1
03-May-2023	30d	amazon	2004HondaCivicK20	1
03-May-2023	30d	amazon	NoFanofThis	1
03-May-2023	30d	amazon	r9800pro	1
03-May-2023	30d	amazon	ido1990	1
03-May-2023	30d	amazon	William_1200	1
03-May-2023	30d	amazon	CeldonKnight	1
03-May-2023	30d	amazon	Newuser13131313	1
03-May-2023	30d	amazon	Robertcurry2	1
03-May-2023	30d	amazon	tin87tin	1
03-May-2023	30d	amazon	aiaor	1
03-May-2023	30d	amazon	MaddCricket	1
03-May-2023	30d	amazon	Hel5_	1
03-May-2023	30d	amazon	External_Monk_5370	1
03-May-2023	30d	amazon	brobarb	1
03-May-2023	30d	amazon	Random-white-ish-gal	1
03-May-2023	30d	amazon	Lost_Rub_8453	1
03-May-2023	30d	amazon	c4catz	1
03-May-2023	30d	amazon	RoodNewb	1
03-May-2023	30d	amazon	Fkmeitscold	1
03-May-2023	30d	amazon	PakAttack86	1
03-May-2023	30d	amazon	Stonkover9000	1
03-May-2023	30d	amazon	fucking_idiot2	1
03-May-2023	30d	amazon	InterestingWord4188	1
03-May-2023	30d	amazon	throwaway1230100	1
03-May-2023	30d	amazon	mourning_wood_again	1
03-May-2023	30d	amazon	TheBeastGamer2507	1
03-May-2023	30d	amazon	Successful-11	1
03-May-2023	30d	amazon	BunnyNinja2379	1
03-May-2023	30d	amazon	hazza987	1
03-May-2023	30d	amazon	LazarianV	1
03-May-2023	30d	amazon	missinglinksman	1
03-May-2023	30d	amazon	lizzieismydog	1
03-May-2023	30d	amazon	ashykamal95	1
03-May-2023	30d	amazon	todayofferbyali4	1
03-May-2023	30d	amazon	-JEFF007-	1
03-May-2023	30d	amazon	Prem_bhalerao_12	1
03-May-2023	30d	amazon	Trip_2	1
03-May-2023	30d	amazon	Relevant-Locksmith75	1
03-May-2023	30d	amazon	BackgroundGrouchy41	1
03-May-2023	30d	amazon	ShauWolf	1
03-May-2023	30d	amazon	tareqaziz95	1
03-May-2023	30d	amazon	Corybacon	1
03-May-2023	30d	amazon	Lake_Serperior	1
03-May-2023	30d	amazon	Titanguru7	1
03-May-2023	30d	amazon	CynicMV	1
03-May-2023	30d	amazon	Drdverse	1
03-May-2023	30d	amazon	Rancidbones813	1
03-May-2023	30d	amazon	katr422	1
03-May-2023	30d	amazon	Hobbit_Holes	1
03-May-2023	30d	amazon	EddySam69	1
03-May-2023	30d	amazon	OrganizationNo6074	1
03-May-2023	30d	amazon	Affectionate_Owl_832	1
03-May-2023	30d	amazon	wlexxx2	1
03-May-2023	30d	amazon	Severe_Librarian_249	1
03-May-2023	30d	amazon	TypicalAsian0	1
03-May-2023	30d	amazon	msklovesmath	1
03-May-2023	30d	amazon	East_Preference4754	1
03-May-2023	30d	amazon	joshuamarius	1
03-May-2023	30d	amazon	Kahless_2K	1
03-May-2023	30d	amazon	Sanstheprotector	1
03-May-2023	30d	amazon	JustElthadorr	1
03-May-2023	30d	amazon	Sophie_derv-23	1
03-May-2023	30d	amazon	RoughTheory3006	1
03-May-2023	30d	amazon	cyper_1	1
03-May-2023	30d	amazon	triplethreat1469	1
03-May-2023	30d	amazon	Bomptomp	1
03-May-2023	30d	amazon	brownsl66	1
03-May-2023	30d	amazon	galernalovestore	1
03-May-2023	30d	amazon	Makeupaholicx	1
03-May-2023	30d	amazon	serinde_miriel	1
03-May-2023	30d	amazon	LockeColeFF	1
03-May-2023	30d	amazon	jellownina	1
03-May-2023	30d	amazon	Fabulous_Mud_8773	1
03-May-2023	30d	amazon	Jon_Lach	1
03-May-2023	30d	amazon	Rubikslayer07	1
03-May-2023	30d	amazon	kitsen_battousai	1
03-May-2023	30d	amazon	ams3401	1
03-May-2023	30d	amazon	Normal-Feeling-7386	1
03-May-2023	30d	amazon	Emotional_Abalone270	1
03-May-2023	30d	amazon	Material_Cold_3318	1
03-May-2023	30d	amazon	AlivePatient7226	1
03-May-2023	30d	amazon	BitchBass	1
03-May-2023	30d	amazon	Ok_Buy_8776	1
03-May-2023	30d	amazon	Dude_of_York	1
03-May-2023	30d	amazon	BlueFaygo2003	1
03-May-2023	30d	amazon	dreamer881	1
03-May-2023	30d	amazon	KaKaPooPooPePeShire	1
03-May-2023	30d	amazon	IDoBelieveInGarys	1
03-May-2023	30d	amazon	Kind_Specialist8986	1
03-May-2023	30d	amazon	mennydream	1
03-May-2023	30d	amazon	Zestyclose_Log_6456	1
03-May-2023	30d	amazon	Due-One2837	1
03-May-2023	30d	amazon	thedesolatehopeitsme	1
03-May-2023	30d	amazon	SashaMitchener	1
03-May-2023	30d	amazon	AmazonPickMeUp	1
03-May-2023	30d	amazon	howisaraven	1
03-May-2023	30d	amazon	durjoy_hajra	1
03-May-2023	30d	amazon	thekingleone	1
03-May-2023	30d	amazon	StrangeRalph	1
03-May-2023	30d	amazon	Trending_Now2023	1
03-May-2023	30d	amazon	Ivaklom	1
03-May-2023	30d	amazon	TheNewLevi	1
03-May-2023	30d	amazon	McFascism	1
03-May-2023	30d	amazon	Mysterious-Resist-56	1
03-May-2023	30d	amazon	GoldenDealsTexas	1
03-May-2023	30d	amazon	4500_MASS_EAT	1
03-May-2023	30d	amazon	kindnessisallwehave	1
03-May-2023	30d	amazon	GurAdventurous2170	1
03-May-2023	30d	amazon	lindafromevildead	1
03-May-2023	30d	amazon	Dull_Committee_5559	1
03-May-2023	30d	amazon	Giversneverlack2	1
03-May-2023	30d	amazon	Tall_Principle_3458	1
03-May-2023	30d	amazon	SellerAi	1
03-May-2023	30d	amazon	RealEpicAaron	1
03-May-2023	30d	amazon	merkavasiman4	1
03-May-2023	30d	amazon	RandomFemboy82	1
03-May-2023	30d	amazon	Ok-Actuator8558	1
03-May-2023	30d	amazon	Miserable_Boat_7801	1
03-May-2023	30d	amazon	Angxlmilk	1
03-May-2023	30d	amazon	teth21	1
03-May-2023	30d	amazon	m_saad_2000	1
03-May-2023	30d	amazon	Due-Charity2393	1
03-May-2023	30d	amazon	Spicy_Poo	1
03-May-2023	30d	amazon	JonneyMillar	1
03-May-2023	30d	amazon	frankirv	1
03-May-2023	30d	amazon	Electronic-Crazy781	1
03-May-2023	30d	amazon	TPN247	1
03-May-2023	30d	amazon	chauhan_1810	1
03-May-2023	30d	amazon	SmilyPizza275	1
03-May-2023	30d	amazon	scaique_NFT	1
03-May-2023	30d	amazon	ghostofthecomputer	1
03-May-2023	30d	amazon	holyguaxamole	1
03-May-2023	30d	amazon	Zestyclose_Leader315	1
03-May-2023	30d	amazon	horny_kink	1
03-May-2023	30d	amazon	pepsipaul	1
03-May-2023	30d	amazon	Wrist-Violinist	1
03-May-2023	30d	amazon	10marketing8	1
03-May-2023	30d	amazon	Sure_guide_	1
03-May-2023	30d	amazon	ConfidentCandidate96	1
03-May-2023	30d	amazon	CatPaw-	1
03-May-2023	30d	amazon	TurtleChrist	1
03-May-2023	30d	amazon	ryry334673	1
03-May-2023	30d	amazon	Rajfashionblog	1
03-May-2023	30d	amazon	iceman0613	1
03-May-2023	30d	amazon	DaRealDorseyBruh	1
03-May-2023	30d	amazon	SiliconSandCastle	1
03-May-2023	30d	amazon	_am-bi-baby_	1
03-May-2023	30d	amazon	VintageCorduroy	1
03-May-2023	30d	amazon	Jokersplaycard	1
03-May-2023	30d	amazon	ShyGuy5555	1
03-May-2023	30d	amazon	NoImplement8218	1
03-May-2023	30d	amazon	Ext4byte	1
03-May-2023	30d	amazon	summerlove713	1
03-May-2023	30d	amazon	Winter-Complaint1457	1
03-May-2023	30d	amazon	CathbadTheDruid	1
03-May-2023	30d	amazon	RuddyDailyPost19	1
03-May-2023	30d	amazon	TrapNoCap	1
03-May-2023	30d	amazon	Antobam040	1
03-May-2023	30d	amazon	AceDenied	1
03-May-2023	30d	amazon	WonderWanderWayfarer	1
03-May-2023	30d	amazon	brett695	1
03-May-2023	30d	amazon	PaleontologistFew138	1
03-May-2023	30d	amazon	DesignerArmy9495	1
03-May-2023	30d	amazon	AQDUyYN7cgbDa4eYtxTq	1
03-May-2023	30d	amazon	grmljemkx	1
03-May-2023	30d	amazon	Bigdaddyshaw348	1
03-May-2023	30d	amazon	CorthNarolina	1
03-May-2023	30d	amazon	FXXUCK	1
03-May-2023	30d	amazon	voidvampire07	1
03-May-2023	30d	amazon	Hairy_Edge_7378	1
03-May-2023	30d	amazon	toastar-phone	1
03-May-2023	30d	amazon	Dread_Nugget	1
03-May-2023	30d	amazon	IonEagle21	1
03-May-2023	30d	amazon	TheGuy636	1
03-May-2023	30d	amazon	Ancient-Agency	1
03-May-2023	30d	amazon	Lanky-Dependent	1
03-May-2023	30d	amazon	One-Character5870	1
03-May-2023	30d	amazon	michaelmotorcycle92	1
03-May-2023	30d	amazon	safijiivar	1
03-May-2023	30d	amazon	TheScarletPeacock	1
03-May-2023	30d	amazon	mohammednageh61	1
03-May-2023	30d	amazon	DryRaspberry9838	1
03-May-2023	30d	amazon	malikshops	1
03-May-2023	30d	amazon	CloseEnvironment	1
03-May-2023	30d	amazon	santaklaw	1
03-May-2023	30d	amazon	Derpy847	1
03-May-2023	30d	amazon	MLtoonguy	1
03-May-2023	30d	amazon	jaxssy	1
03-May-2023	30d	amazon	Epyon_	1
03-May-2023	30d	amazon	NocturnalAx	1
03-May-2023	30d	amazon	Devid9073	1
03-May-2023	30d	amazon	omarjarrah	1
03-May-2023	30d	amazon	PoeBoyJoe	1
03-May-2023	30d	amazon	marabou22	1
03-May-2023	30d	amazon	Terrible_Terrance	1
03-May-2023	30d	amazon	useventeen	1
03-May-2023	30d	amazon	thegrey92	1
03-May-2023	30d	amazon	Ravinha	1
03-May-2023	30d	amazon	Worth-Swordfish-8506	1
03-May-2023	30d	amazon	Only_Tomorrow_6964	1
03-May-2023	30d	amazon	outofmemory01	1
03-May-2023	30d	amazon	Fluid_Pension2531	1
03-May-2023	30d	amazon	TiMELeSS526	1
03-May-2023	30d	amazon	hichaam2	1
03-May-2023	30d	amazon	Penthar_Mull	1
03-May-2023	30d	amazon	jiffeydotcom1	1
03-May-2023	30d	amazon	Fair-View5747	1
03-May-2023	30d	amazon	larryseltzer	1
03-May-2023	30d	amazon	NewAd7190	1
03-May-2023	30d	amazon	Realistic-Joke-9345	1
03-May-2023	30d	amazon	Ok_Albatross4026	1
03-May-2023	30d	amazon	Ok_Day3050	1
03-May-2023	30d	amazon	daleyyc	1
03-May-2023	30d	amazon	Still-Ad-7132	1
03-May-2023	30d	amazon	yhankhee	1
03-May-2023	30d	amazon	Asimuvas	1
03-May-2023	30d	amazon	fakefitter	1
03-May-2023	30d	amazon	BroJJ25	1
03-May-2023	30d	amazon	SevenBendsBotanicals	1
03-May-2023	30d	amazon	Careless-Ad3790	1
03-May-2023	30d	amazon	Haileymotionless	1
03-May-2023	30d	amazon	faaki	1
03-May-2023	30d	amazon	KazArisato	1
03-May-2023	30d	amazon	NebulaBrew	1
03-May-2023	30d	amazon	caymenpope	1
03-May-2023	30d	amazon	PsychologicalAd8012	1
03-May-2023	30d	amazon	ProfessionalShirt176	1
03-May-2023	30d	amazon	fr4nk0ce4n	1
03-May-2023	30d	amazon	Acceptable_Sale5723	1
03-May-2023	30d	amazon	martialexa	1
03-May-2023	30d	amazon	SmartBrowsingSociety	1
03-May-2023	30d	amazon	Sensitive_Current_44	1
03-May-2023	30d	amazon	Shinozakeh	1
03-May-2023	30d	amazon	Weak-Comfortable7085	1
03-May-2023	30d	amazon	Hour-Environment4087	1
03-May-2023	30d	amazon	MuddyBubble32-	1
03-May-2023	30d	amazon	PyroCorvid	1
03-May-2023	30d	amazon	shez19833	1
03-May-2023	30d	amazon	Garnet1970	1
03-May-2023	30d	amazon	frdarkz	1
03-May-2023	30d	amazon	Bon_yaqwq	1
03-May-2023	30d	amazon	PartyNightAway	1
03-May-2023	30d	amazon	Rubbel-DieKatz	1
03-May-2023	30d	amazon	dontcringeme	1
03-May-2023	30d	amazon	Reasonable-Mind1982	1
03-May-2023	30d	amazon	Sad_Mind306	1
03-May-2023	30d	amazon	Jflogistics	1
03-May-2023	30d	amazon	Bulky_Ad_388	1
03-May-2023	30d	amazon	ScooterManCR	1
03-May-2023	30d	amazon	hypefaxin72	1
03-May-2023	30d	amazon	itme103	1
03-May-2023	30d	amazon	Dangerous-Bluebird59	1
03-May-2023	30d	amazon	Yummy-money	1
03-May-2023	30d	amazon	Chart_Legitimate	1
03-May-2023	30d	amazon	unexpectedly_common	1
03-May-2023	30d	amazon	Silverphile	1
03-May-2023	30d	amazon	purelombardi	1
03-May-2023	30d	amazon	Wafflee21	1
03-May-2023	30d	amazon	1C3NT	1
03-May-2023	30d	amazon	averageidea	1
03-May-2023	30d	amazon	RIP_Don_Vito	1
03-May-2023	30d	amazon	Secret-Afternoon-645	1
03-May-2023	30d	amazon	mound_maker	1
03-May-2023	30d	amazon	One_Friendship8658	1
03-May-2023	30d	amazon	DelfreGo	1
03-May-2023	30d	amazon	unlockrepairllcshop	1
03-May-2023	30d	amazon	Whimsywarrior21	1
03-May-2023	30d	amazon	George90731	1
03-May-2023	30d	amazon	LtDangley	1
03-May-2023	30d	amazon	hkesteloo	1
03-May-2023	30d	amazon	Evya_IL	1
03-May-2023	30d	amazon	MJ12369	1
03-May-2023	30d	amazon	necessarystores24	1
03-May-2023	30d	amazon	MaizeLeft4272	1
03-May-2023	30d	amazon	Tiny-Effective-9810	1
03-May-2023	30d	amazon	pythonNlpLovers	1
03-May-2023	30d	amazon	WxaithBrynger	1
03-May-2023	30d	amazon	elcigala20	1
03-May-2023	30d	amazon	littlemisssunshine40	1
03-May-2023	30d	amazon	LifeguardPutrid2993	1
03-May-2023	30d	amazon	SirMarcMatthews	1
03-May-2023	30d	amazon	CuriousPsychosis	1
03-May-2023	30d	amazon	rachel-angelina	1
03-May-2023	30d	amazon	babaganoooshh	1
03-May-2023	30d	amazon	ciendagrace	1
03-May-2023	30d	amazon	xbbykittenmelx	1
03-May-2023	30d	amazon	pooted_zooted	1
03-May-2023	30d	amazon	Alarming-Addition-30	1
03-May-2023	30d	amazon	Mostafeca	1
03-May-2023	30d	amazon	4eyedweirdo	1
03-May-2023	30d	amazon	Fun_Fuel333	1
03-May-2023	30d	amazon	Araliance	1
03-May-2023	30d	amazon	0ashkan4	1
03-May-2023	30d	amazon	m_rishab	1
03-May-2023	30d	amazon	raptorbluez	1
03-May-2023	30d	amazon	That-Cable6761	1
03-May-2023	30d	amazon	GratefulGourmand	1
03-May-2023	30d	amazon	Libensborn	1
03-May-2023	30d	amazon	Plastic_kangaroo	1
03-May-2023	30d	amazon	BaburZahir	1
03-May-2023	30d	amazon	genesis3337	1
03-May-2023	30d	amazon	PeaGroundbreaking664	1
03-May-2023	30d	amazon	Express-Hornet4573	1
03-May-2023	30d	amazon	MichiganYooper	1
03-May-2023	30d	amazon	Altruistic_Bank_1721	1
03-May-2023	30d	amazon	DOGzilla6624	1
03-May-2023	30d	amazon	lividfantasia	1
03-May-2023	30d	amazon	KEYm_0NO	1
03-May-2023	30d	amazon	Far_Struggle_1375	1
03-May-2023	30d	amazon	BlckWithWhtBirthmark	1
03-May-2023	30d	amazon	Spirited_Memory9446	1
03-May-2023	30d	amazon	Sodisna2	1
03-May-2023	30d	amazon	wil123forde	1
03-May-2023	30d	amazon	Retrograde-Planet	1
03-May-2023	30d	amazon	spyncer2020	1
03-May-2023	30d	amazon	Willing_Cicada9057	1
03-May-2023	30d	amazon	Jamie2990	1
03-May-2023	30d	amazon	Julio76402012	1
03-May-2023	30d	amazon	simplyaless	1
03-May-2023	30d	amazon	mindonautca	1
03-May-2023	30d	amazon	Mountain-Grab2519	1
03-May-2023	30d	amazon	cleangravy	1
03-May-2023	30d	amazon	Graye_Skreen	1
03-May-2023	30d	amazon	benmills66	1
03-May-2023	30d	amazon	AmyGirlVl	1
03-May-2023	30d	amazon	Mad-Andre	1
03-May-2023	30d	amazon	ALLEYEDFORK	1
03-May-2023	30d	amazon	Desperate-Step-5832	1
03-May-2023	30d	amazon	AtomikRadio	1
03-May-2023	30d	amazon	Interesting-Hat-6182	1
03-May-2023	30d	amazon	ArnieGumble	1
03-May-2023	30d	amazon	Randomfive98	1
03-May-2023	30d	amazon	alternativebeep	1
03-May-2023	30d	amazon	Fungusamongus27	1
03-May-2023	30d	amazon	Hustling_101	1
03-May-2023	30d	amazon	BroadwayGuy123	1
03-May-2023	30d	amazon	aehanken	1
03-May-2023	30d	amazon	TheFrillyVista	1
03-May-2023	30d	amazon	trsands	1
03-May-2023	30d	amazon	Unkle_Bonji	1
03-May-2023	30d	amazon	thats-pretty-cool-	1
03-May-2023	30d	amazon	cryingcowplants_	1
03-May-2023	30d	amazon	mustardeater247	1
03-May-2023	30d	amazon	W5ociety	1
03-May-2023	30d	amazon	omkar-goodb	1
03-May-2023	30d	amazon	IcyCattle6374	1
03-May-2023	30d	amazon	jimmjucy	1
03-May-2023	30d	amazon	neetusingh01	1
03-May-2023	30d	amazon	Naf_Reddit	1
03-May-2023	30d	amazon	Rich_Rutabaga9252	1
03-May-2023	30d	amazon	Ryder1329_	1
03-May-2023	30d	amazon	Toop200	1
03-May-2023	30d	amazon	Idiottttttic	1
03-May-2023	30d	amazon	NP_Steve	1
03-May-2023	30d	amazon	fatboyglen21	1
03-May-2023	30d	amazon	imjustherewatup	1
03-May-2023	30d	amazon	Khano143	1
03-May-2023	30d	amazon	HotFan1739	1
03-May-2023	30d	amazon	Outrageous-Ladder-72	1
03-May-2023	30d	amazon	Distinct_Valuable908	1
03-May-2023	30d	amazon	FreddyFromunda	1
03-May-2023	30d	amazon	bala400	1
03-May-2023	30d	amazon	Think_Raccoon_5425	1
03-May-2023	30d	amazon	No-Department7310	1
03-May-2023	30d	amazon	Ghostwood7	1
03-May-2023	30d	amazon	Kirc1701	1
03-May-2023	30d	amazon	Jpaylay42016	1
03-May-2023	30d	amazon	ChrisBarse86	1
03-May-2023	30d	amazon	aisiv	1
03-May-2023	30d	amazon	AvaniSimcha	1
03-May-2023	30d	amazon	RevolutionaryLog6248	1
03-May-2023	30d	amazon	PasswordPussy	1
03-May-2023	30d	amazon	Tyzka	1
03-May-2023	30d	amazon	manuelg01	1
03-May-2023	30d	amazon	WhizWithout	1
03-May-2023	30d	amazon	4everban	1
03-May-2023	30d	amazon	JhancockLakota1	1
03-May-2023	30d	amazon	Honigdachs69	1
03-May-2023	30d	amazon	Stumble19	1
03-May-2023	30d	amazon	Hopeful-System-8786	1
03-May-2023	30d	amazon	ShouresSoote	1
03-May-2023	30d	amazon	CoryardBG	1
03-May-2023	30d	amazon	sarahnottsara	1
03-May-2023	30d	amazon	RedshirtBlueshirt97	1
03-May-2023	30d	amazon	Limestone360	1
03-May-2023	30d	amazon	jfjenehd	1
03-May-2023	30d	amazon	bsn2000	1
03-May-2023	30d	amazon	akool_technology	1
03-May-2023	30d	amazon	ConRev23	1
03-May-2023	30d	amazon	puzzifer	1
03-May-2023	30d	amazon	swordgeek	1
03-May-2023	30d	amazon	Worried_Fishing3531	1
03-May-2023	30d	amazon	sowhatnardis	1
03-May-2023	30d	amazon	Glad-Pomegranate930	1
03-May-2023	30d	amazon	FshineD	1
03-May-2023	30d	amazon	fiercefv	1
03-May-2023	30d	amazon	mikeybhoy_1985	1
03-May-2023	30d	amazon	rayberto1972	1
03-May-2023	30d	amazon	ArtisticTry1423	1
03-May-2023	30d	amazon	Comfortable_Pool5326	1
03-May-2023	30d	amazon	rainbowtoucan1992	1
03-May-2023	30d	amazon	Latter_Ad_670	1
03-May-2023	30d	amazon	Pottkinder	1
03-May-2023	30d	amazon	GeneCheng	1
03-May-2023	30d	amazon	TranslatorNeat5331	1
03-May-2023	30d	amazon	Ok_News_406	1
03-May-2023	30d	amazon	Ashe_Doomsday	1
03-May-2023	30d	amazon	ravensfan852	1
03-May-2023	30d	amazon	nikkococo1998	1
03-May-2023	30d	amazon	summerricko	1
03-May-2023	30d	amazon	Sadosamko	1
03-May-2023	30d	amazon	EdibleCheeseGuy	1
03-May-2023	30d	amazon	Amjad_20222	1
03-May-2023	30d	amazon	HudsonDad56	1
03-May-2023	30d	amazon	Willing-Ad-5083	1
03-May-2023	30d	amazon	inheretoreadcomments	1
03-May-2023	30d	amazon	Ordinary-Swimming917	1
03-May-2023	30d	amazon	hellorobby	1
03-May-2023	30d	amazon	Asleep-Leg-9635	1
03-May-2023	30d	amazon	antihero_zero	1
03-May-2023	30d	amazon	FrenchToesSticks	1
03-May-2023	30d	amazon	Sofia5633	1
03-May-2023	30d	amazon	ohnoafeeling	1
03-May-2023	30d	amazon	caesardilf	1
03-May-2023	30d	amazon	Sharfuzzaman	1
03-May-2023	30d	amazon	BreathlessSins	1
03-May-2023	30d	amazon	23Bow	1
03-May-2023	30d	amazon	TrueDarkZidane	1
03-May-2023	30d	amazon	jshji252	1
03-May-2023	30d	amazon	Gr8NW	1
03-May-2023	30d	amazon	CriticallyAbnormal	1
03-May-2023	30d	amazon	Pandamoanium777	1
03-May-2023	30d	amazon	thelivsterette1	1
03-May-2023	30d	amazon	GeekyGrannyTexas	1
03-May-2023	30d	amazon	Kill_All_With_Fire	1
03-May-2023	30d	amazon	Own_Cable_43	1
03-May-2023	30d	amazon	yohihi_	1
03-May-2023	30d	amazon	Kindly_Put_5065	1
03-May-2023	30d	amazon	IMO2021	1
03-May-2023	30d	amazon	yukesfire	1
03-May-2023	30d	amazon	Connect-Sort217	1
03-May-2023	30d	amazon	No-Problem-Big-Man	1
03-May-2023	30d	amazon	ComprehensiveGrab69	1
03-May-2023	30d	amazon	ThinkSteak5765	1
03-May-2023	30d	amazon	fjgwey	1
03-May-2023	30d	amazon	TakeYourVitamin	1
03-May-2023	30d	amazon	shaunfly1	1
03-May-2023	30d	amazon	THC_For_Sale	1
03-May-2023	30d	amazon	Few-Juggernaut-9227	1
03-May-2023	30d	amazon	saxisa	1
03-May-2023	30d	amazon	Affectionate-Ad-649	1
03-May-2023	30d	amazon	CroninChris	1
03-May-2023	30d	amazon	South_Outside4948	1
03-May-2023	30d	amazon	theoniwan87	1
03-May-2023	30d	amazon	Tomukami	1
03-May-2023	30d	amazon	ImNotPamela	1
03-May-2023	30d	amazon	jaysmaan	1
03-May-2023	30d	amazon	throwaway44792	1
03-May-2023	30d	amazon	Ok_Act8214	1
03-May-2023	30d	amazon	zcodes_xyz	1
03-May-2023	30d	amazon	Sylveon9087	1
03-May-2023	30d	amazon	Adalwolf311	1
03-May-2023	30d	amazon	BadAtTechStufff	1
03-May-2023	30d	amazon	Lost_Improvement_463	1
03-May-2023	30d	amazon	SSSantanaa	1
03-May-2023	30d	amazon	jojomott	1
03-May-2023	30d	amazon	ibzcnote604	1
03-May-2023	30d	amazon	Historical_State80	1
03-May-2023	30d	amazon	Radiant_Set_8953	1
03-May-2023	30d	amazon	trebory6	1
03-May-2023	30d	amazon	Secret_Willingness78	1
03-May-2023	30d	amazon	Fluid-Creme-7943	1
03-May-2023	30d	amazon	prodigyash5124	1
03-May-2023	30d	amazon	Emotional_Track1583	1
03-May-2023	30d	amazon	mamaway	1
03-May-2023	30d	amazon	mytextgoeshere	1
03-May-2023	30d	amazon	lima_echo_lima	1
03-May-2023	30d	amazon	btadams1971	1
03-May-2023	30d	amazon	Mrs_Milk333	1
03-May-2023	30d	amazon	jesiel055	1
03-May-2023	30d	amazon	spenzurk	1
03-May-2023	30d	amazon	M010220	1
03-May-2023	30d	amazon	SFarm666	1
03-May-2023	30d	amazon	Blanche-0406	1
03-May-2023	30d	amazon	monitorsareprison	1
03-May-2023	30d	amazon	Noah30dz	1
03-May-2023	30d	amazon	milesdavis1939	1
03-May-2023	30d	amazon	julcyfruit	1
03-May-2023	30d	amazon	batsychan	1
03-May-2023	30d	amazon	honey495	1
03-May-2023	30d	amazon	LeanPicachu	1
03-May-2023	30d	amazon	Dense-Dependent-4351	1
03-May-2023	30d	amazon	fiddleleafpop	1
03-May-2023	30d	amazon	wockheartzz	1
03-May-2023	30d	amazon	SirMrSheep	1
03-May-2023	30d	amazon	elderscrolls1993	1
03-May-2023	30d	amazon	Jord2496	1
03-May-2023	30d	amazon	Low_Entry5644	1
03-May-2023	30d	amazon	MurkleGiraffe	1
03-May-2023	30d	amazon	Sweet-Bus-1821	1
03-May-2023	30d	amazon	partheritis	1
03-May-2023	30d	amazon	DSanctiArts	1
03-May-2023	30d	amazon	NoAssociation1	1
03-May-2023	30d	amazon	craigslistpagla	1
03-May-2023	30d	amazon	ItsmeEureka	1
03-May-2023	30d	amazon	JMPSr1984	1
03-May-2023	30d	amazon	adtraddict	1
03-May-2023	30d	amazon	baconn	1
03-May-2023	30d	amazon	FrivolousFetus	1
03-May-2023	30d	amazon	impressive-cow854220	1
03-May-2023	30d	amazon	Alarmed_Foundation41	1
03-May-2023	30d	amazon	smjohnston1	1
03-May-2023	30d	amazon	Then_Ice_1353	1
03-May-2023	30d	amazon	Fancy-Assignment-467	1
03-May-2023	30d	amazon	Powder_Pan	1
03-May-2023	30d	amazon	Fun-Contribution-650	1
03-May-2023	30d	amazon	Ill-Entrepreneur5797	1
03-May-2023	30d	amazon	aqueeb1994	1
03-May-2023	30d	amazon	xArkSlade08x	1
03-May-2023	30d	amazon	QuickShiftful	1
03-May-2023	30d	amazon	SIRbothersome_e	1
03-May-2023	30d	amazon	Dramatic-Ad-2778	1
03-May-2023	30d	amazon	proposition_john	1
03-May-2023	30d	amazon	Greedy_Visual6710	1
03-May-2023	30d	amazon	Active_Kenney	1
03-May-2023	30d	amazon	barrelofmonkfish	1
03-May-2023	30d	amazon	Alisonjayne	1
03-May-2023	30d	amazon	LilGrunties	1
03-May-2023	30d	amazon	redditsuckspokey1	1
03-May-2023	30d	amazon	Fighter4all	1
03-May-2023	30d	amazon	BravoKilo55	1
03-May-2023	30d	amazon	MrTrendizzle	1
03-May-2023	30d	amazon	Stephanovicc	1
03-May-2023	30d	amazon	sainettech	1
03-May-2023	30d	amazon	WTFOMGBBQ	1
03-May-2023	30d	amazon	proboyalan	1
03-May-2023	30d	amazon	columbinenovi	1
03-May-2023	30d	amazon	fancy_the_rat	1
03-May-2023	30d	amazon	OkCommunication2216	1
03-May-2023	30d	amazon	PurpleUnicornz7	1
03-May-2023	30d	amazon	INFINITY9HANT0M	1
03-May-2023	30d	amazon	Worldly-Ad-6453	1
03-May-2023	30d	amazon	RattleAndSpeak	1
03-May-2023	30d	amazon	polandtown	1
03-May-2023	30d	amazon	shmavalanche	1
03-May-2023	30d	amazon	Shimi-Jimi	1
03-May-2023	30d	amazon	ToughEnough6983	1
03-May-2023	30d	amazon	Super-Dealer1816	1
03-May-2023	30d	amazon	KarlJay001	1
03-May-2023	30d	amazon	Noxious525	1
03-May-2023	30d	amazon	ZealousidealWrap6265	1
03-May-2023	30d	amazon	Miserable_Payment358	1
03-May-2023	30d	amazon	Jerswar	1
03-May-2023	30d	amazon	Useful-Tackle-3089	1
03-May-2023	30d	amazon	bigjmoney	1
03-May-2023	30d	amazon	No_Nectarine_3478	1
03-May-2023	30d	amazon	Melodic_Reserve5279	1
03-May-2023	30d	amazon	BeanC0unt3r	1
03-May-2023	30d	amazon	gerente-amazon	1
03-May-2023	30d	amazon	Mr-Ridiculawesome	1
03-May-2023	30d	amazon	Infinite-Nose671	1
03-May-2023	30d	amazon	NW-Grown	1
03-May-2023	30d	amazon	Jamesmac70	1
03-May-2023	30d	amazon	Mistake-Spirited	1
03-May-2023	30d	amazon	yourtechstoryblogs	1
03-May-2023	30d	amazon	Reasonable-Degree-65	1
03-May-2023	30d	amazon	Secure_Ad6993	1
03-May-2023	30d	amazon	Gpatiostringlights	1
03-May-2023	30d	amazon	Inferno_Reddit	1
03-May-2023	30d	amazon	TechManPrieto	1
03-May-2023	30d	amazon	Moose4Lunch	1
