query_date	before_date	subreddit	comment_author	comment_frequency
03-May-2023	40d	amazon	AutoModerator	333
03-May-2023	40d	amazon	[deleted]	76
03-May-2023	40d	amazon	Throwingshead	48
03-May-2023	40d	amazon	sibman	31
03-May-2023	40d	amazon	tokki0912	21
03-May-2023	40d	amazon	Most_Engineering_992	19
03-May-2023	40d	amazon	known_starfield	13
03-May-2023	40d	amazon	cpc_niklaos	9
03-May-2023	40d	amazon	jrhoffa	9
03-May-2023	40d	amazon	serinde_miriel	5
03-May-2023	40d	amazon	discrete_apparatus	5
03-May-2023	40d	amazon	Spicy_Poo	5
03-May-2023	40d	amazon	Sad_Abbreviations477	4
03-May-2023	40d	amazon	ams3401	4
03-May-2023	40d	amazon	East_Preference4754	4
03-May-2023	40d	amazon	Makeupaholicx	4
03-May-2023	40d	amazon	Bored_lurker87	4
03-May-2023	40d	amazon	ameri9595	4
03-May-2023	40d	amazon	Alonzeus	3
03-May-2023	40d	amazon	Mysterious-Resist-56	3
03-May-2023	40d	amazon	mamasilver	3
03-May-2023	40d	amazon	Iliketosufferalot	3
03-May-2023	40d	amazon	Dull_Committee_5559	3
03-May-2023	40d	amazon	_Keahilele_	3
03-May-2023	40d	amazon	Nothing_But_Design77	3
03-May-2023	40d	amazon	middleCman	3
03-May-2023	40d	amazon	Aymbition	3
03-May-2023	40d	amazon	vinegarfingers	3
03-May-2023	40d	amazon	Wrong_Pie7026	3
03-May-2023	40d	amazon	New_Property1854	3
03-May-2023	40d	amazon	Ok_Day3050	3
03-May-2023	40d	amazon	rdwpin	3
03-May-2023	40d	amazon	Real-Hovercraft4305	3
03-May-2023	40d	amazon	Wonderful_Ease8278	3
03-May-2023	40d	amazon	Fuckedinthehead91	3
03-May-2023	40d	amazon	Secret_Targaryen23	3
03-May-2023	40d	amazon	Alloyd11	2
03-May-2023	40d	amazon	OrganizationNo6074	2
03-May-2023	40d	amazon	OreadaholicO	2
03-May-2023	40d	amazon	TypicalAsian0	2
03-May-2023	40d	amazon	weveran	2
03-May-2023	40d	amazon	Bomptomp	2
03-May-2023	40d	amazon	BitchBass	2
03-May-2023	40d	amazon	Material_Cold_3318	2
03-May-2023	40d	amazon	One_Tell_5165	2
03-May-2023	40d	amazon	IDoBelieveInGarys	2
03-May-2023	40d	amazon	SnowblindAlbino	2
03-May-2023	40d	amazon	pcsjimmy	2
03-May-2023	40d	amazon	DaCowExplodez	2
03-May-2023	40d	amazon	SkullLeader	2
03-May-2023	40d	amazon	lindafromevildead	2
03-May-2023	40d	amazon	MusicIsVice1	2
03-May-2023	40d	amazon	daniellederek	2
03-May-2023	40d	amazon	WhatWouldTNGPicardDo	2
03-May-2023	40d	amazon	iPhoneMiniWHITE	2
03-May-2023	40d	amazon	mfranko88	2
03-May-2023	40d	amazon	PoeBoyJoe	2
03-May-2023	40d	amazon	kvelec4326	2
03-May-2023	40d	amazon	MyPBlack	2
03-May-2023	40d	amazon	Sword-of-Akasha	2
03-May-2023	40d	amazon	BroJJ25	2
03-May-2023	40d	amazon	aiaor	2
03-May-2023	40d	amazon	wytrabbit	2
03-May-2023	40d	amazon	relish-tranya	2
03-May-2023	40d	amazon	buzzgun	2
03-May-2023	40d	amazon	RIP_Don_Vito	2
03-May-2023	40d	amazon	Wafflee21	2
03-May-2023	40d	amazon	ScooterManCR	2
03-May-2023	40d	amazon	Dangerous-Bluebird59	2
03-May-2023	40d	amazon	surfcitysurfergirl	2
03-May-2023	40d	amazon	Le_Epic_GodGamer	2
03-May-2023	40d	amazon	LifeguardPutrid2993	2
03-May-2023	40d	amazon	elcigala20	2
03-May-2023	40d	amazon	RoosterTheReal	2
03-May-2023	40d	amazon	atuckk15	2
03-May-2023	40d	amazon	BroadwayGuy123	2
03-May-2023	40d	amazon	AvaniSimcha	2
03-May-2023	40d	amazon	alternativebeep	2
03-May-2023	40d	amazon	CherryRayRay	2
03-May-2023	40d	amazon	TehWildMan_	2
03-May-2023	40d	amazon	PotatoWafel	2
03-May-2023	40d	amazon	whofusesthemusic	2
03-May-2023	40d	amazon	Sarfbot	2
03-May-2023	40d	amazon	Sorry_Nobody1552	2
03-May-2023	40d	amazon	allen354	1
03-May-2023	40d	amazon	Corybacon	1
03-May-2023	40d	amazon	Lake_Serperior	1
03-May-2023	40d	amazon	redd-or45	1
03-May-2023	40d	amazon	burpeedevil	1
03-May-2023	40d	amazon	southdakotagirl	1
03-May-2023	40d	amazon	Laura9624	1
03-May-2023	40d	amazon	Rhueless	1
03-May-2023	40d	amazon	vanderpumptools	1
03-May-2023	40d	amazon	goodjuju123	1
03-May-2023	40d	amazon	jlosito37	1
03-May-2023	40d	amazon	shilojoe	1
03-May-2023	40d	amazon	EggoGF	1
03-May-2023	40d	amazon	WesleyWishes	1
03-May-2023	40d	amazon	weinbs	1
03-May-2023	40d	amazon	BerningInSoDak	1
03-May-2023	40d	amazon	Francesca_N_Furter	1
03-May-2023	40d	amazon	Trip_2	1
03-May-2023	40d	amazon	natrapsmai	1
03-May-2023	40d	amazon	wezley77	1
03-May-2023	40d	amazon	Zxeno3	1
03-May-2023	40d	amazon	Reggie222	1
03-May-2023	40d	amazon	Deep_Copy27	1
03-May-2023	40d	amazon	Recent-Bird	1
03-May-2023	40d	amazon	Still-Nectarine-9914	1
03-May-2023	40d	amazon	DelfreGo	1
03-May-2023	40d	amazon	zenjabba	1
03-May-2023	40d	amazon	AmbitiousDistrict374	1
03-May-2023	40d	amazon	howmocanyougo	1
03-May-2023	40d	amazon	Sanstheprotector	1
03-May-2023	40d	amazon	OK_Opinions	1
03-May-2023	40d	amazon	Valuable_Host5901	1
03-May-2023	40d	amazon	AnomalyNexus	1
03-May-2023	40d	amazon	JeeboJeebo	1
03-May-2023	40d	amazon	MeliodasKush	1
03-May-2023	40d	amazon	Csr2000	1
03-May-2023	40d	amazon	xnaveedhassan	1
03-May-2023	40d	amazon	Past_Ebb_3392	1
03-May-2023	40d	amazon	LockeColeFF	1
03-May-2023	40d	amazon	blueman541	1
03-May-2023	40d	amazon	moogleslam	1
03-May-2023	40d	amazon	Muwmu	1
03-May-2023	40d	amazon	dasurpha	1
03-May-2023	40d	amazon	Uddercup	1
03-May-2023	40d	amazon	screwthat	1
03-May-2023	40d	amazon	SCphotog	1
03-May-2023	40d	amazon	Mobius1701A	1
03-May-2023	40d	amazon	NakedCardboard	1
03-May-2023	40d	amazon	Ok_Buy_8776	1
03-May-2023	40d	amazon	EVula	1
03-May-2023	40d	amazon	PeachedPocky	1
03-May-2023	40d	amazon	KaKaPooPooPePeShire	1
03-May-2023	40d	amazon	Waternut13134	1
03-May-2023	40d	amazon	DatBoiKibo	1
03-May-2023	40d	amazon	partyorca	1
03-May-2023	40d	amazon	thaxcutioner	1
03-May-2023	40d	amazon	Johnny_Yukon	1
03-May-2023	40d	amazon	Due-One2837	1
03-May-2023	40d	amazon	locus200kin	1
03-May-2023	40d	amazon	dcstamperok	1
03-May-2023	40d	amazon	ebbik	1
03-May-2023	40d	amazon	CrookedFish	1
03-May-2023	40d	amazon	Due-Charity2393	1
03-May-2023	40d	amazon	howisaraven	1
03-May-2023	40d	amazon	bookchaser	1
03-May-2023	40d	amazon	tatanka01	1
03-May-2023	40d	amazon	Metallic52	1
03-May-2023	40d	amazon	redstoneguy9249	1
03-May-2023	40d	amazon	SmuglySly	1
03-May-2023	40d	amazon	NHGuy	1
03-May-2023	40d	amazon	1Deerintheheadlights	1
03-May-2023	40d	amazon	phosphor112	1
03-May-2023	40d	amazon	Economy_Humor9205	1
03-May-2023	40d	amazon	QuietAvalanche	1
03-May-2023	40d	amazon	barrystrawbridgess	1
03-May-2023	40d	amazon	torontocomicpressing	1
03-May-2023	40d	amazon	happyjazzycook	1
03-May-2023	40d	amazon	RandomFemboy82	1
03-May-2023	40d	amazon	Relevant-Key4610	1
03-May-2023	40d	amazon	IAMAHater	1
03-May-2023	40d	amazon	stepsonbrokenglass	1
03-May-2023	40d	amazon	merkavasiman4	1
03-May-2023	40d	amazon	Tazzz777zzz	1
03-May-2023	40d	amazon	sf-o-matic	1
03-May-2023	40d	amazon	Into-the-stream	1
03-May-2023	40d	amazon	breakingd4d	1
03-May-2023	40d	amazon	DemanoRock	1
03-May-2023	40d	amazon	nickolove11xk	1
03-May-2023	40d	amazon	Miserable_Boat_7801	1
03-May-2023	40d	amazon	gfhgfhgf43	1
03-May-2023	40d	amazon	Extension_Cricket_30	1
03-May-2023	40d	amazon	TheCarrot007	1
03-May-2023	40d	amazon	kidwgm	1
03-May-2023	40d	amazon	EyesLikeBuscemi	1
03-May-2023	40d	amazon	Balily	1
03-May-2023	40d	amazon	chauhan_1810	1
03-May-2023	40d	amazon	trinityone1220	1
03-May-2023	40d	amazon	_C4ke	1
03-May-2023	40d	amazon	drnova411	1
03-May-2023	40d	amazon	AdditionalAd5349	1
03-May-2023	40d	amazon	Freeasabird01	1
03-May-2023	40d	amazon	ghostofthecomputer	1
03-May-2023	40d	amazon	maeleck777	1
03-May-2023	40d	amazon	Jalebi786	1
03-May-2023	40d	amazon	defchris	1
03-May-2023	40d	amazon	sleepinzzzz	1
03-May-2023	40d	amazon	Particular-Plum-8592	1
03-May-2023	40d	amazon	yellandtell	1
03-May-2023	40d	amazon	NeoWizard69	1
03-May-2023	40d	amazon	eberkain	1
03-May-2023	40d	amazon	iceman0613	1
03-May-2023	40d	amazon	U_Ch405	1
03-May-2023	40d	amazon	Jackmehoffer12	1
03-May-2023	40d	amazon	bubbamike1	1
03-May-2023	40d	amazon	brennenderopa	1
03-May-2023	40d	amazon	WonderWanderWayfarer	1
03-May-2023	40d	amazon	dhyman2112	1
03-May-2023	40d	amazon	brett695	1
03-May-2023	40d	amazon	KindaThrowaway_	1
03-May-2023	40d	amazon	ehossain	1
03-May-2023	40d	amazon	voidvampire07	1
03-May-2023	40d	amazon	Hoax1024	1
03-May-2023	40d	amazon	TheGuy636	1
03-May-2023	40d	amazon	michaelmotorcycle92	1
03-May-2023	40d	amazon	yellowumbrella84	1
03-May-2023	40d	amazon	RetedRacer	1
03-May-2023	40d	amazon	santaklaw	1
03-May-2023	40d	amazon	matskat	1
03-May-2023	40d	amazon	iceman7265	1
03-May-2023	40d	amazon	VegasKL	1
03-May-2023	40d	amazon	Calvinsky	1
03-May-2023	40d	amazon	qv26	1
03-May-2023	40d	amazon	NEPTUNETHR33	1
03-May-2023	40d	amazon	Stock-Compote-4394	1
03-May-2023	40d	amazon	thdesha2021	1
03-May-2023	40d	amazon	thegrey92	1
03-May-2023	40d	amazon	Ravinha	1
03-May-2023	40d	amazon	throwawayacc6487	1
03-May-2023	40d	amazon	wsucoug83	1
03-May-2023	40d	amazon	konsoru-paysan	1
03-May-2023	40d	amazon	TiMELeSS526	1
03-May-2023	40d	amazon	ssrunning	1
03-May-2023	40d	amazon	zzz099	1
03-May-2023	40d	amazon	incognitochaud	1
03-May-2023	40d	amazon	americanista8745	1
03-May-2023	40d	amazon	me_likecats	1
03-May-2023	40d	amazon	RainbowSockMan	1
03-May-2023	40d	amazon	Iamdarb	1
03-May-2023	40d	amazon	NebulaBrew	1
03-May-2023	40d	amazon	Still-Ad-7132	1
03-May-2023	40d	amazon	colderfusioncrypt	1
03-May-2023	40d	amazon	fakefitter	1
03-May-2023	40d	amazon	SYNYST3R1	1
03-May-2023	40d	amazon	bsn2000	1
03-May-2023	40d	amazon	Longjumping_Buy2278	1
03-May-2023	40d	amazon	Haileymotionless	1
03-May-2023	40d	amazon	irmari01	1
03-May-2023	40d	amazon	Christinax_	1
03-May-2023	40d	amazon	Shorty_Keeper	1
03-May-2023	40d	amazon	johnadaniels	1
03-May-2023	40d	amazon	GretchenNebraska	1
03-May-2023	40d	amazon	Mace-Moneta	1
03-May-2023	40d	amazon	Amaz1n_blue	1
03-May-2023	40d	amazon	MrKrockbottom	1
03-May-2023	40d	amazon	Aeromotor	1
03-May-2023	40d	amazon	NefariousnessDull916	1
03-May-2023	40d	amazon	SkulkingLemon	1
03-May-2023	40d	amazon	asianwaste	1
03-May-2023	40d	amazon	Bon_yaqwq	1
03-May-2023	40d	amazon	Kernel_Paniq	1
03-May-2023	40d	amazon	dontcringeme	1
03-May-2023	40d	amazon	moutonbleu	1
03-May-2023	40d	amazon	GendeEnglish	1
03-May-2023	40d	amazon	AlrightyAlmighty	1
03-May-2023	40d	amazon	DrMichaelHfuhruhurr	1
03-May-2023	40d	amazon	UNoWho17	1
03-May-2023	40d	amazon	Zinobiaz	1
03-May-2023	40d	amazon	Silverphile	1
03-May-2023	40d	amazon	alifelessblob	1
03-May-2023	40d	amazon	averageidea	1
03-May-2023	40d	amazon	Secret-Afternoon-645	1
03-May-2023	40d	amazon	ButteringButters	1
03-May-2023	40d	amazon	aran-d	1
03-May-2023	40d	amazon	RenoBaxter	1
03-May-2023	40d	amazon	FlavoredButtHair	1
03-May-2023	40d	amazon	jbus	1
03-May-2023	40d	amazon	distractxme	1
03-May-2023	40d	amazon	PGDW	1
03-May-2023	40d	amazon	Cryogenic_Monster	1
03-May-2023	40d	amazon	CodeNameBryan	1
03-May-2023	40d	amazon	Abcormal	1
03-May-2023	40d	amazon	k03135333	1
03-May-2023	40d	amazon	malphadour	1
03-May-2023	40d	amazon	joliet_jane_blues	1
03-May-2023	40d	amazon	WhiskeyWhisperer	1
03-May-2023	40d	amazon	justbob806	1
03-May-2023	40d	amazon	betona	1
03-May-2023	40d	amazon	Sorry_Sorry_Im_Sorry	1
03-May-2023	40d	amazon	StructuralE	1
03-May-2023	40d	amazon	WxaithBrynger	1
03-May-2023	40d	amazon	FireDracon	1
03-May-2023	40d	amazon	banzzai13	1
03-May-2023	40d	amazon	temmiesayshoi	1
03-May-2023	40d	amazon	CuriousPsychosis	1
03-May-2023	40d	amazon	rachel-angelina	1
03-May-2023	40d	amazon	TonyTonyTony432	1
03-May-2023	40d	amazon	Henrik-Powers	1
03-May-2023	40d	amazon	Cyber_Akuma	1
03-May-2023	40d	amazon	BurtonFisher	1
03-May-2023	40d	amazon	DOGzilla6624	1
03-May-2023	40d	amazon	Alez90920	1
03-May-2023	40d	amazon	loserboy	1
03-May-2023	40d	amazon	sghokie	1
03-May-2023	40d	amazon	Spirited_Memory9446	1
03-May-2023	40d	amazon	Retrograde-Planet	1
03-May-2023	40d	amazon	Ok-Background-7897	1
03-May-2023	40d	amazon	Tooblicker	1
03-May-2023	40d	amazon	BppnfvbanyOnxre	1
03-May-2023	40d	amazon	fittyfitz13	1
03-May-2023	40d	amazon	hevermind	1
03-May-2023	40d	amazon	AmyGirlVl	1
03-May-2023	40d	amazon	ALLEYEDFORK	1
03-May-2023	40d	amazon	LemonSqueezles	1
03-May-2023	40d	amazon	Warm-Tradition-7799	1
03-May-2023	40d	amazon	Mobilematt1	1
03-May-2023	40d	amazon	ExNihiloMusicorumFit	1
03-May-2023	40d	amazon	2ndGreatestBuff	1
03-May-2023	40d	amazon	realmusclegamer	1
03-May-2023	40d	amazon	cthulhusleviathan	1
03-May-2023	40d	amazon	NoIndividual7693	1
03-May-2023	40d	amazon	throwawayy-98	1
03-May-2023	40d	amazon	Titanium_Josh	1
03-May-2023	40d	amazon	drinkjuiceshelb	1
03-May-2023	40d	amazon	QuietProfessional1	1
03-May-2023	40d	amazon	AnonAmazonHelp	1
03-May-2023	40d	amazon	ExdigguserPies	1
03-May-2023	40d	amazon	Severe-Breadfruit669	1
03-May-2023	40d	amazon	MsKatsune	1
03-May-2023	40d	amazon	CheekyThunderThighs	1
03-May-2023	40d	amazon	Naf_Reddit	1
03-May-2023	40d	amazon	Ryder1329_	1
03-May-2023	40d	amazon	postrap	1
03-May-2023	40d	amazon	Specialist_Shallot82	1
03-May-2023	40d	amazon	CleanLivingBoi	1
03-May-2023	40d	amazon	Imaginary_Tap_4242	1
03-May-2023	40d	amazon	thatdeaththo	1
03-May-2023	40d	amazon	ShouresSoote	1
03-May-2023	40d	amazon	ShardofGold	1
03-May-2023	40d	amazon	MunchOnALime	1
03-May-2023	40d	amazon	BlueEyedGirlFromOR	1
03-May-2023	40d	amazon	4everban	1
03-May-2023	40d	amazon	erdirck	1
