query_date	before_date	subreddit	comment_author	comment_frequency
03-May-2023	100d	amazon	AutoModerator	339
03-May-2023	100d	amazon	[deleted]	84
03-May-2023	100d	amazon	sibman	25
03-May-2023	100d	amazon	Throwingshead	19
03-May-2023	100d	amazon	known_starfield	14
03-May-2023	100d	amazon	tlong1124	12
03-May-2023	100d	amazon	stuartgatzo	10
03-May-2023	100d	amazon	Tooblicker	7
03-May-2023	100d	amazon	Oscarsome	7
03-May-2023	100d	amazon	Sarfbot	6
03-May-2023	100d	amazon	BlueBabyButterfly	6
03-May-2023	100d	amazon	Tricky_Climate1636	6
03-May-2023	100d	amazon	Mizzou0579	5
03-May-2023	100d	amazon	jarritto1	5
03-May-2023	100d	amazon	fatty__boi	5
03-May-2023	100d	amazon	OutsideBowl6137	5
03-May-2023	100d	amazon	Ok-Background-7897	4
03-May-2023	100d	amazon	Varon_DiStefano	4
03-May-2023	100d	amazon	MonkeyBellyStarToes	4
03-May-2023	100d	amazon	Lexta222	4
03-May-2023	100d	amazon	kindall	4
03-May-2023	100d	amazon	jrhoffa	3
03-May-2023	100d	amazon	Helgafjell4Me	3
03-May-2023	100d	amazon	DelEmma17	3
03-May-2023	100d	amazon	WhoCareZB1tezH	3
03-May-2023	100d	amazon	Extreme-Internet7842	3
03-May-2023	100d	amazon	GeoChallenge	3
03-May-2023	100d	amazon	x3rohero	3
03-May-2023	100d	amazon	partyorca	3
03-May-2023	100d	amazon	areweserious00	3
03-May-2023	100d	amazon	GetRiceCrispy	3
03-May-2023	100d	amazon	KittyWingsx	3
03-May-2023	100d	amazon	mentoyas	3
03-May-2023	100d	amazon	ElementofTreachery	3
03-May-2023	100d	amazon	EglinAfarce	3
03-May-2023	100d	amazon	Ocanannain	3
03-May-2023	100d	amazon	Heavy-Car1363	3
03-May-2023	100d	amazon	breeezyc	3
03-May-2023	100d	amazon	sweetpeapickle	3
03-May-2023	100d	amazon	TasteOfMexico	2
03-May-2023	100d	amazon	Multiverse_Money	2
03-May-2023	100d	amazon	schurgy16	2
03-May-2023	100d	amazon	_glasstables	2
03-May-2023	100d	amazon	zombarista	2
03-May-2023	100d	amazon	Mysterious-Theory-66	2
03-May-2023	100d	amazon	Sea_Push_7261	2
03-May-2023	100d	amazon	pman6	2
03-May-2023	100d	amazon	TwoThirdsDone	2
03-May-2023	100d	amazon	Jambo526	2
03-May-2023	100d	amazon	Quacker_United	2
03-May-2023	100d	amazon	FatBearWeekKatmai	2
03-May-2023	100d	amazon	FaultOut	2
03-May-2023	100d	amazon	Who_is_I_today	2
03-May-2023	100d	amazon	Thatsabitmulch	2
03-May-2023	100d	amazon	Round_Responsible	2
03-May-2023	100d	amazon	Valkyrie5984	2
03-May-2023	100d	amazon	DPlainview69	2
03-May-2023	100d	amazon	Kolamer	2
03-May-2023	100d	amazon	RickestRickSea137	2
03-May-2023	100d	amazon	Fix-this1975	2
03-May-2023	100d	amazon	Wrestlingfan3434	2
03-May-2023	100d	amazon	liarandathief	2
03-May-2023	100d	amazon	Ansh_6743	2
03-May-2023	100d	amazon	The_Egg_came_first	2
03-May-2023	100d	amazon	IamNOTGaryBusey	2
03-May-2023	100d	amazon	GradeAPrimeFuckery	2
03-May-2023	100d	amazon	C_Steele96	2
03-May-2023	100d	amazon	Swimming_Mammoth_874	2
03-May-2023	100d	amazon	shash270	2
03-May-2023	100d	amazon	Single-Neck-8506	2
03-May-2023	100d	amazon	JasonBeorn	2
03-May-2023	100d	amazon	aadapts	2
03-May-2023	100d	amazon	twoandaquarter83	2
03-May-2023	100d	amazon	bopit_rockit_stopit	2
03-May-2023	100d	amazon	quiken4	2
03-May-2023	100d	amazon	catherinesawhore	2
03-May-2023	100d	amazon	fjccommish	2
03-May-2023	100d	amazon	duluoz1	2
03-May-2023	100d	amazon	JohnBrownStan	2
03-May-2023	100d	amazon	falloutjackal	2
03-May-2023	100d	amazon	jimmysofat6864	2
03-May-2023	100d	amazon	Informal_Ad_8755	2
03-May-2023	100d	amazon	ImPattMan	2
03-May-2023	100d	amazon	No-Judgment6987	2
03-May-2023	100d	amazon	thehighdon	2
03-May-2023	100d	amazon	DeltaVenti	2
03-May-2023	100d	amazon	alias_noa	2
03-May-2023	100d	amazon	Cookiehurricane	2
03-May-2023	100d	amazon	Lewal43	2
03-May-2023	100d	amazon	mamasilver	2
03-May-2023	100d	amazon	Myexperiencesnyc	2
03-May-2023	100d	amazon	m4lmaster	2
03-May-2023	100d	amazon	Martian_Zombie50	1
03-May-2023	100d	amazon	TheDadRockPodcast	1
03-May-2023	100d	amazon	pixiedreamsquirrel	1
03-May-2023	100d	amazon	ConsiderationCalm980	1
03-May-2023	100d	amazon	HaXxXoVtotheZ	1
03-May-2023	100d	amazon	JessDesserts	1
03-May-2023	100d	amazon	gojiraaltforreasons	1
03-May-2023	100d	amazon	Elmonatorrrre	1
03-May-2023	100d	amazon	RahdronRTHTGH	1
03-May-2023	100d	amazon	silvermoonhowler	1
03-May-2023	100d	amazon	PuppetMaster000	1
03-May-2023	100d	amazon	MoonlitShadow4416	1
03-May-2023	100d	amazon	hurtyewh	1
03-May-2023	100d	amazon	Mr_Goring	1
03-May-2023	100d	amazon	cancercureall	1
03-May-2023	100d	amazon	Illenaz	1
03-May-2023	100d	amazon	fuckxoffxthanks	1
03-May-2023	100d	amazon	Odd_Mycologist_5460	1
03-May-2023	100d	amazon	rchllwr	1
03-May-2023	100d	amazon	Negative-Sugar-1188	1
03-May-2023	100d	amazon	looktowindward	1
03-May-2023	100d	amazon	adamsky1997	1
03-May-2023	100d	amazon	thirdlost	1
03-May-2023	100d	amazon	Visible_Intern4835	1
03-May-2023	100d	amazon	grigglegroggle	1
03-May-2023	100d	amazon	CIemson	1
03-May-2023	100d	amazon	Annahsbananas	1
03-May-2023	100d	amazon	OriginalBad	1
03-May-2023	100d	amazon	Responsible-Tutor901	1
03-May-2023	100d	amazon	CrushedCandi	1
03-May-2023	100d	amazon	URRRRRRGHIMSOMAD	1
03-May-2023	100d	amazon	AFXC1	1
03-May-2023	100d	amazon	Kamjiang	1
03-May-2023	100d	amazon	CaptainCookiePuss	1
03-May-2023	100d	amazon	aleinss	1
03-May-2023	100d	amazon	Careful_Lie5532	1
03-May-2023	100d	amazon	Relative_Principle41	1
03-May-2023	100d	amazon	Putrid-Ad8736	1
03-May-2023	100d	amazon	MtnMaiden	1
03-May-2023	100d	amazon	Still-Nectarine-9914	1
03-May-2023	100d	amazon	unpopular_tooth	1
03-May-2023	100d	amazon	anonymiz123	1
03-May-2023	100d	amazon	_Astrogimp	1
03-May-2023	100d	amazon	woohah2	1
03-May-2023	100d	amazon	hottempsc	1
03-May-2023	100d	amazon	Lack0fCommunication	1
03-May-2023	100d	amazon	Acceptable_Excuse_62	1
03-May-2023	100d	amazon	ElliotJM64	1
03-May-2023	100d	amazon	MurderElm82	1
03-May-2023	100d	amazon	doorbell19	1
03-May-2023	100d	amazon	gonejahman	1
03-May-2023	100d	amazon	CamelRacer	1
03-May-2023	100d	amazon	fiercevillain	1
03-May-2023	100d	amazon	dragunslay	1
03-May-2023	100d	amazon	cotafam	1
03-May-2023	100d	amazon	Zastruguh	1
03-May-2023	100d	amazon	NotNow_NotEver_	1
03-May-2023	100d	amazon	Httpshoneybee	1
03-May-2023	100d	amazon	Chuckie-R-Hangerdeck	1
03-May-2023	100d	amazon	designedtodesign	1
03-May-2023	100d	amazon	And-rei	1
03-May-2023	100d	amazon	Pikanyaa	1
03-May-2023	100d	amazon	ShakeyMay	1
03-May-2023	100d	amazon	daisyiris	1
03-May-2023	100d	amazon	Qiqirnmercenary	1
03-May-2023	100d	amazon	myfingersandtoes	1
03-May-2023	100d	amazon	JGS747-	1
03-May-2023	100d	amazon	CrassDemon	1
03-May-2023	100d	amazon	alkevarsky	1
03-May-2023	100d	amazon	atari2600forever	1
03-May-2023	100d	amazon	Yuvneas	1
03-May-2023	100d	amazon	mtux96	1
03-May-2023	100d	amazon	Asherjade	1
03-May-2023	100d	amazon	discrete_apparatus	1
03-May-2023	100d	amazon	TheSword043	1
03-May-2023	100d	amazon	monaegely	1
03-May-2023	100d	amazon	McFloppyBacon	1
03-May-2023	100d	amazon	ds679	1
03-May-2023	100d	amazon	AshingtonDC	1
03-May-2023	100d	amazon	Cerberus73	1
03-May-2023	100d	amazon	Dr_Hilarious	1
03-May-2023	100d	amazon	St_gabriel_of_skane	1
03-May-2023	100d	amazon	alittlespacey	1
03-May-2023	100d	amazon	ztjuh	1
03-May-2023	100d	amazon	MissFerne	1
03-May-2023	100d	amazon	Jodi_Blu	1
03-May-2023	100d	amazon	VoidMageZero	1
03-May-2023	100d	amazon	stylusxyz	1
03-May-2023	100d	amazon	Hazza4Hire	1
03-May-2023	100d	amazon	Forsaken-Thought	1
03-May-2023	100d	amazon	rumhampelstiltskin	1
03-May-2023	100d	amazon	LittleLostDoll	1
03-May-2023	100d	amazon	mybigfatreddit	1
03-May-2023	100d	amazon	Jirb30	1
03-May-2023	100d	amazon	ohioMX5	1
03-May-2023	100d	amazon	Clerkle	1
03-May-2023	100d	amazon	Wafercrackertack	1
03-May-2023	100d	amazon	KennethDev	1
03-May-2023	100d	amazon	BlazingReaper09	1
03-May-2023	100d	amazon	shillyshally	1
03-May-2023	100d	amazon	RoscoeOnReddit	1
03-May-2023	100d	amazon	betonhaus123	1
03-May-2023	100d	amazon	dumpsterfirecore	1
03-May-2023	100d	amazon	Numerous-Broccoli-28	1
03-May-2023	100d	amazon	GiraffesForHigher	1
03-May-2023	100d	amazon	TryingNotToGoCrazy48	1
03-May-2023	100d	amazon	shrewmeister123	1
03-May-2023	100d	amazon	LoveBug23118	1
03-May-2023	100d	amazon	dalifemme77	1
03-May-2023	100d	amazon	Calm_Loss9237	1
03-May-2023	100d	amazon	mwalsh5757	1
03-May-2023	100d	amazon	NWDrive	1
03-May-2023	100d	amazon	BumTumTingle	1
03-May-2023	100d	amazon	battlecatsahead	1
03-May-2023	100d	amazon	Adohnai	1
03-May-2023	100d	amazon	No_Interaction_5206	1
03-May-2023	100d	amazon	turtlenationman	1
03-May-2023	100d	amazon	PresidentOfAlphaBeta	1
03-May-2023	100d	amazon	vuwildcat07	1
03-May-2023	100d	amazon	IssueDuJour	1
03-May-2023	100d	amazon	SK1Y101	1
03-May-2023	100d	amazon	Kookiano	1
03-May-2023	100d	amazon	Spyder638	1
03-May-2023	100d	amazon	lariaenl	1
03-May-2023	100d	amazon	Phantom465	1
03-May-2023	100d	amazon	thegerbilz	1
03-May-2023	100d	amazon	hxgmmgxh	1
03-May-2023	100d	amazon	ShadeezBack	1
03-May-2023	100d	amazon	therealsongoku	1
03-May-2023	100d	amazon	FederalArugula	1
03-May-2023	100d	amazon	DisconnectedDays	1
03-May-2023	100d	amazon	AssmunchStarpuncher	1
03-May-2023	100d	amazon	alanizat	1
03-May-2023	100d	amazon	Booyah_7	1
03-May-2023	100d	amazon	pigsqueakz	1
03-May-2023	100d	amazon	dxk3355	1
03-May-2023	100d	amazon	bananapeel	1
03-May-2023	100d	amazon	OldClocksRock	1
03-May-2023	100d	amazon	NaiveChoiceMaker	1
03-May-2023	100d	amazon	ilovefacebook	1
03-May-2023	100d	amazon	Neoreloaded313	1
03-May-2023	100d	amazon	NebulaBrew	1
03-May-2023	100d	amazon	fatboyjonas	1
03-May-2023	100d	amazon	kimjongunhair	1
03-May-2023	100d	amazon	Cariboudjan	1
03-May-2023	100d	amazon	Arkaega	1
03-May-2023	100d	amazon	farmecologist	1
03-May-2023	100d	amazon	thebigkevdogg	1
03-May-2023	100d	amazon	trogon	1
03-May-2023	100d	amazon	Curious-Money2515	1
03-May-2023	100d	amazon	Linkin_G	1
03-May-2023	100d	amazon	NewCoderNoob	1
03-May-2023	100d	amazon	drj87	1
03-May-2023	100d	amazon	Professional_Show918	1
03-May-2023	100d	amazon	atomicproton	1
03-May-2023	100d	amazon	Theifs_Black	1
03-May-2023	100d	amazon	PotatoIsWatching	1
03-May-2023	100d	amazon	Dazzling-Judge-1816	1
03-May-2023	100d	amazon	kiloodowd	1
03-May-2023	100d	amazon	blakk_foxe	1
03-May-2023	100d	amazon	atuckk15	1
03-May-2023	100d	amazon	Jameswood79	1
03-May-2023	100d	amazon	firewave1001	1
03-May-2023	100d	amazon	Imallvol7	1
03-May-2023	100d	amazon	Cool-MoDmd-5	1
03-May-2023	100d	amazon	DarthGonkXx	1
03-May-2023	100d	amazon	aegrotatio	1
03-May-2023	100d	amazon	jsgraphitti	1
03-May-2023	100d	amazon	GT_Jammy	1
03-May-2023	100d	amazon	tako1984	1
03-May-2023	100d	amazon	crazyherb	1
03-May-2023	100d	amazon	Zassssss	1
03-May-2023	100d	amazon	earthscribe	1
03-May-2023	100d	amazon	aLostEngineer	1
03-May-2023	100d	amazon	sdfgesarg	1
03-May-2023	100d	amazon	sokraftmatic	1
03-May-2023	100d	amazon	WaifusHusband	1
03-May-2023	100d	amazon	Mandygurl79	1
03-May-2023	100d	amazon	DescentFromAntiquity	1
03-May-2023	100d	amazon	treestanby	1
03-May-2023	100d	amazon	HazelMystery	1
03-May-2023	100d	amazon	Intrepid_Watch_1916	1
03-May-2023	100d	amazon	xXindiePressantXx	1
03-May-2023	100d	amazon	Evilkong	1
03-May-2023	100d	amazon	Crafty-Cost-781	1
03-May-2023	100d	amazon	reduser876	1
03-May-2023	100d	amazon	Thud2	1
03-May-2023	100d	amazon	LuvCats13	1
03-May-2023	100d	amazon	redditgirlwz	1
03-May-2023	100d	amazon	whizewhan	1
03-May-2023	100d	amazon	tightneden	1
03-May-2023	100d	amazon	beautyofdeduction	1
03-May-2023	100d	amazon	ArizonaCapitalIlva	1
03-May-2023	100d	amazon	burnerhardlyknower5	1
03-May-2023	100d	amazon	Fun-Musician-1979	1
03-May-2023	100d	amazon	macmanjimmy	1
03-May-2023	100d	amazon	RazorHowlitzer	1
03-May-2023	100d	amazon	elusnuga	1
03-May-2023	100d	amazon	SteveAlpineFulfill	1
03-May-2023	100d	amazon	AJ_Mexico	1
03-May-2023	100d	amazon	chadventurer	1
03-May-2023	100d	amazon	darkseid001	1
03-May-2023	100d	amazon	chopinrocks	1
03-May-2023	100d	amazon	memorablehandle	1
03-May-2023	100d	amazon	talenteddog	1
03-May-2023	100d	amazon	Competitive_Sorbet34	1
03-May-2023	100d	amazon	alantheking22	1
03-May-2023	100d	amazon	DrewDonut	1
03-May-2023	100d	amazon	ibuildcommunities	1
03-May-2023	100d	amazon	Dotquantum	1
03-May-2023	100d	amazon	ChubbyHotMess	1
03-May-2023	100d	amazon	cluelessminer	1
03-May-2023	100d	amazon	treenetee	1
03-May-2023	100d	amazon	whereisgodhiding	1
03-May-2023	100d	amazon	sanfrantokyotron	1
03-May-2023	100d	amazon	yamumsda4	1
03-May-2023	100d	amazon	lonely_coin	1
03-May-2023	100d	amazon	iECOMMERCE	1
03-May-2023	100d	amazon	BakeTomato	1
03-May-2023	100d	amazon	DaBoiiii5	1
03-May-2023	100d	amazon	oneKev	1
03-May-2023	100d	amazon	GiantFlimsyMicrowave	1
03-May-2023	100d	amazon	atexit8	1
03-May-2023	100d	amazon	Hitem20	1
03-May-2023	100d	amazon	horizontalcracker	1
03-May-2023	100d	amazon	Abort_Untitle87	1
03-May-2023	100d	amazon	Tennis121897	1
03-May-2023	100d	amazon	Civil_Cable407	1
03-May-2023	100d	amazon	jennabranson36	1
03-May-2023	100d	amazon	Weird-Entertainer763	1
03-May-2023	100d	amazon	BisexualCaveman	1
03-May-2023	100d	amazon	OlympicAnalEater	1
03-May-2023	100d	amazon	spicydak	1
03-May-2023	100d	amazon	Gold-Appointment-534	1
03-May-2023	100d	amazon	AZwriterJD	1
03-May-2023	100d	amazon	mikeyson	1
03-May-2023	100d	amazon	coupsuper	1
03-May-2023	100d	amazon	meshydra	1
03-May-2023	100d	amazon	JohnJSal	1
03-May-2023	100d	amazon	Nickplay21	1
03-May-2023	100d	amazon	deepmindfulness	1
03-May-2023	100d	amazon	dhokes	1
03-May-2023	100d	amazon	Slownavyguy	1
03-May-2023	100d	amazon	Sxffer_A1one	1
03-May-2023	100d	amazon	1Deerintheheadlights	1
03-May-2023	100d	amazon	That1Guy386	1
03-May-2023	100d	amazon	thisismynewaccountig	1
03-May-2023	100d	amazon	spadeing	1
03-May-2023	100d	amazon	Chrisbradley1	1
03-May-2023	100d	amazon	beezle_bubba	1
03-May-2023	100d	amazon	Maximillian666	1
03-May-2023	100d	amazon	GroundbreakingBeat87	1
03-May-2023	100d	amazon	Spiritual_Ad_3259	1
03-May-2023	100d	amazon	SlinkyTail	1
03-May-2023	100d	amazon	Different_Scientist3	1
03-May-2023	100d	amazon	PhotoZech	1
03-May-2023	100d	amazon	jsnipy	1
03-May-2023	100d	amazon	Snadsnek7	1
03-May-2023	100d	amazon	realmusclegamer	1
03-May-2023	100d	amazon	yustask	1
03-May-2023	100d	amazon	PurpsMcNuggets	1
03-May-2023	100d	amazon	guttertrash5	1
03-May-2023	100d	amazon	chess3588	1
03-May-2023	100d	amazon	coffejelly14	1
03-May-2023	100d	amazon	Pikajoo	1
