query_date	before_date	subreddit	submission_author	submission_frequency
03-May-2023	60d	amazon	AmazonNewsBot	99
03-May-2023	60d	amazon	[deleted]	24
03-May-2023	60d	amazon	afrinbappy6163	8
03-May-2023	60d	amazon	AmbitiousTax441	6
03-May-2023	60d	amazon	Scared-Security-3868	5
03-May-2023	60d	amazon	sydneysteve100	4
03-May-2023	60d	amazon	questions1answer	4
03-May-2023	60d	amazon	Loose-Equivalent-715	3
03-May-2023	60d	amazon	Rhimarie237	3
03-May-2023	60d	amazon	kawsar7373	3
03-May-2023	60d	amazon	OptimalArtist9934	3
03-May-2023	60d	amazon	stacibu	3
03-May-2023	60d	amazon	C6109	3
03-May-2023	60d	amazon	Lanky_Succotash9829	3
03-May-2023	60d	amazon	ShoeAdventurous	3
03-May-2023	60d	amazon	Overknown	3
03-May-2023	60d	amazon	phearr	3
03-May-2023	60d	amazon	r_l14	3
03-May-2023	60d	amazon	Muted_Patience5224	3
03-May-2023	60d	amazon	Latter-Specialist-24	2
03-May-2023	60d	amazon	noobiewithboobiess	2
03-May-2023	60d	amazon	Level-Barnacle-7318	2
03-May-2023	60d	amazon	EnvironmentalOil241	2
03-May-2023	60d	amazon	olasikitike	2
03-May-2023	60d	amazon	njconnect	2
03-May-2023	60d	amazon	rbrunson66	2
03-May-2023	60d	amazon	Perfect_Scream	2
03-May-2023	60d	amazon	Mission-Mud-6685	2
03-May-2023	60d	amazon	leomakrause	2
03-May-2023	60d	amazon	Schellhammer	2
03-May-2023	60d	amazon	Greedy_Visual6710	2
03-May-2023	60d	amazon	WTFOMGBBQ	2
03-May-2023	60d	amazon	KarlJay001	2
03-May-2023	60d	amazon	Big-Initiative-2030	2
03-May-2023	60d	amazon	sangxv	2
03-May-2023	60d	amazon	PastelArcadia	2
03-May-2023	60d	amazon	EnvironmentalEarth96	2
03-May-2023	60d	amazon	newssamimly	2
03-May-2023	60d	amazon	tshirtstoreshop	2
03-May-2023	60d	amazon	PsychologicalCover65	2
03-May-2023	60d	amazon	webrift	2
03-May-2023	60d	amazon	Flat-Slice4959	2
03-May-2023	60d	amazon	i-dm	2
03-May-2023	60d	amazon	BuyersFavourites	2
03-May-2023	60d	amazon	MediaHaunting8669	2
03-May-2023	60d	amazon	Terafelix	2
03-May-2023	60d	amazon	tony_will_coplm	2
03-May-2023	60d	amazon	Salty-Astronomer-823	2
03-May-2023	60d	amazon	Super-Essay-7596	2
03-May-2023	60d	amazon	JustASoftPretzel	2
03-May-2023	60d	amazon	UNLUCKUKID	2
03-May-2023	60d	amazon	New-Ad-3532	2
03-May-2023	60d	amazon	Davidious2000	2
03-May-2023	60d	amazon	Possible_Big2724	2
03-May-2023	60d	amazon	ktuan	2
03-May-2023	60d	amazon	Coconutmilkboba	2
03-May-2023	60d	amazon	DashGranny	2
03-May-2023	60d	amazon	Pololo_-	2
03-May-2023	60d	amazon	Alarming_Sorbet_205	2
03-May-2023	60d	amazon	ScrewLews	2
03-May-2023	60d	amazon	highnrgy	2
03-May-2023	60d	amazon	Prestigious-Use-2970	2
03-May-2023	60d	amazon	law1618	2
03-May-2023	60d	amazon	TurboTortois3	2
03-May-2023	60d	amazon	Appropriate_Light936	2
03-May-2023	60d	amazon	Wrong-Macaron-4375	2
03-May-2023	60d	amazon	sydneysteve99	2
03-May-2023	60d	amazon	Obvious_Daikon_682	2
03-May-2023	60d	amazon	blissllin	2
03-May-2023	60d	amazon	Miserable-Region-68	2
03-May-2023	60d	amazon	DFCFennarioGarcia	2
03-May-2023	60d	amazon	hafdog	2
03-May-2023	60d	amazon	Mizzou0579	2
03-May-2023	60d	amazon	THC_For_Sale	1
03-May-2023	60d	amazon	Few-Juggernaut-9227	1
03-May-2023	60d	amazon	saxisa	1
03-May-2023	60d	amazon	Affectionate-Ad-649	1
03-May-2023	60d	amazon	CroninChris	1
03-May-2023	60d	amazon	South_Outside4948	1
03-May-2023	60d	amazon	theoniwan87	1
03-May-2023	60d	amazon	Tomukami	1
03-May-2023	60d	amazon	ImNotPamela	1
03-May-2023	60d	amazon	jaysmaan	1
03-May-2023	60d	amazon	throwaway44792	1
03-May-2023	60d	amazon	Ok_Act8214	1
03-May-2023	60d	amazon	zcodes_xyz	1
03-May-2023	60d	amazon	Sylveon9087	1
03-May-2023	60d	amazon	Adalwolf311	1
03-May-2023	60d	amazon	BadAtTechStufff	1
03-May-2023	60d	amazon	Photoproguy	1
03-May-2023	60d	amazon	Lost_Improvement_463	1
03-May-2023	60d	amazon	SSSantanaa	1
03-May-2023	60d	amazon	jojomott	1
03-May-2023	60d	amazon	ibzcnote604	1
03-May-2023	60d	amazon	Historical_State80	1
03-May-2023	60d	amazon	Radiant_Set_8953	1
03-May-2023	60d	amazon	trebory6	1
03-May-2023	60d	amazon	Secret_Willingness78	1
03-May-2023	60d	amazon	Fluid-Creme-7943	1
03-May-2023	60d	amazon	prodigyash5124	1
03-May-2023	60d	amazon	Emotional_Track1583	1
03-May-2023	60d	amazon	mamaway	1
03-May-2023	60d	amazon	mytextgoeshere	1
03-May-2023	60d	amazon	lima_echo_lima	1
03-May-2023	60d	amazon	btadams1971	1
03-May-2023	60d	amazon	Mrs_Milk333	1
03-May-2023	60d	amazon	jesiel055	1
03-May-2023	60d	amazon	spenzurk	1
03-May-2023	60d	amazon	M010220	1
03-May-2023	60d	amazon	SFarm666	1
03-May-2023	60d	amazon	Blanche-0406	1
03-May-2023	60d	amazon	monitorsareprison	1
03-May-2023	60d	amazon	Noah30dz	1
03-May-2023	60d	amazon	milesdavis1939	1
03-May-2023	60d	amazon	julcyfruit	1
03-May-2023	60d	amazon	batsychan	1
03-May-2023	60d	amazon	honey495	1
03-May-2023	60d	amazon	LeanPicachu	1
03-May-2023	60d	amazon	Dense-Dependent-4351	1
03-May-2023	60d	amazon	fiddleleafpop	1
03-May-2023	60d	amazon	wockheartzz	1
03-May-2023	60d	amazon	SirMrSheep	1
03-May-2023	60d	amazon	elderscrolls1993	1
03-May-2023	60d	amazon	Jord2496	1
03-May-2023	60d	amazon	Low_Entry5644	1
03-May-2023	60d	amazon	MurkleGiraffe	1
03-May-2023	60d	amazon	Sweet-Bus-1821	1
03-May-2023	60d	amazon	partheritis	1
03-May-2023	60d	amazon	DSanctiArts	1
03-May-2023	60d	amazon	NoAssociation1	1
03-May-2023	60d	amazon	craigslistpagla	1
03-May-2023	60d	amazon	ItsmeEureka	1
03-May-2023	60d	amazon	JMPSr1984	1
03-May-2023	60d	amazon	adtraddict	1
03-May-2023	60d	amazon	baconn	1
03-May-2023	60d	amazon	FrivolousFetus	1
03-May-2023	60d	amazon	impressive-cow854220	1
03-May-2023	60d	amazon	Alarmed_Foundation41	1
03-May-2023	60d	amazon	smjohnston1	1
03-May-2023	60d	amazon	Then_Ice_1353	1
03-May-2023	60d	amazon	Fancy-Assignment-467	1
03-May-2023	60d	amazon	Powder_Pan	1
03-May-2023	60d	amazon	Fun-Contribution-650	1
03-May-2023	60d	amazon	Ill-Entrepreneur5797	1
03-May-2023	60d	amazon	aqueeb1994	1
03-May-2023	60d	amazon	xArkSlade08x	1
03-May-2023	60d	amazon	QuickShiftful	1
03-May-2023	60d	amazon	SIRbothersome_e	1
03-May-2023	60d	amazon	Dramatic-Ad-2778	1
03-May-2023	60d	amazon	proposition_john	1
03-May-2023	60d	amazon	Active_Kenney	1
03-May-2023	60d	amazon	barrelofmonkfish	1
03-May-2023	60d	amazon	Alisonjayne	1
03-May-2023	60d	amazon	LilGrunties	1
03-May-2023	60d	amazon	redditsuckspokey1	1
03-May-2023	60d	amazon	Fighter4all	1
03-May-2023	60d	amazon	BravoKilo55	1
03-May-2023	60d	amazon	MrTrendizzle	1
03-May-2023	60d	amazon	Stephanovicc	1
03-May-2023	60d	amazon	sainettech	1
03-May-2023	60d	amazon	proboyalan	1
03-May-2023	60d	amazon	columbinenovi	1
03-May-2023	60d	amazon	fancy_the_rat	1
03-May-2023	60d	amazon	OkCommunication2216	1
03-May-2023	60d	amazon	PurpleUnicornz7	1
03-May-2023	60d	amazon	INFINITY9HANT0M	1
03-May-2023	60d	amazon	Worldly-Ad-6453	1
03-May-2023	60d	amazon	RattleAndSpeak	1
03-May-2023	60d	amazon	polandtown	1
03-May-2023	60d	amazon	shmavalanche	1
03-May-2023	60d	amazon	Shimi-Jimi	1
03-May-2023	60d	amazon	ToughEnough6983	1
03-May-2023	60d	amazon	Super-Dealer1816	1
03-May-2023	60d	amazon	Noxious525	1
03-May-2023	60d	amazon	ZealousidealWrap6265	1
03-May-2023	60d	amazon	Miserable_Payment358	1
03-May-2023	60d	amazon	Jerswar	1
03-May-2023	60d	amazon	Useful-Tackle-3089	1
03-May-2023	60d	amazon	bigjmoney	1
03-May-2023	60d	amazon	No_Nectarine_3478	1
03-May-2023	60d	amazon	Melodic_Reserve5279	1
03-May-2023	60d	amazon	BeanC0unt3r	1
03-May-2023	60d	amazon	gerente-amazon	1
03-May-2023	60d	amazon	Mr-Ridiculawesome	1
03-May-2023	60d	amazon	Infinite-Nose671	1
03-May-2023	60d	amazon	NW-Grown	1
03-May-2023	60d	amazon	Jamesmac70	1
03-May-2023	60d	amazon	Mistake-Spirited	1
03-May-2023	60d	amazon	yourtechstoryblogs	1
03-May-2023	60d	amazon	Reasonable-Degree-65	1
03-May-2023	60d	amazon	Secure_Ad6993	1
03-May-2023	60d	amazon	Gpatiostringlights	1
03-May-2023	60d	amazon	Inferno_Reddit	1
03-May-2023	60d	amazon	TechManPrieto	1
03-May-2023	60d	amazon	AstarothBeelzebub	1
03-May-2023	60d	amazon	Moose4Lunch	1
03-May-2023	60d	amazon	Dtrain-14	1
03-May-2023	60d	amazon	Blackieray	1
03-May-2023	60d	amazon	kyarew	1
03-May-2023	60d	amazon	Zahed_24	1
03-May-2023	60d	amazon	kareem43110	1
03-May-2023	60d	amazon	Benscanada	1
03-May-2023	60d	amazon	user_jp	1
03-May-2023	60d	amazon	Strange-Rich3453	1
03-May-2023	60d	amazon	ninuzzo28	1
03-May-2023	60d	amazon	cooder-anime_edits	1
03-May-2023	60d	amazon	Rockstar__Games	1
03-May-2023	60d	amazon	Bashar637	1
03-May-2023	60d	amazon	GeeMoney47k	1
03-May-2023	60d	amazon	nickjayr	1
03-May-2023	60d	amazon	Pikmeir	1
03-May-2023	60d	amazon	RamenNoodles_Vlll	1
03-May-2023	60d	amazon	ClearFeCade	1
03-May-2023	60d	amazon	bluceleste	1
03-May-2023	60d	amazon	Global-Association-7	1
03-May-2023	60d	amazon	HelloKittyFreakv2	1
03-May-2023	60d	amazon	Coldkone	1
03-May-2023	60d	amazon	UsedBarber	1
03-May-2023	60d	amazon	fishsca	1
03-May-2023	60d	amazon	Waltersrightball	1
03-May-2023	60d	amazon	OkInv2678	1
03-May-2023	60d	amazon	TrickDefinition2906	1
03-May-2023	60d	amazon	TheDadRockPodcast	1
03-May-2023	60d	amazon	Fuqiin	1
03-May-2023	60d	amazon	cyan000	1
03-May-2023	60d	amazon	flabbobox	1
03-May-2023	60d	amazon	Venoxity_CVX	1
03-May-2023	60d	amazon	_noseud__	1
03-May-2023	60d	amazon	expert500	1
03-May-2023	60d	amazon	MMRomance	1
03-May-2023	60d	amazon	AskAboutMyCatPlease	1
03-May-2023	60d	amazon	ChallengeDesperate42	1
03-May-2023	60d	amazon	LuigiBulletin	1
03-May-2023	60d	amazon	techjustify	1
03-May-2023	60d	amazon	pulcherrimum	1
03-May-2023	60d	amazon	purplepenguinpants	1
03-May-2023	60d	amazon	Smile-Pattern-8077	1
03-May-2023	60d	amazon	EatHerMeat	1
03-May-2023	60d	amazon	trevo929	1
03-May-2023	60d	amazon	Ok_Manufacturer_7991	1
03-May-2023	60d	amazon	strxwberrybabe	1
03-May-2023	60d	amazon	kiwi5151	1
03-May-2023	60d	amazon	Lumpy_Balance8057	1
03-May-2023	60d	amazon	Liaml7530	1
03-May-2023	60d	amazon	MasterShoNuffTLD	1
03-May-2023	60d	amazon	Volsnug	1
03-May-2023	60d	amazon	morethanlauren	1
03-May-2023	60d	amazon	Mrworldwide76	1
03-May-2023	60d	amazon	Equivalent_Piccolo17	1
03-May-2023	60d	amazon	stupid-and-idiot	1
03-May-2023	60d	amazon	Dependent-Aardvark33	1
03-May-2023	60d	amazon	breakingd4d	1
03-May-2023	60d	amazon	Killuaxjennie	1
03-May-2023	60d	amazon	Brandeaux7	1
03-May-2023	60d	amazon	AccordingMushroom215	1
03-May-2023	60d	amazon	SherbetTiger	1
03-May-2023	60d	amazon	XVTheMaster	1
03-May-2023	60d	amazon	Far_Presentation3992	1
03-May-2023	60d	amazon	Ok-Internet12	1
03-May-2023	60d	amazon	OnlyRedditKing	1
03-May-2023	60d	amazon	Mr-MuffinMan	1
03-May-2023	60d	amazon	Tropicaltisk	1
03-May-2023	60d	amazon	Apple-mcJr	1
03-May-2023	60d	amazon	Reallyoutoftheblue	1
03-May-2023	60d	amazon	tehdirtyoldman	1
03-May-2023	60d	amazon	LucidFir	1
03-May-2023	60d	amazon	StoryLover	1
03-May-2023	60d	amazon	uehdhdhdjdieubnd	1
03-May-2023	60d	amazon	stupidrobots	1
03-May-2023	60d	amazon	Noterest	1
03-May-2023	60d	amazon	JustmeinNYC	1
03-May-2023	60d	amazon	glbltvlr	1
03-May-2023	60d	amazon	Careful-Challenge938	1
03-May-2023	60d	amazon	ZIZOGURU0	1
03-May-2023	60d	amazon	Sad-Money-5357	1
03-May-2023	60d	amazon	mctini	1
03-May-2023	60d	amazon	Educational-Start660	1
03-May-2023	60d	amazon	One-Counter-4256	1
03-May-2023	60d	amazon	eligri	1
03-May-2023	60d	amazon	Ahsanislam7	1
03-May-2023	60d	amazon	Life-Cap-3665	1
03-May-2023	60d	amazon	MithicFire	1
03-May-2023	60d	amazon	AirAffectionate457	1
03-May-2023	60d	amazon	Batracho	1
03-May-2023	60d	amazon	nobearpineapples	1
03-May-2023	60d	amazon	Danthesexyman69	1
03-May-2023	60d	amazon	IDislikeHomonyms	1
03-May-2023	60d	amazon	Heiladolf42069	1
03-May-2023	60d	amazon	goldyphlox	1
03-May-2023	60d	amazon	DunderMiffIinCFO	1
03-May-2023	60d	amazon	Nouns_2023	1
03-May-2023	60d	amazon	user9282626	1
03-May-2023	60d	amazon	ginger_princess2009	1
03-May-2023	60d	amazon	Little_Noise_1104	1
03-May-2023	60d	amazon	Ahs779	1
03-May-2023	60d	amazon	CharlestonYank	1
03-May-2023	60d	amazon	Pure-Price-9661	1
03-May-2023	60d	amazon	Tanman_21	1
03-May-2023	60d	amazon	weskovar	1
03-May-2023	60d	amazon	DifficultyWorking548	1
03-May-2023	60d	amazon	Revolutionary_Age15	1
03-May-2023	60d	amazon	Wonderland-Fairy234	1
03-May-2023	60d	amazon	QuailDouble	1
03-May-2023	60d	amazon	Legal_Consequence113	1
03-May-2023	60d	amazon	yayayamyam	1
03-May-2023	60d	amazon	SachinthaWeerasinghe	1
03-May-2023	60d	amazon	cesar2338	1
03-May-2023	60d	amazon	Unhappy_Arrival2881	1
03-May-2023	60d	amazon	Angelolicious712	1
03-May-2023	60d	amazon	Dizzy-Composer-9041	1
03-May-2023	60d	amazon	ThisCryptographer311	1
03-May-2023	60d	amazon	Late-Break	1
03-May-2023	60d	amazon	Hostage-46	1
03-May-2023	60d	amazon	Stormy-Monday	1
03-May-2023	60d	amazon	Mediocre_Clothes_134	1
03-May-2023	60d	amazon	bxpoubelle	1
03-May-2023	60d	amazon	Zee_Online_Store_988	1
03-May-2023	60d	amazon	Puzzled-Lead-92	1
03-May-2023	60d	amazon	craftbot7000	1
03-May-2023	60d	amazon	ajjsdsd	1
03-May-2023	60d	amazon	Delightfuldabs	1
03-May-2023	60d	amazon	lChizzitl	1
03-May-2023	60d	amazon	analog_fish	1
03-May-2023	60d	amazon	Weirdo-Wraith	1
03-May-2023	60d	amazon	Ekabdhelejwjwbe	1
03-May-2023	60d	amazon	cartagena_11	1
03-May-2023	60d	amazon	robrossiter	1
03-May-2023	60d	amazon	Individual-Film6317	1
03-May-2023	60d	amazon	Atomic_Pube	1
03-May-2023	60d	amazon	BalabalaDA	1
03-May-2023	60d	amazon	digitalgadget123	1
03-May-2023	60d	amazon	ozaz1	1
03-May-2023	60d	amazon	Open-Iron7241	1
03-May-2023	60d	amazon	SetExtension3131	1
03-May-2023	60d	amazon	Necessary-Earth7368	1
03-May-2023	60d	amazon	_GR1FF_	1
03-May-2023	60d	amazon	ThatDumbBoi_	1
03-May-2023	60d	amazon	ThereSheIsAgain	1
03-May-2023	60d	amazon	ProbablyAnAlt003	1
03-May-2023	60d	amazon	Outrageous_Price_553	1
03-May-2023	60d	amazon	bengalibruh	1
03-May-2023	60d	amazon	MiniaturePeaches	1
03-May-2023	60d	amazon	TapWonder	1
03-May-2023	60d	amazon	LordScyther998	1
03-May-2023	60d	amazon	coliopop	1
03-May-2023	60d	amazon	Confident_Ostrich656	1
03-May-2023	60d	amazon	nartlimani_2007	1
03-May-2023	60d	amazon	Wonderful_Task_4031	1
03-May-2023	60d	amazon	FatHawk09	1
03-May-2023	60d	amazon	Candygramz411	1
03-May-2023	60d	amazon	privacypolicy34	1
03-May-2023	60d	amazon	UsurperOfTime	1
03-May-2023	60d	amazon	xmen420	1
03-May-2023	60d	amazon	Rich-Arm-3729	1
03-May-2023	60d	amazon	SwiRly_youtube	1
03-May-2023	60d	amazon	Quiver_Cat	1
03-May-2023	60d	amazon	SpaceDog81	1
03-May-2023	60d	amazon	Civil_Cable407	1
03-May-2023	60d	amazon	nicholasyoa86	1
03-May-2023	60d	amazon	FoofaTamingStrange	1
03-May-2023	60d	amazon	fullydazed	1
03-May-2023	60d	amazon	IVIurkyVVaters	1
03-May-2023	60d	amazon	lvgott	1
03-May-2023	60d	amazon	k-tt	1
03-May-2023	60d	amazon	RandomBlokeTbh	1
03-May-2023	60d	amazon	I_CANT-DO_IT	1
03-May-2023	60d	amazon	anikajannatafiya	1
03-May-2023	60d	amazon	Milannekuhh	1
03-May-2023	60d	amazon	axe_4321	1
03-May-2023	60d	amazon	notyouradil	1
03-May-2023	60d	amazon	Oneness-	1
03-May-2023	60d	amazon	emilioMooN	1
03-May-2023	60d	amazon	jaysonm007	1
03-May-2023	60d	amazon	ReasonableInsect1976	1
03-May-2023	60d	amazon	Ballistic_Bandit	1
03-May-2023	60d	amazon	jeffkoonsdickhole	1
03-May-2023	60d	amazon	Morris917	1
03-May-2023	60d	amazon	Plus_Pianist3325	1
03-May-2023	60d	amazon	Namuelshi	1
03-May-2023	60d	amazon	tempo90909	1
03-May-2023	60d	amazon	JoelJohnstone	1
03-May-2023	60d	amazon	Boredom-Kun	1
03-May-2023	60d	amazon	Psychicfashion	1
03-May-2023	60d	amazon	jxd938	1
03-May-2023	60d	amazon	mrmeep1	1
03-May-2023	60d	amazon	raylgive	1
03-May-2023	60d	amazon	Psychosis10X	1
03-May-2023	60d	amazon	StayApprehensive2455	1
03-May-2023	60d	amazon	wiredandtired1980	1
03-May-2023	60d	amazon	XDyay_force	1
03-May-2023	60d	amazon	HaxWitcher	1
03-May-2023	60d	amazon	Endoko	1
03-May-2023	60d	amazon	FinalProtection809	1
03-May-2023	60d	amazon	JumboHakdog_	1
03-May-2023	60d	amazon	Wrong_Archer8808	1
03-May-2023	60d	amazon	Stunning-Job6173	1
03-May-2023	60d	amazon	freelancingstoriess	1
03-May-2023	60d	amazon	Current-Cookie-9206	1
03-May-2023	60d	amazon	Rguezlp2031	1
03-May-2023	60d	amazon	nashno122	1
03-May-2023	60d	amazon	Blind-Chicks-Dig-Me	1
03-May-2023	60d	amazon	wildblueberri	1
03-May-2023	60d	amazon	VGI_Analyst	1
03-May-2023	60d	amazon	Old_Door_18	1
03-May-2023	60d	amazon	BiggDogg162	1
03-May-2023	60d	amazon	BryTh3Goat	1
03-May-2023	60d	amazon	WrongdoerMountain	1
03-May-2023	60d	amazon	nothingandnowhere7	1
03-May-2023	60d	amazon	LuckyNail	1
03-May-2023	60d	amazon	Far-Difference7558	1
03-May-2023	60d	amazon	stikimiki1218	1
03-May-2023	60d	amazon	black_hearted_1988	1
03-May-2023	60d	amazon	TechOutonyt	1
03-May-2023	60d	amazon	TheGOATprocess	1
03-May-2023	60d	amazon	NotProblemMe	1
03-May-2023	60d	amazon	Archieauthor	1
03-May-2023	60d	amazon	medabb	1
03-May-2023	60d	amazon	lpinho77	1
03-May-2023	60d	amazon	the_foolish_wizard	1
03-May-2023	60d	amazon	Jhonsmith5707	1
03-May-2023	60d	amazon	rubberslippers	1
03-May-2023	60d	amazon	Sharjeel619	1
03-May-2023	60d	amazon	George_of_the-Jungle	1
03-May-2023	60d	amazon	Vernai	1
03-May-2023	60d	amazon	The_moon_watches	1
03-May-2023	60d	amazon	kaleidouu	1
03-May-2023	60d	amazon	Particle_Excelerator	1
03-May-2023	60d	amazon	sevensring	1
03-May-2023	60d	amazon	IMO2021	1
03-May-2023	60d	amazon	Dabeastmanz23	1
03-May-2023	60d	amazon	WorkerBee3259	1
03-May-2023	60d	amazon	Titan67689	1
03-May-2023	60d	amazon	ChasitsZelerberg	1
03-May-2023	60d	amazon	Loud-Throat-1597	1
03-May-2023	60d	amazon	Random411y	1
03-May-2023	60d	amazon	EdwardSharpeh	1
03-May-2023	60d	amazon	Simple_Objective4012	1
03-May-2023	60d	amazon	IszakBalzan	1
03-May-2023	60d	amazon	PresentationHot4902	1
03-May-2023	60d	amazon	ChickenTitilater	1
03-May-2023	60d	amazon	Patriot_Rising	1
03-May-2023	60d	amazon	Marketing-Flare	1
03-May-2023	60d	amazon	grbrit	1
03-May-2023	60d	amazon	Eclipse8301	1
03-May-2023	60d	amazon	DogeCoinHope	1
03-May-2023	60d	amazon	rockincharlierocket	1
03-May-2023	60d	amazon	solielbis	1
03-May-2023	60d	amazon	ExpireDD_Milk	1
03-May-2023	60d	amazon	instantcol	1
03-May-2023	60d	amazon	eightpack8888	1
03-May-2023	60d	amazon	tabledable	1
03-May-2023	60d	amazon	Fun_Shelter_2783	1
03-May-2023	60d	amazon	SnooHesitations4498	1
03-May-2023	60d	amazon	Designer_Ad_3571	1
03-May-2023	60d	amazon	homeknopf	1
03-May-2023	60d	amazon	Maleficent-Trainer17	1
03-May-2023	60d	amazon	angelinathomps	1
03-May-2023	60d	amazon	tommy_toughnuts1	1
03-May-2023	60d	amazon	VATAFAck	1
03-May-2023	60d	amazon	pasteldenataPT	1
03-May-2023	60d	amazon	sdsumexico	1
03-May-2023	60d	amazon	Cool_Skill_6528	1
03-May-2023	60d	amazon	Mdezaka	1
03-May-2023	60d	amazon	sleepswithstars	1
03-May-2023	60d	amazon	Jli0n	1
03-May-2023	60d	amazon	ayylmao132	1
03-May-2023	60d	amazon	storageguard	1
03-May-2023	60d	amazon	cowboybeepbeep	1
03-May-2023	60d	amazon	Ornery-Violinist1129	1
03-May-2023	60d	amazon	AphroSpritualLove	1
03-May-2023	60d	amazon	Silent_Reputation895	1
03-May-2023	60d	amazon	Vast-Introduction700	1
03-May-2023	60d	amazon	ARC-DN-1022	1
03-May-2023	60d	amazon	Melodic-Sense-641	1
03-May-2023	60d	amazon	EasyBison7	1
03-May-2023	60d	amazon	Striken23	1
03-May-2023	60d	amazon	teennnnwolff	1
03-May-2023	60d	amazon	Repulsive-Path1464	1
03-May-2023	60d	amazon	jaydjendneodm	1
03-May-2023	60d	amazon	ExactLobster1462	1
03-May-2023	60d	amazon	Big-Employee-9451	1
03-May-2023	60d	amazon	Pleasant_Grab_2487	1
03-May-2023	60d	amazon	Opening-Still1464	1
03-May-2023	60d	amazon	Emergency_Zebra_5972	1
03-May-2023	60d	amazon	Various-Chemistry162	1
03-May-2023	60d	amazon	NurseWizzle	1
03-May-2023	60d	amazon	ReachMobile4908	1
03-May-2023	60d	amazon	BrendaDGoodrow	1
03-May-2023	60d	amazon	TCFS64	1
03-May-2023	60d	amazon	yellowhoodespr3sso	1
03-May-2023	60d	amazon	masood178	1
03-May-2023	60d	amazon	twistofdestiny1992	1
03-May-2023	60d	amazon	crazyamericanteen	1
03-May-2023	60d	amazon	Kuddley_T-Rex	1
03-May-2023	60d	amazon	MrDazzNewtz	1
03-May-2023	60d	amazon	OhYescats	1
03-May-2023	60d	amazon	BallsToTheWall__	1
03-May-2023	60d	amazon	ShadowUltra	1
03-May-2023	60d	amazon	EntertainmentQuick47	1
03-May-2023	60d	amazon	poopbrainmane	1
03-May-2023	60d	amazon	Recent_Poet7171	1
03-May-2023	60d	amazon	deadlyjamon	1
03-May-2023	60d	amazon	Sad-Person959	1
03-May-2023	60d	amazon	Professional_Ad9052	1
03-May-2023	60d	amazon	Randomcreepyoldguy	1
03-May-2023	60d	amazon	2900achy	1
03-May-2023	60d	amazon	hectobreak	1
03-May-2023	60d	amazon	Intelligent_Way_2203	1
03-May-2023	60d	amazon	itamar8484	1
03-May-2023	60d	amazon	DemandWorldly9992	1
03-May-2023	60d	amazon	mediagator	1
03-May-2023	60d	amazon	CalmCommando53	1
03-May-2023	60d	amazon	Overall_Ad_9272	1
03-May-2023	60d	amazon	ketofan1014	1
03-May-2023	60d	amazon	Ok-Bike30	1
03-May-2023	60d	amazon	IVY2010	1
03-May-2023	60d	amazon	Feisty_Factor_2694	1
03-May-2023	60d	amazon	MaximumBeeFBA	1
03-May-2023	60d	amazon	FippyDarkpaw99	1
03-May-2023	60d	amazon	neinherz	1
03-May-2023	60d	amazon	maxj9536	1
03-May-2023	60d	amazon	No-Establishment2240	1
03-May-2023	60d	amazon	BunchesOfCrunches	1
03-May-2023	60d	amazon	Milfmaddie	1
03-May-2023	60d	amazon	SSlide19	1
03-May-2023	60d	amazon	irongoats67	1
03-May-2023	60d	amazon	chrono_dragoon	1
03-May-2023	60d	amazon	GoodRead89	1
03-May-2023	60d	amazon	jazlyyn	1
03-May-2023	60d	amazon	Any-Shake9425	1
03-May-2023	60d	amazon	Imaginary-Still-2997	1
03-May-2023	60d	amazon	WhiteKenny	1
03-May-2023	60d	amazon	PremierPangolin	1
03-May-2023	60d	amazon	dominik1380t	1
03-May-2023	60d	amazon	MsWiggy	1
03-May-2023	60d	amazon	TwistyNeptune	1
03-May-2023	60d	amazon	abdosaid01	1
03-May-2023	60d	amazon	ItzJDeli	1
03-May-2023	60d	amazon	gs19ca613	1
03-May-2023	60d	amazon	BigBootyBear	1
03-May-2023	60d	amazon	Rasel01611	1
03-May-2023	60d	amazon	VAer1	1
03-May-2023	60d	amazon	seraphaye	1
03-May-2023	60d	amazon	ayesha_seo_pak	1
03-May-2023	60d	amazon	Individual_Road8741	1
03-May-2023	60d	amazon	nizarhalimi	1
03-May-2023	60d	amazon	RayAfterDark	1
03-May-2023	60d	amazon	annieadderalll	1
03-May-2023	60d	amazon	curiousorange99	1
03-May-2023	60d	amazon	This_Mixture_2105	1
03-May-2023	60d	amazon	KingSamIII1829	1
03-May-2023	60d	amazon	dekdekwho	1
03-May-2023	60d	amazon	rigby_1only	1
03-May-2023	60d	amazon	ADeadNewYorker	1
03-May-2023	60d	amazon	YK8099	1
03-May-2023	60d	amazon	falaffels	1
03-May-2023	60d	amazon	GoBackToLeddit	1
03-May-2023	60d	amazon	ThatDinosaucerLife	1
03-May-2023	60d	amazon	ront0ns	1
03-May-2023	60d	amazon	TemptationMike	1
03-May-2023	60d	amazon	happynewyearadam	1
03-May-2023	60d	amazon	bigdumbface898	1
03-May-2023	60d	amazon	anonmod911	1
03-May-2023	60d	amazon	Teknevra	1
03-May-2023	60d	amazon	WonderfulGuide306	1
03-May-2023	60d	amazon	Salt-In-The-Wind	1
03-May-2023	60d	amazon	Freelancerrashadul28	1
03-May-2023	60d	amazon	Lifeismehlife	1
03-May-2023	60d	amazon	ArtNo4580	1
03-May-2023	60d	amazon	TJH1993	1
03-May-2023	60d	amazon	Missletainn	1
03-May-2023	60d	amazon	p_frog_	1
03-May-2023	60d	amazon	ba2raymax	1
03-May-2023	60d	amazon	sabrefudge	1
03-May-2023	60d	amazon	noah0345	1
03-May-2023	60d	amazon	MinouDawg	1
03-May-2023	60d	amazon	brachism	1
03-May-2023	60d	amazon	403_god	1
03-May-2023	60d	amazon	Qemz	1
03-May-2023	60d	amazon	HazelMystery	1
03-May-2023	60d	amazon	Inner_Macaroon_9245	1
03-May-2023	60d	amazon	osrs-11k7	1
03-May-2023	60d	amazon	M_YEUNG	1
03-May-2023	60d	amazon	chrissytheblak	1
03-May-2023	60d	amazon	Sakuran_11	1
03-May-2023	60d	amazon	casperrosewater	1
03-May-2023	60d	amazon	Alternative-House773	1
03-May-2023	60d	amazon	Round_Swordfish1445	1
03-May-2023	60d	amazon	LetsGeauxSaints	1
03-May-2023	60d	amazon	educationprograming	1
03-May-2023	60d	amazon	Local_Pilot21	1
03-May-2023	60d	amazon	Free-Passenger-5310	1
03-May-2023	60d	amazon	missdreamweaver	1
03-May-2023	60d	amazon	sebby0325	1
03-May-2023	60d	amazon	Separate-Year8010	1
03-May-2023	60d	amazon	Foxofdarkness19	1
03-May-2023	60d	amazon	themiracy	1
03-May-2023	60d	amazon	Thcc44	1
03-May-2023	60d	amazon	Own_Judgment_8465	1
03-May-2023	60d	amazon	Remote-Lie770	1
03-May-2023	60d	amazon	lawstudent1994	1
03-May-2023	60d	amazon	Jaded247365	1
03-May-2023	60d	amazon	Professional-Owl4783	1
03-May-2023	60d	amazon	NeonCowboy777	1
03-May-2023	60d	amazon	HowDo-Official	1
03-May-2023	60d	amazon	Reptilequestions	1
03-May-2023	60d	amazon	Informal_Event4920	1
03-May-2023	60d	amazon	Beginning-Sort-8822	1
03-May-2023	60d	amazon	AbleYogurtcloset8064	1
03-May-2023	60d	amazon	Overall_Pie4485	1
03-May-2023	60d	amazon	Environmental-Ad9733	1
03-May-2023	60d	amazon	National-Highway3641	1
03-May-2023	60d	amazon	Spirited_Guest_6003	1
03-May-2023	60d	amazon	ParticularCharity752	1
03-May-2023	60d	amazon	k3rz0rg	1
03-May-2023	60d	amazon	FTPetro	1
03-May-2023	60d	amazon	Krackerdoll3	1
03-May-2023	60d	amazon	cayuka	1
03-May-2023	60d	amazon	ComprehensiveCry2763	1
03-May-2023	60d	amazon	Honest-Passenger-593	1
03-May-2023	60d	amazon	AcademicComparison0	1
03-May-2023	60d	amazon	L1L_BBY	1
03-May-2023	60d	amazon	Letsmathdebate	1
03-May-2023	60d	amazon	noisy_memory	1
03-May-2023	60d	amazon	Primary_Prompt_9480	1
03-May-2023	60d	amazon	mosiclay	1
03-May-2023	60d	amazon	Yoav212	1
03-May-2023	60d	amazon	Afet37	1
03-May-2023	60d	amazon	PuppetMaster000	1
03-May-2023	60d	amazon	br8shadow842	1
03-May-2023	60d	amazon	Most-Solution-122	1
03-May-2023	60d	amazon	PerfectManager533	1
03-May-2023	60d	amazon	battleguy	1
03-May-2023	60d	amazon	littledarkmoon_	1
03-May-2023	60d	amazon	Public_Basil_4416	1
03-May-2023	60d	amazon	panohchocolate	1
03-May-2023	60d	amazon	Emeraldmeatboi	1
03-May-2023	60d	amazon	shauuunn9	1
03-May-2023	60d	amazon	ZombieOfun	1
03-May-2023	60d	amazon	TheLoneSniper470	1
03-May-2023	60d	amazon	faisiDev	1
03-May-2023	60d	amazon	Disastrous-Muscle-35	1
03-May-2023	60d	amazon	NoArbiter	1
03-May-2023	60d	amazon	Bichirfren	1
03-May-2023	60d	amazon	JaurasiD	1
03-May-2023	60d	amazon	Kenbocephus	1
03-May-2023	60d	amazon	NotGordan	1
03-May-2023	60d	amazon	Motor-Title-3370	1
03-May-2023	60d	amazon	ryu4000	1
03-May-2023	60d	amazon	solayman018	1
03-May-2023	60d	amazon	Zealousideal-Army120	1
03-May-2023	60d	amazon	Zealousideal-Run1021	1
03-May-2023	60d	amazon	owlunit	1
03-May-2023	60d	amazon	TimelyManor_	1
03-May-2023	60d	amazon	Easee99	1
03-May-2023	60d	amazon	Noule67	1
03-May-2023	60d	amazon	Mysterious-Ad9508	1
03-May-2023	60d	amazon	Mission_Sleep_3145	1
03-May-2023	60d	amazon	mmainulhasan	1
03-May-2023	60d	amazon	breeezyc	1
03-May-2023	60d	amazon	Victor250257	1
03-May-2023	60d	amazon	Veradalycan	1
03-May-2023	60d	amazon	Gxddess_ofthe_Sea	1
03-May-2023	60d	amazon	etluv	1
03-May-2023	60d	amazon	Intelligent-Pay-9512	1
03-May-2023	60d	amazon	Coooo8	1
03-May-2023	60d	amazon	Unlucky_Buffalo_9873	1
03-May-2023	60d	amazon	Altruistic-Newt-6063	1
03-May-2023	60d	amazon	TDSgame	1
03-May-2023	60d	amazon	hhthrowRA	1
03-May-2023	60d	amazon	Overall_Mirror5328	1
03-May-2023	60d	amazon	DScoopA	1
03-May-2023	60d	amazon	buginarugsnug	1
03-May-2023	60d	amazon	nobleflame	1
03-May-2023	60d	amazon	Eastern-Counter-3209	1
03-May-2023	60d	amazon	DKapwno	1
03-May-2023	60d	amazon	Railman20	1
03-May-2023	60d	amazon	Anon234998	1
03-May-2023	60d	amazon	GSeldes	1
03-May-2023	60d	amazon	MaazFacts	1
03-May-2023	60d	amazon	-Tuna--	1
03-May-2023	60d	amazon	Puddin186	1
03-May-2023	60d	amazon	luk_nguyen	1
03-May-2023	60d	amazon	Mist_raven	1
03-May-2023	60d	amazon	Gorth1	1
03-May-2023	60d	amazon	heycanwediscuss	1
03-May-2023	60d	amazon	Badtimezes	1
03-May-2023	60d	amazon	BurritoFritos	1
03-May-2023	60d	amazon	No-Beach-9981	1
03-May-2023	60d	amazon	EngagementBacon	1
03-May-2023	60d	amazon	naissas	1
03-May-2023	60d	amazon	sumizeit	1
03-May-2023	60d	amazon	MeasurementLucky9774	1
03-May-2023	60d	amazon	Snoo29240	1
03-May-2023	60d	amazon	shababy4us	1
03-May-2023	60d	amazon	bmlanti	1
03-May-2023	60d	amazon	Due-Cryptographer744	1
03-May-2023	60d	amazon	BobLoblaw4Pres	1
03-May-2023	60d	amazon	Overall_Ad9442	1
03-May-2023	60d	amazon	interstellauniverse	1
03-May-2023	60d	amazon	hcneydews	1
03-May-2023	60d	amazon	justbob806	1
03-May-2023	60d	amazon	Beginning-Pace-1426	1
03-May-2023	60d	amazon	HateWokeHateRadLft	1
03-May-2023	60d	amazon	DasBoosh	1
03-May-2023	60d	amazon	fin47	1
03-May-2023	60d	amazon	WHCouncill	1
03-May-2023	60d	amazon	DipeePlaysYT	1
03-May-2023	60d	amazon	katdi3	1
03-May-2023	60d	amazon	LolafromPunkston	1
03-May-2023	60d	amazon	MediumCaregiver2409	1
03-May-2023	60d	amazon	AvidBlueberrypicker	1
03-May-2023	60d	amazon	Queen_LeQueeffa	1
03-May-2023	60d	amazon	jobcera	1
03-May-2023	60d	amazon	kidfromtheast	1
03-May-2023	60d	amazon	Particular_Mango_100	1
03-May-2023	60d	amazon	Infinite-Pattern2392	1
03-May-2023	60d	amazon	antdude	1
03-May-2023	60d	amazon	Forsaken_Good7372	1
03-May-2023	60d	amazon	jungleebunglee	1
03-May-2023	60d	amazon	Potkoff	1
03-May-2023	60d	amazon	Irrelevent12	1
03-May-2023	60d	amazon	Apprehensive-Egg3978	1
03-May-2023	60d	amazon	ropeguru	1
03-May-2023	60d	amazon	achillezzz	1
03-May-2023	60d	amazon	leefeyachi	1
03-May-2023	60d	amazon	DazedDingo	1
03-May-2023	60d	amazon	Illustrious_Toe_1505	1
03-May-2023	60d	amazon	UsernameTakenTooBad	1
03-May-2023	60d	amazon	Fancyface024	1
03-May-2023	60d	amazon	Defiant-Return3925	1
03-May-2023	60d	amazon	dylan_4_2_0	1
03-May-2023	60d	amazon	247alan	1
03-May-2023	60d	amazon	ObligationInformal40	1
03-May-2023	60d	amazon	Fair_Lobster_5592	1
03-May-2023	60d	amazon	amogusrider66	1
03-May-2023	60d	amazon	Own-Bluejay354	1
03-May-2023	60d	amazon	Pristine-Snow5526	1
03-May-2023	60d	amazon	Stark4228	1
03-May-2023	60d	amazon	DesignerLab3131	1
03-May-2023	60d	amazon	Drywall1989	1
03-May-2023	60d	amazon	veggieboy-	1
03-May-2023	60d	amazon	Ok-Fortune2846	1
03-May-2023	60d	amazon	ThrewAwayLike	1
03-May-2023	60d	amazon	Initial-Complex7477	1
03-May-2023	60d	amazon	ExhuberantGalaxy	1
03-May-2023	60d	amazon	fukcywukcy	1
03-May-2023	60d	amazon	densecookies	1
03-May-2023	60d	amazon	dolphinkittypirate65	1
03-May-2023	60d	amazon	Papa-P21	1
03-May-2023	60d	amazon	MidnightMoon1331	1
03-May-2023	60d	amazon	Neuweltgeier	1
03-May-2023	60d	amazon	Both_Consequence_954	1
03-May-2023	60d	amazon	SureCauliflower2408	1
03-May-2023	60d	amazon	Dumdumono	1
03-May-2023	60d	amazon	Zia5612	1
03-May-2023	60d	amazon	Rogue964	1
03-May-2023	60d	amazon	Sauketo-	1
03-May-2023	60d	amazon	Phydoux	1
03-May-2023	60d	amazon	wickedwaifu	1
03-May-2023	60d	amazon	Adragon23	1
03-May-2023	60d	amazon	Illustrious-Table319	1
03-May-2023	60d	amazon	Calvinsky	1
03-May-2023	60d	amazon	DeepSecretary7735	1
03-May-2023	60d	amazon	This_Let881	1
03-May-2023	60d	amazon	Particular_Lack_7218	1
03-May-2023	60d	amazon	Big-Ad-5153	1
03-May-2023	60d	amazon	cho_sungheun	1
03-May-2023	60d	amazon	baddiesthrowaway	1
03-May-2023	60d	amazon	OhFiggity	1
03-May-2023	60d	amazon	randombullshit98	1
03-May-2023	60d	amazon	Such_Self_5580	1
03-May-2023	60d	amazon	AlreadyTiredTomorrow	1
03-May-2023	60d	amazon	angeld3stiny	1
03-May-2023	60d	amazon	veggietrooper	1
03-May-2023	60d	amazon	rchavez1990	1
03-May-2023	60d	amazon	wakandaforever9	1
03-May-2023	60d	amazon	d-quik	1
03-May-2023	60d	amazon	2Bit_Dev	1
