query_date	before_date	subreddit	submission_author	submission_frequency
03-May-2023	70d	amazon	AmazonNewsBot	104
03-May-2023	70d	amazon	[deleted]	20
03-May-2023	70d	amazon	AmbitiousTax441	6
03-May-2023	70d	amazon	InevitablePicture658	6
03-May-2023	70d	amazon	sydneysteve100	4
03-May-2023	70d	amazon	questions1answer	4
03-May-2023	70d	amazon	OptimalArtist9934	3
03-May-2023	70d	amazon	stacibu	3
03-May-2023	70d	amazon	C6109	3
03-May-2023	70d	amazon	Lanky_Succotash9829	3
03-May-2023	70d	amazon	Alarming_Sorbet_205	3
03-May-2023	70d	amazon	ShoeAdventurous	3
03-May-2023	70d	amazon	Overknown	3
03-May-2023	70d	amazon	phearr	3
03-May-2023	70d	amazon	r_l14	3
03-May-2023	70d	amazon	Muted_Patience5224	3
03-May-2023	70d	amazon	Mizzou0579	3
03-May-2023	70d	amazon	Soft-Deal8569	3
03-May-2023	70d	amazon	omega_exp12	3
03-May-2023	70d	amazon	AM21C	3
03-May-2023	70d	amazon	i-dm	2
03-May-2023	70d	amazon	BuyersFavourites	2
03-May-2023	70d	amazon	MediaHaunting8669	2
03-May-2023	70d	amazon	Terafelix	2
03-May-2023	70d	amazon	tony_will_coplm	2
03-May-2023	70d	amazon	Salty-Astronomer-823	2
03-May-2023	70d	amazon	Super-Essay-7596	2
03-May-2023	70d	amazon	JustASoftPretzel	2
03-May-2023	70d	amazon	UNLUCKUKID	2
03-May-2023	70d	amazon	New-Ad-3532	2
03-May-2023	70d	amazon	Davidious2000	2
03-May-2023	70d	amazon	Possible_Big2724	2
03-May-2023	70d	amazon	ktuan	2
03-May-2023	70d	amazon	Coconutmilkboba	2
03-May-2023	70d	amazon	Marketing-Flare	2
03-May-2023	70d	amazon	DashGranny	2
03-May-2023	70d	amazon	Pololo_-	2
03-May-2023	70d	amazon	ScrewLews	2
03-May-2023	70d	amazon	highnrgy	2
03-May-2023	70d	amazon	Prestigious-Use-2970	2
03-May-2023	70d	amazon	law1618	2
03-May-2023	70d	amazon	TurboTortois3	2
03-May-2023	70d	amazon	PuppetMaster000	2
03-May-2023	70d	amazon	Appropriate_Light936	2
03-May-2023	70d	amazon	Wrong-Macaron-4375	2
03-May-2023	70d	amazon	sydneysteve99	2
03-May-2023	70d	amazon	Obvious_Daikon_682	2
03-May-2023	70d	amazon	blissllin	2
03-May-2023	70d	amazon	Miserable-Region-68	2
03-May-2023	70d	amazon	DFCFennarioGarcia	2
03-May-2023	70d	amazon	hafdog	2
03-May-2023	70d	amazon	najblowstacks	2
03-May-2023	70d	amazon	presidentofalgeria	2
03-May-2023	70d	amazon	1-Up-Boy	2
03-May-2023	70d	amazon	trumpfamily2020	2
03-May-2023	70d	amazon	NabeelShoukat	2
03-May-2023	70d	amazon	hurtyewh	2
03-May-2023	70d	amazon	AwfulPhotographer	2
03-May-2023	70d	amazon	GoldenAmazonSearch	2
03-May-2023	70d	amazon	PartyNo4851	2
03-May-2023	70d	amazon	IDislikeHomonyms	1
03-May-2023	70d	amazon	Heiladolf42069	1
03-May-2023	70d	amazon	goldyphlox	1
03-May-2023	70d	amazon	DunderMiffIinCFO	1
03-May-2023	70d	amazon	afrinbappy6163	1
03-May-2023	70d	amazon	Nouns_2023	1
03-May-2023	70d	amazon	user9282626	1
03-May-2023	70d	amazon	ginger_princess2009	1
03-May-2023	70d	amazon	Little_Noise_1104	1
03-May-2023	70d	amazon	Ahs779	1
03-May-2023	70d	amazon	KarlJay001	1
03-May-2023	70d	amazon	CharlestonYank	1
03-May-2023	70d	amazon	Big-Initiative-2030	1
03-May-2023	70d	amazon	Pure-Price-9661	1
03-May-2023	70d	amazon	Tanman_21	1
03-May-2023	70d	amazon	weskovar	1
03-May-2023	70d	amazon	DifficultyWorking548	1
03-May-2023	70d	amazon	Revolutionary_Age15	1
03-May-2023	70d	amazon	Wonderland-Fairy234	1
03-May-2023	70d	amazon	QuailDouble	1
03-May-2023	70d	amazon	Legal_Consequence113	1
03-May-2023	70d	amazon	yayayamyam	1
03-May-2023	70d	amazon	SachinthaWeerasinghe	1
03-May-2023	70d	amazon	cesar2338	1
03-May-2023	70d	amazon	Greedy_Visual6710	1
03-May-2023	70d	amazon	Scared-Security-3868	1
03-May-2023	70d	amazon	Unhappy_Arrival2881	1
03-May-2023	70d	amazon	Loose-Equivalent-715	1
03-May-2023	70d	amazon	Angelolicious712	1
03-May-2023	70d	amazon	Dizzy-Composer-9041	1
03-May-2023	70d	amazon	ThisCryptographer311	1
03-May-2023	70d	amazon	Late-Break	1
03-May-2023	70d	amazon	Hostage-46	1
03-May-2023	70d	amazon	Stormy-Monday	1
03-May-2023	70d	amazon	Mediocre_Clothes_134	1
03-May-2023	70d	amazon	bxpoubelle	1
03-May-2023	70d	amazon	Zee_Online_Store_988	1
03-May-2023	70d	amazon	Puzzled-Lead-92	1
03-May-2023	70d	amazon	craftbot7000	1
03-May-2023	70d	amazon	ajjsdsd	1
03-May-2023	70d	amazon	Delightfuldabs	1
03-May-2023	70d	amazon	lChizzitl	1
03-May-2023	70d	amazon	analog_fish	1
03-May-2023	70d	amazon	Weirdo-Wraith	1
03-May-2023	70d	amazon	Ekabdhelejwjwbe	1
03-May-2023	70d	amazon	cartagena_11	1
03-May-2023	70d	amazon	robrossiter	1
03-May-2023	70d	amazon	Individual-Film6317	1
03-May-2023	70d	amazon	Atomic_Pube	1
03-May-2023	70d	amazon	BalabalaDA	1
03-May-2023	70d	amazon	digitalgadget123	1
03-May-2023	70d	amazon	ozaz1	1
03-May-2023	70d	amazon	Open-Iron7241	1
03-May-2023	70d	amazon	SetExtension3131	1
03-May-2023	70d	amazon	Necessary-Earth7368	1
03-May-2023	70d	amazon	_GR1FF_	1
03-May-2023	70d	amazon	ThatDumbBoi_	1
03-May-2023	70d	amazon	ThereSheIsAgain	1
03-May-2023	70d	amazon	ProbablyAnAlt003	1
03-May-2023	70d	amazon	Outrageous_Price_553	1
03-May-2023	70d	amazon	bengalibruh	1
03-May-2023	70d	amazon	MiniaturePeaches	1
03-May-2023	70d	amazon	TapWonder	1
03-May-2023	70d	amazon	LordScyther998	1
03-May-2023	70d	amazon	coliopop	1
03-May-2023	70d	amazon	Confident_Ostrich656	1
03-May-2023	70d	amazon	nartlimani_2007	1
03-May-2023	70d	amazon	Wonderful_Task_4031	1
03-May-2023	70d	amazon	FatHawk09	1
03-May-2023	70d	amazon	Candygramz411	1
03-May-2023	70d	amazon	privacypolicy34	1
03-May-2023	70d	amazon	UsurperOfTime	1
03-May-2023	70d	amazon	xmen420	1
03-May-2023	70d	amazon	Rich-Arm-3729	1
03-May-2023	70d	amazon	SwiRly_youtube	1
03-May-2023	70d	amazon	Quiver_Cat	1
03-May-2023	70d	amazon	SpaceDog81	1
03-May-2023	70d	amazon	Civil_Cable407	1
03-May-2023	70d	amazon	nicholasyoa86	1
03-May-2023	70d	amazon	FoofaTamingStrange	1
03-May-2023	70d	amazon	fullydazed	1
03-May-2023	70d	amazon	IVIurkyVVaters	1
03-May-2023	70d	amazon	lvgott	1
03-May-2023	70d	amazon	k-tt	1
03-May-2023	70d	amazon	RandomBlokeTbh	1
03-May-2023	70d	amazon	I_CANT-DO_IT	1
03-May-2023	70d	amazon	anikajannatafiya	1
03-May-2023	70d	amazon	Milannekuhh	1
03-May-2023	70d	amazon	axe_4321	1
03-May-2023	70d	amazon	notyouradil	1
03-May-2023	70d	amazon	Oneness-	1
03-May-2023	70d	amazon	emilioMooN	1
03-May-2023	70d	amazon	jaysonm007	1
03-May-2023	70d	amazon	ReasonableInsect1976	1
03-May-2023	70d	amazon	Ballistic_Bandit	1
03-May-2023	70d	amazon	jeffkoonsdickhole	1
03-May-2023	70d	amazon	Morris917	1
03-May-2023	70d	amazon	Plus_Pianist3325	1
03-May-2023	70d	amazon	Namuelshi	1
03-May-2023	70d	amazon	tempo90909	1
03-May-2023	70d	amazon	JoelJohnstone	1
03-May-2023	70d	amazon	Boredom-Kun	1
03-May-2023	70d	amazon	Psychicfashion	1
03-May-2023	70d	amazon	jxd938	1
03-May-2023	70d	amazon	mrmeep1	1
03-May-2023	70d	amazon	raylgive	1
03-May-2023	70d	amazon	Psychosis10X	1
03-May-2023	70d	amazon	StayApprehensive2455	1
03-May-2023	70d	amazon	wiredandtired1980	1
03-May-2023	70d	amazon	XDyay_force	1
03-May-2023	70d	amazon	HaxWitcher	1
03-May-2023	70d	amazon	Endoko	1
03-May-2023	70d	amazon	FinalProtection809	1
03-May-2023	70d	amazon	JumboHakdog_	1
03-May-2023	70d	amazon	Wrong_Archer8808	1
03-May-2023	70d	amazon	Stunning-Job6173	1
03-May-2023	70d	amazon	freelancingstoriess	1
03-May-2023	70d	amazon	Current-Cookie-9206	1
03-May-2023	70d	amazon	Rguezlp2031	1
03-May-2023	70d	amazon	nashno122	1
03-May-2023	70d	amazon	Blind-Chicks-Dig-Me	1
03-May-2023	70d	amazon	wildblueberri	1
03-May-2023	70d	amazon	VGI_Analyst	1
03-May-2023	70d	amazon	Old_Door_18	1
03-May-2023	70d	amazon	BiggDogg162	1
03-May-2023	70d	amazon	BryTh3Goat	1
03-May-2023	70d	amazon	WrongdoerMountain	1
03-May-2023	70d	amazon	nothingandnowhere7	1
03-May-2023	70d	amazon	LuckyNail	1
03-May-2023	70d	amazon	Far-Difference7558	1
03-May-2023	70d	amazon	stikimiki1218	1
03-May-2023	70d	amazon	black_hearted_1988	1
03-May-2023	70d	amazon	TechOutonyt	1
03-May-2023	70d	amazon	TheGOATprocess	1
03-May-2023	70d	amazon	NotProblemMe	1
03-May-2023	70d	amazon	PsychologicalCover65	1
03-May-2023	70d	amazon	Archieauthor	1
03-May-2023	70d	amazon	medabb	1
03-May-2023	70d	amazon	lpinho77	1
03-May-2023	70d	amazon	the_foolish_wizard	1
03-May-2023	70d	amazon	Jhonsmith5707	1
03-May-2023	70d	amazon	rubberslippers	1
03-May-2023	70d	amazon	Sharjeel619	1
03-May-2023	70d	amazon	George_of_the-Jungle	1
03-May-2023	70d	amazon	Vernai	1
03-May-2023	70d	amazon	The_moon_watches	1
03-May-2023	70d	amazon	kaleidouu	1
03-May-2023	70d	amazon	Particle_Excelerator	1
03-May-2023	70d	amazon	sevensring	1
03-May-2023	70d	amazon	IMO2021	1
03-May-2023	70d	amazon	Dabeastmanz23	1
03-May-2023	70d	amazon	WorkerBee3259	1
03-May-2023	70d	amazon	Titan67689	1
03-May-2023	70d	amazon	ChasitsZelerberg	1
03-May-2023	70d	amazon	Loud-Throat-1597	1
03-May-2023	70d	amazon	Random411y	1
03-May-2023	70d	amazon	EdwardSharpeh	1
03-May-2023	70d	amazon	Simple_Objective4012	1
03-May-2023	70d	amazon	IszakBalzan	1
03-May-2023	70d	amazon	PresentationHot4902	1
03-May-2023	70d	amazon	ChickenTitilater	1
03-May-2023	70d	amazon	Patriot_Rising	1
03-May-2023	70d	amazon	grbrit	1
03-May-2023	70d	amazon	Eclipse8301	1
03-May-2023	70d	amazon	DogeCoinHope	1
03-May-2023	70d	amazon	rockincharlierocket	1
03-May-2023	70d	amazon	solielbis	1
03-May-2023	70d	amazon	ExpireDD_Milk	1
03-May-2023	70d	amazon	instantcol	1
03-May-2023	70d	amazon	eightpack8888	1
03-May-2023	70d	amazon	tabledable	1
03-May-2023	70d	amazon	Fun_Shelter_2783	1
03-May-2023	70d	amazon	SnooHesitations4498	1
03-May-2023	70d	amazon	Designer_Ad_3571	1
03-May-2023	70d	amazon	homeknopf	1
03-May-2023	70d	amazon	Maleficent-Trainer17	1
03-May-2023	70d	amazon	angelinathomps	1
03-May-2023	70d	amazon	tommy_toughnuts1	1
03-May-2023	70d	amazon	VATAFAck	1
03-May-2023	70d	amazon	pasteldenataPT	1
03-May-2023	70d	amazon	sdsumexico	1
03-May-2023	70d	amazon	Cool_Skill_6528	1
03-May-2023	70d	amazon	Mdezaka	1
03-May-2023	70d	amazon	sleepswithstars	1
03-May-2023	70d	amazon	Jli0n	1
03-May-2023	70d	amazon	ayylmao132	1
03-May-2023	70d	amazon	storageguard	1
03-May-2023	70d	amazon	cowboybeepbeep	1
03-May-2023	70d	amazon	Ornery-Violinist1129	1
03-May-2023	70d	amazon	AphroSpritualLove	1
03-May-2023	70d	amazon	Silent_Reputation895	1
03-May-2023	70d	amazon	Vast-Introduction700	1
03-May-2023	70d	amazon	ARC-DN-1022	1
03-May-2023	70d	amazon	Melodic-Sense-641	1
03-May-2023	70d	amazon	EasyBison7	1
03-May-2023	70d	amazon	Striken23	1
03-May-2023	70d	amazon	teennnnwolff	1
03-May-2023	70d	amazon	Repulsive-Path1464	1
03-May-2023	70d	amazon	jaydjendneodm	1
03-May-2023	70d	amazon	ExactLobster1462	1
03-May-2023	70d	amazon	Big-Employee-9451	1
03-May-2023	70d	amazon	Pleasant_Grab_2487	1
03-May-2023	70d	amazon	Opening-Still1464	1
03-May-2023	70d	amazon	Emergency_Zebra_5972	1
03-May-2023	70d	amazon	Various-Chemistry162	1
03-May-2023	70d	amazon	NurseWizzle	1
03-May-2023	70d	amazon	ReachMobile4908	1
03-May-2023	70d	amazon	BrendaDGoodrow	1
03-May-2023	70d	amazon	TCFS64	1
03-May-2023	70d	amazon	yellowhoodespr3sso	1
03-May-2023	70d	amazon	masood178	1
03-May-2023	70d	amazon	twistofdestiny1992	1
03-May-2023	70d	amazon	crazyamericanteen	1
03-May-2023	70d	amazon	Kuddley_T-Rex	1
03-May-2023	70d	amazon	MrDazzNewtz	1
03-May-2023	70d	amazon	OhYescats	1
03-May-2023	70d	amazon	BallsToTheWall__	1
03-May-2023	70d	amazon	ShadowUltra	1
03-May-2023	70d	amazon	EntertainmentQuick47	1
03-May-2023	70d	amazon	poopbrainmane	1
03-May-2023	70d	amazon	Recent_Poet7171	1
03-May-2023	70d	amazon	deadlyjamon	1
03-May-2023	70d	amazon	Sad-Person959	1
03-May-2023	70d	amazon	Professional_Ad9052	1
03-May-2023	70d	amazon	Randomcreepyoldguy	1
03-May-2023	70d	amazon	2900achy	1
03-May-2023	70d	amazon	hectobreak	1
03-May-2023	70d	amazon	Intelligent_Way_2203	1
03-May-2023	70d	amazon	itamar8484	1
03-May-2023	70d	amazon	DemandWorldly9992	1
03-May-2023	70d	amazon	mediagator	1
03-May-2023	70d	amazon	CalmCommando53	1
03-May-2023	70d	amazon	Overall_Ad_9272	1
03-May-2023	70d	amazon	ketofan1014	1
03-May-2023	70d	amazon	Ok-Bike30	1
03-May-2023	70d	amazon	IVY2010	1
03-May-2023	70d	amazon	Feisty_Factor_2694	1
03-May-2023	70d	amazon	MaximumBeeFBA	1
03-May-2023	70d	amazon	FippyDarkpaw99	1
03-May-2023	70d	amazon	neinherz	1
03-May-2023	70d	amazon	maxj9536	1
03-May-2023	70d	amazon	No-Establishment2240	1
03-May-2023	70d	amazon	BunchesOfCrunches	1
03-May-2023	70d	amazon	Milfmaddie	1
03-May-2023	70d	amazon	SSlide19	1
03-May-2023	70d	amazon	irongoats67	1
03-May-2023	70d	amazon	chrono_dragoon	1
03-May-2023	70d	amazon	GoodRead89	1
03-May-2023	70d	amazon	jazlyyn	1
03-May-2023	70d	amazon	Any-Shake9425	1
03-May-2023	70d	amazon	Imaginary-Still-2997	1
03-May-2023	70d	amazon	WhiteKenny	1
03-May-2023	70d	amazon	PremierPangolin	1
03-May-2023	70d	amazon	dominik1380t	1
03-May-2023	70d	amazon	MsWiggy	1
03-May-2023	70d	amazon	TwistyNeptune	1
03-May-2023	70d	amazon	abdosaid01	1
03-May-2023	70d	amazon	ItzJDeli	1
03-May-2023	70d	amazon	gs19ca613	1
03-May-2023	70d	amazon	BigBootyBear	1
03-May-2023	70d	amazon	Rasel01611	1
03-May-2023	70d	amazon	VAer1	1
03-May-2023	70d	amazon	seraphaye	1
03-May-2023	70d	amazon	ayesha_seo_pak	1
03-May-2023	70d	amazon	Individual_Road8741	1
03-May-2023	70d	amazon	nizarhalimi	1
03-May-2023	70d	amazon	RayAfterDark	1
03-May-2023	70d	amazon	annieadderalll	1
03-May-2023	70d	amazon	curiousorange99	1
03-May-2023	70d	amazon	This_Mixture_2105	1
03-May-2023	70d	amazon	KingSamIII1829	1
03-May-2023	70d	amazon	dekdekwho	1
03-May-2023	70d	amazon	rigby_1only	1
03-May-2023	70d	amazon	ADeadNewYorker	1
03-May-2023	70d	amazon	YK8099	1
03-May-2023	70d	amazon	falaffels	1
03-May-2023	70d	amazon	GoBackToLeddit	1
03-May-2023	70d	amazon	ThatDinosaucerLife	1
03-May-2023	70d	amazon	ront0ns	1
03-May-2023	70d	amazon	TemptationMike	1
03-May-2023	70d	amazon	happynewyearadam	1
03-May-2023	70d	amazon	bigdumbface898	1
03-May-2023	70d	amazon	anonmod911	1
03-May-2023	70d	amazon	Teknevra	1
03-May-2023	70d	amazon	WonderfulGuide306	1
03-May-2023	70d	amazon	Salt-In-The-Wind	1
03-May-2023	70d	amazon	Freelancerrashadul28	1
03-May-2023	70d	amazon	Lifeismehlife	1
03-May-2023	70d	amazon	ArtNo4580	1
03-May-2023	70d	amazon	TJH1993	1
03-May-2023	70d	amazon	Missletainn	1
03-May-2023	70d	amazon	p_frog_	1
03-May-2023	70d	amazon	ba2raymax	1
03-May-2023	70d	amazon	sabrefudge	1
03-May-2023	70d	amazon	noah0345	1
03-May-2023	70d	amazon	MinouDawg	1
03-May-2023	70d	amazon	brachism	1
03-May-2023	70d	amazon	403_god	1
03-May-2023	70d	amazon	Qemz	1
03-May-2023	70d	amazon	HazelMystery	1
03-May-2023	70d	amazon	Inner_Macaroon_9245	1
03-May-2023	70d	amazon	osrs-11k7	1
03-May-2023	70d	amazon	M_YEUNG	1
03-May-2023	70d	amazon	chrissytheblak	1
03-May-2023	70d	amazon	Sakuran_11	1
03-May-2023	70d	amazon	casperrosewater	1
03-May-2023	70d	amazon	Alternative-House773	1
03-May-2023	70d	amazon	Round_Swordfish1445	1
03-May-2023	70d	amazon	LetsGeauxSaints	1
03-May-2023	70d	amazon	educationprograming	1
03-May-2023	70d	amazon	Local_Pilot21	1
03-May-2023	70d	amazon	Free-Passenger-5310	1
03-May-2023	70d	amazon	missdreamweaver	1
03-May-2023	70d	amazon	sebby0325	1
03-May-2023	70d	amazon	Separate-Year8010	1
03-May-2023	70d	amazon	Foxofdarkness19	1
03-May-2023	70d	amazon	themiracy	1
03-May-2023	70d	amazon	Thcc44	1
03-May-2023	70d	amazon	Own_Judgment_8465	1
03-May-2023	70d	amazon	Remote-Lie770	1
03-May-2023	70d	amazon	lawstudent1994	1
03-May-2023	70d	amazon	Jaded247365	1
03-May-2023	70d	amazon	Professional-Owl4783	1
03-May-2023	70d	amazon	NeonCowboy777	1
03-May-2023	70d	amazon	HowDo-Official	1
03-May-2023	70d	amazon	Reptilequestions	1
03-May-2023	70d	amazon	Informal_Event4920	1
03-May-2023	70d	amazon	Beginning-Sort-8822	1
03-May-2023	70d	amazon	AbleYogurtcloset8064	1
03-May-2023	70d	amazon	Overall_Pie4485	1
03-May-2023	70d	amazon	Environmental-Ad9733	1
03-May-2023	70d	amazon	National-Highway3641	1
03-May-2023	70d	amazon	Spirited_Guest_6003	1
03-May-2023	70d	amazon	ParticularCharity752	1
03-May-2023	70d	amazon	k3rz0rg	1
03-May-2023	70d	amazon	FTPetro	1
03-May-2023	70d	amazon	Krackerdoll3	1
03-May-2023	70d	amazon	cayuka	1
03-May-2023	70d	amazon	ComprehensiveCry2763	1
03-May-2023	70d	amazon	Honest-Passenger-593	1
03-May-2023	70d	amazon	AcademicComparison0	1
03-May-2023	70d	amazon	L1L_BBY	1
03-May-2023	70d	amazon	Letsmathdebate	1
03-May-2023	70d	amazon	noisy_memory	1
03-May-2023	70d	amazon	Primary_Prompt_9480	1
03-May-2023	70d	amazon	mosiclay	1
03-May-2023	70d	amazon	Yoav212	1
03-May-2023	70d	amazon	Afet37	1
03-May-2023	70d	amazon	br8shadow842	1
03-May-2023	70d	amazon	Most-Solution-122	1
03-May-2023	70d	amazon	PerfectManager533	1
03-May-2023	70d	amazon	WTFOMGBBQ	1
03-May-2023	70d	amazon	battleguy	1
03-May-2023	70d	amazon	littledarkmoon_	1
03-May-2023	70d	amazon	Public_Basil_4416	1
03-May-2023	70d	amazon	panohchocolate	1
03-May-2023	70d	amazon	Emeraldmeatboi	1
03-May-2023	70d	amazon	shauuunn9	1
03-May-2023	70d	amazon	ZombieOfun	1
03-May-2023	70d	amazon	TheLoneSniper470	1
03-May-2023	70d	amazon	faisiDev	1
03-May-2023	70d	amazon	Disastrous-Muscle-35	1
03-May-2023	70d	amazon	NoArbiter	1
03-May-2023	70d	amazon	Bichirfren	1
03-May-2023	70d	amazon	JaurasiD	1
03-May-2023	70d	amazon	Kenbocephus	1
03-May-2023	70d	amazon	NotGordan	1
03-May-2023	70d	amazon	Motor-Title-3370	1
03-May-2023	70d	amazon	ryu4000	1
03-May-2023	70d	amazon	solayman018	1
03-May-2023	70d	amazon	Zealousideal-Army120	1
03-May-2023	70d	amazon	Zealousideal-Run1021	1
03-May-2023	70d	amazon	owlunit	1
03-May-2023	70d	amazon	TimelyManor_	1
03-May-2023	70d	amazon	Easee99	1
03-May-2023	70d	amazon	Noule67	1
03-May-2023	70d	amazon	Mysterious-Ad9508	1
03-May-2023	70d	amazon	Mission_Sleep_3145	1
03-May-2023	70d	amazon	mmainulhasan	1
03-May-2023	70d	amazon	breeezyc	1
03-May-2023	70d	amazon	Victor250257	1
03-May-2023	70d	amazon	Veradalycan	1
03-May-2023	70d	amazon	Gxddess_ofthe_Sea	1
03-May-2023	70d	amazon	etluv	1
03-May-2023	70d	amazon	Intelligent-Pay-9512	1
03-May-2023	70d	amazon	Coooo8	1
03-May-2023	70d	amazon	Unlucky_Buffalo_9873	1
03-May-2023	70d	amazon	Altruistic-Newt-6063	1
03-May-2023	70d	amazon	TDSgame	1
03-May-2023	70d	amazon	hhthrowRA	1
03-May-2023	70d	amazon	Overall_Mirror5328	1
03-May-2023	70d	amazon	DScoopA	1
03-May-2023	70d	amazon	buginarugsnug	1
03-May-2023	70d	amazon	nobleflame	1
03-May-2023	70d	amazon	Eastern-Counter-3209	1
03-May-2023	70d	amazon	DKapwno	1
03-May-2023	70d	amazon	Railman20	1
03-May-2023	70d	amazon	Anon234998	1
03-May-2023	70d	amazon	GSeldes	1
03-May-2023	70d	amazon	MaazFacts	1
03-May-2023	70d	amazon	-Tuna--	1
03-May-2023	70d	amazon	Puddin186	1
03-May-2023	70d	amazon	luk_nguyen	1
03-May-2023	70d	amazon	Mist_raven	1
03-May-2023	70d	amazon	Gorth1	1
03-May-2023	70d	amazon	heycanwediscuss	1
03-May-2023	70d	amazon	Badtimezes	1
03-May-2023	70d	amazon	BurritoFritos	1
03-May-2023	70d	amazon	No-Beach-9981	1
03-May-2023	70d	amazon	EngagementBacon	1
03-May-2023	70d	amazon	naissas	1
03-May-2023	70d	amazon	sumizeit	1
03-May-2023	70d	amazon	MeasurementLucky9774	1
03-May-2023	70d	amazon	Snoo29240	1
03-May-2023	70d	amazon	shababy4us	1
03-May-2023	70d	amazon	bmlanti	1
03-May-2023	70d	amazon	Due-Cryptographer744	1
03-May-2023	70d	amazon	BobLoblaw4Pres	1
03-May-2023	70d	amazon	Overall_Ad9442	1
03-May-2023	70d	amazon	interstellauniverse	1
03-May-2023	70d	amazon	hcneydews	1
03-May-2023	70d	amazon	justbob806	1
03-May-2023	70d	amazon	Beginning-Pace-1426	1
03-May-2023	70d	amazon	HateWokeHateRadLft	1
03-May-2023	70d	amazon	DasBoosh	1
03-May-2023	70d	amazon	fin47	1
03-May-2023	70d	amazon	WHCouncill	1
03-May-2023	70d	amazon	DipeePlaysYT	1
03-May-2023	70d	amazon	katdi3	1
03-May-2023	70d	amazon	LolafromPunkston	1
03-May-2023	70d	amazon	MediumCaregiver2409	1
03-May-2023	70d	amazon	AvidBlueberrypicker	1
03-May-2023	70d	amazon	Queen_LeQueeffa	1
03-May-2023	70d	amazon	jobcera	1
03-May-2023	70d	amazon	kidfromtheast	1
03-May-2023	70d	amazon	Particular_Mango_100	1
03-May-2023	70d	amazon	Infinite-Pattern2392	1
03-May-2023	70d	amazon	antdude	1
03-May-2023	70d	amazon	Forsaken_Good7372	1
03-May-2023	70d	amazon	jungleebunglee	1
03-May-2023	70d	amazon	Potkoff	1
03-May-2023	70d	amazon	Irrelevent12	1
03-May-2023	70d	amazon	Apprehensive-Egg3978	1
03-May-2023	70d	amazon	ropeguru	1
03-May-2023	70d	amazon	achillezzz	1
03-May-2023	70d	amazon	leefeyachi	1
03-May-2023	70d	amazon	DazedDingo	1
03-May-2023	70d	amazon	Illustrious_Toe_1505	1
03-May-2023	70d	amazon	UsernameTakenTooBad	1
03-May-2023	70d	amazon	Fancyface024	1
03-May-2023	70d	amazon	Defiant-Return3925	1
03-May-2023	70d	amazon	dylan_4_2_0	1
03-May-2023	70d	amazon	247alan	1
03-May-2023	70d	amazon	Flat-Slice4959	1
03-May-2023	70d	amazon	ObligationInformal40	1
03-May-2023	70d	amazon	Fair_Lobster_5592	1
03-May-2023	70d	amazon	amogusrider66	1
03-May-2023	70d	amazon	Own-Bluejay354	1
03-May-2023	70d	amazon	Pristine-Snow5526	1
03-May-2023	70d	amazon	Stark4228	1
03-May-2023	70d	amazon	DesignerLab3131	1
03-May-2023	70d	amazon	Drywall1989	1
03-May-2023	70d	amazon	veggieboy-	1
03-May-2023	70d	amazon	Ok-Fortune2846	1
03-May-2023	70d	amazon	ThrewAwayLike	1
03-May-2023	70d	amazon	Initial-Complex7477	1
03-May-2023	70d	amazon	ExhuberantGalaxy	1
03-May-2023	70d	amazon	fukcywukcy	1
03-May-2023	70d	amazon	densecookies	1
03-May-2023	70d	amazon	dolphinkittypirate65	1
03-May-2023	70d	amazon	Papa-P21	1
03-May-2023	70d	amazon	MidnightMoon1331	1
03-May-2023	70d	amazon	Neuweltgeier	1
03-May-2023	70d	amazon	Both_Consequence_954	1
03-May-2023	70d	amazon	SureCauliflower2408	1
03-May-2023	70d	amazon	Dumdumono	1
03-May-2023	70d	amazon	Zia5612	1
03-May-2023	70d	amazon	Rogue964	1
03-May-2023	70d	amazon	Sauketo-	1
03-May-2023	70d	amazon	Phydoux	1
03-May-2023	70d	amazon	wickedwaifu	1
03-May-2023	70d	amazon	Adragon23	1
03-May-2023	70d	amazon	Illustrious-Table319	1
03-May-2023	70d	amazon	Calvinsky	1
03-May-2023	70d	amazon	DeepSecretary7735	1
03-May-2023	70d	amazon	This_Let881	1
03-May-2023	70d	amazon	Particular_Lack_7218	1
03-May-2023	70d	amazon	Big-Ad-5153	1
03-May-2023	70d	amazon	cho_sungheun	1
03-May-2023	70d	amazon	baddiesthrowaway	1
03-May-2023	70d	amazon	OhFiggity	1
03-May-2023	70d	amazon	randombullshit98	1
03-May-2023	70d	amazon	Such_Self_5580	1
03-May-2023	70d	amazon	AlreadyTiredTomorrow	1
03-May-2023	70d	amazon	angeld3stiny	1
03-May-2023	70d	amazon	veggietrooper	1
03-May-2023	70d	amazon	rchavez1990	1
03-May-2023	70d	amazon	wakandaforever9	1
03-May-2023	70d	amazon	d-quik	1
03-May-2023	70d	amazon	2Bit_Dev	1
03-May-2023	70d	amazon	wolfhawk1999	1
03-May-2023	70d	amazon	Theshadoz007	1
03-May-2023	70d	amazon	Psycuun	1
03-May-2023	70d	amazon	ITSYABOIGALAXY	1
03-May-2023	70d	amazon	Sobitthen	1
03-May-2023	70d	amazon	J_Tylers2023	1
03-May-2023	70d	amazon	corinne822	1
03-May-2023	70d	amazon	Insane_Grape479	1
03-May-2023	70d	amazon	shusjsjsjKsksk	1
03-May-2023	70d	amazon	goodbrews	1
03-May-2023	70d	amazon	Dave8889	1
03-May-2023	70d	amazon	iHappyDragneel	1
03-May-2023	70d	amazon	Loose_Philosopher_22	1
03-May-2023	70d	amazon	milkdrinkingdude	1
03-May-2023	70d	amazon	ptw86	1
03-May-2023	70d	amazon	First_Artichoke2390	1
03-May-2023	70d	amazon	Creative-Layer-1734	1
03-May-2023	70d	amazon	Arifshah09	1
03-May-2023	70d	amazon	40x26	1
03-May-2023	70d	amazon	mfmfmckckskeke7	1
03-May-2023	70d	amazon	Lawnstar1091	1
03-May-2023	70d	amazon	Historical_Beat9876	1
03-May-2023	70d	amazon	KnowsIittle	1
03-May-2023	70d	amazon	thetypeotakulike	1
03-May-2023	70d	amazon	Huge_Context1668	1
03-May-2023	70d	amazon	TLeywin	1
03-May-2023	70d	amazon	PlusSnow8417	1
03-May-2023	70d	amazon	zuhuu	1
03-May-2023	70d	amazon	Apprehensive-Ad-7500	1
03-May-2023	70d	amazon	DetailConsistent7533	1
03-May-2023	70d	amazon	thecryingminotaur	1
03-May-2023	70d	amazon	j8dla9988	1
03-May-2023	70d	amazon	AscentAtLast	1
03-May-2023	70d	amazon	PsychologicalShoe743	1
03-May-2023	70d	amazon	just_one_random_guy	1
03-May-2023	70d	amazon	Legitimate_Code5997	1
03-May-2023	70d	amazon	EquivalentMirror5967	1
03-May-2023	70d	amazon	FootFungus100	1
03-May-2023	70d	amazon	Timbo303	1
03-May-2023	70d	amazon	LarryPer123	1
03-May-2023	70d	amazon	eudimonia-84	1
03-May-2023	70d	amazon	Careless-Bison9393	1
03-May-2023	70d	amazon	AdhesivenessLeft141	1
03-May-2023	70d	amazon	astrobrick	1
03-May-2023	70d	amazon	Ordinary_Speech1814	1
03-May-2023	70d	amazon	BotDamian	1
03-May-2023	70d	amazon	VauIt-Tec	1
03-May-2023	70d	amazon	JazzminsterAbbey	1
03-May-2023	70d	amazon	Big-Passenger-1375	1
03-May-2023	70d	amazon	MechanicalWhispers	1
03-May-2023	70d	amazon	davecreeker	1
03-May-2023	70d	amazon	davelipus	1
03-May-2023	70d	amazon	redaviter	1
03-May-2023	70d	amazon	redatola	1
03-May-2023	70d	amazon	Much_Space_5461	1
03-May-2023	70d	amazon	GOPfascists	1
03-May-2023	70d	amazon	illegiblebastard	1
03-May-2023	70d	amazon	One_Caterpillar_4926	1
03-May-2023	70d	amazon	Ecommlog12010	1
03-May-2023	70d	amazon	Best_Spinach1773	1
03-May-2023	70d	amazon	Due_Contribution_683	1
03-May-2023	70d	amazon	gamercoolpt	1
03-May-2023	70d	amazon	GhostOf_George_Floyd	1
03-May-2023	70d	amazon	Dense-Bullfrog1046	1
03-May-2023	70d	amazon	liquidocelotYT	1
03-May-2023	70d	amazon	Much_Way5672	1
03-May-2023	70d	amazon	blogger_1991	1
03-May-2023	70d	amazon	Kattleapple	1
03-May-2023	70d	amazon	comixjuan	1
03-May-2023	70d	amazon	Sanmends	1
03-May-2023	70d	amazon	Turbulent-Lawyer7618	1
03-May-2023	70d	amazon	JAXTraccer	1
03-May-2023	70d	amazon	Solid_Reindeer_4990	1
03-May-2023	70d	amazon	Various-Cheetah-4963	1
03-May-2023	70d	amazon	Mrmarketing99	1
03-May-2023	70d	amazon	Glittering-Package91	1
03-May-2023	70d	amazon	PastExpiryDotCom	1
03-May-2023	70d	amazon	Ecstatic_Custard7009	1
03-May-2023	70d	amazon	mkhlblshkv	1
03-May-2023	70d	amazon	tibsbulls2021	1
03-May-2023	70d	amazon	weeddidit44	1
03-May-2023	70d	amazon	Azimulislam_Age1316	1
03-May-2023	70d	amazon	Last-Run-1252	1
03-May-2023	70d	amazon	Gonnakillurass	1
03-May-2023	70d	amazon	Goldenbear0705	1
03-May-2023	70d	amazon	Relevant_Word_9888	1
03-May-2023	70d	amazon	coolkid173928	1
03-May-2023	70d	amazon	Groovy_Gooby69	1
03-May-2023	70d	amazon	sinfulmawile	1
03-May-2023	70d	amazon	FletchNZ	1
03-May-2023	70d	amazon	cybrpunk_	1
03-May-2023	70d	amazon	searchenginewatchdog	1
03-May-2023	70d	amazon	Snicole1989	1
03-May-2023	70d	amazon	Euphoric_Ad4408	1
03-May-2023	70d	amazon	kjvii	1
03-May-2023	70d	amazon	WebNeoRaven	1
03-May-2023	70d	amazon	Dobson_Butter	1
03-May-2023	70d	amazon	RIP_Don_Vito	1
03-May-2023	70d	amazon	pho008	1
03-May-2023	70d	amazon	vxbd	1
03-May-2023	70d	amazon	Vertigo103	1
03-May-2023	70d	amazon	lil_squiddy_	1
03-May-2023	70d	amazon	miamigirl101	1
03-May-2023	70d	amazon	DegeneRagingX	1
03-May-2023	70d	amazon	SplishSploosh2000	1
03-May-2023	70d	amazon	robotrousers	1
03-May-2023	70d	amazon	Intelligent_Energy16	1
03-May-2023	70d	amazon	WaffleBot626	1
03-May-2023	70d	amazon	AffectionateSize552	1
03-May-2023	70d	amazon	CatFemboyJordan	1
03-May-2023	70d	amazon	Infamous_Custard7113	1
03-May-2023	70d	amazon	Trippy_Beanz	1
03-May-2023	70d	amazon	johnqhu	1
03-May-2023	70d	amazon	Ok-Imagination5816	1
03-May-2023	70d	amazon	UnworthyAdversary	1
03-May-2023	70d	amazon	Timely_Alarm_3842	1
03-May-2023	70d	amazon	Throwaway695326	1
03-May-2023	70d	amazon	MaizeOk6222	1
03-May-2023	70d	amazon	zizodum	1
03-May-2023	70d	amazon	AbbreviationsDry6557	1
03-May-2023	70d	amazon	gemcoffee	1
03-May-2023	70d	amazon	slakerjak	1
03-May-2023	70d	amazon	Lilchardonnay	1
03-May-2023	70d	amazon	sellerarka	1
03-May-2023	70d	amazon	burpeedevil	1
03-May-2023	70d	amazon	m5kurt4	1
03-May-2023	70d	amazon	temperarian	1
03-May-2023	70d	amazon	Squishy321	1
03-May-2023	70d	amazon	themarketbyte	1
03-May-2023	70d	amazon	emmabfell1	1
03-May-2023	70d	amazon	Cute-Garlic_girl	1
03-May-2023	70d	amazon	TopMathematician4401	1
03-May-2023	70d	amazon	survibin	1
03-May-2023	70d	amazon	jimy_the_wolf	1
03-May-2023	70d	amazon	Rowroot	1
03-May-2023	70d	amazon	Kingdom_OChem	1
03-May-2023	70d	amazon	Master_Gold_6894	1
03-May-2023	70d	amazon	ivonhxhh5-	1
03-May-2023	70d	amazon	TheDadRockPodcast	1
03-May-2023	70d	amazon	BlackScaped	1
03-May-2023	70d	amazon	moisesg88	1
03-May-2023	70d	amazon	PlusShoe5	1
03-May-2023	70d	amazon	Helgafjell4Me	1
03-May-2023	70d	amazon	visiosaur	1
03-May-2023	70d	amazon	user21403	1
03-May-2023	70d	amazon	Fun-Entertainer-1837	1
03-May-2023	70d	amazon	gojiraaltforreasons	1
03-May-2023	70d	amazon	Osama10708	1
03-May-2023	70d	amazon	kevsmakin	1
03-May-2023	70d	amazon	chilipeppercook	1
03-May-2023	70d	amazon	Hnanavan	1
03-May-2023	70d	amazon	amjadsur	1
03-May-2023	70d	amazon	OppositePolicy5508	1
03-May-2023	70d	amazon	Enkiisaac	1
03-May-2023	70d	amazon	Progenitor3	1
03-May-2023	70d	amazon	birbcat76	1
03-May-2023	70d	amazon	ReaMet2	1
03-May-2023	70d	amazon	rchllwr	1
03-May-2023	70d	amazon	Negative-Sugar-1188	1
03-May-2023	70d	amazon	Direct_House4094	1
03-May-2023	70d	amazon	daanverbeek	1
03-May-2023	70d	amazon	largelcd	1
03-May-2023	70d	amazon	peroxybensoic	1
03-May-2023	70d	amazon	grigglegroggle	1
03-May-2023	70d	amazon	Denigma11	1
03-May-2023	70d	amazon	QuasarSurfr	1
03-May-2023	70d	amazon	URRRRRRGHIMSOMAD	1
03-May-2023	70d	amazon	Mathdoy2	1
03-May-2023	70d	amazon	Unreasonable_Hedger	1
03-May-2023	70d	amazon	Mistrz_mobile	1
03-May-2023	70d	amazon	unsolveddd	1
03-May-2023	70d	amazon	Pure-Statistician831	1
03-May-2023	70d	amazon	Careful_Lie5532	1
03-May-2023	70d	amazon	Nadira74	1
03-May-2023	70d	amazon	sagarmaruth1	1
03-May-2023	70d	amazon	Aceofwands111	1
03-May-2023	70d	amazon	River_Pleasant	1
03-May-2023	70d	amazon	AnnaWhiteOnOnly	1
03-May-2023	70d	amazon	CC713-LCTX	1
03-May-2023	70d	amazon	AfricanInvestor	1
03-May-2023	70d	amazon	iKankzz	1
03-May-2023	70d	amazon	fiercevillain	1
03-May-2023	70d	amazon	Common_Ad_678	1
03-May-2023	70d	amazon	Choice-Front3182	1
03-May-2023	70d	amazon	Mobz39	1
03-May-2023	70d	amazon	Ozzpala	1
03-May-2023	70d	amazon	Httpshoneybee	1
03-May-2023	70d	amazon	ChicagoJoe3	1
03-May-2023	70d	amazon	Gamer_AC	1
03-May-2023	70d	amazon	Miixv	1
03-May-2023	70d	amazon	Such_Introduction412	1
03-May-2023	70d	amazon	KimchiTheGreatest	1
03-May-2023	70d	amazon	WorkforceWonk	1
03-May-2023	70d	amazon	designedtodesign	1
03-May-2023	70d	amazon	problem_solver_evrdy	1
03-May-2023	70d	amazon	Suspicious_Falcon_97	1
03-May-2023	70d	amazon	Odd_Refrigerator1787	1
03-May-2023	70d	amazon	FaultOut	1
03-May-2023	70d	amazon	didJunome	1
03-May-2023	70d	amazon	mrosenfeld_shisha1	1
03-May-2023	70d	amazon	Eitan4700	1
03-May-2023	70d	amazon	PleasantOperation167	1
03-May-2023	70d	amazon	JGS747-	1
03-May-2023	70d	amazon	Jambo526	1
03-May-2023	70d	amazon	FuckGoogle69420	1
03-May-2023	70d	amazon	mdashik09	1
03-May-2023	70d	amazon	DonnaFunke	1
03-May-2023	70d	amazon	XxTh3Unkn0wnxX	1
03-May-2023	70d	amazon	WhisperingWillow006	1
03-May-2023	70d	amazon	yourmotherisfatt	1
03-May-2023	70d	amazon	Significant-Stick-99	1
03-May-2023	70d	amazon	Quacker_United	1
03-May-2023	70d	amazon	Bright-Report	1
03-May-2023	70d	amazon	Smash_Factor	1
03-May-2023	70d	amazon	usa788788	1
03-May-2023	70d	amazon	Successful_Shower_96	1
03-May-2023	70d	amazon	snoopshovel	1
03-May-2023	70d	amazon	Ch_dogs_only	1
03-May-2023	70d	amazon	Mk_Makanaki	1
03-May-2023	70d	amazon	Sad-Armadillo1680	1
03-May-2023	70d	amazon	Serious_Strawberryy	1
03-May-2023	70d	amazon	CrocodilianDan	1
03-May-2023	70d	amazon	ztjuh	1
03-May-2023	70d	amazon	Forsaken-Thought	1
03-May-2023	70d	amazon	BrainTech36	1
03-May-2023	70d	amazon	TenacityTough	1
03-May-2023	70d	amazon	RidZak	1
03-May-2023	70d	amazon	glbltvlr	1
03-May-2023	70d	amazon	sochieberry	1
03-May-2023	70d	amazon	LuckFlaky1511	1
03-May-2023	70d	amazon	Additional_Paint_379	1
03-May-2023	70d	amazon	RickestRickSea137	1
03-May-2023	70d	amazon	Puzzleheaded_Money33	1
03-May-2023	70d	amazon	charlescharlie1310	1
