query_date	before_date	subreddit	comment_author	comment_frequency
03-May-2023	20d	amazon	AutoModerator	281
03-May-2023	20d	amazon	[deleted]	86
03-May-2023	20d	amazon	Throwingshead	76
03-May-2023	20d	amazon	sibman	39
03-May-2023	20d	amazon	StraightWallaby	23
03-May-2023	20d	amazon	captaincrapple	17
03-May-2023	20d	amazon	jrhoffa	13
03-May-2023	20d	amazon	known_starfield	13
03-May-2023	20d	amazon	motherfudgersob	10
03-May-2023	20d	amazon	ultraj	9
03-May-2023	20d	amazon	kakojasonkiller	8
03-May-2023	20d	amazon	TheBrickFarmer	7
03-May-2023	20d	amazon	thdesha2021	5
03-May-2023	20d	amazon	ZombierBob	5
03-May-2023	20d	amazon	Natezone24	5
03-May-2023	20d	amazon	OnlyWhenIBreathe	5
03-May-2023	20d	amazon	amazon-ModTeam	4
03-May-2023	20d	amazon	d3nv3rite	4
03-May-2023	20d	amazon	OleRoy2023	4
03-May-2023	20d	amazon	stonecats	4
03-May-2023	20d	amazon	ldnkmms420	4
03-May-2023	20d	amazon	watermelone8000	4
03-May-2023	20d	amazon	bunoboz	4
03-May-2023	20d	amazon	boxingdude	3
03-May-2023	20d	amazon	buzzgun	3
03-May-2023	20d	amazon	UnexpectedHankHill	3
03-May-2023	20d	amazon	Last_In	3
03-May-2023	20d	amazon	Markydabest123	3
03-May-2023	20d	amazon	SerJaimeRegrets	3
03-May-2023	20d	amazon	Coolboymark	3
03-May-2023	20d	amazon	LIVEFan33	3
03-May-2023	20d	amazon	sxrxhmanning	3
03-May-2023	20d	amazon	hirezdezines	3
03-May-2023	20d	amazon	musical_froot_loop	3
03-May-2023	20d	amazon	annoyinghamster51	3
03-May-2023	20d	amazon	Last-Resource-99	3
03-May-2023	20d	amazon	billrosmus	3
03-May-2023	20d	amazon	TheLonerCoder	3
03-May-2023	20d	amazon	Sovarius	3
03-May-2023	20d	amazon	tonybasil2001	3
03-May-2023	20d	amazon	serinde_miriel	3
03-May-2023	20d	amazon	JRPGNATION	2
03-May-2023	20d	amazon	antdude	2
03-May-2023	20d	amazon	CVNLS	2
03-May-2023	20d	amazon	SylvesterWatts	2
03-May-2023	20d	amazon	Webgiant	2
03-May-2023	20d	amazon	silverfang789	2
03-May-2023	20d	amazon	xnaveedhassan	2
03-May-2023	20d	amazon	jibsymalone	2
03-May-2023	20d	amazon	Sarfbot	2
03-May-2023	20d	amazon	PlaneShoulder6014	2
03-May-2023	20d	amazon	twhiting9275	2
03-May-2023	20d	amazon	yakovsmom	2
03-May-2023	20d	amazon	cobalt8	2
03-May-2023	20d	amazon	Trip_2	2
03-May-2023	20d	amazon	kkjdroid	2
03-May-2023	20d	amazon	Hopper__	2
03-May-2023	20d	amazon	Crysave	2
03-May-2023	20d	amazon	Hochspannungswerk	2
03-May-2023	20d	amazon	DarkMain	2
03-May-2023	20d	amazon	PAnimator787	2
03-May-2023	20d	amazon	LH_Weiss	2
03-May-2023	20d	amazon	DAta211	2
03-May-2023	20d	amazon	YoYoStevo	2
03-May-2023	20d	amazon	SlickStretch	2
03-May-2023	20d	amazon	Awarenesswarm336	2
03-May-2023	20d	amazon	Appropriate-Voice112	2
03-May-2023	20d	amazon	SaltyXayah	2
03-May-2023	20d	amazon	yellandtell	2
03-May-2023	20d	amazon	c9nw	2
03-May-2023	20d	amazon	Ok-Celebration4910	2
03-May-2023	20d	amazon	PleasantBase2890	2
03-May-2023	20d	amazon	AlexInThePalace	2
03-May-2023	20d	amazon	_daiyan_	2
03-May-2023	20d	amazon	Ill_Significance3019	2
03-May-2023	20d	amazon	NibbaLipz	2
03-May-2023	20d	amazon	Prudent-Depth-2009	2
03-May-2023	20d	amazon	Legitimate_Table_533	2
03-May-2023	20d	amazon	craftycat1135	2
03-May-2023	20d	amazon	iloveeggsalot	2
03-May-2023	20d	amazon	server_maintenance	2
03-May-2023	20d	amazon	GTRacer1972	2
03-May-2023	20d	amazon	pizzaazzip	2
03-May-2023	20d	amazon	AfricanToilet	2
03-May-2023	20d	amazon	Legitimate-Cut-5988	2
03-May-2023	20d	amazon	joshnic2	2
03-May-2023	20d	amazon	SwayX_X	2
03-May-2023	20d	amazon	Pink-neck-Steven	2
03-May-2023	20d	amazon	Chroma-on-YT	2
03-May-2023	20d	amazon	ElRamenKnight	2
03-May-2023	20d	amazon	moogleslam	2
03-May-2023	20d	amazon	RSHeavy	2
03-May-2023	20d	amazon	GAMESHARQ	1
03-May-2023	20d	amazon	lilcthecapedcod	1
03-May-2023	20d	amazon	A179E49GFZ68722R23	1
03-May-2023	20d	amazon	scsalon	1
03-May-2023	20d	amazon	poettrap	1
03-May-2023	20d	amazon	sneakysnek09	1
03-May-2023	20d	amazon	Iraymur	1
03-May-2023	20d	amazon	stvaccount	1
03-May-2023	20d	amazon	hotelshowers	1
03-May-2023	20d	amazon	kartheek710	1
03-May-2023	20d	amazon	s0nicfreak	1
03-May-2023	20d	amazon	Pigeon-Pudding	1
03-May-2023	20d	amazon	Stimpyjpg	1
03-May-2023	20d	amazon	mtux96	1
03-May-2023	20d	amazon	Interesting-Light-13	1
03-May-2023	20d	amazon	NickieBoy97	1
03-May-2023	20d	amazon	mrhindustan	1
03-May-2023	20d	amazon	Neoreloaded313	1
03-May-2023	20d	amazon	gixxxer750	1
03-May-2023	20d	amazon	brasscup	1
03-May-2023	20d	amazon	gunnersboy2000	1
03-May-2023	20d	amazon	Knockoutpie1	1
03-May-2023	20d	amazon	barrystrawbridgess	1
03-May-2023	20d	amazon	Booyah_7	1
03-May-2023	20d	amazon	Rannelbrad	1
03-May-2023	20d	amazon	conamo	1
03-May-2023	20d	amazon	SpectralEntity	1
03-May-2023	20d	amazon	answers-42	1
03-May-2023	20d	amazon	Furiousguy79	1
03-May-2023	20d	amazon	Ilovelegs723	1
03-May-2023	20d	amazon	meramec785	1
03-May-2023	20d	amazon	Sensitive_Oil_1616	1
03-May-2023	20d	amazon	taterthotsalad	1
03-May-2023	20d	amazon	LightsOutAwayWeG0	1
03-May-2023	20d	amazon	Gregnor	1
03-May-2023	20d	amazon	Biblioburrata	1
03-May-2023	20d	amazon	Catonkey70	1
03-May-2023	20d	amazon	pacwess	1
03-May-2023	20d	amazon	groundhog5886	1
03-May-2023	20d	amazon	Laura9624	1
03-May-2023	20d	amazon	defroach84	1
03-May-2023	20d	amazon	andde	1
03-May-2023	20d	amazon	knitwasabi	1
03-May-2023	20d	amazon	Rasengetsu	1
03-May-2023	20d	amazon	TylerTradingCo	1
03-May-2023	20d	amazon	sleeksleek	1
03-May-2023	20d	amazon	discrete_apparatus	1
03-May-2023	20d	amazon	FatzFrmLoafinOnJaro	1
03-May-2023	20d	amazon	amentaleffect	1
03-May-2023	20d	amazon	Appropriate_Ad_6941	1
03-May-2023	20d	amazon	IsThatUMoatilliatta	1
03-May-2023	20d	amazon	DavidMeowie1	1
03-May-2023	20d	amazon	orphenshadow	1
03-May-2023	20d	amazon	_mausmaus	1
03-May-2023	20d	amazon	Maudeth	1
03-May-2023	20d	amazon	different-angle	1
03-May-2023	20d	amazon	CMic_	1
03-May-2023	20d	amazon	a-friendgineer	1
03-May-2023	20d	amazon	CalmRip	1
03-May-2023	20d	amazon	surfcitysurfergirl	1
03-May-2023	20d	amazon	PleasantCurrant-FAT1	1
03-May-2023	20d	amazon	DoYaLikeCheese	1
03-May-2023	20d	amazon	rebelliouslegacy	1
03-May-2023	20d	amazon	followthe_spiders	1
03-May-2023	20d	amazon	Which-Union-2372	1
03-May-2023	20d	amazon	OptimalBeing581	1
03-May-2023	20d	amazon	faceboobs701	1
03-May-2023	20d	amazon	Blecher_onthe_Hudson	1
03-May-2023	20d	amazon	No_Concept4155	1
03-May-2023	20d	amazon	lonely_coin	1
03-May-2023	20d	amazon	Efficient-Recover231	1
03-May-2023	20d	amazon	Koweann	1
03-May-2023	20d	amazon	deltahalo241	1
03-May-2023	20d	amazon	thecub222	1
03-May-2023	20d	amazon	codybmusser	1
03-May-2023	20d	amazon	spooner_retad	1
03-May-2023	20d	amazon	esouthern	1
03-May-2023	20d	amazon	yusuke8	1
03-May-2023	20d	amazon	MagJack	1
03-May-2023	20d	amazon	Vixen22213	1
03-May-2023	20d	amazon	Stromberg-Carlson	1
03-May-2023	20d	amazon	LyleJay	1
03-May-2023	20d	amazon	exo-XO	1
03-May-2023	20d	amazon	swearingino	1
03-May-2023	20d	amazon	_lilkimdidtime_	1
03-May-2023	20d	amazon	wrinkledassholefrom	1
03-May-2023	20d	amazon	apizzameghan	1
03-May-2023	20d	amazon	SadhbhTheCowardly	1
03-May-2023	20d	amazon	lola1014777	1
03-May-2023	20d	amazon	newuser201890	1
03-May-2023	20d	amazon	ReverseNihilist	1
03-May-2023	20d	amazon	locallovelydemon	1
03-May-2023	20d	amazon	Key_Point_4063	1
03-May-2023	20d	amazon	gatabloops	1
03-May-2023	20d	amazon	freebubbleup	1
03-May-2023	20d	amazon	frala	1
03-May-2023	20d	amazon	roelno	1
03-May-2023	20d	amazon	AayushBhatia06	1
03-May-2023	20d	amazon	ThrowAway2MD	1
03-May-2023	20d	amazon	WhatWouldTNGPicardDo	1
03-May-2023	20d	amazon	partyorca	1
03-May-2023	20d	amazon	LowPlatypus6119	1
03-May-2023	20d	amazon	RedditIsPutinsBitch	1
03-May-2023	20d	amazon	ChihuahuaMammaNPT	1
03-May-2023	20d	amazon	Several-Syllabub8736	1
03-May-2023	20d	amazon	Neeralazra	1
03-May-2023	20d	amazon	brennenderopa	1
03-May-2023	20d	amazon	sweatertreenoodle	1
03-May-2023	20d	amazon	Poopslaya	1
03-May-2023	20d	amazon	DoMyBest2bPositive	1
03-May-2023	20d	amazon	Elnegr00	1
03-May-2023	20d	amazon	woertersammlerin	1
03-May-2023	20d	amazon	Ok_Peak538	1
03-May-2023	20d	amazon	Comfortable-Cut8506	1
03-May-2023	20d	amazon	UrbanAbsconder	1
03-May-2023	20d	amazon	Mysterious-Theory-66	1
03-May-2023	20d	amazon	knuckboy	1
03-May-2023	20d	amazon	ricktasticdbs	1
03-May-2023	20d	amazon	jojo_the_mofo	1
03-May-2023	20d	amazon	siabob007	1
03-May-2023	20d	amazon	ProximaZenyatta	1
03-May-2023	20d	amazon	GriffithCapital	1
03-May-2023	20d	amazon	TentiTiger11	1
03-May-2023	20d	amazon	aroscoe	1
03-May-2023	20d	amazon	l_stevens	1
03-May-2023	20d	amazon	TopGearDanTGD	1
03-May-2023	20d	amazon	SaladCheap9979	1
03-May-2023	20d	amazon	TheStoffer	1
03-May-2023	20d	amazon	heart2pure	1
03-May-2023	20d	amazon	ohkayonce	1
03-May-2023	20d	amazon	Avocadosandtomatoes	1
03-May-2023	20d	amazon	mtmirror	1
03-May-2023	20d	amazon	miajade1996	1
03-May-2023	20d	amazon	blockedlogin	1
03-May-2023	20d	amazon	magnoliamahogany	1
03-May-2023	20d	amazon	Valkia_Perkunos	1
03-May-2023	20d	amazon	Young_Alternative	1
03-May-2023	20d	amazon	Practical_Year_4425	1
03-May-2023	20d	amazon	thewhitewalker99	1
03-May-2023	20d	amazon	jones-jim	1
03-May-2023	20d	amazon	spiritualcodee	1
03-May-2023	20d	amazon	bookworm2019-	1
03-May-2023	20d	amazon	Sea_Journalist_3615	1
03-May-2023	20d	amazon	gEmilyMil	1
03-May-2023	20d	amazon	AllStupidQuestions69	1
03-May-2023	20d	amazon	flying_alligators	1
03-May-2023	20d	amazon	neto333	1
03-May-2023	20d	amazon	ItzzCammss	1
03-May-2023	20d	amazon	markoNW	1
03-May-2023	20d	amazon	graxanie	1
03-May-2023	20d	amazon	jaffafantacakes	1
03-May-2023	20d	amazon	monsieurlee	1
03-May-2023	20d	amazon	Phyliinx	1
03-May-2023	20d	amazon	QuirkyTourist1433	1
03-May-2023	20d	amazon	merr1k	1
03-May-2023	20d	amazon	Mrcatmanthdog	1
03-May-2023	20d	amazon	patros36	1
03-May-2023	20d	amazon	ObamasBoss	1
03-May-2023	20d	amazon	ShadeezBack	1
03-May-2023	20d	amazon	TheAffinityBridge	1
03-May-2023	20d	amazon	BigHangar	1
03-May-2023	20d	amazon	mmunson	1
03-May-2023	20d	amazon	EmmyS1972	1
03-May-2023	20d	amazon	ship_faced23	1
03-May-2023	20d	amazon	Pretend_Emu4508	1
03-May-2023	20d	amazon	Luke_Atmi	1
03-May-2023	20d	amazon	redditupf2	1
03-May-2023	20d	amazon	iloveehotmoms	1
03-May-2023	20d	amazon	scarymoose	1
03-May-2023	20d	amazon	virgin_goat	1
03-May-2023	20d	amazon	StellaZaFella	1
03-May-2023	20d	amazon	BooksInBrooks	1
03-May-2023	20d	amazon	RedditPicked	1
03-May-2023	20d	amazon	Hey_Laaady	1
03-May-2023	20d	amazon	Unfair_Band_722	1
03-May-2023	20d	amazon	gr8teeth	1
03-May-2023	20d	amazon	Mikey77777	1
03-May-2023	20d	amazon	Skyleaf502	1
03-May-2023	20d	amazon	juniperxmoons	1
03-May-2023	20d	amazon	iodine__sky	1
03-May-2023	20d	amazon	jrr6415sun	1
03-May-2023	20d	amazon	vitaliyh	1
03-May-2023	20d	amazon	pidgeonatemypidgeon	1
03-May-2023	20d	amazon	torontocomicpressing	1
03-May-2023	20d	amazon	joeisajellyfish	1
03-May-2023	20d	amazon	EpicZen35	1
03-May-2023	20d	amazon	-its-full-of-stars-	1
03-May-2023	20d	amazon	Milk_Beginning	1
03-May-2023	20d	amazon	moshedanger	1
03-May-2023	20d	amazon	Nabfoo	1
03-May-2023	20d	amazon	Anto444_	1
03-May-2023	20d	amazon	Superslim-Anoniem	1
03-May-2023	20d	amazon	JustmeinNYC	1
03-May-2023	20d	amazon	epistax	1
03-May-2023	20d	amazon	fafalone	1
03-May-2023	20d	amazon	Potential_Display662	1
03-May-2023	20d	amazon	KatMagic1977	1
03-May-2023	20d	amazon	AzerLofi	1
03-May-2023	20d	amazon	baronvonj	1
03-May-2023	20d	amazon	middleCman	1
03-May-2023	20d	amazon	Mintfriction	1
03-May-2023	20d	amazon	A7X_Z	1
03-May-2023	20d	amazon	Dismaster2k	1
03-May-2023	20d	amazon	InnerWave1986	1
03-May-2023	20d	amazon	Ninja_Bum	1
03-May-2023	20d	amazon	pstaki	1
03-May-2023	20d	amazon	The_Overgiver	1
03-May-2023	20d	amazon	moochs	1
03-May-2023	20d	amazon	damek666	1
03-May-2023	20d	amazon	Professional_Cap_290	1
03-May-2023	20d	amazon	Kadeskill	1
03-May-2023	20d	amazon	Jonas-McJameaon	1
03-May-2023	20d	amazon	FeymildTheFeyKing	1
03-May-2023	20d	amazon	Laez	1
