query_date,before_date,subreddit,comment_author,comment_frequency
17-Apr-2023,0d,amazon,AutoModerator,266
17-Apr-2023,0d,amazon,[deleted],84
17-Apr-2023,0d,amazon,Throwingshead,77
17-Apr-2023,0d,amazon,sibman,37
17-Apr-2023,0d,amazon,StraightWallaby,32
17-Apr-2023,0d,amazon,captaincrapple,17
17-Apr-2023,0d,amazon,jrhoffa,16
17-Apr-2023,0d,amazon,motherfudgersob,15
17-Apr-2023,0d,amazon,amazon-ModTeam,11
17-Apr-2023,0d,amazon,ultraj,9
17-Apr-2023,0d,amazon,known_starfield,9
17-Apr-2023,0d,amazon,kakojasonkiller,8
17-Apr-2023,0d,amazon,TheBrickFarmer,7
17-Apr-2023,0d,amazon,yellandtell,6
17-Apr-2023,0d,amazon,ShadowGangsta275,5
17-Apr-2023,0d,amazon,Tesseract_512,5
17-Apr-2023,0d,amazon,middleCman,5
17-Apr-2023,0d,amazon,OleRoy2023,5
17-Apr-2023,0d,amazon,ZombierBob,5
17-Apr-2023,0d,amazon,buzzgun,4
17-Apr-2023,0d,amazon,John_4380,4
17-Apr-2023,0d,amazon,boxingdude,4
17-Apr-2023,0d,amazon,Most-Parsnip-7844,4
17-Apr-2023,0d,amazon,thdesha2021,4
17-Apr-2023,0d,amazon,d3nv3rite,4
17-Apr-2023,0d,amazon,Natezone24,4
17-Apr-2023,0d,amazon,Trip_2,3
17-Apr-2023,0d,amazon,DVL73,3
17-Apr-2023,0d,amazon,Ok-Celebration4910,3
17-Apr-2023,0d,amazon,ChengSkwatalot,3
17-Apr-2023,0d,amazon,Liamnelson95,3
17-Apr-2023,0d,amazon,TylerTradingCo,3
17-Apr-2023,0d,amazon,Lonely-Specialist-47,3
17-Apr-2023,0d,amazon,UnexpectedHankHill,3
17-Apr-2023,0d,amazon,stonecats,3
17-Apr-2023,0d,amazon,Last_In,3
17-Apr-2023,0d,amazon,Markydabest123,3
17-Apr-2023,0d,amazon,SerJaimeRegrets,3
17-Apr-2023,0d,amazon,Coolboymark,3
17-Apr-2023,0d,amazon,LIVEFan33,3
17-Apr-2023,0d,amazon,sxrxhmanning,3
17-Apr-2023,0d,amazon,hirezdezines,3
17-Apr-2023,0d,amazon,annoyinghamster51,3
17-Apr-2023,0d,amazon,Last-Resource-99,3
17-Apr-2023,0d,amazon,ldnkmms420,3
17-Apr-2023,0d,amazon,billrosmus,3
17-Apr-2023,0d,amazon,Arimwe,2
17-Apr-2023,0d,amazon,Mysterious-Theory-66,2
17-Apr-2023,0d,amazon,outofmemory01,2
17-Apr-2023,0d,amazon,Au2o,2
17-Apr-2023,0d,amazon,phunterdot,2
17-Apr-2023,0d,amazon,HylianGeekBoy,2
17-Apr-2023,0d,amazon,s3r3ng,2
17-Apr-2023,0d,amazon,Calvinsky,2
17-Apr-2023,0d,amazon,_LisaFrank_,2
17-Apr-2023,0d,amazon,vanschmak,2
17-Apr-2023,0d,amazon,PleasantCurrant-FAT1,2
17-Apr-2023,0d,amazon,RealCipherPines,2
17-Apr-2023,0d,amazon,Numerous_Ad_1940,2
17-Apr-2023,0d,amazon,Iraymur,2
17-Apr-2023,0d,amazon,Rannelbrad,2
17-Apr-2023,0d,amazon,JRPGNATION,2
17-Apr-2023,0d,amazon,antdude,2
17-Apr-2023,0d,amazon,CVNLS,2
17-Apr-2023,0d,amazon,SylvesterWatts,2
17-Apr-2023,0d,amazon,Webgiant,2
17-Apr-2023,0d,amazon,silverfang789,2
17-Apr-2023,0d,amazon,xnaveedhassan,2
17-Apr-2023,0d,amazon,jibsymalone,2
17-Apr-2023,0d,amazon,Sarfbot,2
17-Apr-2023,0d,amazon,PlaneShoulder6014,2
17-Apr-2023,0d,amazon,twhiting9275,2
17-Apr-2023,0d,amazon,yakovsmom,2
17-Apr-2023,0d,amazon,cobalt8,2
17-Apr-2023,0d,amazon,kkjdroid,2
17-Apr-2023,0d,amazon,Hopper__,2
17-Apr-2023,0d,amazon,Crysave,2
17-Apr-2023,0d,amazon,Hochspannungswerk,2
17-Apr-2023,0d,amazon,DarkMain,2
17-Apr-2023,0d,amazon,PAnimator787,2
17-Apr-2023,0d,amazon,LH_Weiss,2
17-Apr-2023,0d,amazon,DAta211,2
17-Apr-2023,0d,amazon,SlickStretch,2
17-Apr-2023,0d,amazon,musical_froot_loop,2
17-Apr-2023,0d,amazon,Awarenesswarm336,2
17-Apr-2023,0d,amazon,Appropriate-Voice112,2
17-Apr-2023,0d,amazon,SaltyXayah,2
17-Apr-2023,0d,amazon,PleasantBase2890,2
17-Apr-2023,0d,amazon,_daiyan_,2
17-Apr-2023,0d,amazon,Ill_Significance3019,2
17-Apr-2023,0d,amazon,NibbaLipz,2
17-Apr-2023,0d,amazon,Prudent-Depth-2009,2
17-Apr-2023,0d,amazon,atuckk15,1
17-Apr-2023,0d,amazon,Then-Discipline4305,1
17-Apr-2023,0d,amazon,curlyredss,1
17-Apr-2023,0d,amazon,tweetysvoice,1
17-Apr-2023,0d,amazon,ctraltdelete_,1
17-Apr-2023,0d,amazon,Fkmeitscold,1
17-Apr-2023,0d,amazon,loveforemost,1
17-Apr-2023,0d,amazon,Burnaby-Joe,1
17-Apr-2023,0d,amazon,Pcos_autistic,1
17-Apr-2023,0d,amazon,frugalacademic,1
17-Apr-2023,0d,amazon,Oelomatic,1
17-Apr-2023,0d,amazon,upppdawwwggg,1
17-Apr-2023,0d,amazon,Stewie56,1
17-Apr-2023,0d,amazon,DieHummel88,1
17-Apr-2023,0d,amazon,Most_Engineering_992,1
17-Apr-2023,0d,amazon,SnowblindAlbino,1
17-Apr-2023,0d,amazon,lazypieceofcrap,1
17-Apr-2023,0d,amazon,rjzak,1
17-Apr-2023,0d,amazon,shmoo_22,1
17-Apr-2023,0d,amazon,KKCisabadseries,1
17-Apr-2023,0d,amazon,Melotemis,1
17-Apr-2023,0d,amazon,yameerooo,1
17-Apr-2023,0d,amazon,SnooComics3978,1
17-Apr-2023,0d,amazon,Xaielao,1
17-Apr-2023,0d,amazon,Queasy-Original-1629,1
17-Apr-2023,0d,amazon,petteyg359,1
17-Apr-2023,0d,amazon,Lost-Ad2778,1
17-Apr-2023,0d,amazon,euphewl,1
17-Apr-2023,0d,amazon,smitpatel910,1
17-Apr-2023,0d,amazon,captmomo,1
17-Apr-2023,0d,amazon,MNB9888,1
17-Apr-2023,0d,amazon,YABOIMIKEY13,1
17-Apr-2023,0d,amazon,Weak_Excuse_7412,1
17-Apr-2023,0d,amazon,Rich-Cryptographer-7,1
17-Apr-2023,0d,amazon,Productpusher,1
17-Apr-2023,0d,amazon,Bleezzy39,1
17-Apr-2023,0d,amazon,victim_of_technology,1
17-Apr-2023,0d,amazon,Jose_daScientist409,1
17-Apr-2023,0d,amazon,Thecumdemonwuwuwu,1
17-Apr-2023,0d,amazon,After-Search3193,1
17-Apr-2023,0d,amazon,Progenitor3,1
17-Apr-2023,0d,amazon,Significant_Air_8972,1
17-Apr-2023,0d,amazon,trickmind,1
17-Apr-2023,0d,amazon,n3aak,1
17-Apr-2023,0d,amazon,scarymoose,1
17-Apr-2023,0d,amazon,beccalicious21,1
17-Apr-2023,0d,amazon,spaceghost589,1
17-Apr-2023,0d,amazon,whofusesthemusic,1
17-Apr-2023,0d,amazon,throwaway5251258,1
17-Apr-2023,0d,amazon,Bokoblin-1,1
17-Apr-2023,0d,amazon,Dependent-Yam-9422,1
17-Apr-2023,0d,amazon,PruneJaw,1
17-Apr-2023,0d,amazon,throwaway044512,1
17-Apr-2023,0d,amazon,goplantagarden,1
17-Apr-2023,0d,amazon,stuartgatzo,1
17-Apr-2023,0d,amazon,gregarious119,1
17-Apr-2023,0d,amazon,Riverjig,1
17-Apr-2023,0d,amazon,Limestone360,1
17-Apr-2023,0d,amazon,myroon5,1
17-Apr-2023,0d,amazon,blackesthearted,1
17-Apr-2023,0d,amazon,CallofDoody416,1
17-Apr-2023,0d,amazon,doomedratboy,1
17-Apr-2023,0d,amazon,Far-Smile8892,1
17-Apr-2023,0d,amazon,skarnerirl,1
17-Apr-2023,0d,amazon,Robyn3348,1
17-Apr-2023,0d,amazon,Kurhho,1
17-Apr-2023,0d,amazon,miss_guided,1
17-Apr-2023,0d,amazon,reddituser5k,1
17-Apr-2023,0d,amazon,andibelikeswol,1
17-Apr-2023,0d,amazon,EqualComfortable7696,1
17-Apr-2023,0d,amazon,GAMESHARQ,1
17-Apr-2023,0d,amazon,lilcthecapedcod,1
17-Apr-2023,0d,amazon,A179E49GFZ68722R23,1
17-Apr-2023,0d,amazon,scsalon,1
17-Apr-2023,0d,amazon,poettrap,1
17-Apr-2023,0d,amazon,sneakysnek09,1
17-Apr-2023,0d,amazon,stvaccount,1
17-Apr-2023,0d,amazon,hotelshowers,1
17-Apr-2023,0d,amazon,kartheek710,1
17-Apr-2023,0d,amazon,s0nicfreak,1
17-Apr-2023,0d,amazon,Pigeon-Pudding,1
17-Apr-2023,0d,amazon,Stimpyjpg,1
17-Apr-2023,0d,amazon,mtux96,1
17-Apr-2023,0d,amazon,Interesting-Light-13,1
17-Apr-2023,0d,amazon,NickieBoy97,1
17-Apr-2023,0d,amazon,mrhindustan,1
17-Apr-2023,0d,amazon,Neoreloaded313,1
17-Apr-2023,0d,amazon,gixxxer750,1
17-Apr-2023,0d,amazon,brasscup,1
17-Apr-2023,0d,amazon,gunnersboy2000,1
17-Apr-2023,0d,amazon,Knockoutpie1,1
17-Apr-2023,0d,amazon,barrystrawbridgess,1
17-Apr-2023,0d,amazon,Booyah_7,1
17-Apr-2023,0d,amazon,conamo,1
17-Apr-2023,0d,amazon,SpectralEntity,1
17-Apr-2023,0d,amazon,answers-42,1
17-Apr-2023,0d,amazon,Furiousguy79,1
17-Apr-2023,0d,amazon,Ilovelegs723,1
17-Apr-2023,0d,amazon,meramec785,1
17-Apr-2023,0d,amazon,Sensitive_Oil_1616,1
17-Apr-2023,0d,amazon,taterthotsalad,1
17-Apr-2023,0d,amazon,LightsOutAwayWeG0,1
17-Apr-2023,0d,amazon,Gregnor,1
17-Apr-2023,0d,amazon,Biblioburrata,1
17-Apr-2023,0d,amazon,Catonkey70,1
17-Apr-2023,0d,amazon,pacwess,1
17-Apr-2023,0d,amazon,groundhog5886,1
17-Apr-2023,0d,amazon,Laura9624,1
17-Apr-2023,0d,amazon,defroach84,1
17-Apr-2023,0d,amazon,andde,1
17-Apr-2023,0d,amazon,knitwasabi,1
17-Apr-2023,0d,amazon,Rasengetsu,1
17-Apr-2023,0d,amazon,sleeksleek,1
17-Apr-2023,0d,amazon,discrete_apparatus,1
17-Apr-2023,0d,amazon,FatzFrmLoafinOnJaro,1
17-Apr-2023,0d,amazon,amentaleffect,1
17-Apr-2023,0d,amazon,Appropriate_Ad_6941,1
17-Apr-2023,0d,amazon,IsThatUMoatilliatta,1
17-Apr-2023,0d,amazon,DavidMeowie1,1
17-Apr-2023,0d,amazon,orphenshadow,1
17-Apr-2023,0d,amazon,_mausmaus,1
17-Apr-2023,0d,amazon,Maudeth,1
17-Apr-2023,0d,amazon,different-angle,1
17-Apr-2023,0d,amazon,CMic_,1
17-Apr-2023,0d,amazon,a-friendgineer,1
17-Apr-2023,0d,amazon,CalmRip,1
17-Apr-2023,0d,amazon,surfcitysurfergirl,1
17-Apr-2023,0d,amazon,DoYaLikeCheese,1
17-Apr-2023,0d,amazon,rebelliouslegacy,1
17-Apr-2023,0d,amazon,followthe_spiders,1
17-Apr-2023,0d,amazon,Which-Union-2372,1
17-Apr-2023,0d,amazon,OptimalBeing581,1
17-Apr-2023,0d,amazon,faceboobs701,1
17-Apr-2023,0d,amazon,Blecher_onthe_Hudson,1
17-Apr-2023,0d,amazon,No_Concept4155,1
17-Apr-2023,0d,amazon,lonely_coin,1
17-Apr-2023,0d,amazon,Efficient-Recover231,1
17-Apr-2023,0d,amazon,Koweann,1
17-Apr-2023,0d,amazon,deltahalo241,1
17-Apr-2023,0d,amazon,thecub222,1
17-Apr-2023,0d,amazon,codybmusser,1
17-Apr-2023,0d,amazon,spooner_retad,1
17-Apr-2023,0d,amazon,esouthern,1
17-Apr-2023,0d,amazon,yusuke8,1
17-Apr-2023,0d,amazon,MagJack,1
17-Apr-2023,0d,amazon,Vixen22213,1
17-Apr-2023,0d,amazon,Stromberg-Carlson,1
17-Apr-2023,0d,amazon,LyleJay,1
17-Apr-2023,0d,amazon,exo-XO,1
17-Apr-2023,0d,amazon,swearingino,1
17-Apr-2023,0d,amazon,_lilkimdidtime_,1
17-Apr-2023,0d,amazon,wrinkledassholefrom,1
17-Apr-2023,0d,amazon,apizzameghan,1
17-Apr-2023,0d,amazon,SadhbhTheCowardly,1
17-Apr-2023,0d,amazon,lola1014777,1
17-Apr-2023,0d,amazon,newuser201890,1
17-Apr-2023,0d,amazon,ReverseNihilist,1
17-Apr-2023,0d,amazon,YoYoStevo,1
17-Apr-2023,0d,amazon,locallovelydemon,1
17-Apr-2023,0d,amazon,Key_Point_4063,1
17-Apr-2023,0d,amazon,gatabloops,1
17-Apr-2023,0d,amazon,freebubbleup,1
17-Apr-2023,0d,amazon,frala,1
17-Apr-2023,0d,amazon,roelno,1
17-Apr-2023,0d,amazon,AayushBhatia06,1
17-Apr-2023,0d,amazon,ThrowAway2MD,1
17-Apr-2023,0d,amazon,WhatWouldTNGPicardDo,1
17-Apr-2023,0d,amazon,partyorca,1
17-Apr-2023,0d,amazon,LowPlatypus6119,1
17-Apr-2023,0d,amazon,RedditIsPutinsBitch,1
17-Apr-2023,0d,amazon,ChihuahuaMammaNPT,1
17-Apr-2023,0d,amazon,c9nw,1
17-Apr-2023,0d,amazon,Several-Syllabub8736,1
17-Apr-2023,0d,amazon,Neeralazra,1
17-Apr-2023,0d,amazon,brennenderopa,1
17-Apr-2023,0d,amazon,sweatertreenoodle,1
17-Apr-2023,0d,amazon,Poopslaya,1
17-Apr-2023,0d,amazon,DoMyBest2bPositive,1
17-Apr-2023,0d,amazon,Elnegr00,1
17-Apr-2023,0d,amazon,woertersammlerin,1
17-Apr-2023,0d,amazon,Ok_Peak538,1
17-Apr-2023,0d,amazon,Comfortable-Cut8506,1
17-Apr-2023,0d,amazon,AlexInThePalace,1
17-Apr-2023,0d,amazon,UrbanAbsconder,1
17-Apr-2023,0d,amazon,knuckboy,1
17-Apr-2023,0d,amazon,ricktasticdbs,1
17-Apr-2023,0d,amazon,jojo_the_mofo,1
17-Apr-2023,0d,amazon,siabob007,1
17-Apr-2023,0d,amazon,ProximaZenyatta,1
17-Apr-2023,0d,amazon,GriffithCapital,1
17-Apr-2023,0d,amazon,TentiTiger11,1
17-Apr-2023,0d,amazon,aroscoe,1
17-Apr-2023,0d,amazon,l_stevens,1
17-Apr-2023,0d,amazon,Legitimate_Table_533,1
17-Apr-2023,0d,amazon,TopGearDanTGD,1
17-Apr-2023,0d,amazon,craftycat1135,1
17-Apr-2023,0d,amazon,SaladCheap9979,1
17-Apr-2023,0d,amazon,iloveeggsalot,1
17-Apr-2023,0d,amazon,TheStoffer,1
17-Apr-2023,0d,amazon,heart2pure,1
17-Apr-2023,0d,amazon,ohkayonce,1
