query_date	before_date	subreddit	comment_author	comment_frequency
15-May-2023	50d	amazon	AutoModerator	349
15-May-2023	50d	amazon	[deleted]	85
15-May-2023	50d	amazon	Throwingshead	44
15-May-2023	50d	amazon	sibman	30
15-May-2023	50d	amazon	tokki0912	21
15-May-2023	50d	amazon	Most_Engineering_992	19
15-May-2023	50d	amazon	known_starfield	11
15-May-2023	50d	amazon	cpc_niklaos	9
15-May-2023	50d	amazon	serinde_miriel	5
15-May-2023	50d	amazon	Spicy_Poo	5
15-May-2023	50d	amazon	jrhoffa	5
15-May-2023	50d	amazon	Sad_Abbreviations477	4
15-May-2023	50d	amazon	ams3401	4
15-May-2023	50d	amazon	East_Preference4754	4
15-May-2023	50d	amazon	Makeupaholicx	4
15-May-2023	50d	amazon	Bored_lurker87	4
15-May-2023	50d	amazon	ameri9595	4
15-May-2023	50d	amazon	Alloyd11	3
15-May-2023	50d	amazon	Material_Cold_3318	3
15-May-2023	50d	amazon	Alonzeus	3
15-May-2023	50d	amazon	Mysterious-Resist-56	3
15-May-2023	50d	amazon	mamasilver	3
15-May-2023	50d	amazon	Iliketosufferalot	3
15-May-2023	50d	amazon	Dull_Committee_5559	3
15-May-2023	50d	amazon	discrete_apparatus	3
15-May-2023	50d	amazon	_Keahilele_	3
15-May-2023	50d	amazon	Nothing_But_Design77	3
15-May-2023	50d	amazon	Aymbition	3
15-May-2023	50d	amazon	vinegarfingers	3
15-May-2023	50d	amazon	Wrong_Pie7026	3
15-May-2023	50d	amazon	New_Property1854	3
15-May-2023	50d	amazon	Ok_Day3050	3
15-May-2023	50d	amazon	rdwpin	3
15-May-2023	50d	amazon	Real-Hovercraft4305	3
15-May-2023	50d	amazon	Trip_2	2
15-May-2023	50d	amazon	DatBoiKibo	2
15-May-2023	50d	amazon	InterestingWord4188	2
15-May-2023	50d	amazon	Francesca_N_Furter	2
15-May-2023	50d	amazon	allen354	2
15-May-2023	50d	amazon	OrganizationNo6074	2
15-May-2023	50d	amazon	OreadaholicO	2
15-May-2023	50d	amazon	TypicalAsian0	2
15-May-2023	50d	amazon	weveran	2
15-May-2023	50d	amazon	Bomptomp	2
15-May-2023	50d	amazon	BitchBass	2
15-May-2023	50d	amazon	One_Tell_5165	2
15-May-2023	50d	amazon	IDoBelieveInGarys	2
15-May-2023	50d	amazon	SnowblindAlbino	2
15-May-2023	50d	amazon	pcsjimmy	2
15-May-2023	50d	amazon	DaCowExplodez	2
15-May-2023	50d	amazon	SkullLeader	2
15-May-2023	50d	amazon	lindafromevildead	2
15-May-2023	50d	amazon	MusicIsVice1	2
15-May-2023	50d	amazon	daniellederek	2
15-May-2023	50d	amazon	WhatWouldTNGPicardDo	2
15-May-2023	50d	amazon	middleCman	2
15-May-2023	50d	amazon	iPhoneMiniWHITE	2
15-May-2023	50d	amazon	mfranko88	2
15-May-2023	50d	amazon	PoeBoyJoe	2
15-May-2023	50d	amazon	kvelec4326	2
15-May-2023	50d	amazon	MyPBlack	2
15-May-2023	50d	amazon	Sword-of-Akasha	2
15-May-2023	50d	amazon	BroJJ25	2
15-May-2023	50d	amazon	aiaor	2
15-May-2023	50d	amazon	wytrabbit	2
15-May-2023	50d	amazon	relish-tranya	2
15-May-2023	50d	amazon	buzzgun	2
15-May-2023	50d	amazon	RIP_Don_Vito	2
15-May-2023	50d	amazon	Wafflee21	2
15-May-2023	50d	amazon	ScooterManCR	2
15-May-2023	50d	amazon	Dangerous-Bluebird59	2
15-May-2023	50d	amazon	surfcitysurfergirl	2
15-May-2023	50d	amazon	Le_Epic_GodGamer	2
15-May-2023	50d	amazon	LifeguardPutrid2993	2
15-May-2023	50d	amazon	elcigala20	2
15-May-2023	50d	amazon	RoosterTheReal	2
15-May-2023	50d	amazon	AvaniSimcha	2
15-May-2023	50d	amazon	alternativebeep	2
15-May-2023	50d	amazon	Wonderful_Ease8278	2
15-May-2023	50d	amazon	Semicolonhope	1
15-May-2023	50d	amazon	PokoPokoBini	1
15-May-2023	50d	amazon	MaleficentGrocery193	1
15-May-2023	50d	amazon	2004HondaCivicK20	1
15-May-2023	50d	amazon	r9800pro	1
15-May-2023	50d	amazon	ido1990	1
15-May-2023	50d	amazon	CeldonKnight	1
15-May-2023	50d	amazon	EcstaticUpstairs	1
15-May-2023	50d	amazon	TheSupremeJay1	1
15-May-2023	50d	amazon	damek666	1
15-May-2023	50d	amazon	hazza987	1
15-May-2023	50d	amazon	fucking_idiot2	1
15-May-2023	50d	amazon	libraintjravenclaw	1
15-May-2023	50d	amazon	virgin_goat	1
15-May-2023	50d	amazon	juniperaza	1
15-May-2023	50d	amazon	missinglinksman	1
15-May-2023	50d	amazon	Schnitzhole	1
15-May-2023	50d	amazon	therealjerrystaute	1
15-May-2023	50d	amazon	ashykamal95	1
15-May-2023	50d	amazon	ArufuDaWolf	1
15-May-2023	50d	amazon	HauntedDragons	1
15-May-2023	50d	amazon	e650man	1
15-May-2023	50d	amazon	smontanaro	1
15-May-2023	50d	amazon	Red_Velvette	1
15-May-2023	50d	amazon	theotherkeith	1
15-May-2023	50d	amazon	tboodman	1
15-May-2023	50d	amazon	outofmemory01	1
15-May-2023	50d	amazon	Corybacon	1
15-May-2023	50d	amazon	Lake_Serperior	1
15-May-2023	50d	amazon	redd-or45	1
15-May-2023	50d	amazon	burpeedevil	1
15-May-2023	50d	amazon	southdakotagirl	1
15-May-2023	50d	amazon	Laura9624	1
15-May-2023	50d	amazon	Rhueless	1
15-May-2023	50d	amazon	vanderpumptools	1
15-May-2023	50d	amazon	goodjuju123	1
15-May-2023	50d	amazon	jlosito37	1
15-May-2023	50d	amazon	shilojoe	1
15-May-2023	50d	amazon	EggoGF	1
15-May-2023	50d	amazon	WesleyWishes	1
15-May-2023	50d	amazon	weinbs	1
15-May-2023	50d	amazon	BerningInSoDak	1
15-May-2023	50d	amazon	natrapsmai	1
15-May-2023	50d	amazon	wezley77	1
15-May-2023	50d	amazon	Zxeno3	1
15-May-2023	50d	amazon	Reggie222	1
15-May-2023	50d	amazon	Deep_Copy27	1
15-May-2023	50d	amazon	Recent-Bird	1
15-May-2023	50d	amazon	Still-Nectarine-9914	1
15-May-2023	50d	amazon	DelfreGo	1
15-May-2023	50d	amazon	zenjabba	1
15-May-2023	50d	amazon	AmbitiousDistrict374	1
15-May-2023	50d	amazon	howmocanyougo	1
15-May-2023	50d	amazon	Sanstheprotector	1
15-May-2023	50d	amazon	OK_Opinions	1
15-May-2023	50d	amazon	Valuable_Host5901	1
15-May-2023	50d	amazon	AnomalyNexus	1
15-May-2023	50d	amazon	JeeboJeebo	1
15-May-2023	50d	amazon	MeliodasKush	1
15-May-2023	50d	amazon	Csr2000	1
15-May-2023	50d	amazon	xnaveedhassan	1
15-May-2023	50d	amazon	Past_Ebb_3392	1
15-May-2023	50d	amazon	LockeColeFF	1
15-May-2023	50d	amazon	blueman541	1
15-May-2023	50d	amazon	moogleslam	1
15-May-2023	50d	amazon	Muwmu	1
15-May-2023	50d	amazon	dasurpha	1
15-May-2023	50d	amazon	Uddercup	1
15-May-2023	50d	amazon	screwthat	1
15-May-2023	50d	amazon	SCphotog	1
15-May-2023	50d	amazon	Mobius1701A	1
15-May-2023	50d	amazon	NakedCardboard	1
15-May-2023	50d	amazon	Ok_Buy_8776	1
15-May-2023	50d	amazon	EVula	1
15-May-2023	50d	amazon	PeachedPocky	1
15-May-2023	50d	amazon	KaKaPooPooPePeShire	1
15-May-2023	50d	amazon	Waternut13134	1
15-May-2023	50d	amazon	partyorca	1
15-May-2023	50d	amazon	thaxcutioner	1
15-May-2023	50d	amazon	Johnny_Yukon	1
15-May-2023	50d	amazon	Due-One2837	1
15-May-2023	50d	amazon	locus200kin	1
15-May-2023	50d	amazon	dcstamperok	1
15-May-2023	50d	amazon	ebbik	1
15-May-2023	50d	amazon	CrookedFish	1
15-May-2023	50d	amazon	Due-Charity2393	1
15-May-2023	50d	amazon	howisaraven	1
15-May-2023	50d	amazon	bookchaser	1
15-May-2023	50d	amazon	tatanka01	1
15-May-2023	50d	amazon	Metallic52	1
15-May-2023	50d	amazon	redstoneguy9249	1
15-May-2023	50d	amazon	SmuglySly	1
15-May-2023	50d	amazon	NHGuy	1
15-May-2023	50d	amazon	1Deerintheheadlights	1
15-May-2023	50d	amazon	phosphor112	1
15-May-2023	50d	amazon	Economy_Humor9205	1
15-May-2023	50d	amazon	QuietAvalanche	1
15-May-2023	50d	amazon	barrystrawbridgess	1
15-May-2023	50d	amazon	torontocomicpressing	1
15-May-2023	50d	amazon	happyjazzycook	1
15-May-2023	50d	amazon	RandomFemboy82	1
15-May-2023	50d	amazon	Relevant-Key4610	1
15-May-2023	50d	amazon	IAMAHater	1
15-May-2023	50d	amazon	stepsonbrokenglass	1
15-May-2023	50d	amazon	merkavasiman4	1
15-May-2023	50d	amazon	Tazzz777zzz	1
15-May-2023	50d	amazon	sf-o-matic	1
15-May-2023	50d	amazon	Into-the-stream	1
15-May-2023	50d	amazon	breakingd4d	1
15-May-2023	50d	amazon	DemanoRock	1
15-May-2023	50d	amazon	nickolove11xk	1
15-May-2023	50d	amazon	Miserable_Boat_7801	1
15-May-2023	50d	amazon	gfhgfhgf43	1
15-May-2023	50d	amazon	Extension_Cricket_30	1
15-May-2023	50d	amazon	TheCarrot007	1
15-May-2023	50d	amazon	kidwgm	1
15-May-2023	50d	amazon	EyesLikeBuscemi	1
15-May-2023	50d	amazon	Balily	1
15-May-2023	50d	amazon	chauhan_1810	1
15-May-2023	50d	amazon	trinityone1220	1
15-May-2023	50d	amazon	_C4ke	1
15-May-2023	50d	amazon	drnova411	1
15-May-2023	50d	amazon	AdditionalAd5349	1
15-May-2023	50d	amazon	Freeasabird01	1
15-May-2023	50d	amazon	ghostofthecomputer	1
15-May-2023	50d	amazon	maeleck777	1
15-May-2023	50d	amazon	Jalebi786	1
15-May-2023	50d	amazon	defchris	1
15-May-2023	50d	amazon	sleepinzzzz	1
15-May-2023	50d	amazon	Particular-Plum-8592	1
15-May-2023	50d	amazon	yellandtell	1
15-May-2023	50d	amazon	NeoWizard69	1
15-May-2023	50d	amazon	eberkain	1
15-May-2023	50d	amazon	iceman0613	1
15-May-2023	50d	amazon	U_Ch405	1
15-May-2023	50d	amazon	Jackmehoffer12	1
15-May-2023	50d	amazon	bubbamike1	1
15-May-2023	50d	amazon	brennenderopa	1
15-May-2023	50d	amazon	WonderWanderWayfarer	1
15-May-2023	50d	amazon	dhyman2112	1
15-May-2023	50d	amazon	brett695	1
15-May-2023	50d	amazon	KindaThrowaway_	1
15-May-2023	50d	amazon	ehossain	1
15-May-2023	50d	amazon	voidvampire07	1
15-May-2023	50d	amazon	Hoax1024	1
15-May-2023	50d	amazon	TheGuy636	1
15-May-2023	50d	amazon	michaelmotorcycle92	1
15-May-2023	50d	amazon	yellowumbrella84	1
15-May-2023	50d	amazon	RetedRacer	1
15-May-2023	50d	amazon	santaklaw	1
15-May-2023	50d	amazon	matskat	1
15-May-2023	50d	amazon	iceman7265	1
15-May-2023	50d	amazon	VegasKL	1
15-May-2023	50d	amazon	Calvinsky	1
15-May-2023	50d	amazon	qv26	1
15-May-2023	50d	amazon	NEPTUNETHR33	1
15-May-2023	50d	amazon	Stock-Compote-4394	1
15-May-2023	50d	amazon	thdesha2021	1
15-May-2023	50d	amazon	thegrey92	1
15-May-2023	50d	amazon	Ravinha	1
15-May-2023	50d	amazon	throwawayacc6487	1
15-May-2023	50d	amazon	wsucoug83	1
15-May-2023	50d	amazon	konsoru-paysan	1
15-May-2023	50d	amazon	TiMELeSS526	1
15-May-2023	50d	amazon	ssrunning	1
15-May-2023	50d	amazon	zzz099	1
15-May-2023	50d	amazon	incognitochaud	1
15-May-2023	50d	amazon	americanista8745	1
15-May-2023	50d	amazon	me_likecats	1
15-May-2023	50d	amazon	RainbowSockMan	1
15-May-2023	50d	amazon	Iamdarb	1
15-May-2023	50d	amazon	NebulaBrew	1
15-May-2023	50d	amazon	Still-Ad-7132	1
15-May-2023	50d	amazon	colderfusioncrypt	1
15-May-2023	50d	amazon	fakefitter	1
15-May-2023	50d	amazon	SYNYST3R1	1
15-May-2023	50d	amazon	bsn2000	1
15-May-2023	50d	amazon	Longjumping_Buy2278	1
15-May-2023	50d	amazon	Haileymotionless	1
15-May-2023	50d	amazon	irmari01	1
15-May-2023	50d	amazon	Christinax_	1
15-May-2023	50d	amazon	Shorty_Keeper	1
15-May-2023	50d	amazon	johnadaniels	1
15-May-2023	50d	amazon	GretchenNebraska	1
15-May-2023	50d	amazon	Mace-Moneta	1
15-May-2023	50d	amazon	Amaz1n_blue	1
15-May-2023	50d	amazon	MrKrockbottom	1
15-May-2023	50d	amazon	Aeromotor	1
15-May-2023	50d	amazon	NefariousnessDull916	1
15-May-2023	50d	amazon	SkulkingLemon	1
15-May-2023	50d	amazon	asianwaste	1
15-May-2023	50d	amazon	Bon_yaqwq	1
15-May-2023	50d	amazon	Kernel_Paniq	1
15-May-2023	50d	amazon	dontcringeme	1
15-May-2023	50d	amazon	moutonbleu	1
15-May-2023	50d	amazon	GendeEnglish	1
15-May-2023	50d	amazon	AlrightyAlmighty	1
15-May-2023	50d	amazon	DrMichaelHfuhruhurr	1
15-May-2023	50d	amazon	UNoWho17	1
15-May-2023	50d	amazon	Zinobiaz	1
15-May-2023	50d	amazon	Silverphile	1
15-May-2023	50d	amazon	alifelessblob	1
15-May-2023	50d	amazon	averageidea	1
15-May-2023	50d	amazon	Secret-Afternoon-645	1
15-May-2023	50d	amazon	ButteringButters	1
15-May-2023	50d	amazon	aran-d	1
15-May-2023	50d	amazon	RenoBaxter	1
15-May-2023	50d	amazon	FlavoredButtHair	1
15-May-2023	50d	amazon	jbus	1
15-May-2023	50d	amazon	distractxme	1
15-May-2023	50d	amazon	PGDW	1
15-May-2023	50d	amazon	Cryogenic_Monster	1
15-May-2023	50d	amazon	CodeNameBryan	1
15-May-2023	50d	amazon	Abcormal	1
15-May-2023	50d	amazon	k03135333	1
15-May-2023	50d	amazon	malphadour	1
15-May-2023	50d	amazon	joliet_jane_blues	1
15-May-2023	50d	amazon	WhiskeyWhisperer	1
15-May-2023	50d	amazon	justbob806	1
15-May-2023	50d	amazon	betona	1
15-May-2023	50d	amazon	Sorry_Sorry_Im_Sorry	1
15-May-2023	50d	amazon	StructuralE	1
15-May-2023	50d	amazon	WxaithBrynger	1
15-May-2023	50d	amazon	FireDracon	1
15-May-2023	50d	amazon	banzzai13	1
15-May-2023	50d	amazon	atuckk15	1
15-May-2023	50d	amazon	temmiesayshoi	1
15-May-2023	50d	amazon	CuriousPsychosis	1
15-May-2023	50d	amazon	rachel-angelina	1
15-May-2023	50d	amazon	BroadwayGuy123	1
15-May-2023	50d	amazon	TonyTonyTony432	1
15-May-2023	50d	amazon	Henrik-Powers	1
15-May-2023	50d	amazon	Cyber_Akuma	1
15-May-2023	50d	amazon	BurtonFisher	1
15-May-2023	50d	amazon	DOGzilla6624	1
15-May-2023	50d	amazon	Alez90920	1
15-May-2023	50d	amazon	loserboy	1
15-May-2023	50d	amazon	sghokie	1
15-May-2023	50d	amazon	Spirited_Memory9446	1
15-May-2023	50d	amazon	Retrograde-Planet	1
15-May-2023	50d	amazon	Ok-Background-7897	1
15-May-2023	50d	amazon	Tooblicker	1
15-May-2023	50d	amazon	BppnfvbanyOnxre	1
15-May-2023	50d	amazon	fittyfitz13	1
15-May-2023	50d	amazon	hevermind	1
15-May-2023	50d	amazon	AmyGirlVl	1
15-May-2023	50d	amazon	ALLEYEDFORK	1
15-May-2023	50d	amazon	LemonSqueezles	1
15-May-2023	50d	amazon	Warm-Tradition-7799	1
15-May-2023	50d	amazon	Mobilematt1	1
15-May-2023	50d	amazon	ExNihiloMusicorumFit	1
15-May-2023	50d	amazon	CherryRayRay	1
