query_date	before_date	subreddit	submission_author	submission_frequency
15-May-2023	20d	amazon	AmazonNewsBot	106
15-May-2023	20d	amazon	Substantial-Goat3846	5
15-May-2023	20d	amazon	gift-card-amazon	5
15-May-2023	20d	amazon	daniramm	4
15-May-2023	20d	amazon	Lusha-Quine	4
15-May-2023	20d	amazon	d3nv3rite	3
15-May-2023	20d	amazon	coconut112233	3
15-May-2023	20d	amazon	fakewilliam	3
15-May-2023	20d	amazon	smitpatel910	3
15-May-2023	20d	amazon	isholamhi01	3
15-May-2023	20d	amazon	[deleted]	3
15-May-2023	20d	amazon	pixelartistjewelie	3
15-May-2023	20d	amazon	hirezdezines	3
15-May-2023	20d	amazon	locallovelydemon	2
15-May-2023	20d	amazon	ThePickle2005	2
15-May-2023	20d	amazon	czg-bookbiz	2
15-May-2023	20d	amazon	mechanicalAI	2
15-May-2023	20d	amazon	Mayonnaiseistakensad	2
15-May-2023	20d	amazon	backtosquareb	2
15-May-2023	20d	amazon	theresawade1000	2
15-May-2023	20d	amazon	lizbo67	2
15-May-2023	20d	amazon	Scared-Security-3868	2
15-May-2023	20d	amazon	BankerCheese	2
15-May-2023	20d	amazon	Meliflu0us_	2
15-May-2023	20d	amazon	Either-Bodybuilder60	2
15-May-2023	20d	amazon	Working-Wolf-9560	2
15-May-2023	20d	amazon	Oelomatic	2
15-May-2023	20d	amazon	bob54874	2
15-May-2023	20d	amazon	Liamnelson95	2
15-May-2023	20d	amazon	Jose_daScientist409	2
15-May-2023	20d	amazon	ashleyddavis12	2
15-May-2023	20d	amazon	sarahjtallent123	2
15-May-2023	20d	amazon	SJSEng	2
15-May-2023	20d	amazon	Coolboymark	2
15-May-2023	20d	amazon	Inside-Committee-277	2
15-May-2023	20d	amazon	CMic_	2
15-May-2023	20d	amazon	Competitive_Crazy268	2
15-May-2023	20d	amazon	Cooking-Designer	2
15-May-2023	20d	amazon	EconomicsPotential88	2
15-May-2023	20d	amazon	TheCuriousDesigner	2
15-May-2023	20d	amazon	Key_Point_4063	2
15-May-2023	20d	amazon	tree4reaI	2
15-May-2023	20d	amazon	Whereismyflashlight	2
15-May-2023	20d	amazon	CardiologistEarly483	2
15-May-2023	20d	amazon	rattling_nomad	2
15-May-2023	20d	amazon	Future_Luck27	2
15-May-2023	20d	amazon	ahsan2221	2
15-May-2023	20d	amazon	howaboutno_op	2
15-May-2023	20d	amazon	kylekevinriley	2
15-May-2023	20d	amazon	tonybasil2001	2
15-May-2023	20d	amazon	Fluffy-Hedgehog-69	2
15-May-2023	20d	amazon	JaipurGlobalServices	2
15-May-2023	20d	amazon	todayofferbyali	2
15-May-2023	20d	amazon	JOHN30011887	2
15-May-2023	20d	amazon	VillegasGroup	2
15-May-2023	20d	amazon	Efteri	2
15-May-2023	20d	amazon	ilovedeadbees	2
15-May-2023	20d	amazon	angryfortunecookie	2
15-May-2023	20d	amazon	jakishababers	2
15-May-2023	20d	amazon	Crafty_Midnight7845	2
15-May-2023	20d	amazon	sleeksleek	2
15-May-2023	20d	amazon	JustHereForYourData	2
15-May-2023	20d	amazon	PixelDaisy	2
15-May-2023	20d	amazon	want2arguewithyou	1
15-May-2023	20d	amazon	Pristine-Ad-632	1
15-May-2023	20d	amazon	1000thousandplus	1
15-May-2023	20d	amazon	gr4474	1
15-May-2023	20d	amazon	Zestyclose-Ad-1230	1
15-May-2023	20d	amazon	rhoan0142	1
15-May-2023	20d	amazon	Some_Random_Android	1
15-May-2023	20d	amazon	tedy02	1
15-May-2023	20d	amazon	martianmaggot	1
15-May-2023	20d	amazon	Ad-Alone	1
15-May-2023	20d	amazon	MrZionCat	1
15-May-2023	20d	amazon	izi777	1
15-May-2023	20d	amazon	lafatte24	1
15-May-2023	20d	amazon	mburgess23	1
15-May-2023	20d	amazon	shanemcoyle	1
15-May-2023	20d	amazon	mikeeco68	1
15-May-2023	20d	amazon	webrakibulislam	1
15-May-2023	20d	amazon	Naturelovers9	1
15-May-2023	20d	amazon	Opposite-Bite-7809	1
15-May-2023	20d	amazon	Public-Rip9327	1
15-May-2023	20d	amazon	rocketgirl1113	1
15-May-2023	20d	amazon	Mhinc	1
15-May-2023	20d	amazon	Rift10TTV	1
15-May-2023	20d	amazon	khshba	1
15-May-2023	20d	amazon	Drippify_The_Femboy	1
15-May-2023	20d	amazon	Andrewbankai	1
15-May-2023	20d	amazon	LGSAV	1
15-May-2023	20d	amazon	Aledigital13	1
15-May-2023	20d	amazon	Botronic_Reddit	1
15-May-2023	20d	amazon	8AEM	1
15-May-2023	20d	amazon	Queasy_Ad_2872	1
15-May-2023	20d	amazon	fpsbambi	1
15-May-2023	20d	amazon	Consistent_Law2353	1
15-May-2023	20d	amazon	Otherwise-Safe-7074	1
15-May-2023	20d	amazon	kbontrager_12	1
15-May-2023	20d	amazon	GundoganSZN	1
15-May-2023	20d	amazon	Darkest_Moon_knight	1
15-May-2023	20d	amazon	BeneficialPart9698	1
15-May-2023	20d	amazon	luanaut	1
15-May-2023	20d	amazon	Fast-Reason8737	1
15-May-2023	20d	amazon	Affectionate-Dig4250	1
15-May-2023	20d	amazon	Alternative_You_9978	1
15-May-2023	20d	amazon	JoeyFerguson	1
15-May-2023	20d	amazon	Matrix789	1
15-May-2023	20d	amazon	Rhinoautoglass	1
15-May-2023	20d	amazon	katunder-o	1
15-May-2023	20d	amazon	ShopifyUS	1
15-May-2023	20d	amazon	Yop789	1
15-May-2023	20d	amazon	CurtD34	1
15-May-2023	20d	amazon	GaminW	1
15-May-2023	20d	amazon	Kahli_Elliott	1
15-May-2023	20d	amazon	KKodax	1
15-May-2023	20d	amazon	Mohamedrezine33	1
15-May-2023	20d	amazon	No_Department4017	1
15-May-2023	20d	amazon	StellarLime911	1
15-May-2023	20d	amazon	SlinkyTail	1
15-May-2023	20d	amazon	hoomanrightchoise	1
15-May-2023	20d	amazon	ConsistentFan535	1
15-May-2023	20d	amazon	IndependenceAware870	1
15-May-2023	20d	amazon	tragically_	1
15-May-2023	20d	amazon	No-Parsley1485	1
15-May-2023	20d	amazon	gyt6	1
15-May-2023	20d	amazon	NarrowCategory3041	1
15-May-2023	20d	amazon	Kiss-Amanda	1
15-May-2023	20d	amazon	ArmamentAce	1
15-May-2023	20d	amazon	Bear-Head	1
15-May-2023	20d	amazon	wyrlds	1
15-May-2023	20d	amazon	doglaika	1
15-May-2023	20d	amazon	Icy_Astronomer6461	1
15-May-2023	20d	amazon	CurtKobainsBurner	1
15-May-2023	20d	amazon	Stunning_Yogurt4420	1
15-May-2023	20d	amazon	Longjumping-Key-7886	1
15-May-2023	20d	amazon	No-Lynx-6588	1
15-May-2023	20d	amazon	SnekBorksAlot	1
15-May-2023	20d	amazon	JEXOTB	1
15-May-2023	20d	amazon	bry678	1
15-May-2023	20d	amazon	B4SunriseB4Sunset	1
15-May-2023	20d	amazon	IntSchooler99	1
15-May-2023	20d	amazon	BottomNotch1	1
15-May-2023	20d	amazon	eldrzej1	1
15-May-2023	20d	amazon	gavroche1972	1
15-May-2023	20d	amazon	endgame2937	1
15-May-2023	20d	amazon	I_need_easy_cheese	1
15-May-2023	20d	amazon	eventualist	1
15-May-2023	20d	amazon	Tenzow1047	1
15-May-2023	20d	amazon	sad_life_of_a_wibu	1
15-May-2023	20d	amazon	Extra_Cow8522	1
15-May-2023	20d	amazon	smol_catto_	1
15-May-2023	20d	amazon	focusMo10	1
15-May-2023	20d	amazon	AwakenTheNarrowRoad	1
15-May-2023	20d	amazon	BunniePandaNTwo	1
15-May-2023	20d	amazon	KANGTERRY	1
15-May-2023	20d	amazon	Kedaron	1
15-May-2023	20d	amazon	grimlock12	1
15-May-2023	20d	amazon	Oricogo	1
15-May-2023	20d	amazon	Some_Adhesiveness944	1
15-May-2023	20d	amazon	potatoeangrysac	1
15-May-2023	20d	amazon	Present-Pay2231	1
15-May-2023	20d	amazon	Eldar33333	1
15-May-2023	20d	amazon	epicboy6900	1
15-May-2023	20d	amazon	selux	1
15-May-2023	20d	amazon	Lilmrbig	1
15-May-2023	20d	amazon	dylanrcoyle	1
15-May-2023	20d	amazon	Psychological-Dot980	1
15-May-2023	20d	amazon	just_peachy777	1
15-May-2023	20d	amazon	BasedBosnian387	1
15-May-2023	20d	amazon	bruh_4456	1
15-May-2023	20d	amazon	dotgirllol	1
15-May-2023	20d	amazon	RevolutionaryDate829	1
15-May-2023	20d	amazon	International_Year78	1
15-May-2023	20d	amazon	kiiiyo	1
15-May-2023	20d	amazon	theRealDavidDavis	1
15-May-2023	20d	amazon	StunningAd8358	1
15-May-2023	20d	amazon	ZalixDash	1
15-May-2023	20d	amazon	greenteaandbook	1
15-May-2023	20d	amazon	10marketing8	1
15-May-2023	20d	amazon	Interesting_Trick743	1
15-May-2023	20d	amazon	Ok_Coconut_2699	1
15-May-2023	20d	amazon	joseph-curwen	1
15-May-2023	20d	amazon	_BreakingGood_	1
15-May-2023	20d	amazon	Shelld3r	1
15-May-2023	20d	amazon	Burhan-afzal07	1
15-May-2023	20d	amazon	giveDsumMeNomoHo	1
15-May-2023	20d	amazon	apwuapi	1
15-May-2023	20d	amazon	klemmchowdah	1
15-May-2023	20d	amazon	jaydjendneodm	1
15-May-2023	20d	amazon	StormsAndSaints01	1
15-May-2023	20d	amazon	Cerulle28	1
15-May-2023	20d	amazon	Vampiire1956	1
15-May-2023	20d	amazon	OwnElderberry8130	1
15-May-2023	20d	amazon	gosbkk	1
15-May-2023	20d	amazon	crisly02	1
15-May-2023	20d	amazon	ElectricalLadder1664	1
15-May-2023	20d	amazon	BackgroundResult	1
15-May-2023	20d	amazon	Cpteno	1
15-May-2023	20d	amazon	moonrunninjumper	1
15-May-2023	20d	amazon	btadams1971	1
15-May-2023	20d	amazon	nova_the_gecko	1
15-May-2023	20d	amazon	Substantial_Lie_7225	1
15-May-2023	20d	amazon	3pnkNoka	1
15-May-2023	20d	amazon	Mr_AK-07	1
15-May-2023	20d	amazon	techforus977	1
15-May-2023	20d	amazon	According-Ad-8783	1
15-May-2023	20d	amazon	5120	1
15-May-2023	20d	amazon	Wehow_	1
15-May-2023	20d	amazon	FihneRichard	1
15-May-2023	20d	amazon	not-saf1	1
15-May-2023	20d	amazon	babyjonny9898	1
15-May-2023	20d	amazon	AdditionalWorking318	1
15-May-2023	20d	amazon	rtsuid	1
15-May-2023	20d	amazon	iplayonreddit	1
15-May-2023	20d	amazon	AdBeautiful5832	1
15-May-2023	20d	amazon	rockyon	1
15-May-2023	20d	amazon	ITGenix	1
15-May-2023	20d	amazon	TheTorontoExplorer	1
15-May-2023	20d	amazon	ItsAJ90	1
15-May-2023	20d	amazon	Icy_Bicycle_5850	1
15-May-2023	20d	amazon	Solid-Challenge8376	1
15-May-2023	20d	amazon	Average_Sinner	1
15-May-2023	20d	amazon	Valuable-Car4226	1
15-May-2023	20d	amazon	purple18892	1
15-May-2023	20d	amazon	tweetysvoice	1
15-May-2023	20d	amazon	loveforemost	1
15-May-2023	20d	amazon	Even-Masterpiece1731	1
15-May-2023	20d	amazon	Jonafam	1
15-May-2023	20d	amazon	Amazonfreebies7861	1
15-May-2023	20d	amazon	Lost_Organization279	1
15-May-2023	20d	amazon	cf19buzzkill	1
15-May-2023	20d	amazon	Shakyshane23	1
15-May-2023	20d	amazon	Busy-Care-6249	1
15-May-2023	20d	amazon	mygreyspace	1
15-May-2023	20d	amazon	Sewer-Urchin	1
15-May-2023	20d	amazon	solarujn	1
15-May-2023	20d	amazon	free-stuff-adds-up	1
15-May-2023	20d	amazon	Wendylovetoy	1
15-May-2023	20d	amazon	SukMeReddit	1
15-May-2023	20d	amazon	dopplerblackpearl	1
15-May-2023	20d	amazon	pettyGandalf	1
15-May-2023	20d	amazon	curl4ever	1
15-May-2023	20d	amazon	phunterdot	1
15-May-2023	20d	amazon	John_4380	1
15-May-2023	20d	amazon	inb4wtf	1
15-May-2023	20d	amazon	Extreme_Region_1730	1
15-May-2023	20d	amazon	giants-yankees	1
15-May-2023	20d	amazon	Melotemis	1
15-May-2023	20d	amazon	SM177Y23	1
15-May-2023	20d	amazon	yameerooo	1
15-May-2023	20d	amazon	SnooComics3978	1
15-May-2023	20d	amazon	CauliflowerFine734	1
15-May-2023	20d	amazon	Jurangi	1
15-May-2023	20d	amazon	G_O_D_S_E_L_F	1
15-May-2023	20d	amazon	ThatsNotMyDogma	1
15-May-2023	20d	amazon	Matthewr122206	1
15-May-2023	20d	amazon	EffectiveEvening285	1
15-May-2023	20d	amazon	Longjumping-Two-9284	1
15-May-2023	20d	amazon	Resonant-Dabster-416	1
15-May-2023	20d	amazon	YABOIMIKEY13	1
15-May-2023	20d	amazon	HylianGeekBoy	1
15-May-2023	20d	amazon	DankDodgeUnmasked	1
15-May-2023	20d	amazon	s3r3ng	1
15-May-2023	20d	amazon	Samanta_Alikan	1
15-May-2023	20d	amazon	AntimatterPvP	1
15-May-2023	20d	amazon	Dry_Cheesecake_4636	1
15-May-2023	20d	amazon	igvectot	1
15-May-2023	20d	amazon	Golden_Week	1
15-May-2023	20d	amazon	DVL73	1
15-May-2023	20d	amazon	moonshotss	1
15-May-2023	20d	amazon	jyy0610	1
15-May-2023	20d	amazon	Due_Attitude765	1
15-May-2023	20d	amazon	9393andersson	1
15-May-2023	20d	amazon	sorryformyquestion	1
15-May-2023	20d	amazon	Potential_Beginning8	1
15-May-2023	20d	amazon	Wifdat	1
15-May-2023	20d	amazon	Impossible-Stuff8951	1
15-May-2023	20d	amazon	Beginning_Diamond471	1
15-May-2023	20d	amazon	Significant_Air_8972	1
15-May-2023	20d	amazon	Alaskan_Lost	1
15-May-2023	20d	amazon	Tesseract_512	1
15-May-2023	20d	amazon	mike26301	1
15-May-2023	20d	amazon	Mikhakin	1
15-May-2023	20d	amazon	bag_of_loots	1
15-May-2023	20d	amazon	Ok_Willingness9282	1
15-May-2023	20d	amazon	spaceghost589	1
15-May-2023	20d	amazon	LegitimateRadio9815	1
15-May-2023	20d	amazon	Bokoblin-1	1
15-May-2023	20d	amazon	Sbkskjdkwiwjdjf	1
15-May-2023	20d	amazon	OooooWhatALuckyMan	1
15-May-2023	20d	amazon	userusernamenamea	1
15-May-2023	20d	amazon	motherfudgersob	1
15-May-2023	20d	amazon	Limestone360	1
15-May-2023	20d	amazon	TheFragan	1
15-May-2023	20d	amazon	konorM	1
15-May-2023	20d	amazon	JonBuqajIsSUS	1
15-May-2023	20d	amazon	International-Fox265	1
15-May-2023	20d	amazon	Dismal_Feeling6231	1
15-May-2023	20d	amazon	EstablishmentHuge629	1
15-May-2023	20d	amazon	doomedratboy	1
15-May-2023	20d	amazon	Ill_Sweet_5975	1
15-May-2023	20d	amazon	marvelkidy	1
15-May-2023	20d	amazon	chris9940	1
15-May-2023	20d	amazon	danielkotkk	1
15-May-2023	20d	amazon	skarnerirl	1
15-May-2023	20d	amazon	Eloquent_Wheat	1
15-May-2023	20d	amazon	oliveblake14	1
15-May-2023	20d	amazon	monitorsareprison	1
15-May-2023	20d	amazon	Numerous_Ad_1940	1
15-May-2023	20d	amazon	Kurhho	1
15-May-2023	20d	amazon	locolobo	1
15-May-2023	20d	amazon	mybrainmelting	1
15-May-2023	20d	amazon	Educational-Duck-451	1
15-May-2023	20d	amazon	Logical-Ad-3685	1
15-May-2023	20d	amazon	Brooklynboi718	1
15-May-2023	20d	amazon	CoreNerd	1
15-May-2023	20d	amazon	Raphspike	1
15-May-2023	20d	amazon	FamilyShelter	1
15-May-2023	20d	amazon	AnswerInner6817	1
15-May-2023	20d	amazon	EqualComfortable7696	1
15-May-2023	20d	amazon	sneakysnek09	1
15-May-2023	20d	amazon	IntelligentRace7819	1
15-May-2023	20d	amazon	oneputtgreens	1
15-May-2023	20d	amazon	hotelshowers	1
15-May-2023	20d	amazon	kartheek710	1
15-May-2023	20d	amazon	Mo-baller	1
15-May-2023	20d	amazon	Spear-of-Destiny	1
15-May-2023	20d	amazon	OldBenKenobi1265	1
15-May-2023	20d	amazon	Pigeon-Pudding	1
15-May-2023	20d	amazon	Scary_General_2350	1
15-May-2023	20d	amazon	LLSuperVegeta-_-	1
15-May-2023	20d	amazon	JRPGNATION	1
15-May-2023	20d	amazon	u193	1
15-May-2023	20d	amazon	ParticularAthlete831	1
15-May-2023	20d	amazon	otheraxxount	1
15-May-2023	20d	amazon	According-Run-3296	1
15-May-2023	20d	amazon	Interesting-Light-13	1
15-May-2023	20d	amazon	j3434	1
15-May-2023	20d	amazon	Piper929	1
15-May-2023	20d	amazon	gixxxer750	1
15-May-2023	20d	amazon	Thefutbolgenius17	1
15-May-2023	20d	amazon	teethhic3	1
15-May-2023	20d	amazon	gunnersboy2000	1
15-May-2023	20d	amazon	theseawoof	1
15-May-2023	20d	amazon	Ok_Dog_1155	1
15-May-2023	20d	amazon	SttSr	1
15-May-2023	20d	amazon	Geadz	1
15-May-2023	20d	amazon	PlaneShoulder6014	1
15-May-2023	20d	amazon	Afraid_Ad6167	1
15-May-2023	20d	amazon	SourceAwkward	1
15-May-2023	20d	amazon	FatherMellow	1
15-May-2023	20d	amazon	TrickEmotional8462	1
15-May-2023	20d	amazon	MsSeraphim	1
15-May-2023	20d	amazon	LightsOutAwayWeG0	1
15-May-2023	20d	amazon	yakovsmom	1
15-May-2023	20d	amazon	Catonkey70	1
15-May-2023	20d	amazon	Grandicer	1
15-May-2023	20d	amazon	Sophia_richardson01	1
15-May-2023	20d	amazon	blakenator1	1
15-May-2023	20d	amazon	Odd-Bee8144	1
15-May-2023	20d	amazon	TurnoverHistorical45	1
15-May-2023	20d	amazon	TroyeeeM	1
15-May-2023	20d	amazon	Narrow_Jelly3544	1
15-May-2023	20d	amazon	Jazzlike_Ocelot_557	1
15-May-2023	20d	amazon	Appropriate_Ad_6941	1
15-May-2023	20d	amazon	amentaleffect	1
15-May-2023	20d	amazon	imprezzed13	1
15-May-2023	20d	amazon	KingpinOfTheSlum	1
15-May-2023	20d	amazon	MEKK-the-MIGHTY	1
15-May-2023	20d	amazon	Legitimate-Peace-658	1
15-May-2023	20d	amazon	KINGCOMEDOWN	1
15-May-2023	20d	amazon	PrestigiousAlps7365	1
15-May-2023	20d	amazon	LIVEFan33	1
15-May-2023	20d	amazon	JuicyBoiii67	1
15-May-2023	20d	amazon	ImAPancakeDealer	1
15-May-2023	20d	amazon	mellywheats	1
15-May-2023	20d	amazon	DoYaLikeCheese	1
15-May-2023	20d	amazon	EarnSomeRespect	1
15-May-2023	20d	amazon	mksatish369	1
15-May-2023	20d	amazon	hannanhanif443	1
15-May-2023	20d	amazon	sxrxhmanning	1
15-May-2023	20d	amazon	Impossible_Holiday76	1
15-May-2023	20d	amazon	faceboobs701	1
15-May-2023	20d	amazon	The_Fictitious_Man	1
15-May-2023	20d	amazon	thecub222	1
15-May-2023	20d	amazon	Street-Ad2434	1
15-May-2023	20d	amazon	Hassan4950	1
15-May-2023	20d	amazon	skatardrummer	1
15-May-2023	20d	amazon	64-Savage	1
15-May-2023	20d	amazon	MRRANGER420	1
15-May-2023	20d	amazon	Ambitious_Engine7491	1
15-May-2023	20d	amazon	esouthern	1
15-May-2023	20d	amazon	Robart3	1
15-May-2023	20d	amazon	DoctorGlittering6328	1
15-May-2023	20d	amazon	Styrene166	1
15-May-2023	20d	amazon	yusuke8	1
15-May-2023	20d	amazon	slowiijoey	1
15-May-2023	20d	amazon	Vixen22213	1
15-May-2023	20d	amazon	Friendly_Life_7042	1
15-May-2023	20d	amazon	belfastgt	1
15-May-2023	20d	amazon	Hitoride44	1
15-May-2023	20d	amazon	apizzameghan	1
15-May-2023	20d	amazon	SadhbhTheCowardly	1
15-May-2023	20d	amazon	MasonCO91	1
15-May-2023	20d	amazon	Beneficial-Annual133	1
15-May-2023	20d	amazon	New_Treat_489	1
15-May-2023	20d	amazon	Bobofett69	1
15-May-2023	20d	amazon	joshgrsjones349	1
15-May-2023	20d	amazon	captaincrapple	1
15-May-2023	20d	amazon	TERODACTYLOVER	1
15-May-2023	20d	amazon	EliDwebster	1
15-May-2023	20d	amazon	bruhareufrlrn	1
15-May-2023	20d	amazon	bkdlays	1
15-May-2023	20d	amazon	theunboiledegg	1
15-May-2023	20d	amazon	Maleficent-Gear-4464	1
15-May-2023	20d	amazon	Awarenesswarm336	1
15-May-2023	20d	amazon	spudmashernz	1
15-May-2023	20d	amazon	TheBrickFarmer	1
15-May-2023	20d	amazon	blxwerss	1
15-May-2023	20d	amazon	Appropriate-Voice112	1
15-May-2023	20d	amazon	ReserveOk6906	1
15-May-2023	20d	amazon	pacwess	1
15-May-2023	20d	amazon	MooshPotatoes	1
15-May-2023	20d	amazon	AayushBhatia06	1
15-May-2023	20d	amazon	ThrowAway2MD	1
15-May-2023	20d	amazon	LowPlatypus6119	1
15-May-2023	20d	amazon	kameronbennett	1
15-May-2023	20d	amazon	cmredd	1
15-May-2023	20d	amazon	Neeralazra	1
15-May-2023	20d	amazon	Natey_Two	1
15-May-2023	20d	amazon	DolphinsFan123	1
15-May-2023	20d	amazon	Narrow-Spend-4813	1
15-May-2023	20d	amazon	DoMyBest2bPositive	1
15-May-2023	20d	amazon	Maleficent_Smell_963	1
15-May-2023	20d	amazon	Dumbluigi989	1
15-May-2023	20d	amazon	charmedesme	1
15-May-2023	20d	amazon	Bluspider12	1
15-May-2023	20d	amazon	bigfootbussy	1
15-May-2023	20d	amazon	Captainsquishi	1
15-May-2023	20d	amazon	baph0metis	1
15-May-2023	20d	amazon	rslmnk	1
15-May-2023	20d	amazon	FackJooBish	1
15-May-2023	20d	amazon	cheappapayasoap	1
15-May-2023	20d	amazon	everybunnyfour23	1
15-May-2023	20d	amazon	michpink73	1
15-May-2023	20d	amazon	Ok_Peak538	1
15-May-2023	20d	amazon	Nice_Firefighter8551	1
15-May-2023	20d	amazon	bonobobricks	1
15-May-2023	20d	amazon	Weak-Flamingo-9793	1
15-May-2023	20d	amazon	foxyshere	1
15-May-2023	20d	amazon	Alternative-Carob-22	1
15-May-2023	20d	amazon	No-Planetorgin	1
15-May-2023	20d	amazon	Ok_Mycologist3059	1
15-May-2023	20d	amazon	Spanking6itches	1
15-May-2023	20d	amazon	Goodman1012	1
15-May-2023	20d	amazon	9nox	1
15-May-2023	20d	amazon	_daiyan_	1
15-May-2023	20d	amazon	usesaround	1
15-May-2023	20d	amazon	ContrarianEdge	1
15-May-2023	20d	amazon	Ok-Celebration4910	1
15-May-2023	20d	amazon	LChanelT	1
15-May-2023	20d	amazon	IIKrazeeII	1
15-May-2023	20d	amazon	CartographerIll8287	1
15-May-2023	20d	amazon	Nervous_Vegetable132	1
15-May-2023	20d	amazon	Killuaxjennie	1
15-May-2023	20d	amazon	Real-Pen-5559	1
15-May-2023	20d	amazon	AvaniSimcha	1
15-May-2023	20d	amazon	Prudent-Depth-2009	1
15-May-2023	20d	amazon	cherrycarnage	1
15-May-2023	20d	amazon	Bearheroine	1
15-May-2023	20d	amazon	TentiTiger11	1
15-May-2023	20d	amazon	puestadelsol	1
15-May-2023	20d	amazon	Gigizulini	1
15-May-2023	20d	amazon	3773x3	1
15-May-2023	20d	amazon	Virtual-Network-5295	1
15-May-2023	20d	amazon	lurkerHardlyKnowHer	1
15-May-2023	20d	amazon	TheStoffer	1
15-May-2023	20d	amazon	ohkayonce	1
15-May-2023	20d	amazon	eleanor0302	1
15-May-2023	20d	amazon	AnyDrug	1
15-May-2023	20d	amazon	mtmirror	1
15-May-2023	20d	amazon	xosketleton0	1
15-May-2023	20d	amazon	Sad_Contribution_876	1
15-May-2023	20d	amazon	Kamykhan1	1
15-May-2023	20d	amazon	Enough-Photo1935	1
15-May-2023	20d	amazon	Video-Dapper	1
15-May-2023	20d	amazon	AsuraRefunds	1
15-May-2023	20d	amazon	Meowinhiemer	1
15-May-2023	20d	amazon	blockedlogin	1
15-May-2023	20d	amazon	server_maintenance	1
15-May-2023	20d	amazon	True-Platinum-1523	1
15-May-2023	20d	amazon	SnooGoats8733	1
15-May-2023	20d	amazon	VeryBestUsername	1
15-May-2023	20d	amazon	PreviousPhilosophy88	1
15-May-2023	20d	amazon	MuddlingZombies	1
15-May-2023	20d	amazon	Young_Alternative	1
15-May-2023	20d	amazon	Practical_Year_4425	1
15-May-2023	20d	amazon	iloveeggsalot	1
15-May-2023	20d	amazon	AdTasty5290	1
15-May-2023	20d	amazon	Around_The_Globe	1
15-May-2023	20d	amazon	No-Relationship6964	1
15-May-2023	20d	amazon	thewhitewalker99	1
15-May-2023	20d	amazon	Gentleigh21	1
15-May-2023	20d	amazon	codybmusser	1
15-May-2023	20d	amazon	Bloomingpretty101	1
15-May-2023	20d	amazon	ladesantis	1
15-May-2023	20d	amazon	Diamond_Mediah	1
15-May-2023	20d	amazon	neto333	1
15-May-2023	20d	amazon	ItzzCammss	1
15-May-2023	20d	amazon	craftycat1135	1
15-May-2023	20d	amazon	markoNW	1
15-May-2023	20d	amazon	monsieurlee	1
15-May-2023	20d	amazon	SchonHen	1
15-May-2023	20d	amazon	chris5692	1
15-May-2023	20d	amazon	ldnkmms420	1
15-May-2023	20d	amazon	Hot-Detective-8163	1
15-May-2023	20d	amazon	Siyuen_Tea	1
15-May-2023	20d	amazon	GTRacer1972	1
15-May-2023	20d	amazon	patros36	1
15-May-2023	20d	amazon	Upstairs_Ladder_9625	1
15-May-2023	20d	amazon	Legitimate-Cut-5988	1
15-May-2023	20d	amazon	Scouse_Nuts	1
15-May-2023	20d	amazon	xferragamoFalcon	1
15-May-2023	20d	amazon	EmmyS1972	1
15-May-2023	20d	amazon	JGlynn101	1
15-May-2023	20d	amazon	HkHockey29	1
15-May-2023	20d	amazon	brasscup	1
15-May-2023	20d	amazon	Previous-Ad294	1
15-May-2023	20d	amazon	Luke_Atmi	1
15-May-2023	20d	amazon	DAT_DROP	1
15-May-2023	20d	amazon	Sea_Victory_6328	1
15-May-2023	20d	amazon	iloveehotmoms	1
15-May-2023	20d	amazon	bunoboz	1
15-May-2023	20d	amazon	cjp1873	1
15-May-2023	20d	amazon	OnlyWhenIBreathe	1
15-May-2023	20d	amazon	SwayX_X	1
15-May-2023	20d	amazon	redditupf2	1
15-May-2023	20d	amazon	BeehiveStudio00	1
15-May-2023	20d	amazon	Unfair_Band_722	1
15-May-2023	20d	amazon	Janeb48	1
15-May-2023	20d	amazon	usamanajam	1
15-May-2023	20d	amazon	stefannnnnd	1
15-May-2023	20d	amazon	AlexInThePalace	1
15-May-2023	20d	amazon	Specialist-Ask8890	1
15-May-2023	20d	amazon	Pink-neck-Steven	1
15-May-2023	20d	amazon	divinexoxo	1
15-May-2023	20d	amazon	simmessi	1
15-May-2023	20d	amazon	R3pa1r3d	1
15-May-2023	20d	amazon	mc510	1
15-May-2023	20d	amazon	vitaliyh	1
15-May-2023	20d	amazon	gRAVErGurl	1
15-May-2023	20d	amazon	Kitchen-Owl8952	1
15-May-2023	20d	amazon	pidgeonatemypidgeon	1
15-May-2023	20d	amazon	LiquidC001	1
15-May-2023	20d	amazon	NickFireplace	1
15-May-2023	20d	amazon	StressedAfraid_	1
15-May-2023	20d	amazon	bettymarilynsmith	1
15-May-2023	20d	amazon	whitley5	1
15-May-2023	20d	amazon	Aju_vee	1
15-May-2023	20d	amazon	Fruitsklo	1
15-May-2023	20d	amazon	Tcat9822	1
15-May-2023	20d	amazon	SanctuaryMoon	1
15-May-2023	20d	amazon	BatFastardRedditor	1
15-May-2023	20d	amazon	Raleighwood007	1
15-May-2023	20d	amazon	SureAd2323	1
15-May-2023	20d	amazon	Flaky_Echo_9421	1
15-May-2023	20d	amazon	chibinightray	1
15-May-2023	20d	amazon	SamMcGroovy	1
15-May-2023	20d	amazon	Adventurous_Echo2878	1
15-May-2023	20d	amazon	Acceptable_Pop_4393	1
15-May-2023	20d	amazon	pixelrogue	1
15-May-2023	20d	amazon	stonecats	1
15-May-2023	20d	amazon	ZaidS0405	1
15-May-2023	20d	amazon	Positive-Feed393	1
15-May-2023	20d	amazon	Potential_Display662	1
15-May-2023	20d	amazon	A9TOP6	1
15-May-2023	20d	amazon	Longjumping_Relief50	1
15-May-2023	20d	amazon	Prior-Common-8069	1
15-May-2023	20d	amazon	A7X_Z	1
15-May-2023	20d	amazon	moshedanger	1
15-May-2023	20d	amazon	The_Overgiver	1
15-May-2023	20d	amazon	CarterCornish	1
15-May-2023	20d	amazon	DekuSussyBaka	1
15-May-2023	20d	amazon	anyaxwakuwaku	1
15-May-2023	20d	amazon	etarag	1
15-May-2023	20d	amazon	italian_mom	1
15-May-2023	20d	amazon	Macondra2014	1
15-May-2023	20d	amazon	doorbell19	1
15-May-2023	20d	amazon	dairy666	1
15-May-2023	20d	amazon	new_gift_card	1
15-May-2023	20d	amazon	Organic-Purple-6351	1
15-May-2023	20d	amazon	Asleep-Ad6137	1
15-May-2023	20d	amazon	Main-Magician9145	1
15-May-2023	20d	amazon	PanicLogically	1
15-May-2023	20d	amazon	Professional-Slide68	1
15-May-2023	20d	amazon	Business_coach77	1
15-May-2023	20d	amazon	cz108	1
15-May-2023	20d	amazon	Heidirs	1
15-May-2023	20d	amazon	AlwaysWantedToAsk93	1
15-May-2023	20d	amazon	Standard-Report-2298	1
15-May-2023	20d	amazon	Alert_Safe_4440	1
15-May-2023	20d	amazon	whussain5	1
15-May-2023	20d	amazon	makemoney2024	1
15-May-2023	20d	amazon	PleasantCurrant-FAT1	1
15-May-2023	20d	amazon	thesunsetcatcher	1
15-May-2023	20d	amazon	Kayzer2410	1
15-May-2023	20d	amazon	Stunning-Ear-9087	1
15-May-2023	20d	amazon	abonaser23	1
15-May-2023	20d	amazon	ItsOceanPlayz_Reddit	1
15-May-2023	20d	amazon	Kamin-Sky	1
15-May-2023	20d	amazon	racerimmortal87	1
15-May-2023	20d	amazon	measchway	1
15-May-2023	20d	amazon	Usual-Draft9942	1
15-May-2023	20d	amazon	bob_ross_reddit_yea	1
15-May-2023	20d	amazon	Crafty_Cap5275	1
15-May-2023	20d	amazon	pallladin	1
15-May-2023	20d	amazon	Valin123	1
15-May-2023	20d	amazon	Dan-in-Va	1
15-May-2023	20d	amazon	NewinTown109	1
15-May-2023	20d	amazon	XercesGetsDown	1
15-May-2023	20d	amazon	Odd_Sleep3990	1
15-May-2023	20d	amazon	sarmi34	1
15-May-2023	20d	amazon	dunbarskii	1
15-May-2023	20d	amazon	Spuds4Duds	1
15-May-2023	20d	amazon	garoto_enxaqueca	1
15-May-2023	20d	amazon	No-Celery-7711	1
15-May-2023	20d	amazon	Notdestorm	1
15-May-2023	20d	amazon	0b4macare	1
15-May-2023	20d	amazon	DragonfruitStatus681	1
15-May-2023	20d	amazon	Thomas_RD	1
15-May-2023	20d	amazon	Last_Ad3255	1
15-May-2023	20d	amazon	kevinheart22	1
15-May-2023	20d	amazon	Sea_Journalist_3615	1
15-May-2023	20d	amazon	MagicMyc10	1
15-May-2023	20d	amazon	Raven-XTreme	1
15-May-2023	20d	amazon	Puzzleheaded_You_689	1
15-May-2023	20d	amazon	CardiologistWarm9029	1
15-May-2023	20d	amazon	leechtealady	1
15-May-2023	20d	amazon	firewell_313	1
15-May-2023	20d	amazon	evolved92	1
15-May-2023	20d	amazon	Savwire	1
15-May-2023	20d	amazon	FastNeighborhood2767	1
15-May-2023	20d	amazon	Master-Environment95	1
15-May-2023	20d	amazon	QA_Nerd	1
15-May-2023	20d	amazon	Aboy_hasnoname	1
15-May-2023	20d	amazon	Fun-Librarian5941	1
15-May-2023	20d	amazon	UnderstandingDry9660	1
15-May-2023	20d	amazon	owotismwastaken	1
15-May-2023	20d	amazon	5eul-gi	1
15-May-2023	20d	amazon	Ryukashin94	1
15-May-2023	20d	amazon	edelclaude	1
15-May-2023	20d	amazon	Downtown_Row_4051	1
15-May-2023	20d	amazon	METASHOPUF	1
15-May-2023	20d	amazon	Possible_Tiger_695	1
15-May-2023	20d	amazon	icepalpa	1
15-May-2023	20d	amazon	Technical-Gur-382	1
15-May-2023	20d	amazon	AdforThepoorfamily	1
15-May-2023	20d	amazon	-Jeanne-dArc	1
15-May-2023	20d	amazon	League_Different	1
15-May-2023	20d	amazon	shadowhood25	1
15-May-2023	20d	amazon	ChocolateRich4122	1
15-May-2023	20d	amazon	bennett7569	1
15-May-2023	20d	amazon	TheOriginalDerpMan	1
15-May-2023	20d	amazon	louisvuittonlatte	1
15-May-2023	20d	amazon	thisismypornaltlolol	1
15-May-2023	20d	amazon	shemeanswelll	1
15-May-2023	20d	amazon	AffectionateField225	1
15-May-2023	20d	amazon	cnbc_official	1
15-May-2023	20d	amazon	mahdy89	1
15-May-2023	20d	amazon	Archieauthor	1
15-May-2023	20d	amazon	rkarl7777	1
15-May-2023	20d	amazon	Sweaty-Cut7578	1
15-May-2023	20d	amazon	TThe_Improvisor	1
15-May-2023	20d	amazon	Lazy-Sorbet-5999	1
15-May-2023	20d	amazon	Broccoli-Trickster	1
15-May-2023	20d	amazon	Minimocha_27	1
15-May-2023	20d	amazon	cheesymod	1
15-May-2023	20d	amazon	TEMUDEVELOPER	1
15-May-2023	20d	amazon	Smooth-Mycologist652	1
15-May-2023	20d	amazon	david123_brown	1
15-May-2023	20d	amazon	StebLoL	1
15-May-2023	20d	amazon	thinkagain1	1
15-May-2023	20d	amazon	Snappytomcat	1
15-May-2023	20d	amazon	Verduzcos	1
15-May-2023	20d	amazon	KeiraMurat	1
15-May-2023	20d	amazon	zyf444e668	1
15-May-2023	20d	amazon	SoftPois0n	1
15-May-2023	20d	amazon	Competitive_Shift206	1
15-May-2023	20d	amazon	Variety43	1
15-May-2023	20d	amazon	Semicolonhope	1
15-May-2023	20d	amazon	tebbytear	1
15-May-2023	20d	amazon	lagi444crus	1
15-May-2023	20d	amazon	Unlikely-Ad-4031	1
15-May-2023	20d	amazon	makeit2102-	1
15-May-2023	20d	amazon	Whoargche	1
15-May-2023	20d	amazon	2004HondaCivicK20	1
15-May-2023	20d	amazon	NoFanofThis	1
15-May-2023	20d	amazon	r9800pro	1
15-May-2023	20d	amazon	ido1990	1
15-May-2023	20d	amazon	William_1200	1
15-May-2023	20d	amazon	CeldonKnight	1
15-May-2023	20d	amazon	Newuser13131313	1
15-May-2023	20d	amazon	Robertcurry2	1
15-May-2023	20d	amazon	tin87tin	1
15-May-2023	20d	amazon	aiaor	1
15-May-2023	20d	amazon	MaddCricket	1
15-May-2023	20d	amazon	Hel5_	1
15-May-2023	20d	amazon	External_Monk_5370	1
15-May-2023	20d	amazon	brobarb	1
15-May-2023	20d	amazon	Random-white-ish-gal	1
15-May-2023	20d	amazon	Lost_Rub_8453	1
15-May-2023	20d	amazon	c4catz	1
15-May-2023	20d	amazon	RoodNewb	1
15-May-2023	20d	amazon	Fkmeitscold	1
15-May-2023	20d	amazon	PakAttack86	1
15-May-2023	20d	amazon	Stonkover9000	1
15-May-2023	20d	amazon	fucking_idiot2	1
15-May-2023	20d	amazon	InterestingWord4188	1
15-May-2023	20d	amazon	throwaway1230100	1
15-May-2023	20d	amazon	mourning_wood_again	1
15-May-2023	20d	amazon	TheBeastGamer2507	1
15-May-2023	20d	amazon	Successful-11	1
15-May-2023	20d	amazon	BunnyNinja2379	1
15-May-2023	20d	amazon	hazza987	1
15-May-2023	20d	amazon	LazarianV	1
15-May-2023	20d	amazon	missinglinksman	1
15-May-2023	20d	amazon	lizzieismydog	1
15-May-2023	20d	amazon	ashykamal95	1
15-May-2023	20d	amazon	todayofferbyali4	1
15-May-2023	20d	amazon	-JEFF007-	1
15-May-2023	20d	amazon	Prem_bhalerao_12	1
15-May-2023	20d	amazon	Trip_2	1
15-May-2023	20d	amazon	Relevant-Locksmith75	1
15-May-2023	20d	amazon	BackgroundGrouchy41	1
15-May-2023	20d	amazon	ShauWolf	1
15-May-2023	20d	amazon	tareqaziz95	1
15-May-2023	20d	amazon	Corybacon	1
15-May-2023	20d	amazon	Lake_Serperior	1
15-May-2023	20d	amazon	Titanguru7	1
15-May-2023	20d	amazon	CynicMV	1
15-May-2023	20d	amazon	Drdverse	1
15-May-2023	20d	amazon	AstarothBeelzebub	1
15-May-2023	20d	amazon	Rancidbones813	1
15-May-2023	20d	amazon	katr422	1
15-May-2023	20d	amazon	Hobbit_Holes	1
15-May-2023	20d	amazon	EddySam69	1
15-May-2023	20d	amazon	OrganizationNo6074	1
15-May-2023	20d	amazon	Affectionate_Owl_832	1
15-May-2023	20d	amazon	wlexxx2	1
15-May-2023	20d	amazon	Severe_Librarian_249	1
15-May-2023	20d	amazon	TypicalAsian0	1
15-May-2023	20d	amazon	msklovesmath	1
15-May-2023	20d	amazon	East_Preference4754	1
15-May-2023	20d	amazon	joshuamarius	1
15-May-2023	20d	amazon	Kahless_2K	1
15-May-2023	20d	amazon	Sanstheprotector	1
15-May-2023	20d	amazon	JustElthadorr	1
15-May-2023	20d	amazon	Sophie_derv-23	1
15-May-2023	20d	amazon	RoughTheory3006	1
15-May-2023	20d	amazon	cyper_1	1
15-May-2023	20d	amazon	triplethreat1469	1
15-May-2023	20d	amazon	Bomptomp	1
15-May-2023	20d	amazon	brownsl66	1
15-May-2023	20d	amazon	galernalovestore	1
15-May-2023	20d	amazon	Makeupaholicx	1
15-May-2023	20d	amazon	serinde_miriel	1
15-May-2023	20d	amazon	Frequent_Net9324	1
15-May-2023	20d	amazon	LockeColeFF	1
15-May-2023	20d	amazon	jellownina	1
15-May-2023	20d	amazon	Fabulous_Mud_8773	1
15-May-2023	20d	amazon	Jon_Lach	1
15-May-2023	20d	amazon	Rubikslayer07	1
15-May-2023	20d	amazon	kitsen_battousai	1
15-May-2023	20d	amazon	ams3401	1
15-May-2023	20d	amazon	Normal-Feeling-7386	1
15-May-2023	20d	amazon	Emotional_Abalone270	1
15-May-2023	20d	amazon	Material_Cold_3318	1
15-May-2023	20d	amazon	AlivePatient7226	1
15-May-2023	20d	amazon	BitchBass	1
15-May-2023	20d	amazon	afrinbappy6163	1
15-May-2023	20d	amazon	Ok_Buy_8776	1
15-May-2023	20d	amazon	Dude_of_York	1
15-May-2023	20d	amazon	BlueFaygo2003	1
15-May-2023	20d	amazon	dreamer881	1
15-May-2023	20d	amazon	KaKaPooPooPePeShire	1
15-May-2023	20d	amazon	IDoBelieveInGarys	1
15-May-2023	20d	amazon	Kind_Specialist8986	1
15-May-2023	20d	amazon	mennydream	1
15-May-2023	20d	amazon	Zestyclose_Log_6456	1
15-May-2023	20d	amazon	Due-One2837	1
15-May-2023	20d	amazon	thedesolatehopeitsme	1
15-May-2023	20d	amazon	SashaMitchener	1
15-May-2023	20d	amazon	AmazonPickMeUp	1
15-May-2023	20d	amazon	howisaraven	1
15-May-2023	20d	amazon	durjoy_hajra	1
15-May-2023	20d	amazon	thekingleone	1
15-May-2023	20d	amazon	StrangeRalph	1
15-May-2023	20d	amazon	Trending_Now2023	1
15-May-2023	20d	amazon	Ivaklom	1
15-May-2023	20d	amazon	TheNewLevi	1
15-May-2023	20d	amazon	McFascism	1
15-May-2023	20d	amazon	Mysterious-Resist-56	1
15-May-2023	20d	amazon	GoldenDealsTexas	1
15-May-2023	20d	amazon	4500_MASS_EAT	1
15-May-2023	20d	amazon	kindnessisallwehave	1
15-May-2023	20d	amazon	GurAdventurous2170	1
15-May-2023	20d	amazon	lindafromevildead	1
15-May-2023	20d	amazon	Dull_Committee_5559	1
15-May-2023	20d	amazon	patabroad	1
15-May-2023	20d	amazon	Giversneverlack2	1
15-May-2023	20d	amazon	Tall_Principle_3458	1
15-May-2023	20d	amazon	SellerAi	1
15-May-2023	20d	amazon	RealEpicAaron	1
15-May-2023	20d	amazon	merkavasiman4	1
15-May-2023	20d	amazon	Independent_Value350	1
