query_date	before_date	subreddit	comment_author	comment_frequency
15-May-2023	40d	amazon	AutoModerator	313
15-May-2023	40d	amazon	[deleted]	95
15-May-2023	40d	amazon	Throwingshead	54
15-May-2023	40d	amazon	sibman	36
15-May-2023	40d	amazon	known_starfield	14
15-May-2023	40d	amazon	serinde_miriel	10
15-May-2023	40d	amazon	DelfreGo	8
15-May-2023	40d	amazon	Armored-Sword	8
15-May-2023	40d	amazon	OnlyWhenIBreathe	5
15-May-2023	40d	amazon	StraightWallaby	5
15-May-2023	40d	amazon	typefast	5
15-May-2023	40d	amazon	Schnitzhole	5
15-May-2023	40d	amazon	watermelone8000	4
15-May-2023	40d	amazon	bunoboz	4
15-May-2023	40d	amazon	Sad_Abbreviations477	4
15-May-2023	40d	amazon	ams3401	4
15-May-2023	40d	amazon	East_Preference4754	4
15-May-2023	40d	amazon	Makeupaholicx	4
15-May-2023	40d	amazon	TheLonerCoder	3
15-May-2023	40d	amazon	Sovarius	3
15-May-2023	40d	amazon	tonybasil2001	3
15-May-2023	40d	amazon	moogleslam	3
15-May-2023	40d	amazon	motherfudgersob	3
15-May-2023	40d	amazon	RSHeavy	3
15-May-2023	40d	amazon	BaconWhisky	3
15-May-2023	40d	amazon	Heidirs	3
15-May-2023	40d	amazon	Neoreloaded313	3
15-May-2023	40d	amazon	outofmemory01	3
15-May-2023	40d	amazon	notawhingymillenial	3
15-May-2023	40d	amazon	ItWasntMe103	3
15-May-2023	40d	amazon	ilovedeadbees	3
15-May-2023	40d	amazon	PokoPokoBini	3
15-May-2023	40d	amazon	buzzgun	3
15-May-2023	40d	amazon	Rubix321	3
15-May-2023	40d	amazon	Francesca_N_Furter	3
15-May-2023	40d	amazon	Alloyd11	3
15-May-2023	40d	amazon	Material_Cold_3318	3
15-May-2023	40d	amazon	Alonzeus	3
15-May-2023	40d	amazon	mamasilver	3
15-May-2023	40d	amazon	Iliketosufferalot	3
15-May-2023	40d	amazon	jrhoffa	2
15-May-2023	40d	amazon	server_maintenance	2
15-May-2023	40d	amazon	GTRacer1972	2
15-May-2023	40d	amazon	pizzaazzip	2
15-May-2023	40d	amazon	AfricanToilet	2
15-May-2023	40d	amazon	Legitimate-Cut-5988	2
15-May-2023	40d	amazon	joshnic2	2
15-May-2023	40d	amazon	SwayX_X	2
15-May-2023	40d	amazon	virgin_goat	2
15-May-2023	40d	amazon	Pink-neck-Steven	2
15-May-2023	40d	amazon	Chroma-on-YT	2
15-May-2023	40d	amazon	ElRamenKnight	2
15-May-2023	40d	amazon	thdesha2021	2
15-May-2023	40d	amazon	damek666	2
15-May-2023	40d	amazon	Professional_Cap_290	2
15-May-2023	40d	amazon	FeymildTheFeyKing	2
15-May-2023	40d	amazon	cpc_niklaos	2
15-May-2023	40d	amazon	UrbanAbsconder	2
15-May-2023	40d	amazon	MusicIsVice1	2
15-May-2023	40d	amazon	Mfamos1	2
15-May-2023	40d	amazon	dark79	2
15-May-2023	40d	amazon	Lord_Vexon	2
15-May-2023	40d	amazon	pallladin	2
15-May-2023	40d	amazon	thirdlost	2
15-May-2023	40d	amazon	Spuds4Duds	2
15-May-2023	40d	amazon	evolved92	2
15-May-2023	40d	amazon	-Jeanne-dArc	2
15-May-2023	40d	amazon	inspire21	2
15-May-2023	40d	amazon	angryfortunecookie	2
15-May-2023	40d	amazon	Most_Engineering_992	2
15-May-2023	40d	amazon	MotoXri	2
15-May-2023	40d	amazon	RagsAndTatters	2
15-May-2023	40d	amazon	howmocanyougo	2
15-May-2023	40d	amazon	DickMars	2
15-May-2023	40d	amazon	noinoiio	2
15-May-2023	40d	amazon	cupcuppi	2
15-May-2023	40d	amazon	Trip_2	2
15-May-2023	40d	amazon	DatBoiKibo	2
15-May-2023	40d	amazon	InterestingWord4188	2
15-May-2023	40d	amazon	allen354	2
15-May-2023	40d	amazon	OrganizationNo6074	2
15-May-2023	40d	amazon	Mysterious-Resist-56	2
15-May-2023	40d	amazon	OreadaholicO	2
15-May-2023	40d	amazon	TypicalAsian0	2
15-May-2023	40d	amazon	weveran	2
15-May-2023	40d	amazon	Bomptomp	2
15-May-2023	40d	amazon	BitchBass	2
15-May-2023	40d	amazon	Bored_lurker87	2
15-May-2023	40d	amazon	IDoBelieveInGarys	2
15-May-2023	40d	amazon	mtmirror	1
15-May-2023	40d	amazon	miajade1996	1
15-May-2023	40d	amazon	blockedlogin	1
15-May-2023	40d	amazon	magnoliamahogany	1
15-May-2023	40d	amazon	Valkia_Perkunos	1
15-May-2023	40d	amazon	Young_Alternative	1
15-May-2023	40d	amazon	Practical_Year_4425	1
15-May-2023	40d	amazon	iloveeggsalot	1
15-May-2023	40d	amazon	Natezone24	1
15-May-2023	40d	amazon	thewhitewalker99	1
15-May-2023	40d	amazon	jones-jim	1
15-May-2023	40d	amazon	spiritualcodee	1
15-May-2023	40d	amazon	bookworm2019-	1
15-May-2023	40d	amazon	Sea_Journalist_3615	1
15-May-2023	40d	amazon	gEmilyMil	1
15-May-2023	40d	amazon	AllStupidQuestions69	1
15-May-2023	40d	amazon	flying_alligators	1
15-May-2023	40d	amazon	neto333	1
15-May-2023	40d	amazon	ItzzCammss	1
15-May-2023	40d	amazon	craftycat1135	1
15-May-2023	40d	amazon	markoNW	1
15-May-2023	40d	amazon	graxanie	1
15-May-2023	40d	amazon	jaffafantacakes	1
15-May-2023	40d	amazon	monsieurlee	1
15-May-2023	40d	amazon	Phyliinx	1
15-May-2023	40d	amazon	QuirkyTourist1433	1
15-May-2023	40d	amazon	merr1k	1
15-May-2023	40d	amazon	ldnkmms420	1
15-May-2023	40d	amazon	Mrcatmanthdog	1
15-May-2023	40d	amazon	patros36	1
15-May-2023	40d	amazon	ObamasBoss	1
15-May-2023	40d	amazon	ShadeezBack	1
15-May-2023	40d	amazon	TheAffinityBridge	1
15-May-2023	40d	amazon	BigHangar	1
15-May-2023	40d	amazon	mmunson	1
15-May-2023	40d	amazon	EmmyS1972	1
15-May-2023	40d	amazon	ship_faced23	1
15-May-2023	40d	amazon	Pretend_Emu4508	1
15-May-2023	40d	amazon	Luke_Atmi	1
15-May-2023	40d	amazon	redditupf2	1
15-May-2023	40d	amazon	iloveehotmoms	1
15-May-2023	40d	amazon	scarymoose	1
15-May-2023	40d	amazon	StellaZaFella	1
15-May-2023	40d	amazon	BooksInBrooks	1
15-May-2023	40d	amazon	RedditPicked	1
15-May-2023	40d	amazon	Hey_Laaady	1
15-May-2023	40d	amazon	Unfair_Band_722	1
15-May-2023	40d	amazon	gr8teeth	1
15-May-2023	40d	amazon	Mikey77777	1
15-May-2023	40d	amazon	Skyleaf502	1
15-May-2023	40d	amazon	juniperxmoons	1
15-May-2023	40d	amazon	AlexInThePalace	1
15-May-2023	40d	amazon	iodine__sky	1
15-May-2023	40d	amazon	jrr6415sun	1
15-May-2023	40d	amazon	vitaliyh	1
15-May-2023	40d	amazon	pidgeonatemypidgeon	1
15-May-2023	40d	amazon	torontocomicpressing	1
15-May-2023	40d	amazon	c9nw	1
15-May-2023	40d	amazon	joeisajellyfish	1
15-May-2023	40d	amazon	EpicZen35	1
15-May-2023	40d	amazon	-its-full-of-stars-	1
15-May-2023	40d	amazon	Milk_Beginning	1
15-May-2023	40d	amazon	moshedanger	1
15-May-2023	40d	amazon	Nabfoo	1
15-May-2023	40d	amazon	Anto444_	1
15-May-2023	40d	amazon	Superslim-Anoniem	1
15-May-2023	40d	amazon	stonecats	1
15-May-2023	40d	amazon	JustmeinNYC	1
15-May-2023	40d	amazon	epistax	1
15-May-2023	40d	amazon	fafalone	1
15-May-2023	40d	amazon	YoYoStevo	1
15-May-2023	40d	amazon	Potential_Display662	1
15-May-2023	40d	amazon	KatMagic1977	1
15-May-2023	40d	amazon	AzerLofi	1
15-May-2023	40d	amazon	baronvonj	1
15-May-2023	40d	amazon	middleCman	1
15-May-2023	40d	amazon	musical_froot_loop	1
15-May-2023	40d	amazon	Mintfriction	1
15-May-2023	40d	amazon	A7X_Z	1
15-May-2023	40d	amazon	Dismaster2k	1
15-May-2023	40d	amazon	InnerWave1986	1
15-May-2023	40d	amazon	Ninja_Bum	1
15-May-2023	40d	amazon	pstaki	1
15-May-2023	40d	amazon	The_Overgiver	1
15-May-2023	40d	amazon	moochs	1
15-May-2023	40d	amazon	Kadeskill	1
15-May-2023	40d	amazon	Jonas-McJameaon	1
15-May-2023	40d	amazon	Laez	1
15-May-2023	40d	amazon	ItsJekkel	1
15-May-2023	40d	amazon	CharlyMcChaples	1
15-May-2023	40d	amazon	ew73	1
15-May-2023	40d	amazon	stacibu	1
15-May-2023	40d	amazon	jimmyhoke	1
15-May-2023	40d	amazon	skyvina	1
15-May-2023	40d	amazon	fruitgamingspacstuff	1
15-May-2023	40d	amazon	Main-Magician9145	1
15-May-2023	40d	amazon	TomGle	1
15-May-2023	40d	amazon	vatothe0	1
15-May-2023	40d	amazon	mikemikemotorbike01	1
15-May-2023	40d	amazon	Rooooben	1
15-May-2023	40d	amazon	Scep_ti_x	1
15-May-2023	40d	amazon	VolitarPrime	1
15-May-2023	40d	amazon	siabob007	1
15-May-2023	40d	amazon	gertymoon	1
15-May-2023	40d	amazon	MechanicalWhispers	1
15-May-2023	40d	amazon	OGPresidentDixon	1
15-May-2023	40d	amazon	Emotional_Hamster86	1
15-May-2023	40d	amazon	RevRisium	1
15-May-2023	40d	amazon	maddtuck	1
15-May-2023	40d	amazon	aborca	1
15-May-2023	40d	amazon	grtgbln	1
15-May-2023	40d	amazon	SG4217	1
15-May-2023	40d	amazon	spectradawn77	1
15-May-2023	40d	amazon	PleasantCurrant-FAT1	1
15-May-2023	40d	amazon	cincinnati2	1
15-May-2023	40d	amazon	Upnorth4	1
15-May-2023	40d	amazon	houstontexansfan05	1
15-May-2023	40d	amazon	SamyKS	1
15-May-2023	40d	amazon	Crafty_Cap5275	1
15-May-2023	40d	amazon	The_Question757	1
15-May-2023	40d	amazon	barrystrawbridgess	1
15-May-2023	40d	amazon	Breakitdownforyou	1
15-May-2023	40d	amazon	SourceOfMagic	1
15-May-2023	40d	amazon	EnigmaForce	1
15-May-2023	40d	amazon	Lt_Schneider	1
15-May-2023	40d	amazon	XercesGetsDown	1
15-May-2023	40d	amazon	v_23b	1
15-May-2023	40d	amazon	-Witherfang-	1
15-May-2023	40d	amazon	anomalous_cowherd	1
15-May-2023	40d	amazon	DeadlyCookie15	1
15-May-2023	40d	amazon	Notdestorm	1
15-May-2023	40d	amazon	BoneMareOh	1
15-May-2023	40d	amazon	Gam3rf0rlif3	1
15-May-2023	40d	amazon	atuckk15	1
15-May-2023	40d	amazon	jerryhou85	1
15-May-2023	40d	amazon	Deer906son	1
15-May-2023	40d	amazon	DragonfruitStatus681	1
15-May-2023	40d	amazon	kevinheart22	1
15-May-2023	40d	amazon	Jawaka99	1
15-May-2023	40d	amazon	2WongsDontMakeARice	1
15-May-2023	40d	amazon	Savwire	1
15-May-2023	40d	amazon	Kinyin	1
15-May-2023	40d	amazon	FastNeighborhood2767	1
15-May-2023	40d	amazon	gojiraaltforreasons	1
15-May-2023	40d	amazon	Downtown_Row_4051	1
15-May-2023	40d	amazon	badwolf0323	1
15-May-2023	40d	amazon	xerxesthefalcon	1
15-May-2023	40d	amazon	DitchTheQuid	1
15-May-2023	40d	amazon	Houston1357	1
15-May-2023	40d	amazon	Unfair_Development52	1
15-May-2023	40d	amazon	CypherVirus	1
15-May-2023	40d	amazon	xsnyder	1
15-May-2023	40d	amazon	OptimalBeing581	1
15-May-2023	40d	amazon	shadowhood25	1
15-May-2023	40d	amazon	ChocolateRich4122	1
15-May-2023	40d	amazon	BezierPentool	1
15-May-2023	40d	amazon	catbandana	1
15-May-2023	40d	amazon	lumbirdjack	1
15-May-2023	40d	amazon	ImJaycee	1
15-May-2023	40d	amazon	cnbc_official	1
15-May-2023	40d	amazon	Godmirra	1
15-May-2023	40d	amazon	rfgenerator	1
15-May-2023	40d	amazon	Nirum1	1
15-May-2023	40d	amazon	genosse_kaino	1
15-May-2023	40d	amazon	Recent-Cartoonist-82	1
15-May-2023	40d	amazon	ouid_enthusiast	1
15-May-2023	40d	amazon	MaidenofMoonlight	1
15-May-2023	40d	amazon	aiaor	1
15-May-2023	40d	amazon	Smooth-Mycologist652	1
15-May-2023	40d	amazon	Simple-Ad5000	1
15-May-2023	40d	amazon	Silly_Okra_1204	1
15-May-2023	40d	amazon	loveallthegoodbois	1
15-May-2023	40d	amazon	Semicolonhope	1
15-May-2023	40d	amazon	MaleficentGrocery193	1
15-May-2023	40d	amazon	2004HondaCivicK20	1
15-May-2023	40d	amazon	r9800pro	1
15-May-2023	40d	amazon	ido1990	1
15-May-2023	40d	amazon	CeldonKnight	1
15-May-2023	40d	amazon	EcstaticUpstairs	1
15-May-2023	40d	amazon	TheSupremeJay1	1
15-May-2023	40d	amazon	hazza987	1
15-May-2023	40d	amazon	fucking_idiot2	1
15-May-2023	40d	amazon	libraintjravenclaw	1
15-May-2023	40d	amazon	juniperaza	1
15-May-2023	40d	amazon	missinglinksman	1
15-May-2023	40d	amazon	therealjerrystaute	1
15-May-2023	40d	amazon	ashykamal95	1
15-May-2023	40d	amazon	ArufuDaWolf	1
15-May-2023	40d	amazon	HauntedDragons	1
15-May-2023	40d	amazon	e650man	1
15-May-2023	40d	amazon	smontanaro	1
15-May-2023	40d	amazon	Red_Velvette	1
15-May-2023	40d	amazon	theotherkeith	1
15-May-2023	40d	amazon	tboodman	1
15-May-2023	40d	amazon	Corybacon	1
15-May-2023	40d	amazon	Lake_Serperior	1
15-May-2023	40d	amazon	redd-or45	1
15-May-2023	40d	amazon	burpeedevil	1
15-May-2023	40d	amazon	southdakotagirl	1
15-May-2023	40d	amazon	Laura9624	1
15-May-2023	40d	amazon	Rhueless	1
15-May-2023	40d	amazon	vanderpumptools	1
15-May-2023	40d	amazon	goodjuju123	1
15-May-2023	40d	amazon	jlosito37	1
15-May-2023	40d	amazon	shilojoe	1
15-May-2023	40d	amazon	EggoGF	1
15-May-2023	40d	amazon	WesleyWishes	1
15-May-2023	40d	amazon	weinbs	1
15-May-2023	40d	amazon	BerningInSoDak	1
15-May-2023	40d	amazon	natrapsmai	1
15-May-2023	40d	amazon	wezley77	1
15-May-2023	40d	amazon	Zxeno3	1
15-May-2023	40d	amazon	Reggie222	1
15-May-2023	40d	amazon	Deep_Copy27	1
15-May-2023	40d	amazon	Recent-Bird	1
15-May-2023	40d	amazon	Still-Nectarine-9914	1
15-May-2023	40d	amazon	zenjabba	1
15-May-2023	40d	amazon	AmbitiousDistrict374	1
15-May-2023	40d	amazon	Sanstheprotector	1
15-May-2023	40d	amazon	OK_Opinions	1
15-May-2023	40d	amazon	Valuable_Host5901	1
15-May-2023	40d	amazon	AnomalyNexus	1
15-May-2023	40d	amazon	Dull_Committee_5559	1
15-May-2023	40d	amazon	JeeboJeebo	1
15-May-2023	40d	amazon	MeliodasKush	1
15-May-2023	40d	amazon	Csr2000	1
15-May-2023	40d	amazon	xnaveedhassan	1
15-May-2023	40d	amazon	Past_Ebb_3392	1
15-May-2023	40d	amazon	LockeColeFF	1
15-May-2023	40d	amazon	blueman541	1
15-May-2023	40d	amazon	Muwmu	1
15-May-2023	40d	amazon	dasurpha	1
15-May-2023	40d	amazon	Uddercup	1
15-May-2023	40d	amazon	screwthat	1
15-May-2023	40d	amazon	SCphotog	1
15-May-2023	40d	amazon	Mobius1701A	1
15-May-2023	40d	amazon	NakedCardboard	1
15-May-2023	40d	amazon	One_Tell_5165	1
15-May-2023	40d	amazon	Ok_Buy_8776	1
15-May-2023	40d	amazon	tokki0912	1
15-May-2023	40d	amazon	EVula	1
15-May-2023	40d	amazon	PeachedPocky	1
15-May-2023	40d	amazon	KaKaPooPooPePeShire	1
15-May-2023	40d	amazon	Waternut13134	1
15-May-2023	40d	amazon	partyorca	1
15-May-2023	40d	amazon	thaxcutioner	1
15-May-2023	40d	amazon	Johnny_Yukon	1
15-May-2023	40d	amazon	Due-One2837	1
15-May-2023	40d	amazon	locus200kin	1
15-May-2023	40d	amazon	discrete_apparatus	1
15-May-2023	40d	amazon	SnowblindAlbino	1
15-May-2023	40d	amazon	dcstamperok	1
15-May-2023	40d	amazon	ebbik	1
15-May-2023	40d	amazon	CrookedFish	1
