query_date	before_date	subreddit	submission_author	submission_frequency
15-May-2023	100d	alexa	sara-alexa	12
15-May-2023	100d	alexa	gangsteroflove1	11
15-May-2023	100d	alexa	tbluhp	8
15-May-2023	100d	alexa	[deleted]	6
15-May-2023	100d	alexa	Bearulice	4
15-May-2023	100d	alexa	pixolz	4
15-May-2023	100d	alexa	Simplexitycustom	4
15-May-2023	100d	alexa	Traditional_Mine1009	4
15-May-2023	100d	alexa	Apple_546	4
15-May-2023	100d	alexa	NewtoniteToo	4
15-May-2023	100d	alexa	AIONLAB	4
15-May-2023	100d	alexa	nick_frigerio	3
15-May-2023	100d	alexa	Eclipse8301	3
15-May-2023	100d	alexa	KitWat	3
15-May-2023	100d	alexa	ITSYABOIGALAXY	3
15-May-2023	100d	alexa	Htumedrm	3
15-May-2023	100d	alexa	TheDadRockPodcast	3
15-May-2023	100d	alexa	wewewawa	3
15-May-2023	100d	alexa	vulcan_on_earth	3
15-May-2023	100d	alexa	kendallb183	3
15-May-2023	100d	alexa	Few-Grapefruit9377	3
15-May-2023	100d	alexa	slartybartvart	3
15-May-2023	100d	alexa	Claranicolle	3
15-May-2023	100d	alexa	rollsyrollsy	3
15-May-2023	100d	alexa	roblu001	3
15-May-2023	100d	alexa	explictlyrics	3
15-May-2023	100d	alexa	djsolidsnake86	3
15-May-2023	100d	alexa	rootdiggity	3
15-May-2023	100d	alexa	Levitb2	3
15-May-2023	100d	alexa	Davy___Jones	3
15-May-2023	100d	alexa	wvilberg	3
15-May-2023	100d	alexa	asuhayda	3
15-May-2023	100d	alexa	Environmental-Emu987	3
15-May-2023	100d	alexa	CoherentReceptor	2
15-May-2023	100d	alexa	IanglDev	2
15-May-2023	100d	alexa	gjoakum221	2
15-May-2023	100d	alexa	psilversmith	2
15-May-2023	100d	alexa	VikingOy	2
15-May-2023	100d	alexa	mikeyshu	2
15-May-2023	100d	alexa	werdmouf	2
15-May-2023	100d	alexa	keyboardcanadian	2
15-May-2023	100d	alexa	Chicodemilo	2
15-May-2023	100d	alexa	mytabletacc0unt	2
15-May-2023	100d	alexa	thedreaming2017	2
15-May-2023	100d	alexa	CKR83	2
15-May-2023	100d	alexa	alexa_developer	2
15-May-2023	100d	alexa	Chrimbie	2
15-May-2023	100d	alexa	bvdp	2
15-May-2023	100d	alexa	Turbulent_Guess3204	2
15-May-2023	100d	alexa	creeterry	2
15-May-2023	100d	alexa	jesusfuckingasq	2
15-May-2023	100d	alexa	Study-Evening	2
15-May-2023	100d	alexa	ivlr_18	2
15-May-2023	100d	alexa	mediaserver8	2
15-May-2023	100d	alexa	jplarose80	2
15-May-2023	100d	alexa	Cerebrlasassn	2
15-May-2023	100d	alexa	DoctorMindWar	2
15-May-2023	100d	alexa	penthoy	2
15-May-2023	100d	alexa	liquidocelotYT	2
15-May-2023	100d	alexa	neverpostsmd	2
15-May-2023	100d	alexa	eginoUK	2
15-May-2023	100d	alexa	Aboricand	2
15-May-2023	100d	alexa	Irishuser2022	2
15-May-2023	100d	alexa	Bklover93	2
15-May-2023	100d	alexa	zoeygirl69	2
15-May-2023	100d	alexa	Longjumping-Draft-79	2
15-May-2023	100d	alexa	kayakvibes	2
15-May-2023	100d	alexa	Logical_Persimmon_40	2
15-May-2023	100d	alexa	Armus-soe	2
15-May-2023	100d	alexa	PinkAdultery	2
15-May-2023	100d	alexa	I-AM-Savannah	2
15-May-2023	100d	alexa	Stulmacher	2
15-May-2023	100d	alexa	Same-Pie-9757	2
15-May-2023	100d	alexa	DSavoie6	2
15-May-2023	100d	alexa	Critical-Meeting-895	2
15-May-2023	100d	alexa	obitest11	2
15-May-2023	100d	alexa	GamingBar	2
15-May-2023	100d	alexa	Noellehyg	2
15-May-2023	100d	alexa	xViPER__	2
15-May-2023	100d	alexa	vgrazi899	2
15-May-2023	100d	alexa	emeraldgirl08	2
15-May-2023	100d	alexa	Intelligent-Bath-137	2
15-May-2023	100d	alexa	Glass-Material5689	2
15-May-2023	100d	alexa	Skippy_99b	2
15-May-2023	100d	alexa	ericrudisell	2
15-May-2023	100d	alexa	hg3hun7ur9	2
15-May-2023	100d	alexa	Cyreesedabeast	1
15-May-2023	100d	alexa	eyesdrib	1
15-May-2023	100d	alexa	Particular-Bank-5519	1
15-May-2023	100d	alexa	j4mes_27	1
15-May-2023	100d	alexa	ATX_Analytics	1
15-May-2023	100d	alexa	Heya05	1
15-May-2023	100d	alexa	googy55	1
15-May-2023	100d	alexa	mickceratops_	1
15-May-2023	100d	alexa	lorraineg57	1
15-May-2023	100d	alexa	pollutionblues	1
15-May-2023	100d	alexa	Tall-Accountant-5177	1
15-May-2023	100d	alexa	DaMunzzz	1
15-May-2023	100d	alexa	xdLeoFam	1
15-May-2023	100d	alexa	brokenarrow7777777	1
15-May-2023	100d	alexa	yellowlinedpaper	1
15-May-2023	100d	alexa	boom-boom-butterfly	1
15-May-2023	100d	alexa	DragonWolf5589	1
15-May-2023	100d	alexa	mguod	1
15-May-2023	100d	alexa	brannonglover	1
15-May-2023	100d	alexa	FeanorsFamilyJewels	1
15-May-2023	100d	alexa	Impulse3000	1
15-May-2023	100d	alexa	DARKFiB3R	1
15-May-2023	100d	alexa	iExtro13	1
15-May-2023	100d	alexa	Active-Drive-7749	1
15-May-2023	100d	alexa	Wolfie_Rankin	1
15-May-2023	100d	alexa	Gredo89	1
15-May-2023	100d	alexa	TREDOTCOM	1
15-May-2023	100d	alexa	TMNTFan99	1
15-May-2023	100d	alexa	OnionSilver1081	1
15-May-2023	100d	alexa	Minuspuma	1
15-May-2023	100d	alexa	IvenaDarcy	1
15-May-2023	100d	alexa	mrezar	1
15-May-2023	100d	alexa	Wayne8766	1
15-May-2023	100d	alexa	joey133	1
15-May-2023	100d	alexa	roytay	1
15-May-2023	100d	alexa	ami2weird4u	1
15-May-2023	100d	alexa	Drillerfan	1
15-May-2023	100d	alexa	Ok-Possibility-7573	1
15-May-2023	100d	alexa	Sufficient_Subject95	1
15-May-2023	100d	alexa	LamzTheLlama	1
15-May-2023	100d	alexa	Japanda23	1
15-May-2023	100d	alexa	RR0925	1
15-May-2023	100d	alexa	jjharkan	1
15-May-2023	100d	alexa	Bluedemonde	1
15-May-2023	100d	alexa	ollieworkman	1
15-May-2023	100d	alexa	original_dr_mono	1
15-May-2023	100d	alexa	MAGunGuy	1
15-May-2023	100d	alexa	UnHivedMind	1
15-May-2023	100d	alexa	cryptotollnumber	1
15-May-2023	100d	alexa	MrNumberOneMan	1
15-May-2023	100d	alexa	yeshereisaname	1
15-May-2023	100d	alexa	Safe_Shirt2416	1
15-May-2023	100d	alexa	froto_swaggin	1
15-May-2023	100d	alexa	OkilyNeighbour	1
15-May-2023	100d	alexa	SmashHitsHasReddit	1
15-May-2023	100d	alexa	kwoosh-	1
15-May-2023	100d	alexa	netrate	1
15-May-2023	100d	alexa	AmDDJunkie	1
15-May-2023	100d	alexa	MoistBridge1090	1
15-May-2023	100d	alexa	Willing-Bandicoot-55	1
15-May-2023	100d	alexa	tuhinkarmakar	1
15-May-2023	100d	alexa	OldShipwrecked	1
15-May-2023	100d	alexa	parrudelas	1
15-May-2023	100d	alexa	TurnoverNo5026	1
15-May-2023	100d	alexa	Cczwork	1
15-May-2023	100d	alexa	Comfortable-Fox9153	1
15-May-2023	100d	alexa	princesstillyenna	1
15-May-2023	100d	alexa	nivek_123k	1
15-May-2023	100d	alexa	mikerapegoobies	1
15-May-2023	100d	alexa	Sullhammer	1
15-May-2023	100d	alexa	SamBGB	1
15-May-2023	100d	alexa	lawn19	1
15-May-2023	100d	alexa	Simple-Cattle-3946	1
15-May-2023	100d	alexa	CuriousMe6987	1
15-May-2023	100d	alexa	Many_Appointment8632	1
15-May-2023	100d	alexa	shio14	1
15-May-2023	100d	alexa	speedstickman	1
15-May-2023	100d	alexa	diverdawg	1
15-May-2023	100d	alexa	pointlessbanter1	1
15-May-2023	100d	alexa	scrim415	1
15-May-2023	100d	alexa	yeaokaythatscool	1
15-May-2023	100d	alexa	Omg_stop	1
15-May-2023	100d	alexa	LoiteringInNJ	1
15-May-2023	100d	alexa	Ahviaa224	1
15-May-2023	100d	alexa	tomlol	1
15-May-2023	100d	alexa	mymonkeyishungry	1
15-May-2023	100d	alexa	ActualMis	1
15-May-2023	100d	alexa	Miru8112	1
15-May-2023	100d	alexa	lostdrewid	1
15-May-2023	100d	alexa	Defiled92	1
15-May-2023	100d	alexa	gdavison86	1
15-May-2023	100d	alexa	phil_o_matic	1
15-May-2023	100d	alexa	31456	1
15-May-2023	100d	alexa	talljerseyguy	1
15-May-2023	100d	alexa	klayface94	1
15-May-2023	100d	alexa	NoahC513	1
15-May-2023	100d	alexa	ArkaneArkade	1
15-May-2023	100d	alexa	WranglerWarm6850	1
15-May-2023	100d	alexa	Emergency-Cellist213	1
15-May-2023	100d	alexa	Tf_am_i_doing_here_	1
15-May-2023	100d	alexa	SamJones888999	1
15-May-2023	100d	alexa	NoodleCheeseThief	1
15-May-2023	100d	alexa	tomm2611	1
15-May-2023	100d	alexa	basileus451	1
15-May-2023	100d	alexa	Adrian_enki_stories	1
15-May-2023	100d	alexa	JoeTunneyCBC	1
15-May-2023	100d	alexa	SquireBimtucklez	1
15-May-2023	100d	alexa	Minimum_Willow_7565	1
15-May-2023	100d	alexa	LLoadin	1
15-May-2023	100d	alexa	Current-Pin-3839	1
15-May-2023	100d	alexa	kibzandfriends	1
15-May-2023	100d	alexa	gersbersms	1
15-May-2023	100d	alexa	EvanMcD3	1
15-May-2023	100d	alexa	stoolzmclingo	1
15-May-2023	100d	alexa	MaurokNC	1
15-May-2023	100d	alexa	HiroshiHatake	1
15-May-2023	100d	alexa	Gizmify	1
15-May-2023	100d	alexa	Wibxu110	1
15-May-2023	100d	alexa	Illustrious-Block-94	1
15-May-2023	100d	alexa	shockingdevelopment	1
15-May-2023	100d	alexa	mgacnnytdk	1
15-May-2023	100d	alexa	JJGatti02	1
15-May-2023	100d	alexa	elroypaisley	1
15-May-2023	100d	alexa	Abalisk	1
15-May-2023	100d	alexa	donnie-bee	1
15-May-2023	100d	alexa	The-Voice-Of-Dog	1
15-May-2023	100d	alexa	Dangerous_Farm_7801	1
15-May-2023	100d	alexa	DrPhollox	1
15-May-2023	100d	alexa	AdamSith85	1
15-May-2023	100d	alexa	rcatk42	1
15-May-2023	100d	alexa	DragonDude5741	1
15-May-2023	100d	alexa	Michael_10-4	1
15-May-2023	100d	alexa	AltinUrda	1
15-May-2023	100d	alexa	samuraidogparty	1
15-May-2023	100d	alexa	HazardSkii	1
15-May-2023	100d	alexa	OkGoose5057	1
15-May-2023	100d	alexa	bruklook	1
15-May-2023	100d	alexa	ofgamez__	1
15-May-2023	100d	alexa	yourmotherisfatt	1
15-May-2023	100d	alexa	Legitimate_Award3225	1
15-May-2023	100d	alexa	RandyBoBandy115	1
15-May-2023	100d	alexa	NEB32018	1
15-May-2023	100d	alexa	Numerous_Roof_9408	1
15-May-2023	100d	alexa	ExaltFibs24	1
15-May-2023	100d	alexa	BGen13	1
15-May-2023	100d	alexa	Aflyingmongoose	1
15-May-2023	100d	alexa	Piggy9896	1
15-May-2023	100d	alexa	singing_pizza_1	1
15-May-2023	100d	alexa	anus_reus	1
15-May-2023	100d	alexa	JdtheOp	1
15-May-2023	100d	alexa	jthtiger	1
15-May-2023	100d	alexa	jrdnmdhl	1
15-May-2023	100d	alexa	leobrescia	1
15-May-2023	100d	alexa	qrsyr	1
15-May-2023	100d	alexa	Jacque_Hass	1
15-May-2023	100d	alexa	anthonycsimone	1
15-May-2023	100d	alexa	thentangler	1
15-May-2023	100d	alexa	No_Mud8432	1
15-May-2023	100d	alexa	g76s8	1
15-May-2023	100d	alexa	DiogoBenigno	1
15-May-2023	100d	alexa	sickyasfricky	1
15-May-2023	100d	alexa	backpropstl	1
15-May-2023	100d	alexa	Mysterious-Alfalfa46	1
15-May-2023	100d	alexa	ttran857	1
15-May-2023	100d	alexa	hamo78	1
15-May-2023	100d	alexa	Bungild	1
15-May-2023	100d	alexa	KristyPDX	1
15-May-2023	100d	alexa	thezdude1234	1
15-May-2023	100d	alexa	argus4ever	1
15-May-2023	100d	alexa	bonnieboopz	1
15-May-2023	100d	alexa	howaboutnow4444	1
15-May-2023	100d	alexa	cmilkosk	1
15-May-2023	100d	alexa	Levinheaded0	1
15-May-2023	100d	alexa	Ayla19	1
15-May-2023	100d	alexa	dntcareboutdownvotes	1
15-May-2023	100d	alexa	PrivatePilot9	1
15-May-2023	100d	alexa	doubledare1	1
15-May-2023	100d	alexa	Letsgomic	1
15-May-2023	100d	alexa	ReserveMaximum	1
15-May-2023	100d	alexa	MR_System_	1
15-May-2023	100d	alexa	vibbleboy	1
15-May-2023	100d	alexa	VargasIdiocy	1
15-May-2023	100d	alexa	Worldly_Sort5129	1
15-May-2023	100d	alexa	oOVraptorOo	1
15-May-2023	100d	alexa	reddshroom	1
15-May-2023	100d	alexa	foulblade	1
15-May-2023	100d	alexa	ATXthedude	1
15-May-2023	100d	alexa	KristinaBaker707	1
15-May-2023	100d	alexa	AdjunctSocrates	1
15-May-2023	100d	alexa	throwaway186736	1
15-May-2023	100d	alexa	-m1zu-	1
15-May-2023	100d	alexa	Phredee	1
15-May-2023	100d	alexa	CountessCraft	1
15-May-2023	100d	alexa	Specialist-Product45	1
15-May-2023	100d	alexa	PurelyPocketMons	1
15-May-2023	100d	alexa	MichR76	1
15-May-2023	100d	alexa	arpie	1
15-May-2023	100d	alexa	feroz2020	1
15-May-2023	100d	alexa	schalowendofthepool	1
15-May-2023	100d	alexa	MichaelWRossjr	1
15-May-2023	100d	alexa	kinderror666	1
15-May-2023	100d	alexa	Demigod_007	1
15-May-2023	100d	alexa	ihatethisusernametoo	1
15-May-2023	100d	alexa	alexbro001	1
15-May-2023	100d	alexa	ExcuseMe004	1
15-May-2023	100d	alexa	mikeydhakid	1
15-May-2023	100d	alexa	kurumais	1
15-May-2023	100d	alexa	soupplant	1
15-May-2023	100d	alexa	izzykong	1
15-May-2023	100d	alexa	PaddleNW	1
15-May-2023	100d	alexa	gods10rules	1
15-May-2023	100d	alexa	Hamstark	1
15-May-2023	100d	alexa	joopface	1
15-May-2023	100d	alexa	parkineos	1
15-May-2023	100d	alexa	Thrashman69	1
15-May-2023	100d	alexa	NukaDadd	1
15-May-2023	100d	alexa	MusicLife16	1
15-May-2023	100d	alexa	Lurkofeer	1
15-May-2023	100d	alexa	mrdctaylor	1
15-May-2023	100d	alexa	o0joshua0o	1
15-May-2023	100d	alexa	Willr2645	1
15-May-2023	100d	alexa	Terrible-Ad106	1
15-May-2023	100d	alexa	ericstefan	1
15-May-2023	100d	alexa	beyondthegraceofgod	1
15-May-2023	100d	alexa	FurnishedPenguin	1
15-May-2023	100d	alexa	AndresCruz_R6	1
15-May-2023	100d	alexa	DIperez54	1
15-May-2023	100d	alexa	jellyjamesmemes	1
15-May-2023	100d	alexa	Travelin_Soulja	1
15-May-2023	100d	alexa	scoobs35	1
15-May-2023	100d	alexa	Substantial_Creme420	1
15-May-2023	100d	alexa	RollBW	1
15-May-2023	100d	alexa	wangus_tangus	1
15-May-2023	100d	alexa	GeilerGandalf9699	1
15-May-2023	100d	alexa	Fearless-Bet-8499	1
15-May-2023	100d	alexa	mattsnowboard	1
15-May-2023	100d	alexa	ajd416	1
15-May-2023	100d	alexa	TraditionGlass2315	1
15-May-2023	100d	alexa	charlie-1973	1
15-May-2023	100d	alexa	goForItMyBest	1
15-May-2023	100d	alexa	iktan2102	1
15-May-2023	100d	alexa	downloaderfan	1
15-May-2023	100d	alexa	roots_seeker	1
15-May-2023	100d	alexa	100_Percent_Dark	1
15-May-2023	100d	alexa	Leojln05-cld	1
15-May-2023	100d	alexa	VariousBlonde	1
15-May-2023	100d	alexa	ChildhoodOk5526	1
15-May-2023	100d	alexa	proness223	1
15-May-2023	100d	alexa	Adorable_Bottle65	1
15-May-2023	100d	alexa	kelemvor33	1
15-May-2023	100d	alexa	mvidal01	1
15-May-2023	100d	alexa	casweitzer	1
15-May-2023	100d	alexa	ianganderton	1
15-May-2023	100d	alexa	-gpz-	1
15-May-2023	100d	alexa	pulledporksandwich69	1
15-May-2023	100d	alexa	thehavensgrey	1
15-May-2023	100d	alexa	Charlie_S17	1
15-May-2023	100d	alexa	thelastofbill	1
15-May-2023	100d	alexa	Saabboy93se	1
15-May-2023	100d	alexa	dwfmba	1
15-May-2023	100d	alexa	RyanBlogsSE	1
15-May-2023	100d	alexa	cieje	1
15-May-2023	100d	alexa	cla1993	1
15-May-2023	100d	alexa	NoFluffyOnlyZuul	1
15-May-2023	100d	alexa	connor03_	1
15-May-2023	100d	alexa	Used-Ad-803	1
15-May-2023	100d	alexa	_All_Tied_Up_	1
15-May-2023	100d	alexa	Staragox	1
15-May-2023	100d	alexa	itsbrittanybitch369	1
15-May-2023	100d	alexa	infamousmdr	1
15-May-2023	100d	alexa	rcx918	1
15-May-2023	100d	alexa	bisquicktee	1
15-May-2023	100d	alexa	Paul0452	1
15-May-2023	100d	alexa	gogovic219	1
15-May-2023	100d	alexa	GTRacer1972	1
15-May-2023	100d	alexa	menicknick	1
15-May-2023	100d	alexa	Jroddx92	1
15-May-2023	100d	alexa	seqiro	1
15-May-2023	100d	alexa	headinthered	1
15-May-2023	100d	alexa	abelinkin84	1
15-May-2023	100d	alexa	Grimdave	1
15-May-2023	100d	alexa	80skid100	1
15-May-2023	100d	alexa	Patneu	1
15-May-2023	100d	alexa	nickmalbsn	1
15-May-2023	100d	alexa	karavidas_1987	1
15-May-2023	100d	alexa	The_Choir_Invisible	1
15-May-2023	100d	alexa	BJBBJB99	1
15-May-2023	100d	alexa	starryfoot	1
15-May-2023	100d	alexa	Bsjensen1012	1
15-May-2023	100d	alexa	SFWfab	1
15-May-2023	100d	alexa	theborkenplaces	1
15-May-2023	100d	alexa	AnyDrug	1
15-May-2023	100d	alexa	Holiday_Kale_9335	1
15-May-2023	100d	alexa	jelfonzo123	1
15-May-2023	100d	alexa	vanillafreakz	1
15-May-2023	100d	alexa	Crommington	1
15-May-2023	100d	alexa	hcklo	1
15-May-2023	100d	alexa	DukesEYEball	1
15-May-2023	100d	alexa	Optimal_Sand_5329	1
15-May-2023	100d	alexa	Haitsmelol	1
15-May-2023	100d	alexa	DerMannMitDerPosaune	1
15-May-2023	100d	alexa	WitchDrAsh	1
15-May-2023	100d	alexa	Stinky__Person	1
15-May-2023	100d	alexa	watcher2001	1
15-May-2023	100d	alexa	waffletheaccountant	1
15-May-2023	100d	alexa	LLAMA_on_a_unicycle	1
15-May-2023	100d	alexa	Rangtangtangtang	1
15-May-2023	100d	alexa	Gala-Actual	1
15-May-2023	100d	alexa	azillies	1
15-May-2023	100d	alexa	RandomGamer1917	1
15-May-2023	100d	alexa	spacekittyusa	1
15-May-2023	100d	alexa	TheYask	1
15-May-2023	100d	alexa	fancypantshorse	1
15-May-2023	100d	alexa	p3748	1
15-May-2023	100d	alexa	ElkAccomplished8605	1
15-May-2023	100d	alexa	Equivalent_Store_645	1
15-May-2023	100d	alexa	Oneblonded	1
15-May-2023	100d	alexa	vivoachernobyl	1
15-May-2023	100d	alexa	Livid-Pomegranate-11	1
15-May-2023	100d	alexa	Abdul-Ahmadinejad	1
15-May-2023	100d	alexa	carp0613	1
15-May-2023	100d	alexa	mas417	1
15-May-2023	100d	alexa	AverageCowboyCentaur	1
15-May-2023	100d	alexa	scaryman088	1
15-May-2023	100d	alexa	pacifique2607	1
15-May-2023	100d	alexa	Money_pizza51	1
15-May-2023	100d	alexa	Kyosji	1
15-May-2023	100d	alexa	sometin__else	1
15-May-2023	100d	alexa	Happydaytoyou1	1
15-May-2023	100d	alexa	SimpForTae	1
15-May-2023	100d	alexa	banisheduser	1
15-May-2023	100d	alexa	user342091001	1
15-May-2023	100d	alexa	ChargeActual5097	1
15-May-2023	100d	alexa	pesd42	1
15-May-2023	100d	alexa	pikachu_one	1
15-May-2023	100d	alexa	idonadel	1
15-May-2023	100d	alexa	istilloveher	1
15-May-2023	100d	alexa	Abbyliciouss	1
15-May-2023	100d	alexa	HeyT00ts11	1
15-May-2023	100d	alexa	kevinchadwick55	1
15-May-2023	100d	alexa	Excolo_Veritas	1
15-May-2023	100d	alexa	Ok-Significance7453	1
15-May-2023	100d	alexa	Cable_Mental	1
15-May-2023	100d	alexa	LiahStrawbs	1
15-May-2023	100d	alexa	papabless1738	1
15-May-2023	100d	alexa	KeeperCake	1
15-May-2023	100d	alexa	nraygun	1
15-May-2023	100d	alexa	MerryReign	1
15-May-2023	100d	alexa	winterwhispering	1
15-May-2023	100d	alexa	DwelveDeeper	1
15-May-2023	100d	alexa	CrunchyUnicorn	1
15-May-2023	100d	alexa	EpisodicDoleWhip	1
15-May-2023	100d	alexa	LLuerker	1
15-May-2023	100d	alexa	Dagalleryofames	1
15-May-2023	100d	alexa	dans98	1
15-May-2023	100d	alexa	rologies	1
15-May-2023	100d	alexa	Apfelflusi	1
15-May-2023	100d	alexa	IlluminationTheory7	1
15-May-2023	100d	alexa	EthanReilly	1
15-May-2023	100d	alexa	owiaf	1
15-May-2023	100d	alexa	ACW1721	1
15-May-2023	100d	alexa	QueenScorp	1
15-May-2023	100d	alexa	Pablo9231	1
15-May-2023	100d	alexa	MichaelJayQue	1
15-May-2023	100d	alexa	Bromes_08	1
15-May-2023	100d	alexa	Cerberus73	1
15-May-2023	100d	alexa	MrRickVigorous	1
15-May-2023	100d	alexa	Lufferov	1
15-May-2023	100d	alexa	GaltLogic	1
15-May-2023	100d	alexa	GravitasMusic	1
15-May-2023	100d	alexa	Late-Commercial-6918	1
15-May-2023	100d	alexa	beeedeee	1
15-May-2023	100d	alexa	Trails_and_Trees	1
15-May-2023	100d	alexa	lilydeetee	1
15-May-2023	100d	alexa	BladeInWater	1
15-May-2023	100d	alexa	tinyismyfavorite	1
15-May-2023	100d	alexa	SexyMuthaFunka	1
15-May-2023	100d	alexa	Capraq	1
15-May-2023	100d	alexa	Clyngh	1
15-May-2023	100d	alexa	Majinlord	1
15-May-2023	100d	alexa	slipperystevenson69	1
15-May-2023	100d	alexa	Skullman9191	1
15-May-2023	100d	alexa	Hopeful-Cancel3363	1
15-May-2023	100d	alexa	greggsand	1
15-May-2023	100d	alexa	IndyWoodSmith	1
15-May-2023	100d	alexa	paintacct624	1
15-May-2023	100d	alexa	goshtin	1
15-May-2023	100d	alexa	johngault	1
15-May-2023	100d	alexa	LevHB	1
15-May-2023	100d	alexa	kettlechips87	1
15-May-2023	100d	alexa	eightballart	1
15-May-2023	100d	alexa	Murphysburger	1
15-May-2023	100d	alexa	skaertus	1
15-May-2023	100d	alexa	LucidTechnologies	1
15-May-2023	100d	alexa	Bob_Sacamano7379	1
15-May-2023	100d	alexa	SavannahsRUs	1
15-May-2023	100d	alexa	ICameUpOnTheTrain	1
15-May-2023	100d	alexa	whyrustaring	1
15-May-2023	100d	alexa	strunker	1
15-May-2023	100d	alexa	svideo	1
15-May-2023	100d	alexa	Heavy_Cauliflower442	1
15-May-2023	100d	alexa	9100	1
15-May-2023	100d	alexa	Amon_Lua	1
15-May-2023	100d	alexa	brewtalizer	1
15-May-2023	100d	alexa	Skaro3007	1
15-May-2023	100d	alexa	JTsince1980	1
15-May-2023	100d	alexa	Tallyho37	1
15-May-2023	100d	alexa	crosstherubicon	1
15-May-2023	100d	alexa	989x4000	1
15-May-2023	100d	alexa	looker009	1
15-May-2023	100d	alexa	FlamingCoolBird	1
15-May-2023	100d	alexa	ZoinkersScooob	1
15-May-2023	100d	alexa	beattysgirl	1
15-May-2023	100d	alexa	MapleSyrupManiac	1
15-May-2023	100d	alexa	Razor512	1
15-May-2023	100d	alexa	DixiewreckedGA	1
15-May-2023	100d	alexa	CalFromManc	1
15-May-2023	100d	alexa	Rot_Grub	1
15-May-2023	100d	alexa	shockinglyunoriginal	1
15-May-2023	100d	alexa	1999RedditUser1999	1
15-May-2023	100d	alexa	ForkET1138	1
15-May-2023	100d	alexa	Shelbyrose09	1
15-May-2023	100d	alexa	thearmydatascientist	1
15-May-2023	100d	alexa	Zatonji	1
15-May-2023	100d	alexa	oopsyeveryday14	1
15-May-2023	100d	alexa	BreakfastCrafty	1
15-May-2023	100d	alexa	katec0587	1
15-May-2023	100d	alexa	SweatRiley	1
15-May-2023	100d	alexa	Body-These	1
15-May-2023	100d	alexa	SlimeQSlimeball	1
15-May-2023	100d	alexa	homercles82	1
15-May-2023	100d	alexa	Chukpen	1
15-May-2023	100d	alexa	squipysquip	1
15-May-2023	100d	alexa	AdIntelligent2796	1
15-May-2023	100d	alexa	namenamename321	1
15-May-2023	100d	alexa	Throbbingprepuce	1
15-May-2023	100d	alexa	ArminVonKink	1
15-May-2023	100d	alexa	theslowrush-	1
15-May-2023	100d	alexa	Toddvg	1
15-May-2023	100d	alexa	GabrielHunter	1
15-May-2023	100d	alexa	hammnbubbly	1
15-May-2023	100d	alexa	swampyswampyswampy	1
15-May-2023	100d	alexa	LeonardoGottfried	1
15-May-2023	100d	alexa	Cultural_Bat_9192	1
15-May-2023	100d	alexa	O_Train	1
15-May-2023	100d	alexa	educacionprimero	1
15-May-2023	100d	alexa	RGBLEDWill	1
15-May-2023	100d	alexa	FabledFalsehood	1
15-May-2023	100d	alexa	mpsilfve	1
15-May-2023	100d	alexa	MrProfessional17	1
15-May-2023	100d	alexa	EndlessTypist	1
15-May-2023	100d	alexa	heyredway	1
15-May-2023	100d	alexa	OneToughFemale	1
15-May-2023	100d	alexa	DocCaliban	1
15-May-2023	100d	alexa	VAgreengene	1
15-May-2023	100d	alexa	connor1095	1
15-May-2023	100d	alexa	Shae_Clark	1
15-May-2023	100d	alexa	tracetrimble	1
15-May-2023	100d	alexa	otisoh	1
15-May-2023	100d	alexa	BurnsRedit	1
15-May-2023	100d	alexa	necrochaos	1
15-May-2023	100d	alexa	pacumming1	1
15-May-2023	100d	alexa	raptorhunter22	1
15-May-2023	100d	alexa	techilu	1
15-May-2023	100d	alexa	k_mainer	1
15-May-2023	100d	alexa	indorock	1
15-May-2023	100d	alexa	Lone_Slayer1980	1
15-May-2023	100d	alexa	TheJauntyCrapGoblin	1
15-May-2023	100d	alexa	punisher11	1
15-May-2023	100d	alexa	luke_wal	1
15-May-2023	100d	alexa	fatalrta	1
15-May-2023	100d	alexa	RoodNewb	1
15-May-2023	100d	alexa	Daentalion	1
15-May-2023	100d	alexa	amykat321	1
15-May-2023	100d	alexa	JMD_quest	1
15-May-2023	100d	alexa	AlDef	1
15-May-2023	100d	alexa	beansandwich	1
15-May-2023	100d	alexa	Upbeat-Expert1259	1
15-May-2023	100d	alexa	binaryhextechdude	1
15-May-2023	100d	alexa	ShaderGamingYT	1
15-May-2023	100d	alexa	ashleymcglamour	1
15-May-2023	100d	alexa	not_my_monkeys_	1
15-May-2023	100d	alexa	ltzSka	1
15-May-2023	100d	alexa	APotato106	1
15-May-2023	100d	alexa	tiredasff	1
15-May-2023	100d	alexa	poodog13	1
15-May-2023	100d	alexa	elysian-mara	1
15-May-2023	100d	alexa	CanBraFla	1
15-May-2023	100d	alexa	Apollo_creedbratton	1
15-May-2023	100d	alexa	MrNokiaUser	1
15-May-2023	100d	alexa	treyedwardsal	1
15-May-2023	100d	alexa	Jerryberry945	1
15-May-2023	100d	alexa	TotteryTurtle	1
15-May-2023	100d	alexa	Big-Introduction9159	1
15-May-2023	100d	alexa	DismalAssociate	1
15-May-2023	100d	alexa	RockingKrish364	1
15-May-2023	100d	alexa	claska18	1
15-May-2023	100d	alexa	PerformanceSoggy5554	1
15-May-2023	100d	alexa	No_Personality1577	1
15-May-2023	100d	alexa	aerojb	1
15-May-2023	100d	alexa	RockyB95	1
15-May-2023	100d	alexa	aubaub	1
15-May-2023	100d	alexa	coldhandsss	1
15-May-2023	100d	alexa	xDeluxers	1
15-May-2023	100d	alexa	JimMc94	1
15-May-2023	100d	alexa	A-to-fucking-Z	1
15-May-2023	100d	alexa	connorbarrownx	1
15-May-2023	100d	alexa	clord420	1
15-May-2023	100d	alexa	EhNephew	1
15-May-2023	100d	alexa	Omoks2018	1
15-May-2023	100d	alexa	GaMerCores	1
15-May-2023	100d	alexa	G_10R	1
15-May-2023	100d	alexa	notrohkaz	1
15-May-2023	100d	alexa	HicSvntDracones_4242	1
15-May-2023	100d	alexa	anthro89109	1
15-May-2023	100d	alexa	n0wander	1
15-May-2023	100d	alexa	missionbeach	1
15-May-2023	100d	alexa	Disastrous_Tone_1148	1
15-May-2023	100d	alexa	DroopyTrash	1
15-May-2023	100d	alexa	kid_ska	1
15-May-2023	100d	alexa	SirWobblyOfSausage	1
15-May-2023	100d	alexa	_dysania	1
15-May-2023	100d	alexa	ggs657	1
15-May-2023	100d	alexa	Assist-Visual	1
15-May-2023	100d	alexa	Keefryan	1
15-May-2023	100d	alexa	Pintoxic	1
15-May-2023	100d	alexa	ReconstructedPigeon	1
15-May-2023	100d	alexa	cfangvisuals	1
15-May-2023	100d	alexa	dm-me-boobs-pls	1
15-May-2023	100d	alexa	Sh33v3s	1
15-May-2023	100d	alexa	goinallout80	1
15-May-2023	100d	alexa	BenchComplete8016	1
15-May-2023	100d	alexa	jgech	1
15-May-2023	100d	alexa	HaloTravis6	1
15-May-2023	100d	alexa	sox_n_sandals	1
15-May-2023	100d	alexa	According_City4214	1
15-May-2023	100d	alexa	Ridolph	1
15-May-2023	100d	alexa	PhysicalPhilosophy73	1
15-May-2023	100d	alexa	Due-Substance7842	1
15-May-2023	100d	alexa	XPazmanX	1
15-May-2023	100d	alexa	KaKi_87	1
15-May-2023	100d	alexa	MooseFox1	1
15-May-2023	100d	alexa	The_KC_Reefer	1
15-May-2023	100d	alexa	winetime4fox	1
15-May-2023	100d	alexa	EduReb	1
15-May-2023	100d	alexa	commorancy0	1
15-May-2023	100d	alexa	AnotherRedditExpert	1
15-May-2023	100d	alexa	jrlambert70	1
15-May-2023	100d	alexa	ryleto	1
15-May-2023	100d	alexa	TheJagOffAssassin	1
15-May-2023	100d	alexa	dubocracy	1
15-May-2023	100d	alexa	Richysgames	1
15-May-2023	100d	alexa	DrunkenBrewer	1
15-May-2023	100d	alexa	Cultural-Corner5096	1
15-May-2023	100d	alexa	Dansk72	1
15-May-2023	100d	alexa	Silencer271	1
15-May-2023	100d	alexa	ElanSpicer	1
15-May-2023	100d	alexa	48crash	1
15-May-2023	100d	alexa	Fur-Dev	1
15-May-2023	100d	alexa	crunchygal	1
15-May-2023	100d	alexa	Living_like_Larry12	1
15-May-2023	100d	alexa	genxnikki	1
15-May-2023	100d	alexa	emalways	1
15-May-2023	100d	alexa	Virrad	1
15-May-2023	100d	alexa	Jarbottle	1
15-May-2023	100d	alexa	bullgod1964	1
15-May-2023	100d	alexa	Superbuddhapunk	1
15-May-2023	100d	alexa	Evan22x	1
15-May-2023	100d	alexa	Terrible_Cut_3336	1
15-May-2023	100d	alexa	T-Money8227	1
15-May-2023	100d	alexa	SpikySimonW	1
15-May-2023	100d	alexa	beadsgrrl	1
15-May-2023	100d	alexa	CherishSlan	1
15-May-2023	100d	alexa	Formal-Ad8037	1
15-May-2023	100d	alexa	Winter-Suit-8704	1
15-May-2023	100d	alexa	GreatTao	1
15-May-2023	100d	alexa	thebestthinmints	1
15-May-2023	100d	alexa	LiquidZeroEA	1
15-May-2023	100d	alexa	UncommonGuava	1
15-May-2023	100d	alexa	DMala	1
15-May-2023	100d	alexa	redrebelquests	1
15-May-2023	100d	alexa	r1ch999999	1
15-May-2023	100d	alexa	ChugSampson	1
15-May-2023	100d	alexa	sriraamprst	1
15-May-2023	100d	alexa	SupremeSTI	1
15-May-2023	100d	alexa	justanator101	1
15-May-2023	100d	alexa	LoveleeChill	1
15-May-2023	100d	alexa	Dark_Star_Lilli	1
15-May-2023	100d	alexa	mimegallow	1
15-May-2023	100d	alexa	UnnaturalCarrier	1
15-May-2023	100d	alexa	Demetri124	1
15-May-2023	100d	alexa	HiramAbiffIsMyHomie	1
15-May-2023	100d	alexa	chavezone	1
15-May-2023	100d	alexa	Itiswrittenkjv1611	1
15-May-2023	100d	alexa	James-Worthington	1
15-May-2023	100d	alexa	ddtt	1
15-May-2023	100d	alexa	CrimsonCapacitor	1
15-May-2023	100d	alexa	Ilikepapercups	1
15-May-2023	100d	alexa	laurorual	1
15-May-2023	100d	alexa	kristianroberts	1
15-May-2023	100d	alexa	jphilebiz	1
15-May-2023	100d	alexa	slowpoke30	1
15-May-2023	100d	alexa	Rhubarb-Curious	1
15-May-2023	100d	alexa	Happycthulhu	1
15-May-2023	100d	alexa	fox-lover	1
15-May-2023	100d	alexa	dasbeerboot2	1
15-May-2023	100d	alexa	terrencetb	1
15-May-2023	100d	alexa	avicadi	1
15-May-2023	100d	alexa	josh-i	1
15-May-2023	100d	alexa	notyogrannysgrandkid	1
15-May-2023	100d	alexa	draxula16	1
15-May-2023	100d	alexa	spleencheesemonkey	1
15-May-2023	100d	alexa	ursisfatima	1
15-May-2023	100d	alexa	dangoodspeed	1
15-May-2023	100d	alexa	rskeetc	1
15-May-2023	100d	alexa	ctg8tor	1
15-May-2023	100d	alexa	o_townsend25	1
15-May-2023	100d	alexa	frank3550	1
15-May-2023	100d	alexa	Mysterious-North-711	1
15-May-2023	100d	alexa	Ok_Sort_4764	1
15-May-2023	100d	alexa	iSoldMySon4Drugs	1
15-May-2023	100d	alexa	Jayeuk	1
15-May-2023	100d	alexa	TooMuchFaeel	1
15-May-2023	100d	alexa	matthi-bambam	1
15-May-2023	100d	alexa	jparro00	1
15-May-2023	100d	alexa	mycophagia	1
15-May-2023	100d	alexa	surfergurl42	1
15-May-2023	100d	alexa	injustice_done3	1
15-May-2023	100d	alexa	tellitelli555	1
15-May-2023	100d	alexa	thedangerman007	1
15-May-2023	100d	alexa	PsychologicalLevel11	1
15-May-2023	100d	alexa	jdlyga	1
15-May-2023	100d	alexa	Joel4JC	1
15-May-2023	100d	alexa	Totallynotacar	1
15-May-2023	100d	alexa	drowny	1
15-May-2023	100d	alexa	emilesmithbro	1
15-May-2023	100d	alexa	AbdulPullMaTool	1
15-May-2023	100d	alexa	bigj2552	1
15-May-2023	100d	alexa	thisisnotspiff	1
15-May-2023	100d	alexa	Ethan2428	1
15-May-2023	100d	alexa	MarlowInvests	1
15-May-2023	100d	alexa	Ari_cloud	1
15-May-2023	100d	alexa	elwingworks	1
15-May-2023	100d	alexa	jeeftor	1
15-May-2023	100d	alexa	IIEarlGreyII	1
15-May-2023	100d	alexa	EmilioPujol	1
15-May-2023	100d	alexa	antm1222	1
15-May-2023	100d	alexa	bananatoast2	1
15-May-2023	100d	alexa	dogsanalgland	1
15-May-2023	100d	alexa	vl1020	1
15-May-2023	100d	alexa	Admirable-Tip-9426	1
15-May-2023	100d	alexa	Iskro45	1
15-May-2023	100d	alexa	kev160967	1
15-May-2023	100d	alexa	stollperu	1
15-May-2023	100d	alexa	glitteringpenny	1
15-May-2023	100d	alexa	Ryasuke_	1
15-May-2023	100d	alexa	Bubbly-Dress2373	1
15-May-2023	100d	alexa	vitucadrus	1
15-May-2023	100d	alexa	IronRectangle	1
15-May-2023	100d	alexa	N-V-N-D-O	1
15-May-2023	100d	alexa	Quintessa-K	1
15-May-2023	100d	alexa	a-fucking-donkey	1
15-May-2023	100d	alexa	FrancisOni	1
15-May-2023	100d	alexa	cardinal209629	1
15-May-2023	100d	alexa	guyincognito2999	1
15-May-2023	100d	alexa	Responsible_Emu_7120	1
15-May-2023	100d	alexa	djdunns	1
15-May-2023	100d	alexa	shoalsmike	1
15-May-2023	100d	alexa	myreal_name	1
15-May-2023	100d	alexa	Alsterdetektive123	1
15-May-2023	100d	alexa	LonestarCanuck	1
15-May-2023	100d	alexa	ianishomer	1
15-May-2023	100d	alexa	tmiller9833	1
15-May-2023	100d	alexa	NurseWithAmouth	1
15-May-2023	100d	alexa	quantumized	1
15-May-2023	100d	alexa	vogel777	1
15-May-2023	100d	alexa	SnooCakes7049	1
15-May-2023	100d	alexa	Guarkin	1
15-May-2023	100d	alexa	Icy-Property-7001	1
15-May-2023	100d	alexa	scrapmetal58	1
15-May-2023	100d	alexa	JollyGreenGelatin	1
15-May-2023	100d	alexa	reddebian	1
15-May-2023	100d	alexa	Starklet	1
15-May-2023	100d	alexa	habsfan777	1
15-May-2023	100d	alexa	Reformed_Man_1899	1
15-May-2023	100d	alexa	irtazaali193	1
15-May-2023	100d	alexa	savantsigns	1
15-May-2023	100d	alexa	peefyloo	1
15-May-2023	100d	alexa	ScopePlays	1
15-May-2023	100d	alexa	ProfessionalOk1448	1
15-May-2023	100d	alexa	joe3x81	1
15-May-2023	100d	alexa	cal3ngineer	1
15-May-2023	100d	alexa	frogger2929	1
15-May-2023	100d	alexa	Theycallmekara	1
15-May-2023	100d	alexa	Some_Summer_6365	1
15-May-2023	100d	alexa	gillkill8	1
15-May-2023	100d	alexa	Impossible_Peak8193	1
15-May-2023	100d	alexa	r0n1n2021	1
15-May-2023	100d	alexa	Fair_Driver166	1
15-May-2023	100d	alexa	MaxPowerBE	1
15-May-2023	100d	alexa	Ecyclist	1
15-May-2023	100d	alexa	Metalneck	1
15-May-2023	100d	alexa	rbeatse	1
15-May-2023	100d	alexa	Blondeambitchion	1
15-May-2023	100d	alexa	Head-Gap8455	1
15-May-2023	100d	alexa	Aggravating_Bar_3038	1
15-May-2023	100d	alexa	Anachronism--	1
15-May-2023	100d	alexa	beardface909	1
15-May-2023	100d	alexa	internetisbad23	1
15-May-2023	100d	alexa	OGLizard	1
15-May-2023	100d	alexa	Pouchalini	1
15-May-2023	100d	alexa	rybot_rybot	1
15-May-2023	100d	alexa	BAGeorgeIII	1
15-May-2023	100d	alexa	Glad-Republic9793	1
15-May-2023	100d	alexa	tbfblih	1
15-May-2023	100d	alexa	Additional_Repeat_80	1
15-May-2023	100d	alexa	Fours44	1
15-May-2023	100d	alexa	oodmj	1
15-May-2023	100d	alexa	-MindfatigT-	1
15-May-2023	100d	alexa	speedypoultry	1
15-May-2023	100d	alexa	ashsmash0220	1
15-May-2023	100d	alexa	Designer-Stable-3827	1
15-May-2023	100d	alexa	xZTrdNVNizab4zLWEynB	1
15-May-2023	100d	alexa	P4c3r	1
15-May-2023	100d	alexa	xipetotec1973	1
15-May-2023	100d	alexa	Av8tr1	1
15-May-2023	100d	alexa	Yeawesome1	1
15-May-2023	100d	alexa	Silent-Storm-3604	1
15-May-2023	100d	alexa	Thermidor2	1
15-May-2023	100d	alexa	yellow_mf7	1
15-May-2023	100d	alexa	-Nate-Dawg-	1
15-May-2023	100d	alexa	Chicano_boi	1
15-May-2023	100d	alexa	the_bookish_girl84	1
15-May-2023	100d	alexa	Lutzoey	1
15-May-2023	100d	alexa	Danimal__27	1
15-May-2023	100d	alexa	thegoalie	1
15-May-2023	100d	alexa	browandr	1
15-May-2023	100d	alexa	RandofCarter	1
15-May-2023	100d	alexa	jvaliga	1
15-May-2023	100d	alexa	Zippo_Willow	1
15-May-2023	100d	alexa	midigo6	1
15-May-2023	100d	alexa	ajaymishra5728	1
15-May-2023	100d	alexa	The_Bradenator	1
15-May-2023	100d	alexa	AdventureApe123	1
15-May-2023	100d	alexa	Crafty_Commission932	1
15-May-2023	100d	alexa	MedicineBeforeEdison	1
15-May-2023	100d	alexa	Comfortable-Abroad66	1
15-May-2023	100d	alexa	Froglog1	1
15-May-2023	100d	alexa	kreynen	1
15-May-2023	100d	alexa	techyy25	1
15-May-2023	100d	alexa	JonathanMurray272	1
15-May-2023	100d	alexa	devil_yager	1
15-May-2023	100d	alexa	coyote13mc	1
15-May-2023	100d	alexa	robm111	1
15-May-2023	100d	alexa	Merkaba1_0_8	1
15-May-2023	100d	alexa	FranktheLlama	1
15-May-2023	100d	alexa	McDuggets	1
15-May-2023	100d	alexa	Thorsten_0911	1
15-May-2023	100d	alexa	Constant_Ad5277	1
15-May-2023	100d	alexa	SwingingSeeSawForQ	1
15-May-2023	100d	alexa	tardis19999999	1
15-May-2023	100d	alexa	misterjenjen	1
