query_date	before_date	subreddit	comment_author	comment_frequency
15-May-2023	50d	alexa	[deleted]	112
15-May-2023	50d	alexa	Dansk72	61
15-May-2023	50d	alexa	Wayne8766	27
15-May-2023	50d	alexa	Famous-Perspective-3	18
15-May-2023	50d	alexa	Muted_Sorts	13
15-May-2023	50d	alexa	antisane	12
15-May-2023	50d	alexa	RedMapleBat	12
15-May-2023	50d	alexa	slawnz	11
15-May-2023	50d	alexa	Scooter310	9
15-May-2023	50d	alexa	thedreaming2017	9
15-May-2023	50d	alexa	brantome24	9
15-May-2023	50d	alexa	Important-Comfort	9
15-May-2023	50d	alexa	BigVariation3	8
15-May-2023	50d	alexa	InterstellarDeathPur	7
15-May-2023	50d	alexa	dondixon	7
15-May-2023	50d	alexa	LuluLaRue1	7
15-May-2023	50d	alexa	rcroche01	7
15-May-2023	50d	alexa	temp4adhd	7
15-May-2023	50d	alexa	normal2norman	6
15-May-2023	50d	alexa	SpockYoda	6
15-May-2023	50d	alexa	bigj2552	6
15-May-2023	50d	alexa	AaronG85	6
15-May-2023	50d	alexa	deadcatdidntbounce	6
15-May-2023	50d	alexa	AuntRobin	6
15-May-2023	50d	alexa	tendervittles77	5
15-May-2023	50d	alexa	IncapableOfLaughing	5
15-May-2023	50d	alexa	WhatWouldTNGPicardDo	5
15-May-2023	50d	alexa	OldGuyGeek	5
15-May-2023	50d	alexa	tbrown2080	5
15-May-2023	50d	alexa	Aggravated-by-alexa	5
15-May-2023	50d	alexa	xamomax	5
15-May-2023	50d	alexa	SgtSplacker	5
15-May-2023	50d	alexa	Qubrick	5
15-May-2023	50d	alexa	dalmarnock	5
15-May-2023	50d	alexa	Swanx	5
15-May-2023	50d	alexa	HoneyBadgerRy	5
15-May-2023	50d	alexa	Howler7777	4
15-May-2023	50d	alexa	washburn100	4
15-May-2023	50d	alexa	MarvinG1984	4
15-May-2023	50d	alexa	middle_aged_cyclist	4
15-May-2023	50d	alexa	SomeRando1967	4
15-May-2023	50d	alexa	Smirkydarkdude	4
15-May-2023	50d	alexa	supergimp2000	4
15-May-2023	50d	alexa	bhalf19	4
15-May-2023	50d	alexa	HairySphere	4
15-May-2023	50d	alexa	Junish40	4
15-May-2023	50d	alexa	Msattitude1185	4
15-May-2023	50d	alexa	gangsteroflove1	4
15-May-2023	50d	alexa	Anonymous_Otters	4
15-May-2023	50d	alexa	ajd416	4
15-May-2023	50d	alexa	LazarianV	3
15-May-2023	50d	alexa	twhiting9275	3
15-May-2023	50d	alexa	Guido-thekillerpimp	3
15-May-2023	50d	alexa	yeahmaybe	3
15-May-2023	50d	alexa	essex_ludlow	3
15-May-2023	50d	alexa	NicoJunco	3
15-May-2023	50d	alexa	neophlegm	3
15-May-2023	50d	alexa	Laura9624	3
15-May-2023	50d	alexa	LLPF2	3
15-May-2023	50d	alexa	Kbye80	3
15-May-2023	50d	alexa	freelancerjourn	3
15-May-2023	50d	alexa	Trick-Two497	3
15-May-2023	50d	alexa	Foreheadless	3
15-May-2023	50d	alexa	dackasaurus	3
15-May-2023	50d	alexa	leftcoast-usa	3
15-May-2023	50d	alexa	winelight	3
15-May-2023	50d	alexa	ViscountBurrito	3
15-May-2023	50d	alexa	flargenhargen	3
15-May-2023	50d	alexa	LonelyChampionship17	3
15-May-2023	50d	alexa	BSBitch47	3
15-May-2023	50d	alexa	loziomario	3
15-May-2023	50d	alexa	electric_bro	3
15-May-2023	50d	alexa	ninegagz	3
15-May-2023	50d	alexa	paulogrego	3
15-May-2023	50d	alexa	Jack_Benney	3
15-May-2023	50d	alexa	DidIEver	3
15-May-2023	50d	alexa	Watashifr	3
15-May-2023	50d	alexa	FieldsingAround	3
15-May-2023	50d	alexa	mikeyshu	3
15-May-2023	50d	alexa	gracielynn72	3
15-May-2023	50d	alexa	otpid	3
15-May-2023	50d	alexa	ritchie70	3
15-May-2023	50d	alexa	do_add_unicorn	3
15-May-2023	50d	alexa	JQuinn2014	3
15-May-2023	50d	alexa	cynycal	3
15-May-2023	50d	alexa	Serjical__Strike	2
15-May-2023	50d	alexa	MeliodasKush	2
15-May-2023	50d	alexa	Revolutionary-Fact6	2
15-May-2023	50d	alexa	Iangh007	2
15-May-2023	50d	alexa	gozer90	2
15-May-2023	50d	alexa	sometin__else	2
15-May-2023	50d	alexa	J4M0MU51C	2
15-May-2023	50d	alexa	cking22001	2
15-May-2023	50d	alexa	EBone12355	2
15-May-2023	50d	alexa	RemindMeBot	2
15-May-2023	50d	alexa	inchoatemeaning	2
15-May-2023	50d	alexa	aireland2006	2
15-May-2023	50d	alexa	Tethilia	2
15-May-2023	50d	alexa	Formal-Ad8037	2
15-May-2023	50d	alexa	IAmWhatIWill	2
15-May-2023	50d	alexa	Bklover93	2
15-May-2023	50d	alexa	HonnyBrown	2
15-May-2023	50d	alexa	nagetech	2
15-May-2023	50d	alexa	rochesterrr	2
15-May-2023	50d	alexa	ibwebb86	2
15-May-2023	50d	alexa	wkearney99	2
15-May-2023	50d	alexa	crazywatson	2
15-May-2023	50d	alexa	Vamdrapids	2
15-May-2023	50d	alexa	SkyFullofHat	2
15-May-2023	50d	alexa	puppypossumpendulum	2
15-May-2023	50d	alexa	spleencheesemonkey	2
15-May-2023	50d	alexa	ErinPaperbackstash	2
15-May-2023	50d	alexa	ggs657	2
15-May-2023	50d	alexa	banisheduser	2
15-May-2023	50d	alexa	donclark-Atlanta	2
15-May-2023	50d	alexa	tarzan_nojane	2
15-May-2023	50d	alexa	J-COE	2
15-May-2023	50d	alexa	ak9317	2
15-May-2023	50d	alexa	KingZakyu	2
15-May-2023	50d	alexa	ray_meister	2
15-May-2023	50d	alexa	Ichthius	2
15-May-2023	50d	alexa	EvanMcD3	2
15-May-2023	50d	alexa	DixinMahbum	2
15-May-2023	50d	alexa	iNecroJudgeYourPosts	2
15-May-2023	50d	alexa	flippinheckwhatsleft	2
15-May-2023	50d	alexa	AdWeird732	2
15-May-2023	50d	alexa	AQDUyYN7cgbDa4eYtxTq	2
15-May-2023	50d	alexa	CramNevets	2
15-May-2023	50d	alexa	Big-Introduction9159	2
15-May-2023	50d	alexa	codecrackx15	2
15-May-2023	50d	alexa	BadAtExisting	2
15-May-2023	50d	alexa	beeedeee	2
15-May-2023	50d	alexa	Derekeys	2
15-May-2023	50d	alexa	CoCambria	2
15-May-2023	50d	alexa	trafalger	2
15-May-2023	50d	alexa	KeiKenchi	2
15-May-2023	50d	alexa	shonuff97	2
15-May-2023	50d	alexa	Garden_Lady2	2
15-May-2023	50d	alexa	No_Carry_3991	2
15-May-2023	50d	alexa	DixiewreckedGA	2
15-May-2023	50d	alexa	L4GNKODEX	2
15-May-2023	50d	alexa	Stepho725	2
15-May-2023	50d	alexa	burritosandblunts	2
15-May-2023	50d	alexa	Fleemo17	1
15-May-2023	50d	alexa	Miata_GT	1
15-May-2023	50d	alexa	Dontcallmetiger	1
15-May-2023	50d	alexa	Di20	1
15-May-2023	50d	alexa	malki666	1
15-May-2023	50d	alexa	MightyHandy	1
15-May-2023	50d	alexa	livinlizard	1
15-May-2023	50d	alexa	BismarkUMD	1
15-May-2023	50d	alexa	UpboatsforUpvotes	1
15-May-2023	50d	alexa	huyouer	1
15-May-2023	50d	alexa	Curious-Conclusion	1
15-May-2023	50d	alexa	Torrence73	1
15-May-2023	50d	alexa	aguaholic33	1
15-May-2023	50d	alexa	KamChiChris	1
15-May-2023	50d	alexa	mflbatman	1
15-May-2023	50d	alexa	Zakkana	1
15-May-2023	50d	alexa	buddhafig	1
15-May-2023	50d	alexa	Overall-Ad7670	1
15-May-2023	50d	alexa	Morbo782	1
15-May-2023	50d	alexa	12LetterName	1
15-May-2023	50d	alexa	DidYouLickIt	1
15-May-2023	50d	alexa	ThunderVamp9	1
15-May-2023	50d	alexa	baxter510	1
15-May-2023	50d	alexa	ipottersmith	1
15-May-2023	50d	alexa	bugbia	1
15-May-2023	50d	alexa	halcyon918	1
15-May-2023	50d	alexa	nzahn1	1
15-May-2023	50d	alexa	Technically_Bored14	1
15-May-2023	50d	alexa	CherryKeshav	1
15-May-2023	50d	alexa	threadycat	1
15-May-2023	50d	alexa	TuneMeIn_YT	1
15-May-2023	50d	alexa	SirLauncelot	1
15-May-2023	50d	alexa	iByteApple	1
15-May-2023	50d	alexa	clearc845	1
15-May-2023	50d	alexa	Riquende	1
15-May-2023	50d	alexa	lolitsmax	1
15-May-2023	50d	alexa	MonoTopia5	1
15-May-2023	50d	alexa	zoltan99	1
15-May-2023	50d	alexa	bLiNdEN_	1
15-May-2023	50d	alexa	ImDerekJeterUShotMe	1
15-May-2023	50d	alexa	BitterRide7	1
15-May-2023	50d	alexa	hale444	1
15-May-2023	50d	alexa	varsitytrack	1
15-May-2023	50d	alexa	cruz0881	1
15-May-2023	50d	alexa	redlancer_1987	1
15-May-2023	50d	alexa	ko05012317	1
15-May-2023	50d	alexa	RelationshipFew5238	1
15-May-2023	50d	alexa	dirtyelliott	1
15-May-2023	50d	alexa	bvdp	1
15-May-2023	50d	alexa	melduforx	1
15-May-2023	50d	alexa	xMisterMAYHEMx	1
15-May-2023	50d	alexa	OriginalCTrain	1
15-May-2023	50d	alexa	ObiYawn	1
15-May-2023	50d	alexa	KitWat	1
15-May-2023	50d	alexa	SamBGB	1
15-May-2023	50d	alexa	biggledeeboo	1
15-May-2023	50d	alexa	Official_Government	1
15-May-2023	50d	alexa	Carlife0830	1
15-May-2023	50d	alexa	tinybib	1
15-May-2023	50d	alexa	Babyrix	1
15-May-2023	50d	alexa	PupChase	1
15-May-2023	50d	alexa	Competitive-Data2112	1
15-May-2023	50d	alexa	polarbearhero	1
15-May-2023	50d	alexa	zitsky	1
15-May-2023	50d	alexa	Sutarmekeg	1
15-May-2023	50d	alexa	Yesyesnaaooo	1
15-May-2023	50d	alexa	BrianAMartin221	1
15-May-2023	50d	alexa	leopoldovitch	1
15-May-2023	50d	alexa	monolithtma	1
15-May-2023	50d	alexa	burnbeforeburning	1
15-May-2023	50d	alexa	Sumpskildpadden	1
15-May-2023	50d	alexa	s_boa	1
15-May-2023	50d	alexa	Texas_Torch	1
15-May-2023	50d	alexa	Calm_Character_422	1
15-May-2023	50d	alexa	Striking_Raspberry57	1
15-May-2023	50d	alexa	TwentyLegs	1
15-May-2023	50d	alexa	gregzywicki	1
15-May-2023	50d	alexa	BudgetAd8844	1
15-May-2023	50d	alexa	DCPOKnight	1
15-May-2023	50d	alexa	crackedcosmonaut	1
15-May-2023	50d	alexa	ImaginaryNerve	1
15-May-2023	50d	alexa	Pegafree	1
15-May-2023	50d	alexa	SoCalBritgirl	1
15-May-2023	50d	alexa	Exact_Roll_4048	1
15-May-2023	50d	alexa	LadyLoki5	1
15-May-2023	50d	alexa	nationalinterest	1
15-May-2023	50d	alexa	bazfum	1
15-May-2023	50d	alexa	Equivalent-Energy-26	1
15-May-2023	50d	alexa	Jeffuk88	1
15-May-2023	50d	alexa	Swordnimi79	1
15-May-2023	50d	alexa	valencialeigh20	1
15-May-2023	50d	alexa	Soggy_Midnight980	1
15-May-2023	50d	alexa	squipysquip	1
15-May-2023	50d	alexa	Away-Ad-8053	1
15-May-2023	50d	alexa	imaginateinventify	1
15-May-2023	50d	alexa	LurkerLoo	1
15-May-2023	50d	alexa	Eccentrica_Gallumbit	1
15-May-2023	50d	alexa	huzbum	1
15-May-2023	50d	alexa	enzyme8000	1
15-May-2023	50d	alexa	Kmj77	1
15-May-2023	50d	alexa	PP_UP	1
15-May-2023	50d	alexa	patbrochill89	1
15-May-2023	50d	alexa	Q48VW	1
15-May-2023	50d	alexa	lucy3141592	1
15-May-2023	50d	alexa	doctorkb	1
15-May-2023	50d	alexa	santaklaw	1
15-May-2023	50d	alexa	tribal_ru	1
15-May-2023	50d	alexa	Ok-Zookeepergame-698	1
15-May-2023	50d	alexa	isaiahfranco	1
15-May-2023	50d	alexa	Simplexitycustom	1
15-May-2023	50d	alexa	JeffR47	1
15-May-2023	50d	alexa	kresbok	1
15-May-2023	50d	alexa	grolschie	1
15-May-2023	50d	alexa	c3141rd	1
15-May-2023	50d	alexa	matthewjoubert	1
15-May-2023	50d	alexa	Ratman056	1
15-May-2023	50d	alexa	Waterbottle_365	1
15-May-2023	50d	alexa	partypantaloons	1
15-May-2023	50d	alexa	Corran1327	1
15-May-2023	50d	alexa	_All_Tied_Up_	1
15-May-2023	50d	alexa	DogPlane3425	1
15-May-2023	50d	alexa	Soggy_Breakfast_2720	1
15-May-2023	50d	alexa	jbl0ggs	1
15-May-2023	50d	alexa	harmonyscher	1
15-May-2023	50d	alexa	Nighthawk_NZ	1
15-May-2023	50d	alexa	freebubbleup	1
15-May-2023	50d	alexa	SanDiegoDude	1
15-May-2023	50d	alexa	Ambitious-Map-4594	1
15-May-2023	50d	alexa	firebird20000	1
15-May-2023	50d	alexa	Heggy5	1
15-May-2023	50d	alexa	robin_-_-sparkles	1
15-May-2023	50d	alexa	Blueskyfox2019	1
15-May-2023	50d	alexa	stafford_fan	1
15-May-2023	50d	alexa	Rosemoorstreet	1
15-May-2023	50d	alexa	zilops	1
15-May-2023	50d	alexa	CallMeRawie	1
15-May-2023	50d	alexa	Scarab138	1
15-May-2023	50d	alexa	apexncgeek	1
15-May-2023	50d	alexa	mx_gamer803	1
15-May-2023	50d	alexa	Jimmylegz	1
15-May-2023	50d	alexa	skape4321	1
15-May-2023	50d	alexa	ltdonaat	1
15-May-2023	50d	alexa	WomanOfEld	1
15-May-2023	50d	alexa	CWagner	1
15-May-2023	50d	alexa	DmnJuice	1
15-May-2023	50d	alexa	polycomb	1
15-May-2023	50d	alexa	Doctor27	1
15-May-2023	50d	alexa	Tokata0	1
15-May-2023	50d	alexa	fsmrdt	1
15-May-2023	50d	alexa	pi3r8	1
15-May-2023	50d	alexa	St0rmborn	1
15-May-2023	50d	alexa	Abdul-Ahmadinejad	1
15-May-2023	50d	alexa	Boat-Electrical	1
15-May-2023	50d	alexa	rr777	1
15-May-2023	50d	alexa	theofficehussy	1
15-May-2023	50d	alexa	FondantCrazy8307	1
15-May-2023	50d	alexa	Own_Bird_6016	1
15-May-2023	50d	alexa	Gwynnavere	1
15-May-2023	50d	alexa	thisdckaintFREEEE	1
15-May-2023	50d	alexa	mostlynights	1
15-May-2023	50d	alexa	Tank905	1
15-May-2023	50d	alexa	Rustybolts_	1
15-May-2023	50d	alexa	Eastern-Honeydew-411	1
15-May-2023	50d	alexa	GruntledEx	1
15-May-2023	50d	alexa	WilliamFishkins	1
15-May-2023	50d	alexa	scofus	1
15-May-2023	50d	alexa	Accomplished_Ad294	1
15-May-2023	50d	alexa	Shiva-	1
15-May-2023	50d	alexa	wwwmaster1	1
15-May-2023	50d	alexa	June_2022	1
15-May-2023	50d	alexa	bastian74	1
15-May-2023	50d	alexa	mrBill12	1
15-May-2023	50d	alexa	Desert_Trader	1
15-May-2023	50d	alexa	ell0bo	1
15-May-2023	50d	alexa	quicklyreplay	1
15-May-2023	50d	alexa	AliFrostpaw	1
15-May-2023	50d	alexa	HazPippy	1
15-May-2023	50d	alexa	whpjr	1
15-May-2023	50d	alexa	normanriches	1
15-May-2023	50d	alexa	colleen2163	1
15-May-2023	50d	alexa	basecatcherz	1
15-May-2023	50d	alexa	illage-vidiot	1
15-May-2023	50d	alexa	GodsendNYC	1
15-May-2023	50d	alexa	reddd1083	1
15-May-2023	50d	alexa	T-Shrewsbury	1
15-May-2023	50d	alexa	archchunk	1
15-May-2023	50d	alexa	weaselBookmite	1
15-May-2023	50d	alexa	pmcdevitt4321098765	1
15-May-2023	50d	alexa	RJGill84	1
15-May-2023	50d	alexa	steve20092009	1
15-May-2023	50d	alexa	GreenThmb	1
15-May-2023	50d	alexa	nerys-1431	1
15-May-2023	50d	alexa	alyas94	1
15-May-2023	50d	alexa	ChunkCreme	1
15-May-2023	50d	alexa	jt325i	1
15-May-2023	50d	alexa	Extreme-Tie9282	1
15-May-2023	50d	alexa	smdifansmfjsmsnd	1
15-May-2023	50d	alexa	Kenuven	1
15-May-2023	50d	alexa	Kaethy77	1
15-May-2023	50d	alexa	DangermouseKeir	1
15-May-2023	50d	alexa	ndercommon	1
15-May-2023	50d	alexa	kseventytwo	1
15-May-2023	50d	alexa	Striking_Presence	1
15-May-2023	50d	alexa	RhumHamAndPineapple	1
15-May-2023	50d	alexa	adamandeve79	1
15-May-2023	50d	alexa	gnuoyedonig	1
15-May-2023	50d	alexa	RRappel	1
15-May-2023	50d	alexa	SuspiciousFoot9439	1
15-May-2023	50d	alexa	eastmpman	1
15-May-2023	50d	alexa	jayelarex	1
15-May-2023	50d	alexa	No_Sail_6576	1
15-May-2023	50d	alexa	rdickert	1
15-May-2023	50d	alexa	deeohdoublegzzy	1
15-May-2023	50d	alexa	jig1056	1
15-May-2023	50d	alexa	catladyorbust	1
15-May-2023	50d	alexa	Baremegigjen	1
15-May-2023	50d	alexa	Odd-Problem	1
15-May-2023	50d	alexa	jindofox	1
15-May-2023	50d	alexa	Rnorman3	1
15-May-2023	50d	alexa	MichaelJayQue	1
15-May-2023	50d	alexa	staticfive	1
15-May-2023	50d	alexa	Big_Attempt6783	1
15-May-2023	50d	alexa	JonsLadySnow	1
15-May-2023	50d	alexa	Mhind1	1
15-May-2023	50d	alexa	mfwood8	1
15-May-2023	50d	alexa	Mrbeankc	1
15-May-2023	50d	alexa	Complex-Thought7848	1
15-May-2023	50d	alexa	nazrinhz	1
15-May-2023	50d	alexa	TheOriginalHuh	1
15-May-2023	50d	alexa	jeweliegb	1
15-May-2023	50d	alexa	handelspariah	1
15-May-2023	50d	alexa	CheddarDeity	1
15-May-2023	50d	alexa	landops	1
15-May-2023	50d	alexa	naut	1
15-May-2023	50d	alexa	unusefulengine	1
15-May-2023	50d	alexa	JKS808	1
15-May-2023	50d	alexa	GIDAMIEN	1
15-May-2023	50d	alexa	foxhoundzz	1
15-May-2023	50d	alexa	SexyMuthaFunka	1
15-May-2023	50d	alexa	Caressingsmllamas	1
15-May-2023	50d	alexa	DaTruAndi	1
15-May-2023	50d	alexa	yorcharturoqro	1
15-May-2023	50d	alexa	jookieapc	1
15-May-2023	50d	alexa	angelmnemosyne	1
15-May-2023	50d	alexa	deeg3r	1
15-May-2023	50d	alexa	GungaPeace	1
15-May-2023	50d	alexa	WhoWho22222	1
15-May-2023	50d	alexa	Stannic50	1
15-May-2023	50d	alexa	sfatula	1
15-May-2023	50d	alexa	MarkEdwards	1
15-May-2023	50d	alexa	thsvnlwn	1
15-May-2023	50d	alexa	Fitzfuzzington	1
15-May-2023	50d	alexa	mhoner	1
15-May-2023	50d	alexa	Lofzy1	1
15-May-2023	50d	alexa	maybe_later_on	1
15-May-2023	50d	alexa	qagir	1
15-May-2023	50d	alexa	Torontobeachboy	1
15-May-2023	50d	alexa	jeweynougat	1
15-May-2023	50d	alexa	codenigma	1
15-May-2023	50d	alexa	SingsEnochian	1
15-May-2023	50d	alexa	Htumedrm	1
15-May-2023	50d	alexa	ObjectiveAttention80	1
15-May-2023	50d	alexa	stealph	1
15-May-2023	50d	alexa	kprecor	1
15-May-2023	50d	alexa	krisiteenie	1
15-May-2023	50d	alexa	redwingshat	1
15-May-2023	50d	alexa	Astrocytera777	1
15-May-2023	50d	alexa	testpilotnt	1
15-May-2023	50d	alexa	Draven2050	1
15-May-2023	50d	alexa	jjharkan	1
15-May-2023	50d	alexa	ComprehensiveTerm298	1
15-May-2023	50d	alexa	cody2isdown	1
15-May-2023	50d	alexa	brannonglover	1
15-May-2023	50d	alexa	MasteryAbides	1
15-May-2023	50d	alexa	Neapstatties	1
15-May-2023	50d	alexa	Creepyhorrorboy	1
15-May-2023	50d	alexa	Tired8281	1
15-May-2023	50d	alexa	lapeen4	1
15-May-2023	50d	alexa	drkneisen	1
15-May-2023	50d	alexa	OGBrewSwayne	1
15-May-2023	50d	alexa	labelsonshampoo	1
