query_date	before_date	subreddit	comment_author	comment_frequency
15-May-2023	40d	alexa	[deleted]	94
15-May-2023	40d	alexa	Dansk72	50
15-May-2023	40d	alexa	antisane	22
15-May-2023	40d	alexa	EEEEEE-E132	21
15-May-2023	40d	alexa	Wayne8766	17
15-May-2023	40d	alexa	Muted_Sorts	15
15-May-2023	40d	alexa	Famous-Perspective-3	14
15-May-2023	40d	alexa	brantome24	12
15-May-2023	40d	alexa	RedMapleBat	11
15-May-2023	40d	alexa	WhatWouldTNGPicardDo	10
15-May-2023	40d	alexa	Edragon85	8
15-May-2023	40d	alexa	InterstellarDeathPur	8
15-May-2023	40d	alexa	BigVariation3	8
15-May-2023	40d	alexa	Torontobeachboy	7
15-May-2023	40d	alexa	thedreaming2017	7
15-May-2023	40d	alexa	Important-Comfort	7
15-May-2023	40d	alexa	Laura--Rampart	7
15-May-2023	40d	alexa	LazarianV	7
15-May-2023	40d	alexa	dondixon	7
15-May-2023	40d	alexa	temp4adhd	7
15-May-2023	40d	alexa	Scooter310	6
15-May-2023	40d	alexa	coaudavman	6
15-May-2023	40d	alexa	Dingdongmycatisgone	6
15-May-2023	40d	alexa	HonnyBrown	6
15-May-2023	40d	alexa	SpockYoda	5
15-May-2023	40d	alexa	Laura9624	5
15-May-2023	40d	alexa	pee_face_applehead	5
15-May-2023	40d	alexa	googy55	5
15-May-2023	40d	alexa	dmt_alpha	5
15-May-2023	40d	alexa	tendervittles77	5
15-May-2023	40d	alexa	Garden_Lady2	5
15-May-2023	40d	alexa	supergimp2000	5
15-May-2023	40d	alexa	tbrown2080	5
15-May-2023	40d	alexa	Aggravated-by-alexa	5
15-May-2023	40d	alexa	spleencheesemonkey	4
15-May-2023	40d	alexa	leopoldovitch	4
15-May-2023	40d	alexa	SomeRando1967	4
15-May-2023	40d	alexa	HehroMaraFara	4
15-May-2023	40d	alexa	rcroche01	4
15-May-2023	40d	alexa	MarvinG1984	4
15-May-2023	40d	alexa	bigj2552	4
15-May-2023	40d	alexa	oswaler	4
15-May-2023	40d	alexa	NicoJunco	4
15-May-2023	40d	alexa	spisHjerner	4
15-May-2023	40d	alexa	KitWat	4
15-May-2023	40d	alexa	Trick-Two497	4
15-May-2023	40d	alexa	Thecussen	4
15-May-2023	40d	alexa	freelancerjourn	4
15-May-2023	40d	alexa	OldGuyGeek	4
15-May-2023	40d	alexa	KjevKjellios	3
15-May-2023	40d	alexa	kprecor	3
15-May-2023	40d	alexa	dalmarnock	3
15-May-2023	40d	alexa	kelsiersghost	3
15-May-2023	40d	alexa	LandDifficult2058	3
15-May-2023	40d	alexa	bemo115	3
15-May-2023	40d	alexa	AndyPryceManUtd	3
15-May-2023	40d	alexa	breakneckridge	3
15-May-2023	40d	alexa	Jack_Benney	3
15-May-2023	40d	alexa	ggs657	3
15-May-2023	40d	alexa	htowntex	3
15-May-2023	40d	alexa	Heggy5	3
15-May-2023	40d	alexa	jazzageguy	3
15-May-2023	40d	alexa	TheRealFarmerBob	3
15-May-2023	40d	alexa	Pollywogstew_mi	3
15-May-2023	40d	alexa	CTRexPope	3
15-May-2023	40d	alexa	DanAboutT0wn	3
15-May-2023	40d	alexa	stilldeb	3
15-May-2023	40d	alexa	tarzan_nojane	3
15-May-2023	40d	alexa	BahaMan69	3
15-May-2023	40d	alexa	dbonneville	3
15-May-2023	40d	alexa	Revolutionary-Fact6	3
15-May-2023	40d	alexa	porterhouse0	3
15-May-2023	40d	alexa	KingZakyu	3
15-May-2023	40d	alexa	notinferno	3
15-May-2023	40d	alexa	inchoatemeaning	3
15-May-2023	40d	alexa	twhiting9275	3
15-May-2023	40d	alexa	Guido-thekillerpimp	3
15-May-2023	40d	alexa	normal2norman	3
15-May-2023	40d	alexa	essex_ludlow	3
15-May-2023	40d	alexa	Howler7777	3
15-May-2023	40d	alexa	neophlegm	3
15-May-2023	40d	alexa	LLPF2	3
15-May-2023	40d	alexa	Kbye80	3
15-May-2023	40d	alexa	Smirkydarkdude	3
15-May-2023	40d	alexa	bhalf19	3
15-May-2023	40d	alexa	SgtSplacker	3
15-May-2023	40d	alexa	washburn100	2
15-May-2023	40d	alexa	MachineElfOnASheIf	2
15-May-2023	40d	alexa	Dontcallmetiger	2
15-May-2023	40d	alexa	IronRectangle	2
15-May-2023	40d	alexa	Top_Carpenter707	2
15-May-2023	40d	alexa	freebubbleup	2
15-May-2023	40d	alexa	Latte_THE_HaMb	2
15-May-2023	40d	alexa	Nick_W1	2
15-May-2023	40d	alexa	wkomorow	2
15-May-2023	40d	alexa	Abdul-Ahmadinejad	2
15-May-2023	40d	alexa	hale444	2
15-May-2023	40d	alexa	epiccoder2	2
15-May-2023	40d	alexa	Kyosji	2
15-May-2023	40d	alexa	GakutoYo	2
15-May-2023	40d	alexa	Turbulent_Tale6497	2
15-May-2023	40d	alexa	monolithtma	2
15-May-2023	40d	alexa	Riquende	2
15-May-2023	40d	alexa	brucehhlo	2
15-May-2023	40d	alexa	nutznshells	2
15-May-2023	40d	alexa	Ok_Initiative_2420	2
15-May-2023	40d	alexa	halcyon918	2
15-May-2023	40d	alexa	ferdinandsalzberg	2
15-May-2023	40d	alexa	bvdp	2
15-May-2023	40d	alexa	Fleemo17	2
15-May-2023	40d	alexa	IncapableOfLaughing	2
15-May-2023	40d	alexa	CuriousMe6987	2
15-May-2023	40d	alexa	khantroll1	2
15-May-2023	40d	alexa	TwentyLegs	2
15-May-2023	40d	alexa	Zakkana	2
15-May-2023	40d	alexa	Michael_10-4	2
15-May-2023	40d	alexa	ignoremypresence96	2
15-May-2023	40d	alexa	Assist-Visual	2
15-May-2023	40d	alexa	Relative-Pea-65	2
15-May-2023	40d	alexa	Miata_GT	2
15-May-2023	40d	alexa	josh-i	2
15-May-2023	40d	alexa	Cottonita	2
15-May-2023	40d	alexa	ftwes	2
15-May-2023	40d	alexa	Valmeri	2
15-May-2023	40d	alexa	snelson66-Duluth	2
15-May-2023	40d	alexa	Gwynnavere	2
15-May-2023	40d	alexa	Zealousideal_Weird_3	2
15-May-2023	40d	alexa	WacoNanna	2
15-May-2023	40d	alexa	Accomplished_Lake128	2
15-May-2023	40d	alexa	pir8radio	2
15-May-2023	40d	alexa	UpboatsforUpvotes	2
15-May-2023	40d	alexa	aguaholic33	2
15-May-2023	40d	alexa	sometin__else	2
15-May-2023	40d	alexa	flargenhargen	2
15-May-2023	40d	alexa	mediaserver8	2
15-May-2023	40d	alexa	Winter-Arugula-3622	2
15-May-2023	40d	alexa	billwashere	2
15-May-2023	40d	alexa	DartSport	2
15-May-2023	40d	alexa	Serjical__Strike	2
15-May-2023	40d	alexa	MeliodasKush	2
15-May-2023	40d	alexa	gozer90	2
15-May-2023	40d	alexa	J4M0MU51C	2
15-May-2023	40d	alexa	cking22001	2
15-May-2023	40d	alexa	EBone12355	2
15-May-2023	40d	alexa	RemindMeBot	2
15-May-2023	40d	alexa	aireland2006	2
15-May-2023	40d	alexa	Tethilia	2
15-May-2023	40d	alexa	Formal-Ad8037	2
15-May-2023	40d	alexa	IAmWhatIWill	2
15-May-2023	40d	alexa	Bklover93	2
15-May-2023	40d	alexa	nagetech	2
15-May-2023	40d	alexa	rochesterrr	2
15-May-2023	40d	alexa	Foreheadless	2
15-May-2023	40d	alexa	ibwebb86	2
15-May-2023	40d	alexa	wkearney99	2
15-May-2023	40d	alexa	crazywatson	2
15-May-2023	40d	alexa	SkyFullofHat	2
15-May-2023	40d	alexa	puppypossumpendulum	2
15-May-2023	40d	alexa	rssf-maverick	1
15-May-2023	40d	alexa	Kaethy77	1
15-May-2023	40d	alexa	A7omicDog	1
15-May-2023	40d	alexa	B0tRank	1
15-May-2023	40d	alexa	alphabet_order_bot	1
15-May-2023	40d	alexa	Simplexitycustom	1
15-May-2023	40d	alexa	beeedeee	1
15-May-2023	40d	alexa	imaginateinventify	1
15-May-2023	40d	alexa	carefree-and-happy	1
15-May-2023	40d	alexa	MissJessicaLane	1
15-May-2023	40d	alexa	MagdalenaHagdalena	1
15-May-2023	40d	alexa	diverareyouok	1
15-May-2023	40d	alexa	bdashrad	1
15-May-2023	40d	alexa	sleepychinadoll	1
15-May-2023	40d	alexa	Japanste	1
15-May-2023	40d	alexa	Andalusian_Dawn	1
15-May-2023	40d	alexa	psilokan	1
15-May-2023	40d	alexa	do_add_unicorn	1
15-May-2023	40d	alexa	Blueskyfox2019	1
15-May-2023	40d	alexa	howayhaveacuppa	1
15-May-2023	40d	alexa	nit4sz	1
15-May-2023	40d	alexa	Soggy_Midnight980	1
15-May-2023	40d	alexa	Man_Bear_Beaver	1
15-May-2023	40d	alexa	DoctorToonz	1
15-May-2023	40d	alexa	Max-Dmg	1
15-May-2023	40d	alexa	xtools-at	1
15-May-2023	40d	alexa	zziipper	1
15-May-2023	40d	alexa	-Battlecat	1
15-May-2023	40d	alexa	JoyFull117	1
15-May-2023	40d	alexa	WinnieGirl22	1
15-May-2023	40d	alexa	MamaTyg	1
15-May-2023	40d	alexa	stacielynn89	1
15-May-2023	40d	alexa	Njtotx3	1
15-May-2023	40d	alexa	heimdal77	1
15-May-2023	40d	alexa	Pointofive	1
15-May-2023	40d	alexa	Woodythdog	1
15-May-2023	40d	alexa	VisualReversal	1
15-May-2023	40d	alexa	1977-05-25	1
15-May-2023	40d	alexa	santaklaw	1
15-May-2023	40d	alexa	NCael	1
15-May-2023	40d	alexa	cwoodaus17	1
15-May-2023	40d	alexa	FlashyIntention6547	1
15-May-2023	40d	alexa	Complex-Thought7848	1
15-May-2023	40d	alexa	Dull_Woodpecker6766	1
15-May-2023	40d	alexa	GravitasMusic	1
15-May-2023	40d	alexa	rubs_tshirts	1
15-May-2023	40d	alexa	ianganderton	1
15-May-2023	40d	alexa	louloutre75	1
15-May-2023	40d	alexa	Big_Attempt6783	1
15-May-2023	40d	alexa	Deeg1026	1
15-May-2023	40d	alexa	Gboteos	1
15-May-2023	40d	alexa	lolfuckoff69	1
15-May-2023	40d	alexa	Stormy-Monday	1
15-May-2023	40d	alexa	Usa_45	1
15-May-2023	40d	alexa	GreenThmb	1
15-May-2023	40d	alexa	LuaparK	1
15-May-2023	40d	alexa	Distinct-Stranger816	1
15-May-2023	40d	alexa	Solicited_Duck_Pics	1
15-May-2023	40d	alexa	Elhessar	1
15-May-2023	40d	alexa	CopperSauce	1
15-May-2023	40d	alexa	Lufferov	1
15-May-2023	40d	alexa	DrinksNKnowsThings	1
15-May-2023	40d	alexa	Grimdave	1
15-May-2023	40d	alexa	livykiki	1
15-May-2023	40d	alexa	lachavela	1
15-May-2023	40d	alexa	MrCrawcikTv	1
15-May-2023	40d	alexa	AhtonicusCruxzonicus	1
15-May-2023	40d	alexa	versaveaux	1
15-May-2023	40d	alexa	uniquedifferences	1
15-May-2023	40d	alexa	AdamOas	1
15-May-2023	40d	alexa	CurryMustard	1
15-May-2023	40d	alexa	probablysarcastic	1
15-May-2023	40d	alexa	Enos316	1
15-May-2023	40d	alexa	rwhal06	1
15-May-2023	40d	alexa	Wade1217	1
15-May-2023	40d	alexa	J4MEJ	1
15-May-2023	40d	alexa	imfm	1
15-May-2023	40d	alexa	ACPotato	1
15-May-2023	40d	alexa	BuckityFye	1
15-May-2023	40d	alexa	LennyIsAFox1	1
15-May-2023	40d	alexa	kelvin_bot	1
15-May-2023	40d	alexa	ENrgStar	1
15-May-2023	40d	alexa	Stray_Bullet78	1
15-May-2023	40d	alexa	lostinthe530	1
15-May-2023	40d	alexa	DadVader77	1
15-May-2023	40d	alexa	iamatworknowtoo	1
15-May-2023	40d	alexa	LLAMA_on_a_unicycle	1
15-May-2023	40d	alexa	BadgersAndJam77	1
15-May-2023	40d	alexa	kerfuffle_dood	1
15-May-2023	40d	alexa	crvgt	1
15-May-2023	40d	alexa	linuxlib	1
15-May-2023	40d	alexa	bawlachora	1
15-May-2023	40d	alexa	theneedfull	1
15-May-2023	40d	alexa	GP_Byrne	1
15-May-2023	40d	alexa	Eatpineapplenow	1
15-May-2023	40d	alexa	hapa-boi	1
15-May-2023	40d	alexa	Suspicious_Picture95	1
15-May-2023	40d	alexa	veedems	1
15-May-2023	40d	alexa	HQ_Mattster	1
15-May-2023	40d	alexa	JonathanMurray272	1
15-May-2023	40d	alexa	snac	1
15-May-2023	40d	alexa	Proper-Maintenance77	1
15-May-2023	40d	alexa	P_Devil	1
15-May-2023	40d	alexa	MichaelJayQue	1
15-May-2023	40d	alexa	ThisIsNotTokyo	1
15-May-2023	40d	alexa	newtonbase	1
15-May-2023	40d	alexa	Rosemoorstreet	1
15-May-2023	40d	alexa	Ianyat	1
15-May-2023	40d	alexa	mike480	1
15-May-2023	40d	alexa	seansand	1
15-May-2023	40d	alexa	48fifteen162342	1
15-May-2023	40d	alexa	CaptainKen2	1
15-May-2023	40d	alexa	Glass-Material5689	1
15-May-2023	40d	alexa	SupernovaGamezYT	1
15-May-2023	40d	alexa	m_abdelfattah	1
15-May-2023	40d	alexa	LowDevelopment3714	1
15-May-2023	40d	alexa	FeathersOfJade	1
15-May-2023	40d	alexa	jxcb345	1
15-May-2023	40d	alexa	TheOriginalHuh	1
15-May-2023	40d	alexa	forumwhore	1
15-May-2023	40d	alexa	BillZZ7777	1
15-May-2023	40d	alexa	jeweliegb	1
15-May-2023	40d	alexa	funkygrrl	1
15-May-2023	40d	alexa	codewolf	1
15-May-2023	40d	alexa	Frank_chevelle	1
15-May-2023	40d	alexa	vivi_t3ch	1
15-May-2023	40d	alexa	Baremegigjen	1
15-May-2023	40d	alexa	carolineecouture	1
15-May-2023	40d	alexa	CryptographerSoft215	1
15-May-2023	40d	alexa	ArdRi6	1
15-May-2023	40d	alexa	GothicEmmaLouise	1
15-May-2023	40d	alexa	JBinYYC	1
15-May-2023	40d	alexa	Loobeedo	1
15-May-2023	40d	alexa	clicker666	1
15-May-2023	40d	alexa	brannonglover	1
15-May-2023	40d	alexa	sanfranchristo	1
15-May-2023	40d	alexa	Upyakakychute	1
15-May-2023	40d	alexa	Mission_Highway5032	1
15-May-2023	40d	alexa	eijisawakita	1
15-May-2023	40d	alexa	Outrageous_Pool7	1
15-May-2023	40d	alexa	TheGratitudeBot	1
15-May-2023	40d	alexa	Underdoge69420	1
15-May-2023	40d	alexa	Watashifr	1
15-May-2023	40d	alexa	nah_im_just_looking	1
15-May-2023	40d	alexa	chewinchaz	1
15-May-2023	40d	alexa	MonoChz	1
15-May-2023	40d	alexa	Excellent-Zombie-470	1
15-May-2023	40d	alexa	ursur	1
15-May-2023	40d	alexa	BojackHorsey	1
15-May-2023	40d	alexa	BritniRose	1
15-May-2023	40d	alexa	Freeagnt	1
15-May-2023	40d	alexa	imaraccoonilovetrash	1
15-May-2023	40d	alexa	MattyNiceGuy	1
15-May-2023	40d	alexa	oooh-she-stealin	1
15-May-2023	40d	alexa	thee3	1
15-May-2023	40d	alexa	Vacation_Jonathan	1
15-May-2023	40d	alexa	jeffhunterx	1
15-May-2023	40d	alexa	Velena82	1
15-May-2023	40d	alexa	TheRatPatrol1	1
15-May-2023	40d	alexa	JackStrawWitchita	1
15-May-2023	40d	alexa	sara-alexa	1
15-May-2023	40d	alexa	uggyy	1
15-May-2023	40d	alexa	pylawn	1
15-May-2023	40d	alexa	RobertPaulsenSr	1
15-May-2023	40d	alexa	ViolentSprinkles	1
15-May-2023	40d	alexa	SashimiRick	1
15-May-2023	40d	alexa	Wilber187	1
15-May-2023	40d	alexa	Snakeyeskm	1
15-May-2023	40d	alexa	Retro_uk	1
15-May-2023	40d	alexa	Hyacin75	1
15-May-2023	40d	alexa	Kayshanski	1
15-May-2023	40d	alexa	Eastern-Honeydew-411	1
15-May-2023	40d	alexa	anniebme	1
15-May-2023	40d	alexa	calis	1
15-May-2023	40d	alexa	Rustybolts_	1
15-May-2023	40d	alexa	AuntRobin	1
15-May-2023	40d	alexa	DebtPlenty2383	1
15-May-2023	40d	alexa	cocoabeach	1
15-May-2023	40d	alexa	robbmann297	1
15-May-2023	40d	alexa	-JXter-	1
15-May-2023	40d	alexa	X0AN	1
15-May-2023	40d	alexa	RandyFMcDonald	1
15-May-2023	40d	alexa	runkrod1140	1
15-May-2023	40d	alexa	quickdrawmcsmokes	1
15-May-2023	40d	alexa	Krandor1	1
15-May-2023	40d	alexa	Twistterella	1
15-May-2023	40d	alexa	1shrimp	1
15-May-2023	40d	alexa	Di20	1
15-May-2023	40d	alexa	malki666	1
15-May-2023	40d	alexa	MightyHandy	1
15-May-2023	40d	alexa	livinlizard	1
15-May-2023	40d	alexa	BismarkUMD	1
15-May-2023	40d	alexa	huyouer	1
15-May-2023	40d	alexa	yeahmaybe	1
15-May-2023	40d	alexa	Iangh007	1
15-May-2023	40d	alexa	Curious-Conclusion	1
15-May-2023	40d	alexa	Torrence73	1
15-May-2023	40d	alexa	KamChiChris	1
15-May-2023	40d	alexa	mflbatman	1
15-May-2023	40d	alexa	buddhafig	1
15-May-2023	40d	alexa	LuluLaRue1	1
15-May-2023	40d	alexa	Overall-Ad7670	1
15-May-2023	40d	alexa	Morbo782	1
15-May-2023	40d	alexa	12LetterName	1
15-May-2023	40d	alexa	DidYouLickIt	1
15-May-2023	40d	alexa	ThunderVamp9	1
15-May-2023	40d	alexa	baxter510	1
15-May-2023	40d	alexa	ipottersmith	1
15-May-2023	40d	alexa	bugbia	1
15-May-2023	40d	alexa	nzahn1	1
15-May-2023	40d	alexa	Technically_Bored14	1
15-May-2023	40d	alexa	CherryKeshav	1
15-May-2023	40d	alexa	threadycat	1
15-May-2023	40d	alexa	TuneMeIn_YT	1
15-May-2023	40d	alexa	SirLauncelot	1
15-May-2023	40d	alexa	iByteApple	1
15-May-2023	40d	alexa	clearc845	1
15-May-2023	40d	alexa	lolitsmax	1
15-May-2023	40d	alexa	MonoTopia5	1
15-May-2023	40d	alexa	zoltan99	1
15-May-2023	40d	alexa	bLiNdEN_	1
15-May-2023	40d	alexa	ImDerekJeterUShotMe	1
15-May-2023	40d	alexa	BitterRide7	1
15-May-2023	40d	alexa	varsitytrack	1
15-May-2023	40d	alexa	middle_aged_cyclist	1
15-May-2023	40d	alexa	cruz0881	1
15-May-2023	40d	alexa	redlancer_1987	1
15-May-2023	40d	alexa	ko05012317	1
15-May-2023	40d	alexa	RelationshipFew5238	1
15-May-2023	40d	alexa	dirtyelliott	1
15-May-2023	40d	alexa	melduforx	1
15-May-2023	40d	alexa	xMisterMAYHEMx	1
15-May-2023	40d	alexa	OriginalCTrain	1
15-May-2023	40d	alexa	ObiYawn	1
15-May-2023	40d	alexa	SamBGB	1
15-May-2023	40d	alexa	biggledeeboo	1
15-May-2023	40d	alexa	Official_Government	1
15-May-2023	40d	alexa	Carlife0830	1
15-May-2023	40d	alexa	tinybib	1
15-May-2023	40d	alexa	Babyrix	1
15-May-2023	40d	alexa	slawnz	1
15-May-2023	40d	alexa	PupChase	1
15-May-2023	40d	alexa	Competitive-Data2112	1
15-May-2023	40d	alexa	polarbearhero	1
15-May-2023	40d	alexa	dackasaurus	1
15-May-2023	40d	alexa	zitsky	1
15-May-2023	40d	alexa	Sutarmekeg	1
15-May-2023	40d	alexa	Yesyesnaaooo	1
15-May-2023	40d	alexa	BrianAMartin221	1
15-May-2023	40d	alexa	burnbeforeburning	1
15-May-2023	40d	alexa	Sumpskildpadden	1
15-May-2023	40d	alexa	leftcoast-usa	1
15-May-2023	40d	alexa	s_boa	1
15-May-2023	40d	alexa	Texas_Torch	1
15-May-2023	40d	alexa	winelight	1
15-May-2023	40d	alexa	ViscountBurrito	1
15-May-2023	40d	alexa	Calm_Character_422	1
15-May-2023	40d	alexa	Striking_Raspberry57	1
15-May-2023	40d	alexa	gregzywicki	1
15-May-2023	40d	alexa	BudgetAd8844	1
15-May-2023	40d	alexa	DCPOKnight	1
15-May-2023	40d	alexa	crackedcosmonaut	1
15-May-2023	40d	alexa	ImaginaryNerve	1
15-May-2023	40d	alexa	Pegafree	1
15-May-2023	40d	alexa	SoCalBritgirl	1
15-May-2023	40d	alexa	Exact_Roll_4048	1
15-May-2023	40d	alexa	LadyLoki5	1
15-May-2023	40d	alexa	nationalinterest	1
15-May-2023	40d	alexa	Vamdrapids	1
15-May-2023	40d	alexa	xamomax	1
15-May-2023	40d	alexa	bazfum	1
15-May-2023	40d	alexa	Equivalent-Energy-26	1
