query_date	before_date	subreddit	submission_author	submission_frequency
15-May-2023	30d	alexa	gangsteroflove1	9
15-May-2023	30d	alexa	Sexy-alexa	7
15-May-2023	30d	alexa	Multiversal_Love	6
15-May-2023	30d	alexa	sara-alexa	5
15-May-2023	30d	alexa	Eclipse8301	5
15-May-2023	30d	alexa	Traditional_Mine1009	5
15-May-2023	30d	alexa	thedreaming2017	4
15-May-2023	30d	alexa	kevinchadwick55	3
15-May-2023	30d	alexa	gods10rules	3
15-May-2023	30d	alexa	AndyPryceManUtd	3
15-May-2023	30d	alexa	ArticleIcicle	3
15-May-2023	30d	alexa	Laura--Rampart	3
15-May-2023	30d	alexa	bvdp	3
15-May-2023	30d	alexa	googy55	3
15-May-2023	30d	alexa	brannonglover	3
15-May-2023	30d	alexa	SirGreenDay	3
15-May-2023	30d	alexa	Standard-Outcome9881	3
15-May-2023	30d	alexa	No-Departure-2825	3
15-May-2023	30d	alexa	Father_Lightning	3
15-May-2023	30d	alexa	RandomNubGuy	3
15-May-2023	30d	alexa	Bearulice	3
15-May-2023	30d	alexa	TheUnknown0100	3
15-May-2023	30d	alexa	Moegsh	3
15-May-2023	30d	alexa	nick_frigerio	3
15-May-2023	30d	alexa	TheDadRockPodcast	3
15-May-2023	30d	alexa	iamtheundefined	2
15-May-2023	30d	alexa	WallaWallaWally	2
15-May-2023	30d	alexa	No-Nefariousness6520	2
15-May-2023	30d	alexa	Assist-Visual	2
15-May-2023	30d	alexa	roblu001	2
15-May-2023	30d	alexa	lorraineg57	2
15-May-2023	30d	alexa	EEEEEE-E132	2
15-May-2023	30d	alexa	heimdal77	2
15-May-2023	30d	alexa	oswaler	2
15-May-2023	30d	alexa	Njtotx3	2
15-May-2023	30d	alexa	DanAboutT0wn	2
15-May-2023	30d	alexa	pee_face_applehead	2
15-May-2023	30d	alexa	JordenL91	2
15-May-2023	30d	alexa	middle_aged_cyclist	2
15-May-2023	30d	alexa	inchoatemeaning	2
15-May-2023	30d	alexa	Traditional-Car2161	2
15-May-2023	30d	alexa	spleencheesemonkey	2
15-May-2023	30d	alexa	slawnz	2
15-May-2023	30d	alexa	harmonyscher	2
15-May-2023	30d	alexa	cryptotollnumber	2
15-May-2023	30d	alexa	tomm2611	2
15-May-2023	30d	alexa	ASKERWINTER	2
15-May-2023	30d	alexa	avg33k	2
15-May-2023	30d	alexa	Smart-Raccoon-6887	2
15-May-2023	30d	alexa	DickerBizeps	2
15-May-2023	30d	alexa	derrickcoleman44	2
15-May-2023	30d	alexa	luvadoodle	2
15-May-2023	30d	alexa	ReserveIntelligent90	2
15-May-2023	30d	alexa	lapeen4	2
15-May-2023	30d	alexa	Kaethy77	2
15-May-2023	30d	alexa	EvanMcD3	2
15-May-2023	30d	alexa	Kyosji	2
15-May-2023	30d	alexa	IvenaDarcy	2
15-May-2023	30d	alexa	TraditionGlass2315	2
15-May-2023	30d	alexa	Aggressive-Level-799	2
15-May-2023	30d	alexa	speccyteccy	2
15-May-2023	30d	alexa	Willing_Glove6657	2
15-May-2023	30d	alexa	Desperate-Station-71	2
15-May-2023	30d	alexa	jjharkan	2
15-May-2023	30d	alexa	Groupee19	2
15-May-2023	30d	alexa	werdmouf	2
15-May-2023	30d	alexa	Janx__Spirit	2
15-May-2023	30d	alexa	GronlandicReddit	2
15-May-2023	30d	alexa	Dangerous_Farm_7801	2
15-May-2023	30d	alexa	NoodleCheeseThief	2
15-May-2023	30d	alexa	Furiousguy79	2
15-May-2023	30d	alexa	VeryContributory	2
15-May-2023	30d	alexa	dynamale	2
15-May-2023	30d	alexa	NAAnymore	2
15-May-2023	30d	alexa	ReserveMaximum	2
15-May-2023	30d	alexa	schmidtmueller	2
15-May-2023	30d	alexa	RNX77	2
15-May-2023	30d	alexa	VikingOy	2
15-May-2023	30d	alexa	IanglDev	2
15-May-2023	30d	alexa	gjoakum221	2
15-May-2023	30d	alexa	psilversmith	2
15-May-2023	30d	alexa	Simplexitycustom	2
15-May-2023	30d	alexa	Htumedrm	2
15-May-2023	30d	alexa	keyboardcanadian	2
15-May-2023	30d	alexa	Chicodemilo	2
15-May-2023	30d	alexa	mytabletacc0unt	2
15-May-2023	30d	alexa	CKR83	2
15-May-2023	30d	alexa	wewewawa	2
15-May-2023	30d	alexa	alexa_developer	2
15-May-2023	30d	alexa	Chrimbie	2
15-May-2023	30d	alexa	Turbulent_Guess3204	2
15-May-2023	30d	alexa	smdifansmfjsmsnd	1
15-May-2023	30d	alexa	stephenhawkingruns	1
15-May-2023	30d	alexa	s_i_m_s	1
15-May-2023	30d	alexa	Viking53fan	1
15-May-2023	30d	alexa	holbeton	1
15-May-2023	30d	alexa	AdrianaRed	1
15-May-2023	30d	alexa	cleesi	1
15-May-2023	30d	alexa	Humble_Affect_1653	1
15-May-2023	30d	alexa	Zoroastia	1
15-May-2023	30d	alexa	YellowRadi0	1
15-May-2023	30d	alexa	yourisguy	1
15-May-2023	30d	alexa	Iskro45	1
15-May-2023	30d	alexa	jaymartinez	1
15-May-2023	30d	alexa	LilKSong7	1
15-May-2023	30d	alexa	ThunkBlug	1
15-May-2023	30d	alexa	ratty_ace	1
15-May-2023	30d	alexa	btadams1971	1
15-May-2023	30d	alexa	thisdckaintFREEEE	1
15-May-2023	30d	alexa	kid_wonderbread	1
15-May-2023	30d	alexa	Newwales2	1
15-May-2023	30d	alexa	lilb3aner_	1
15-May-2023	30d	alexa	Grammar-Police2002	1
15-May-2023	30d	alexa	Iiawgiwbi	1
15-May-2023	30d	alexa	Simple-Initial283	1
15-May-2023	30d	alexa	Danuvius_Wave	1
15-May-2023	30d	alexa	Professional_End1298	1
15-May-2023	30d	alexa	Pogger_boi10	1
15-May-2023	30d	alexa	azz3879	1
15-May-2023	30d	alexa	bxclnt	1
15-May-2023	30d	alexa	SteelersYoda	1
15-May-2023	30d	alexa	lmarzoli7	1
15-May-2023	30d	alexa	Abevigodaschoda	1
15-May-2023	30d	alexa	breDAniel	1
15-May-2023	30d	alexa	Gasai-alexa	1
15-May-2023	30d	alexa	AdSoLo_	1
15-May-2023	30d	alexa	Official_Government	1
15-May-2023	30d	alexa	Mike12mt	1
15-May-2023	30d	alexa	vbcarvalho	1
15-May-2023	30d	alexa	tolgabalci	1
15-May-2023	30d	alexa	meowkittykitty510	1
15-May-2023	30d	alexa	ExperiencedOptimist	1
15-May-2023	30d	alexa	slesher27	1
15-May-2023	30d	alexa	RobotMode2	1
15-May-2023	30d	alexa	Lawris2B	1
15-May-2023	30d	alexa	talk2me-alexa	1
15-May-2023	30d	alexa	koko1414	1
15-May-2023	30d	alexa	Dansk72	1
15-May-2023	30d	alexa	Big-Introduction9159	1
15-May-2023	30d	alexa	PotentialSpend8532	1
15-May-2023	30d	alexa	MannyGTSkyrimModder	1
15-May-2023	30d	alexa	scottjf8	1
15-May-2023	30d	alexa	2drunk2remember-	1
15-May-2023	30d	alexa	bingobango2911	1
15-May-2023	30d	alexa	ASNetGuy	1
15-May-2023	30d	alexa	CornSpark	1
15-May-2023	30d	alexa	uscpsycho	1
15-May-2023	30d	alexa	Old_AP_Pro	1
15-May-2023	30d	alexa	bootyproblems99999	1
15-May-2023	30d	alexa	Glass-Material5689	1
15-May-2023	30d	alexa	MrsSmiles09	1
15-May-2023	30d	alexa	pizzafan2	1
15-May-2023	30d	alexa	Ardbert_The_Fallen	1
15-May-2023	30d	alexa	cyberjunkyfreak	1
15-May-2023	30d	alexa	Zealousideal-Rub-701	1
15-May-2023	30d	alexa	maniac365	1
15-May-2023	30d	alexa	baker2gs	1
15-May-2023	30d	alexa	AlternativeMusic143	1
15-May-2023	30d	alexa	chemsexblues	1
15-May-2023	30d	alexa	PragmaticProkopton	1
15-May-2023	30d	alexa	rokrishnan	1
15-May-2023	30d	alexa	danc0mrad	1
15-May-2023	30d	alexa	Oakenshield-	1
15-May-2023	30d	alexa	Oztravels	1
15-May-2023	30d	alexa	BlotterArt_	1
15-May-2023	30d	alexa	Plenty-Purchase-7673	1
15-May-2023	30d	alexa	AnalyticalsRCool	1
15-May-2023	30d	alexa	BlueMANAHat	1
15-May-2023	30d	alexa	MachineElfOnASheIf	1
15-May-2023	30d	alexa	LegndRisk	1
15-May-2023	30d	alexa	banisheduser	1
15-May-2023	30d	alexa	MrStrype	1
15-May-2023	30d	alexa	DeathWray	1
15-May-2023	30d	alexa	bemo115	1
15-May-2023	30d	alexa	7_iceman_7	1
15-May-2023	30d	alexa	Latte_THE_HaMb	1
15-May-2023	30d	alexa	epiccoder2	1
15-May-2023	30d	alexa	Chloe_0258_	1
15-May-2023	30d	alexa	Japanste	1
15-May-2023	30d	alexa	Moist-War5196	1
15-May-2023	30d	alexa	HehroMaraFara	1
15-May-2023	30d	alexa	dthmagic	1
15-May-2023	30d	alexa	princefreeze	1
15-May-2023	30d	alexa	Craigotrak	1
15-May-2023	30d	alexa	DjoooKaplan	1
15-May-2023	30d	alexa	Dabura65	1
15-May-2023	30d	alexa	spinozasrobot	1
15-May-2023	30d	alexa	-Battlecat	1
15-May-2023	30d	alexa	ShavuuY219	1
15-May-2023	30d	alexa	focusrite99	1
15-May-2023	30d	alexa	Accomplished-Step660	1
15-May-2023	30d	alexa	wilvanpkro	1
15-May-2023	30d	alexa	Tank097	1
15-May-2023	30d	alexa	CaboDennis17	1
15-May-2023	30d	alexa	Any_Extension_2610	1
15-May-2023	30d	alexa	nerdy_devil	1
15-May-2023	30d	alexa	babbage22	1
15-May-2023	30d	alexa	DrewDowne22	1
15-May-2023	30d	alexa	charlie-1973	1
15-May-2023	30d	alexa	stickmonger	1
15-May-2023	30d	alexa	anonwillnevertell	1
15-May-2023	30d	alexa	MangoMike813	1
15-May-2023	30d	alexa	Faengelm	1
15-May-2023	30d	alexa	WillvieP801	1
15-May-2023	30d	alexa	Usa_45	1
15-May-2023	30d	alexa	WhereTheMangoesAt	1
15-May-2023	30d	alexa	nlDuncan	1
15-May-2023	30d	alexa	Turbulent_Swan_64	1
15-May-2023	30d	alexa	mesonoxian_loner	1
15-May-2023	30d	alexa	luizgnunes	1
15-May-2023	30d	alexa	leftarmslow	1
15-May-2023	30d	alexa	NicovhP261	1
15-May-2023	30d	alexa	Reshimes	1
15-May-2023	30d	alexa	DesignSmallEmpires	1
15-May-2023	30d	alexa	sccr410	1
15-May-2023	30d	alexa	blokch8n	1
15-May-2023	30d	alexa	dmt_alpha	1
15-May-2023	30d	alexa	Isaac_RF_239	1
15-May-2023	30d	alexa	RockPaperShredder	1
15-May-2023	30d	alexa	CurryMustard	1
15-May-2023	30d	alexa	BohemeWinter	1
15-May-2023	30d	alexa	Isti115	1
15-May-2023	30d	alexa	bawlachora	1
15-May-2023	30d	alexa	Barvrerice201	1
15-May-2023	30d	alexa	hapa-boi	1
15-May-2023	30d	alexa	peachdra9on	1
15-May-2023	30d	alexa	pandaman1339	1
15-May-2023	30d	alexa	BahaMan69	1
15-May-2023	30d	alexa	xilog	1
15-May-2023	30d	alexa	element_unknownn	1
15-May-2023	30d	alexa	nutznshells	1
15-May-2023	30d	alexa	stilldeb	1
15-May-2023	30d	alexa	JessivvbP792	1
15-May-2023	30d	alexa	snac	1
15-May-2023	30d	alexa	Jeffskistler	1
15-May-2023	30d	alexa	josh-i	1
15-May-2023	30d	alexa	Emreprox	1
15-May-2023	30d	alexa	dbonneville	1
15-May-2023	30d	alexa	Zealousideal_Weird_3	1
15-May-2023	30d	alexa	Iangh007	1
15-May-2023	30d	alexa	Minimum-Lemon-402	1
15-May-2023	30d	alexa	B1ack_0ut0908	1
15-May-2023	30d	alexa	SmellyCummies	1
15-May-2023	30d	alexa	goForItMyBest	1
15-May-2023	30d	alexa	Mission_Highway5032	1
15-May-2023	30d	alexa	stacielynn89	1
15-May-2023	30d	alexa	Relative-Pea-65	1
15-May-2023	30d	alexa	chelle_renee13	1
15-May-2023	30d	alexa	relativelymark	1
15-May-2023	30d	alexa	porterhouse0	1
15-May-2023	30d	alexa	Accomplished_Lake128	1
15-May-2023	30d	alexa	notinferno	1
15-May-2023	30d	alexa	Velena82	1
15-May-2023	30d	alexa	Matthvin	1
15-May-2023	30d	alexa	HamSolo31	1
15-May-2023	30d	alexa	99isGOAT	1
15-May-2023	30d	alexa	pylawn	1
15-May-2023	30d	alexa	cocoabeach	1
15-May-2023	30d	alexa	Initial_Fan8178	1
15-May-2023	30d	alexa	Fleemo17	1
15-May-2023	30d	alexa	thee3	1
15-May-2023	30d	alexa	MightyHandy	1
15-May-2023	30d	alexa	BigScaryBlackDude	1
15-May-2023	30d	alexa	ichi-ni-san123	1
15-May-2023	30d	alexa	TheLegofThanos	1
15-May-2023	30d	alexa	Valmeri	1
15-May-2023	30d	alexa	LazarianV	1
15-May-2023	30d	alexa	Human-Taro2630	1
15-May-2023	30d	alexa	ipottersmith	1
15-May-2023	30d	alexa	DidYouLickIt	1
15-May-2023	30d	alexa	BigVariation3	1
15-May-2023	30d	alexa	Technically_Bored14	1
15-May-2023	30d	alexa	MeliodasKush	1
15-May-2023	30d	alexa	iByteApple	1
15-May-2023	30d	alexa	PixelDaisy	1
15-May-2023	30d	alexa	neophlegm	1
15-May-2023	30d	alexa	Serjical__Strike	1
15-May-2023	30d	alexa	Formal-Ad8037	1
15-May-2023	30d	alexa	thegameguydude	1
15-May-2023	30d	alexa	CarolynsFingers	1
15-May-2023	30d	alexa	IAmWhatIWill	1
15-May-2023	30d	alexa	ko05012317	1
15-May-2023	30d	alexa	InterstellarDeathPur	1
15-May-2023	30d	alexa	OriginalCTrain	1
15-May-2023	30d	alexa	M528LeeFlorida	1
15-May-2023	30d	alexa	huyouer	1
15-May-2023	30d	alexa	BlueLeatherBucket	1
15-May-2023	30d	alexa	Shit_Holden	1
15-May-2023	30d	alexa	hipsterdoofus	1
15-May-2023	30d	alexa	V1perIX	1
15-May-2023	30d	alexa	Bklover93	1
15-May-2023	30d	alexa	ObiYawn	1
15-May-2023	30d	alexa	Yesyesnaaooo	1
15-May-2023	30d	alexa	Formal-Fudge-1105	1
15-May-2023	30d	alexa	MaltaMaltaMaltaMalta	1
15-May-2023	30d	alexa	Drshta	1
15-May-2023	30d	alexa	ibwebb86	1
15-May-2023	30d	alexa	Lopsided-Art5399	1
15-May-2023	30d	alexa	temp4adhd	1
15-May-2023	30d	alexa	ImaginaryNerve	1
15-May-2023	30d	alexa	supergimp2000	1
15-May-2023	30d	alexa	The-Adster	1
15-May-2023	30d	alexa	Ok-Fly3692	1
15-May-2023	30d	alexa	Vamdrapids	1
15-May-2023	30d	alexa	usernameisinus	1
15-May-2023	30d	alexa	squipysquip	1
15-May-2023	30d	alexa	Realistic-Nothing599	1
15-May-2023	30d	alexa	SkyFullofHat	1
15-May-2023	30d	alexa	Svaneman_	1
15-May-2023	30d	alexa	SirCompetitive5560	1
15-May-2023	30d	alexa	AdministrativeBig150	1
15-May-2023	30d	alexa	dackasaurus	1
15-May-2023	30d	alexa	cartasticc	1
15-May-2023	30d	alexa	reckless_commenter	1
15-May-2023	30d	alexa	ViaraiX	1
15-May-2023	30d	alexa	PamBeeslyHalpert64	1
15-May-2023	30d	alexa	ninegagz	1
15-May-2023	30d	alexa	BSBitch47	1
15-May-2023	30d	alexa	SpecialpOps	1
15-May-2023	30d	alexa	santaklaw	1
15-May-2023	30d	alexa	JonniteYT	1
15-May-2023	30d	alexa	HairySphere	1
15-May-2023	30d	alexa	Calm_Character_422	1
15-May-2023	30d	alexa	Leaaaaann	1
15-May-2023	30d	alexa	NicoJunco	1
15-May-2023	30d	alexa	Soggy_Breakfast_2720	1
15-May-2023	30d	alexa	JeffR47	1
15-May-2023	30d	alexa	ak9317	1
15-May-2023	30d	alexa	DixinMahbum	1
15-May-2023	30d	alexa	AQDUyYN7cgbDa4eYtxTq	1
15-May-2023	30d	alexa	Defiant-Tell-3199	1
15-May-2023	30d	alexa	MaticE83	1
15-May-2023	30d	alexa	paulogrego	1
15-May-2023	30d	alexa	SkeletonCreed	1
15-May-2023	30d	alexa	OrganizationLarge256	1
15-May-2023	30d	alexa	absaar1122	1
15-May-2023	30d	alexa	ianganderton	1
15-May-2023	30d	alexa	LuluLaRue1	1
15-May-2023	30d	alexa	Optimal-Statement-81	1
15-May-2023	30d	alexa	ChunkCreme	1
15-May-2023	30d	alexa	SpockYoda	1
15-May-2023	30d	alexa	Msattitude1185	1
15-May-2023	30d	alexa	loziomario	1
15-May-2023	30d	alexa	kseventytwo	1
15-May-2023	30d	alexa	bigj2552	1
15-May-2023	30d	alexa	deadcatdidntbounce	1
15-May-2023	30d	alexa	BrianAMartin221	1
15-May-2023	30d	alexa	otpid	1
15-May-2023	30d	alexa	whocarez_pt	1
15-May-2023	30d	alexa	AaronG85	1
15-May-2023	30d	alexa	roid_rage_over9000	1
15-May-2023	30d	alexa	NotUrbanMilkmaid	1
15-May-2023	30d	alexa	CoCambria	1
15-May-2023	30d	alexa	CTregurtha	1
15-May-2023	30d	alexa	MusicAddict12375	1
15-May-2023	30d	alexa	Melkorzz	1
15-May-2023	30d	alexa	archchunk	1
15-May-2023	30d	alexa	Electrical_Standard7	1
15-May-2023	30d	alexa	trafalger	1
15-May-2023	30d	alexa	calavandriel	1
15-May-2023	30d	alexa	Perma_SSBM	1
15-May-2023	30d	alexa	Camelfoe	1
15-May-2023	30d	alexa	emilylimemilylime	1
15-May-2023	30d	alexa	KeiKenchi	1
15-May-2023	30d	alexa	Love_For_All_Always	1
15-May-2023	30d	alexa	avbprog66	1
15-May-2023	30d	alexa	JQuinn2014	1
15-May-2023	30d	alexa	WhoWho22222	1
15-May-2023	30d	alexa	GungaPeace	1
15-May-2023	30d	alexa	Number-Efficient	1
15-May-2023	30d	alexa	cynycal	1
15-May-2023	30d	alexa	qagir	1
15-May-2023	30d	alexa	Exotic-Start-5039	1
15-May-2023	30d	alexa	L4GNKODEX	1
15-May-2023	30d	alexa	Drowning1989	1
15-May-2023	30d	alexa	Financial_Panda6539	1
15-May-2023	30d	alexa	AuntRobin	1
15-May-2023	30d	alexa	kbkc14	1
15-May-2023	30d	alexa	cocainebear95	1
15-May-2023	30d	alexa	Physkidbbu	1
15-May-2023	30d	alexa	burritosandblunts	1
15-May-2023	30d	alexa	QuietAd8340	1
15-May-2023	30d	alexa	DataBoss_me	1
15-May-2023	30d	alexa	doncaruana	1
15-May-2023	30d	alexa	FlakoJordi	1
15-May-2023	30d	alexa	40trieslater	1
15-May-2023	30d	alexa	ajd416	1
15-May-2023	30d	alexa	chachanita	1
15-May-2023	30d	alexa	Draven2050	1
15-May-2023	30d	alexa	MagdalenaHagdalena	1
15-May-2023	30d	alexa	explictlyrics	1
15-May-2023	30d	alexa	kay47106	1
15-May-2023	30d	alexa	geppetoman	1
15-May-2023	30d	alexa	Competitive_Front_90	1
15-May-2023	30d	alexa	Fun_Transportation97	1
15-May-2023	30d	alexa	BeerGogglesFTW	1
15-May-2023	30d	alexa	Consistent-Mud-7740	1
15-May-2023	30d	alexa	Murky_March_439	1
15-May-2023	30d	alexa	i-just-wanna-be-edgy	1
15-May-2023	30d	alexa	cotuisano	1
15-May-2023	30d	alexa	Fitzfuzzington	1
15-May-2023	30d	alexa	YeahThatCee	1
15-May-2023	30d	alexa	Mr_Xu1	1
15-May-2023	30d	alexa	vylip	1
15-May-2023	30d	alexa	cleff911	1
15-May-2023	30d	alexa	SuurAlaOrolo	1
15-May-2023	30d	alexa	Yvai	1
15-May-2023	30d	alexa	anm11x	1
15-May-2023	30d	alexa	GreyOtter86	1
15-May-2023	30d	alexa	LastWitness13	1
15-May-2023	30d	alexa	Apprehensive-Ad738	1
15-May-2023	30d	alexa	jstallingssr	1
15-May-2023	30d	alexa	primalanomaly	1
15-May-2023	30d	alexa	Cenddel	1
15-May-2023	30d	alexa	Dizzy_Blackberry_762	1
15-May-2023	30d	alexa	alittlepronetopanic	1
15-May-2023	30d	alexa	asjonesy99	1
15-May-2023	30d	alexa	Puzzleheaded_Basil13	1
15-May-2023	30d	alexa	frenchynerd	1
15-May-2023	30d	alexa	No_Gear1535	1
15-May-2023	30d	alexa	CrossPlainsCat	1
15-May-2023	30d	alexa	rebobbecker	1
15-May-2023	30d	alexa	SegretoBaccello	1
15-May-2023	30d	alexa	lubbom	1
15-May-2023	30d	alexa	Tellurian_Cyborg	1
15-May-2023	30d	alexa	soulmagic123	1
15-May-2023	30d	alexa	crazyasspig	1
15-May-2023	30d	alexa	unreqistered	1
15-May-2023	30d	alexa	phillerup97079	1
15-May-2023	30d	alexa	Parafault	1
15-May-2023	30d	alexa	Ok_Faithlessness609	1
15-May-2023	30d	alexa	boutell	1
15-May-2023	30d	alexa	Chipbeef	1
15-May-2023	30d	alexa	SlowCondition8131	1
15-May-2023	30d	alexa	memebuster	1
15-May-2023	30d	alexa	SailTheWaves	1
15-May-2023	30d	alexa	kevinatconifer	1
15-May-2023	30d	alexa	Grim_Skulduggery	1
15-May-2023	30d	alexa	_DrunkenStein	1
15-May-2023	30d	alexa	AccidentAutomatic259	1
15-May-2023	30d	alexa	RobertKreuels	1
15-May-2023	30d	alexa	Fusional_Delusional	1
15-May-2023	30d	alexa	DSavoie6	1
15-May-2023	30d	alexa	kawachira	1
15-May-2023	30d	alexa	zikronix	1
15-May-2023	30d	alexa	kiloelectronvolt619	1
15-May-2023	30d	alexa	JuliaJune96	1
15-May-2023	30d	alexa	FastConversation3594	1
15-May-2023	30d	alexa	luixiuno	1
15-May-2023	30d	alexa	offshore1100	1
15-May-2023	30d	alexa	TomerHorowitz	1
15-May-2023	30d	alexa	shark978	1
15-May-2023	30d	alexa	VSFX	1
15-May-2023	30d	alexa	ss_weevo	1
15-May-2023	30d	alexa	ORD-DRO	1
15-May-2023	30d	alexa	kprecor	1
15-May-2023	30d	alexa	FallingPlane	1
15-May-2023	30d	alexa	hebrewnational35	1
15-May-2023	30d	alexa	Thunder-Kuntz	1
15-May-2023	30d	alexa	Benjani85	1
15-May-2023	30d	alexa	JasonTheHealer	1
15-May-2023	30d	alexa	prakashanish	1
15-May-2023	30d	alexa	BlueIdoru	1
15-May-2023	30d	alexa	whonu5	1
15-May-2023	30d	alexa	scottishsteveo	1
15-May-2023	30d	alexa	carpetony	1
15-May-2023	30d	alexa	oddjobs4bud	1
15-May-2023	30d	alexa	Excellent-Zombie-470	1
15-May-2023	30d	alexa	RawMan99	1
15-May-2023	30d	alexa	Ok-Rabbit-3335	1
15-May-2023	30d	alexa	alexandereastwood	1
15-May-2023	30d	alexa	Octoling1674	1
15-May-2023	30d	alexa	shakeyorumpahh23	1
15-May-2023	30d	alexa	LSP-86	1
15-May-2023	30d	alexa	HHCeramicCoatings	1
15-May-2023	30d	alexa	freelancerjourn	1
15-May-2023	30d	alexa	rgvrules12	1
15-May-2023	30d	alexa	mightyt2000	1
15-May-2023	30d	alexa	abusivecat	1
15-May-2023	30d	alexa	reevoIution	1
15-May-2023	30d	alexa	Individual-Tap95	1
15-May-2023	30d	alexa	Djelimon	1
15-May-2023	30d	alexa	nmartins10	1
15-May-2023	30d	alexa	Reizumii	1
15-May-2023	30d	alexa	Railfanning2005	1
15-May-2023	30d	alexa	Bill-NM	1
15-May-2023	30d	alexa	mice_inthewalls	1
15-May-2023	30d	alexa	GakutoYo	1
15-May-2023	30d	alexa	Uncle-oswald	1
15-May-2023	30d	alexa	rustypie314	1
15-May-2023	30d	alexa	jettisonthelunchroom	1
15-May-2023	30d	alexa	glassmine2020	1
15-May-2023	30d	alexa	PuzzledCarpet2459	1
15-May-2023	30d	alexa	SkyesMomma	1
15-May-2023	30d	alexa	Llymlaen_Rilkam	1
15-May-2023	30d	alexa	sour_apple_1228	1
15-May-2023	30d	alexa	Dry-Hotel5306	1
15-May-2023	30d	alexa	username_load_failed	1
15-May-2023	30d	alexa	JLdc2000	1
15-May-2023	30d	alexa	PercheMiPiaci	1
15-May-2023	30d	alexa	fskhalsa	1
15-May-2023	30d	alexa	noonecaresxd	1
15-May-2023	30d	alexa	Smirkydarkdude	1
15-May-2023	30d	alexa	maxident65	1
15-May-2023	30d	alexa	tommygunz007	1
15-May-2023	30d	alexa	shubie42	1
15-May-2023	30d	alexa	tmxkn1	1
15-May-2023	30d	alexa	shawnofthedead_	1
15-May-2023	30d	alexa	borgqueenx	1
15-May-2023	30d	alexa	SkateFossSL	1
15-May-2023	30d	alexa	applesauce2011	1
15-May-2023	30d	alexa	itoldusoandso	1
15-May-2023	30d	alexa	Shot_Capital_7788	1
15-May-2023	30d	alexa	AnswerIsBacon	1
15-May-2023	30d	alexa	IXPrazor	1
15-May-2023	30d	alexa	tuttifruttif4nta	1
15-May-2023	30d	alexa	bobbo2443	1
15-May-2023	30d	alexa	SirArko23	1
15-May-2023	30d	alexa	andyh200	1
15-May-2023	30d	alexa	ViciousScenario	1
15-May-2023	30d	alexa	Spirited-Meringue829	1
15-May-2023	30d	alexa	pcb1962	1
15-May-2023	30d	alexa	_air25	1
15-May-2023	30d	alexa	QuasarSoze	1
15-May-2023	30d	alexa	SgtSplacker	1
15-May-2023	30d	alexa	siva992	1
15-May-2023	30d	alexa	zEdgarHoover	1
15-May-2023	30d	alexa	random125184	1
15-May-2023	30d	alexa	Weak_Ad_5128	1
15-May-2023	30d	alexa	throawaymcdumbface	1
15-May-2023	30d	alexa	Jonatheber	1
15-May-2023	30d	alexa	Ramius_M_415	1
15-May-2023	30d	alexa	_Biaa_-	1
15-May-2023	30d	alexa	techilu	1
15-May-2023	30d	alexa	loaxming	1
15-May-2023	30d	alexa	geminiwave	1
15-May-2023	30d	alexa	CheddarDeity	1
15-May-2023	30d	alexa	TurbulentTowel1024	1
15-May-2023	30d	alexa	radioblues	1
15-May-2023	30d	alexa	Sim-0-nster	1
15-May-2023	30d	alexa	Professional_Feed791	1
15-May-2023	30d	alexa	mclosi	1
15-May-2023	30d	alexa	quandariusbingleton	1
15-May-2023	30d	alexa	Kaitlin_Shaw	1
15-May-2023	30d	alexa	ohmysunnyday	1
15-May-2023	30d	alexa	onesmartcrib	1
15-May-2023	30d	alexa	CollectorG	1
15-May-2023	30d	alexa	Dogmeat411	1
15-May-2023	30d	alexa	AvocadoInsurgence	1
15-May-2023	30d	alexa	torrphilla	1
15-May-2023	30d	alexa	beardiac	1
15-May-2023	30d	alexa	FapDamage	1
15-May-2023	30d	alexa	newtonbase	1
15-May-2023	30d	alexa	Sip0nThis	1
15-May-2023	30d	alexa	South_Suggestion_116	1
15-May-2023	30d	alexa	AnonymousScorpi	1
15-May-2023	30d	alexa	BigTamMacGotchy	1
15-May-2023	30d	alexa	FieldsingAround	1
15-May-2023	30d	alexa	youenjoymyhood	1
15-May-2023	30d	alexa	Traditional_Cattle87	1
15-May-2023	30d	alexa	reidgells	1
15-May-2023	30d	alexa	Joshbegosh	1
15-May-2023	30d	alexa	mysteryman112211	1
15-May-2023	30d	alexa	tylerski45	1
15-May-2023	30d	alexa	Square-Canary-1387	1
15-May-2023	30d	alexa	AlanMichel	1
15-May-2023	30d	alexa	Human_Yam1500	1
15-May-2023	30d	alexa	Twice6	1
15-May-2023	30d	alexa	Siuol28	1
15-May-2023	30d	alexa	sbs1138	1
15-May-2023	30d	alexa	alexburnsredd	1
15-May-2023	30d	alexa	electric_bro	1
15-May-2023	30d	alexa	TheHYPO	1
15-May-2023	30d	alexa	Timanemone	1
15-May-2023	30d	alexa	mesocyclone1	1
15-May-2023	30d	alexa	abigthicctoe	1
15-May-2023	30d	alexa	le_mole	1
15-May-2023	30d	alexa	LythriIux	1
15-May-2023	30d	alexa	AaryanChadha	1
15-May-2023	30d	alexa	estelleheather	1
15-May-2023	30d	alexa	Kelaat	1
15-May-2023	30d	alexa	brownbanjo	1
15-May-2023	30d	alexa	starstriker64DD	1
15-May-2023	30d	alexa	AlrightRealNice	1
15-May-2023	30d	alexa	MrTalonHawk	1
15-May-2023	30d	alexa	Scanfro	1
15-May-2023	30d	alexa	efisk666	1
15-May-2023	30d	alexa	RojoPez	1
15-May-2023	30d	alexa	Whisker-biscuitt	1
15-May-2023	30d	alexa	Wit_tank	1
15-May-2023	30d	alexa	NAD1983UTMZONExx	1
15-May-2023	30d	alexa	Redstonemaniac2019	1
15-May-2023	30d	alexa	hlp3916	1
15-May-2023	30d	alexa	f_conte	1
15-May-2023	30d	alexa	redapples42	1
15-May-2023	30d	alexa	Drakknfyre	1
15-May-2023	30d	alexa	IsraelZulu	1
15-May-2023	30d	alexa	CryptographerSoft215	1
15-May-2023	30d	alexa	super_delegate	1
15-May-2023	30d	alexa	elizathornberry-	1
15-May-2023	30d	alexa	silentkiller000	1
15-May-2023	30d	alexa	rsrandall_	1
15-May-2023	30d	alexa	Aboricand	1
15-May-2023	30d	alexa	237wood	1
15-May-2023	30d	alexa	UpRolled_TheRiotVan	1
15-May-2023	30d	alexa	hmd_yip	1
15-May-2023	30d	alexa	binaryguy	1
15-May-2023	30d	alexa	katesicle82	1
15-May-2023	30d	alexa	xamomax	1
15-May-2023	30d	alexa	GrapefruitComplex126	1
15-May-2023	30d	alexa	SkatterbrainMusic420	1
15-May-2023	30d	alexa	Ok-Action511	1
15-May-2023	30d	alexa	theComputerGnome	1
15-May-2023	30d	alexa	spookysanta33	1
15-May-2023	30d	alexa	CedarPointDada	1
15-May-2023	30d	alexa	GarfieldSighs3	1
15-May-2023	30d	alexa	crblack24	1
15-May-2023	30d	alexa	alwaysLearning_6405	1
15-May-2023	30d	alexa	Flimsy_Wait_8235	1
15-May-2023	30d	alexa	OsborneCoxMemoir3	1
15-May-2023	30d	alexa	AD_MDestroyer	1
15-May-2023	30d	alexa	nexokicker	1
15-May-2023	30d	alexa	skarro-	1
15-May-2023	30d	alexa	icolinpro	1
15-May-2023	30d	alexa	BellaLovesCats	1
15-May-2023	30d	alexa	Red_from_NL	1
15-May-2023	30d	alexa	meep-moo	1
15-May-2023	30d	alexa	LazyKranch13	1
15-May-2023	30d	alexa	pandoroar	1
15-May-2023	30d	alexa	Striking_Raspberry57	1
15-May-2023	30d	alexa	FiveFire33	1
15-May-2023	30d	alexa	i112	1
15-May-2023	30d	alexa	ex-oh	1
15-May-2023	30d	alexa	K3RTSK	1
15-May-2023	30d	alexa	thosecars82	1
15-May-2023	30d	alexa	trumanlet	1
15-May-2023	30d	alexa	Interesting-Ask7615	1
15-May-2023	30d	alexa	deadeye09	1
15-May-2023	30d	alexa	jcretrop	1
15-May-2023	30d	alexa	Soler37	1
15-May-2023	30d	alexa	ashley0497	1
15-May-2023	30d	alexa	theboatlover	1
15-May-2023	30d	alexa	motaA24	1
15-May-2023	30d	alexa	NativeCoder	1
15-May-2023	30d	alexa	TheLazyPurpleWizard	1
15-May-2023	30d	alexa	PockASqueeno	1
15-May-2023	30d	alexa	DerFred3	1
15-May-2023	30d	alexa	bobbysorer	1
15-May-2023	30d	alexa	Healthy_Ladder_6198	1
15-May-2023	30d	alexa	JuanD260	1
15-May-2023	30d	alexa	MikeLowry13	1
15-May-2023	30d	alexa	Dan__Glesak	1
15-May-2023	30d	alexa	Benjihubbs	1
15-May-2023	30d	alexa	wildwood9843	1
15-May-2023	30d	alexa	errol343	1
15-May-2023	30d	alexa	81mrg81	1
15-May-2023	30d	alexa	Christopher247uk	1
15-May-2023	30d	alexa	ir1999	1
15-May-2023	30d	alexa	zeypierce	1
15-May-2023	30d	alexa	lifesucksblabla	1
15-May-2023	30d	alexa	theonerm2	1
15-May-2023	30d	alexa	Aggressive_Lake191	1
15-May-2023	30d	alexa	SonicTheDog420	1
15-May-2023	30d	alexa	Cyreesedabeast	1
15-May-2023	30d	alexa	eyesdrib	1
15-May-2023	30d	alexa	Particular-Bank-5519	1
15-May-2023	30d	alexa	j4mes_27	1
15-May-2023	30d	alexa	ATX_Analytics	1
15-May-2023	30d	alexa	Heya05	1
15-May-2023	30d	alexa	mickceratops_	1
15-May-2023	30d	alexa	pollutionblues	1
15-May-2023	30d	alexa	Tall-Accountant-5177	1
15-May-2023	30d	alexa	DaMunzzz	1
15-May-2023	30d	alexa	xdLeoFam	1
15-May-2023	30d	alexa	brokenarrow7777777	1
15-May-2023	30d	alexa	yellowlinedpaper	1
15-May-2023	30d	alexa	boom-boom-butterfly	1
15-May-2023	30d	alexa	DragonWolf5589	1
15-May-2023	30d	alexa	mguod	1
15-May-2023	30d	alexa	FeanorsFamilyJewels	1
15-May-2023	30d	alexa	Impulse3000	1
15-May-2023	30d	alexa	DARKFiB3R	1
15-May-2023	30d	alexa	CoherentReceptor	1
15-May-2023	30d	alexa	iExtro13	1
15-May-2023	30d	alexa	Active-Drive-7749	1
15-May-2023	30d	alexa	Wolfie_Rankin	1
15-May-2023	30d	alexa	Gredo89	1
15-May-2023	30d	alexa	TREDOTCOM	1
15-May-2023	30d	alexa	TMNTFan99	1
15-May-2023	30d	alexa	OnionSilver1081	1
15-May-2023	30d	alexa	Minuspuma	1
15-May-2023	30d	alexa	mrezar	1
15-May-2023	30d	alexa	Wayne8766	1
15-May-2023	30d	alexa	joey133	1
15-May-2023	30d	alexa	roytay	1
15-May-2023	30d	alexa	ami2weird4u	1
15-May-2023	30d	alexa	Drillerfan	1
15-May-2023	30d	alexa	Ok-Possibility-7573	1
15-May-2023	30d	alexa	Sufficient_Subject95	1
15-May-2023	30d	alexa	LamzTheLlama	1
15-May-2023	30d	alexa	Japanda23	1
15-May-2023	30d	alexa	RR0925	1
15-May-2023	30d	alexa	KitWat	1
15-May-2023	30d	alexa	pixolz	1
15-May-2023	30d	alexa	Bluedemonde	1
15-May-2023	30d	alexa	ollieworkman	1
15-May-2023	30d	alexa	original_dr_mono	1
15-May-2023	30d	alexa	MAGunGuy	1
15-May-2023	30d	alexa	UnHivedMind	1
15-May-2023	30d	alexa	MrNumberOneMan	1
15-May-2023	30d	alexa	yeshereisaname	1
15-May-2023	30d	alexa	Safe_Shirt2416	1
15-May-2023	30d	alexa	froto_swaggin	1
15-May-2023	30d	alexa	OkilyNeighbour	1
15-May-2023	30d	alexa	SmashHitsHasReddit	1
15-May-2023	30d	alexa	kwoosh-	1
15-May-2023	30d	alexa	netrate	1
15-May-2023	30d	alexa	AmDDJunkie	1
15-May-2023	30d	alexa	MoistBridge1090	1
15-May-2023	30d	alexa	Willing-Bandicoot-55	1
15-May-2023	30d	alexa	tuhinkarmakar	1
15-May-2023	30d	alexa	OldShipwrecked	1
15-May-2023	30d	alexa	parrudelas	1
15-May-2023	30d	alexa	TurnoverNo5026	1
15-May-2023	30d	alexa	Cczwork	1
15-May-2023	30d	alexa	Comfortable-Fox9153	1
15-May-2023	30d	alexa	princesstillyenna	1
15-May-2023	30d	alexa	nivek_123k	1
15-May-2023	30d	alexa	mikerapegoobies	1
15-May-2023	30d	alexa	Sullhammer	1
15-May-2023	30d	alexa	SamBGB	1
15-May-2023	30d	alexa	lawn19	1
15-May-2023	30d	alexa	Simple-Cattle-3946	1
15-May-2023	30d	alexa	CuriousMe6987	1
15-May-2023	30d	alexa	Many_Appointment8632	1
15-May-2023	30d	alexa	shio14	1
15-May-2023	30d	alexa	speedstickman	1
15-May-2023	30d	alexa	diverdawg	1
15-May-2023	30d	alexa	pointlessbanter1	1
15-May-2023	30d	alexa	scrim415	1
15-May-2023	30d	alexa	yeaokaythatscool	1
15-May-2023	30d	alexa	mikeyshu	1
15-May-2023	30d	alexa	Omg_stop	1
15-May-2023	30d	alexa	LoiteringInNJ	1
15-May-2023	30d	alexa	Ahviaa224	1
15-May-2023	30d	alexa	tomlol	1
15-May-2023	30d	alexa	mymonkeyishungry	1
15-May-2023	30d	alexa	ActualMis	1
15-May-2023	30d	alexa	Miru8112	1
15-May-2023	30d	alexa	lostdrewid	1
15-May-2023	30d	alexa	Defiled92	1
15-May-2023	30d	alexa	ITSYABOIGALAXY	1
15-May-2023	30d	alexa	gdavison86	1
15-May-2023	30d	alexa	phil_o_matic	1
15-May-2023	30d	alexa	31456	1
15-May-2023	30d	alexa	talljerseyguy	1
15-May-2023	30d	alexa	klayface94	1
15-May-2023	30d	alexa	NoahC513	1
15-May-2023	30d	alexa	ArkaneArkade	1
15-May-2023	30d	alexa	WranglerWarm6850	1
15-May-2023	30d	alexa	Emergency-Cellist213	1
15-May-2023	30d	alexa	Tf_am_i_doing_here_	1
15-May-2023	30d	alexa	SamJones888999	1
15-May-2023	30d	alexa	basileus451	1
15-May-2023	30d	alexa	Adrian_enki_stories	1
15-May-2023	30d	alexa	JoeTunneyCBC	1
15-May-2023	30d	alexa	SquireBimtucklez	1
15-May-2023	30d	alexa	Minimum_Willow_7565	1
15-May-2023	30d	alexa	LLoadin	1
15-May-2023	30d	alexa	Current-Pin-3839	1
15-May-2023	30d	alexa	kibzandfriends	1
15-May-2023	30d	alexa	gersbersms	1
15-May-2023	30d	alexa	stoolzmclingo	1
15-May-2023	30d	alexa	MaurokNC	1
15-May-2023	30d	alexa	HiroshiHatake	1
15-May-2023	30d	alexa	Gizmify	1
15-May-2023	30d	alexa	Wibxu110	1
15-May-2023	30d	alexa	Illustrious-Block-94	1
15-May-2023	30d	alexa	shockingdevelopment	1
15-May-2023	30d	alexa	mgacnnytdk	1
15-May-2023	30d	alexa	JJGatti02	1
15-May-2023	30d	alexa	elroypaisley	1
15-May-2023	30d	alexa	Abalisk	1
15-May-2023	30d	alexa	donnie-bee	1
15-May-2023	30d	alexa	The-Voice-Of-Dog	1
15-May-2023	30d	alexa	DrPhollox	1
15-May-2023	30d	alexa	AdamSith85	1
15-May-2023	30d	alexa	rcatk42	1
15-May-2023	30d	alexa	DragonDude5741	1
15-May-2023	30d	alexa	Michael_10-4	1
15-May-2023	30d	alexa	AltinUrda	1
15-May-2023	30d	alexa	samuraidogparty	1
15-May-2023	30d	alexa	[deleted]	1
15-May-2023	30d	alexa	HazardSkii	1
15-May-2023	30d	alexa	OkGoose5057	1
15-May-2023	30d	alexa	bruklook	1
15-May-2023	30d	alexa	ofgamez__	1
15-May-2023	30d	alexa	yourmotherisfatt	1
15-May-2023	30d	alexa	Legitimate_Award3225	1
15-May-2023	30d	alexa	RandyBoBandy115	1
15-May-2023	30d	alexa	NEB32018	1
15-May-2023	30d	alexa	Numerous_Roof_9408	1
15-May-2023	30d	alexa	ExaltFibs24	1
15-May-2023	30d	alexa	BGen13	1
15-May-2023	30d	alexa	Aflyingmongoose	1
15-May-2023	30d	alexa	Piggy9896	1
15-May-2023	30d	alexa	singing_pizza_1	1
15-May-2023	30d	alexa	anus_reus	1
15-May-2023	30d	alexa	JdtheOp	1
15-May-2023	30d	alexa	jthtiger	1
15-May-2023	30d	alexa	jrdnmdhl	1
15-May-2023	30d	alexa	leobrescia	1
15-May-2023	30d	alexa	qrsyr	1
15-May-2023	30d	alexa	Jacque_Hass	1
15-May-2023	30d	alexa	anthonycsimone	1
15-May-2023	30d	alexa	thentangler	1
15-May-2023	30d	alexa	No_Mud8432	1
15-May-2023	30d	alexa	g76s8	1
15-May-2023	30d	alexa	DiogoBenigno	1
15-May-2023	30d	alexa	sickyasfricky	1
15-May-2023	30d	alexa	backpropstl	1
15-May-2023	30d	alexa	Mysterious-Alfalfa46	1
15-May-2023	30d	alexa	ttran857	1
15-May-2023	30d	alexa	hamo78	1
15-May-2023	30d	alexa	Bungild	1
15-May-2023	30d	alexa	KristyPDX	1
15-May-2023	30d	alexa	thezdude1234	1
15-May-2023	30d	alexa	argus4ever	1
15-May-2023	30d	alexa	bonnieboopz	1
15-May-2023	30d	alexa	howaboutnow4444	1
15-May-2023	30d	alexa	cmilkosk	1
15-May-2023	30d	alexa	vulcan_on_earth	1
15-May-2023	30d	alexa	Levinheaded0	1
15-May-2023	30d	alexa	Ayla19	1
15-May-2023	30d	alexa	dntcareboutdownvotes	1
15-May-2023	30d	alexa	PrivatePilot9	1
15-May-2023	30d	alexa	doubledare1	1
15-May-2023	30d	alexa	Letsgomic	1
15-May-2023	30d	alexa	MR_System_	1
15-May-2023	30d	alexa	vibbleboy	1
15-May-2023	30d	alexa	VargasIdiocy	1
15-May-2023	30d	alexa	Worldly_Sort5129	1
15-May-2023	30d	alexa	oOVraptorOo	1
15-May-2023	30d	alexa	reddshroom	1
15-May-2023	30d	alexa	foulblade	1
15-May-2023	30d	alexa	ATXthedude	1
15-May-2023	30d	alexa	KristinaBaker707	1
15-May-2023	30d	alexa	AdjunctSocrates	1
15-May-2023	30d	alexa	throwaway186736	1
15-May-2023	30d	alexa	Apple_546	1
15-May-2023	30d	alexa	-m1zu-	1
15-May-2023	30d	alexa	Phredee	1
15-May-2023	30d	alexa	CountessCraft	1
15-May-2023	30d	alexa	Specialist-Product45	1
15-May-2023	30d	alexa	PurelyPocketMons	1
15-May-2023	30d	alexa	MichR76	1
15-May-2023	30d	alexa	arpie	1
15-May-2023	30d	alexa	feroz2020	1
15-May-2023	30d	alexa	schalowendofthepool	1
15-May-2023	30d	alexa	MichaelWRossjr	1
15-May-2023	30d	alexa	kinderror666	1
15-May-2023	30d	alexa	Demigod_007	1
