query_date,before_date,subreddit,comment_author,comment_frequency
18-Apr-2023,0d,amazonprime,SirSlenderPhoenix,32
18-Apr-2023,0d,amazonprime,tserv95,28
18-Apr-2023,0d,amazonprime,Throwingshead,27
18-Apr-2023,0d,amazonprime,2Adude,26
18-Apr-2023,0d,amazonprime,AutoModerator,21
18-Apr-2023,0d,amazonprime,sibman,16
18-Apr-2023,0d,amazonprime,NashNobley,16
18-Apr-2023,0d,amazonprime,OneShot_Absolute,16
18-Apr-2023,0d,amazonprime,dnehiba3,14
18-Apr-2023,0d,amazonprime,IndiaEvans,13
18-Apr-2023,0d,amazonprime,neonturbo,12
18-Apr-2023,0d,amazonprime,Nickvetitoe,12
18-Apr-2023,0d,amazonprime,Fabulous_RedHead84,11
18-Apr-2023,0d,amazonprime,Mundane_Woodpecker33,11
18-Apr-2023,0d,amazonprime,Famous-Perspective-3,10
18-Apr-2023,0d,amazonprime,thesurfer_s,10
18-Apr-2023,0d,amazonprime,InsertBluescreenHere,8
18-Apr-2023,0d,amazonprime,Lauty_6,8
18-Apr-2023,0d,amazonprime,Doghouse6924,8
18-Apr-2023,0d,amazonprime,DonCBurr,8
18-Apr-2023,0d,amazonprime,antwonlevee,8
18-Apr-2023,0d,amazonprime,Geadz,7
18-Apr-2023,0d,amazonprime,SaturnMoloch,7
18-Apr-2023,0d,amazonprime,RedMapleBat,7
18-Apr-2023,0d,amazonprime,[deleted],6
18-Apr-2023,0d,amazonprime,AW2B,6
18-Apr-2023,0d,amazonprime,buxzythebeeeeeeee,6
18-Apr-2023,0d,amazonprime,Fun-Yak1271,6
18-Apr-2023,0d,amazonprime,unbreco,6
18-Apr-2023,0d,amazonprime,Alkohal,6
18-Apr-2023,0d,amazonprime,spisHjerner,6
18-Apr-2023,0d,amazonprime,noneintherub,6
18-Apr-2023,0d,amazonprime,server_maintenance,5
18-Apr-2023,0d,amazonprime,DevilChillin,5
18-Apr-2023,0d,amazonprime,Mea0521,5
18-Apr-2023,0d,amazonprime,mariaehs83,5
18-Apr-2023,0d,amazonprime,RandomChurn,5
18-Apr-2023,0d,amazonprime,BurntOrange101,5
18-Apr-2023,0d,amazonprime,joannew99,5
18-Apr-2023,0d,amazonprime,DaPearl3131,5
18-Apr-2023,0d,amazonprime,kgiann,5
18-Apr-2023,0d,amazonprime,HueLight_Enthusiasm,5
18-Apr-2023,0d,amazonprime,Alex_Biega,5
18-Apr-2023,0d,amazonprime,InlineSkateAdventure,5
18-Apr-2023,0d,amazonprime,Zealousideal_Cry_896,5
18-Apr-2023,0d,amazonprime,leftcoast-usa,5
18-Apr-2023,0d,amazonprime,FluffyBwear,5
18-Apr-2023,0d,amazonprime,middleCman,4
18-Apr-2023,0d,amazonprime,Shakyshane23,4
18-Apr-2023,0d,amazonprime,Rando631,4
18-Apr-2023,0d,amazonprime,Laura9624,4
18-Apr-2023,0d,amazonprime,jerryhou85,4
18-Apr-2023,0d,amazonprime,stickysamosa,4
18-Apr-2023,0d,amazonprime,Rogue_Expression,4
18-Apr-2023,0d,amazonprime,ChevChance,4
18-Apr-2023,0d,amazonprime,Pup5432,3
18-Apr-2023,0d,amazonprime,orenroffo,3
18-Apr-2023,0d,amazonprime,woodchuckernj,3
18-Apr-2023,0d,amazonprime,PRMan99,3
18-Apr-2023,0d,amazonprime,Admirable_Nothing,3
18-Apr-2023,0d,amazonprime,AmnesiaInnocent,3
18-Apr-2023,0d,amazonprime,Izzaeh,3
18-Apr-2023,0d,amazonprime,Pagan_Owl,3
18-Apr-2023,0d,amazonprime,Poulito,3
18-Apr-2023,0d,amazonprime,overdoing_it,3
18-Apr-2023,0d,amazonprime,Black64,3
18-Apr-2023,0d,amazonprime,Just_Low_1294,3
18-Apr-2023,0d,amazonprime,neverfailstodeliver,3
18-Apr-2023,0d,amazonprime,TheGermanMarshal,3
18-Apr-2023,0d,amazonprime,BadWulfGamer,3
18-Apr-2023,0d,amazonprime,orangeg8,3
18-Apr-2023,0d,amazonprime,yeswayvouvray,3
18-Apr-2023,0d,amazonprime,Fabulous-History-111,3
18-Apr-2023,0d,amazonprime,Confident_Maximum_51,3
18-Apr-2023,0d,amazonprime,LucyMor,3
18-Apr-2023,0d,amazonprime,mkdota,3
18-Apr-2023,0d,amazonprime,Interesting_Chip8065,3
18-Apr-2023,0d,amazonprime,Roz_420,3
18-Apr-2023,0d,amazonprime,HyperExp,3
18-Apr-2023,0d,amazonprime,katehenry4133,3
18-Apr-2023,0d,amazonprime,matsuya,3
18-Apr-2023,0d,amazonprime,mygirltien,3
18-Apr-2023,0d,amazonprime,ButIDontKnowWhereTo,3
18-Apr-2023,0d,amazonprime,SnarfinUSA,2
18-Apr-2023,0d,amazonprime,Brisketta,2
18-Apr-2023,0d,amazonprime,Unforgiventu,2
18-Apr-2023,0d,amazonprime,texasgalincali62,2
18-Apr-2023,0d,amazonprime,Tenn_Tux,2
18-Apr-2023,0d,amazonprime,californiadreaming36,2
18-Apr-2023,0d,amazonprime,PitifulConsequence32,2
18-Apr-2023,0d,amazonprime,Sniperman,2
18-Apr-2023,0d,amazonprime,Easy-Engineering2384,2
18-Apr-2023,0d,amazonprime,TeamStark31,2
18-Apr-2023,0d,amazonprime,frozenthorn,2
18-Apr-2023,0d,amazonprime,Sufficient-Formal292,2
18-Apr-2023,0d,amazonprime,Paddington_Fear,2
18-Apr-2023,0d,amazonprime,Global-Yak6159,2
18-Apr-2023,0d,amazonprime,i_am_tyler_man,2
18-Apr-2023,0d,amazonprime,iizakill,2
18-Apr-2023,0d,amazonprime,azewonder,2
18-Apr-2023,0d,amazonprime,JLSaun,2
18-Apr-2023,0d,amazonprime,Mthrfckr19,2
18-Apr-2023,0d,amazonprime,kishi5,2
18-Apr-2023,0d,amazonprime,Carcrasher89,2
18-Apr-2023,0d,amazonprime,inakarmacoma,2
18-Apr-2023,0d,amazonprime,Quantum168,2
18-Apr-2023,0d,amazonprime,mike_oxlong88888888,2
18-Apr-2023,0d,amazonprime,ButterflyInfinite746,2
18-Apr-2023,0d,amazonprime,Letterhead882,2
18-Apr-2023,0d,amazonprime,SurveySaysX,2
18-Apr-2023,0d,amazonprime,Tankgirl1999,2
18-Apr-2023,0d,amazonprime,bluezap2020,2
18-Apr-2023,0d,amazonprime,Last_In,2
18-Apr-2023,0d,amazonprime,Run-when-chased,2
18-Apr-2023,0d,amazonprime,NiceGiraffes,2
18-Apr-2023,0d,amazonprime,Sea_Two6214,2
18-Apr-2023,0d,amazonprime,cottercutie,2
18-Apr-2023,0d,amazonprime,FFX-2,2
18-Apr-2023,0d,amazonprime,Blueeee119,2
18-Apr-2023,0d,amazonprime,4566nb,2
18-Apr-2023,0d,amazonprime,Bass27,2
18-Apr-2023,0d,amazonprime,OutinDaBarn,2
18-Apr-2023,0d,amazonprime,Ornery_Mix_2628,2
18-Apr-2023,0d,amazonprime,OleRoy2023,2
18-Apr-2023,0d,amazonprime,shitpplsay,2
18-Apr-2023,0d,amazonprime,Sharksrmydrug,2
18-Apr-2023,0d,amazonprime,Sighwtfman,2
18-Apr-2023,0d,amazonprime,PotentialEssay9747,2
18-Apr-2023,0d,amazonprime,PapaDoupa,2
18-Apr-2023,0d,amazonprime,Dune_Caladin,2
18-Apr-2023,0d,amazonprime,DoAndroidsDrmOfSheep,2
18-Apr-2023,0d,amazonprime,albussyburgers65,2
18-Apr-2023,0d,amazonprime,Stromberg-Carlson,2
18-Apr-2023,0d,amazonprime,Rude_Willingness5088,2
18-Apr-2023,0d,amazonprime,jerlwe,2
18-Apr-2023,0d,amazonprime,Dangerous-Ad3651,2
18-Apr-2023,0d,amazonprime,Professor_squirrelz,2
18-Apr-2023,0d,amazonprime,hello_alikittty,2
18-Apr-2023,0d,amazonprime,Ray186,2
18-Apr-2023,0d,amazonprime,amerifolklegend,2
18-Apr-2023,0d,amazonprime,Procrastinating_Kar,2
18-Apr-2023,0d,amazonprime,Wills4291,2
18-Apr-2023,0d,amazonprime,Sernas7,2
18-Apr-2023,0d,amazonprime,Fancy-Half8,2
18-Apr-2023,0d,amazonprime,julesallen,2
18-Apr-2023,0d,amazonprime,Bill_r_i,2
18-Apr-2023,0d,amazonprime,daleybread,2
18-Apr-2023,0d,amazonprime,lordnecro,2
18-Apr-2023,0d,amazonprime,CptHammer_,2
18-Apr-2023,0d,amazonprime,bitcoins,2
18-Apr-2023,0d,amazonprime,jhawk2k18,1
18-Apr-2023,0d,amazonprime,Maleficent-Clock8109,1
18-Apr-2023,0d,amazonprime,dougc84,1
18-Apr-2023,0d,amazonprime,Look_itsfrickenbats,1
18-Apr-2023,0d,amazonprime,oh2ridemore,1
18-Apr-2023,0d,amazonprime,aslauda,1
18-Apr-2023,0d,amazonprime,Livid_Manager_3638,1
18-Apr-2023,0d,amazonprime,Working-Baker9049,1
18-Apr-2023,0d,amazonprime,MidwestBulldog,1
18-Apr-2023,0d,amazonprime,Shadow99688,1
18-Apr-2023,0d,amazonprime,Lizarisus,1
18-Apr-2023,0d,amazonprime,BirthdayCommercial78,1
18-Apr-2023,0d,amazonprime,Jayman_777,1
18-Apr-2023,0d,amazonprime,stargazertony,1
18-Apr-2023,0d,amazonprime,RootinTootinMe,1
18-Apr-2023,0d,amazonprime,rottentomati,1
18-Apr-2023,0d,amazonprime,pdaphone,1
18-Apr-2023,0d,amazonprime,tokedogg,1
18-Apr-2023,0d,amazonprime,J3ST3Rx,1
18-Apr-2023,0d,amazonprime,link575,1
18-Apr-2023,0d,amazonprime,Border_Relevant,1
18-Apr-2023,0d,amazonprime,ayryq,1
18-Apr-2023,0d,amazonprime,Fastproblem223,1
18-Apr-2023,0d,amazonprime,XfoXshoreX,1
18-Apr-2023,0d,amazonprime,AvaniSimcha,1
18-Apr-2023,0d,amazonprime,TaysenT01,1
18-Apr-2023,0d,amazonprime,ShaneE11183386,1
18-Apr-2023,0d,amazonprime,bucktownnnn,1
18-Apr-2023,0d,amazonprime,SanctusDominus,1
18-Apr-2023,0d,amazonprime,JosePrettyChili,1
18-Apr-2023,0d,amazonprime,fetustomper,1
18-Apr-2023,0d,amazonprime,Lindy006,1
18-Apr-2023,0d,amazonprime,Dependent_Reason1701,1
18-Apr-2023,0d,amazonprime,HippieSqueak,1
18-Apr-2023,0d,amazonprime,iplayonreddit,1
18-Apr-2023,0d,amazonprime,Ahohbimo,1
18-Apr-2023,0d,amazonprime,kseulgisbaby,1
18-Apr-2023,0d,amazonprime,vampiretits,1
18-Apr-2023,0d,amazonprime,chechenz95,1
18-Apr-2023,0d,amazonprime,Antiwokee,1
18-Apr-2023,0d,amazonprime,LeakyNipples05,1
18-Apr-2023,0d,amazonprime,perfectfate,1
18-Apr-2023,0d,amazonprime,cluelessminer,1
18-Apr-2023,0d,amazonprime,twocats0791,1
18-Apr-2023,0d,amazonprime,justiyad,1
18-Apr-2023,0d,amazonprime,scrapqueen,1
18-Apr-2023,0d,amazonprime,apricotkilla,1
18-Apr-2023,0d,amazonprime,love_you_more_,1
18-Apr-2023,0d,amazonprime,curlyredss,1
18-Apr-2023,0d,amazonprime,Beans650,1
18-Apr-2023,0d,amazonprime,ForeverStraight4443,1
18-Apr-2023,0d,amazonprime,Jennrrrs,1
18-Apr-2023,0d,amazonprime,Bruins37FTW,1
18-Apr-2023,0d,amazonprime,justhere2getadvice92,1
18-Apr-2023,0d,amazonprime,420partybus420,1
18-Apr-2023,0d,amazonprime,jpconard,1
18-Apr-2023,0d,amazonprime,Clark_n_gable,1
18-Apr-2023,0d,amazonprime,bootsand,1
18-Apr-2023,0d,amazonprime,addlefield,1
18-Apr-2023,0d,amazonprime,SnooKiwis4827,1
18-Apr-2023,0d,amazonprime,TokenGrowNutes,1
18-Apr-2023,0d,amazonprime,sbjkt,1
18-Apr-2023,0d,amazonprime,DiligentLibra,1
18-Apr-2023,0d,amazonprime,RawScallop,1
18-Apr-2023,0d,amazonprime,MrPineApples420,1
18-Apr-2023,0d,amazonprime,ar2d266,1
18-Apr-2023,0d,amazonprime,Brilliant_Point2810,1
18-Apr-2023,0d,amazonprime,PoliticalNerd87,1
18-Apr-2023,0d,amazonprime,Calvinsky,1
18-Apr-2023,0d,amazonprime,Fluffer_Wuffer,1
18-Apr-2023,0d,amazonprime,BrandonKetcha,1
18-Apr-2023,0d,amazonprime,Moctezuma1,1
18-Apr-2023,0d,amazonprime,fadedpunk,1
18-Apr-2023,0d,amazonprime,purplepelly,1
18-Apr-2023,0d,amazonprime,paulsmt,1
18-Apr-2023,0d,amazonprime,notarealgrownup,1
18-Apr-2023,0d,amazonprime,Star13104,1
18-Apr-2023,0d,amazonprime,nekowa88,1
18-Apr-2023,0d,amazonprime,crazy7rob,1
18-Apr-2023,0d,amazonprime,tritron,1
18-Apr-2023,0d,amazonprime,ProbablyAnAlt003,1
18-Apr-2023,0d,amazonprime,Solidux,1
18-Apr-2023,0d,amazonprime,Nikurou,1
18-Apr-2023,0d,amazonprime,cubeeless,1
18-Apr-2023,0d,amazonprime,webbrewers,1
18-Apr-2023,0d,amazonprime,AxelrodRanger,1
18-Apr-2023,0d,amazonprime,akzj,1
18-Apr-2023,0d,amazonprime,dukesinatra,1
18-Apr-2023,0d,amazonprime,Cheezewiz239,1
18-Apr-2023,0d,amazonprime,Fearless-Animator-16,1
18-Apr-2023,0d,amazonprime,QuirkyRefrigerator56,1
18-Apr-2023,0d,amazonprime,Select-Weekend-1549,1
18-Apr-2023,0d,amazonprime,dangel84,1
18-Apr-2023,0d,amazonprime,Wild_Mountain1780,1
18-Apr-2023,0d,amazonprime,Special-Resolve-7667,1
18-Apr-2023,0d,amazonprime,Hangry_lemon,1
18-Apr-2023,0d,amazonprime,nosleepbrooklynn,1
18-Apr-2023,0d,amazonprime,judyw2009,1
18-Apr-2023,0d,amazonprime,Adventurous_Essay763,1
18-Apr-2023,0d,amazonprime,fallowdeer,1
18-Apr-2023,0d,amazonprime,ahabthecrusader,1
18-Apr-2023,0d,amazonprime,Xaoso99,1
18-Apr-2023,0d,amazonprime,SendPie42069,1
18-Apr-2023,0d,amazonprime,mfthrowaway4444,1
18-Apr-2023,0d,amazonprime,CobaltForest,1
18-Apr-2023,0d,amazonprime,josemartinlopez,1
18-Apr-2023,0d,amazonprime,ArmchairFilosopher,1
18-Apr-2023,0d,amazonprime,Unusual-Jury-1516,1
18-Apr-2023,0d,amazonprime,Rc30stm,1
18-Apr-2023,0d,amazonprime,Vilkath,1
18-Apr-2023,0d,amazonprime,ExcitementLegal3093,1
18-Apr-2023,0d,amazonprime,Helpful_Maize1308,1
18-Apr-2023,0d,amazonprime,ComputerRound3376,1
18-Apr-2023,0d,amazonprime,haiggy,1
18-Apr-2023,0d,amazonprime,tktrugby,1
18-Apr-2023,0d,amazonprime,ZootedZombie5,1
18-Apr-2023,0d,amazonprime,DeliciousMidnight3,1
18-Apr-2023,0d,amazonprime,wehadatime,1
18-Apr-2023,0d,amazonprime,ScarecrowSoze,1
18-Apr-2023,0d,amazonprime,BigMacRedneck,1
18-Apr-2023,0d,amazonprime,Worldismine303,1
18-Apr-2023,0d,amazonprime,travelBandita,1
18-Apr-2023,0d,amazonprime,Blondie71511,1
18-Apr-2023,0d,amazonprime,grave2smoke,1
18-Apr-2023,0d,amazonprime,AnacharsisIV,1
18-Apr-2023,0d,amazonprime,NikeSwoosh24,1
18-Apr-2023,0d,amazonprime,mreed911,1
18-Apr-2023,0d,amazonprime,Usual_West_5945,1
18-Apr-2023,0d,amazonprime,Separate_Mushroom828,1
18-Apr-2023,0d,amazonprime,diezel_dave,1
18-Apr-2023,0d,amazonprime,crankyanker638,1
18-Apr-2023,0d,amazonprime,Animal-Crackers,1
18-Apr-2023,0d,amazonprime,Hotwifeobsessed,1
18-Apr-2023,0d,amazonprime,Zmitebambino,1
18-Apr-2023,0d,amazonprime,AostaV,1
18-Apr-2023,0d,amazonprime,Coliver1991,1
18-Apr-2023,0d,amazonprime,danielkotkk,1
18-Apr-2023,0d,amazonprime,Regal_Begal_100,1
18-Apr-2023,0d,amazonprime,mamma-chaos2,1
18-Apr-2023,0d,amazonprime,BananaKuma,1
18-Apr-2023,0d,amazonprime,flipped__,1
18-Apr-2023,0d,amazonprime,ReturnedSword,1
18-Apr-2023,0d,amazonprime,Nervous_Ad_5583,1
18-Apr-2023,0d,amazonprime,EarlOfFunk,1
18-Apr-2023,0d,amazonprime,junz415,1
18-Apr-2023,0d,amazonprime,reddit12jo,1
18-Apr-2023,0d,amazonprime,weedandbombs,1
18-Apr-2023,0d,amazonprime,kpcloud,1
18-Apr-2023,0d,amazonprime,Rdguillen23,1
18-Apr-2023,0d,amazonprime,daveygeek,1
18-Apr-2023,0d,amazonprime,WATOCATOWA,1
18-Apr-2023,0d,amazonprime,BatFastardRedditor,1
18-Apr-2023,0d,amazonprime,UOLZEPHYR,1
18-Apr-2023,0d,amazonprime,DogloverinBC,1
18-Apr-2023,0d,amazonprime,C_A_Willis,1
18-Apr-2023,0d,amazonprime,LincolnshireSausage,1
18-Apr-2023,0d,amazonprime,NotAnActualEmu,1
18-Apr-2023,0d,amazonprime,LessonNyne,1
18-Apr-2023,0d,amazonprime,CreativismUK,1
18-Apr-2023,0d,amazonprime,Dulce_Sirena,1
18-Apr-2023,0d,amazonprime,OnionTruck,1
18-Apr-2023,0d,amazonprime,Le_Epic_GodGamer,1
18-Apr-2023,0d,amazonprime,smlenewbie,1
18-Apr-2023,0d,amazonprime,InsaniD69,1
18-Apr-2023,0d,amazonprime,TechnicalRow9892,1
18-Apr-2023,0d,amazonprime,ProcedureThink9800,1
18-Apr-2023,0d,amazonprime,ObviouslyNoBot,1
18-Apr-2023,0d,amazonprime,StellaKreuz,1
18-Apr-2023,0d,amazonprime,IHate2ChooseUserName,1
18-Apr-2023,0d,amazonprime,unsullied65,1
18-Apr-2023,0d,amazonprime,Full_Working_883,1
18-Apr-2023,0d,amazonprime,Prestigious-Zebra871,1
18-Apr-2023,0d,amazonprime,WaffleBot626,1
18-Apr-2023,0d,amazonprime,TardyBacardi,1
18-Apr-2023,0d,amazonprime,ExRousseauScholar,1
18-Apr-2023,0d,amazonprime,Few-Ad-4666,1
18-Apr-2023,0d,amazonprime,BucketOfYourBrother,1
18-Apr-2023,0d,amazonprime,Shadymouse,1
18-Apr-2023,0d,amazonprime,cherriesandmilk,1
18-Apr-2023,0d,amazonprime,-Mr_Rogers_II,1
18-Apr-2023,0d,amazonprime,AlmostRandomName,1
18-Apr-2023,0d,amazonprime,Denny_Crane_007,1
18-Apr-2023,0d,amazonprime,exclaim_bot,1
18-Apr-2023,0d,amazonprime,whizewhan,1
18-Apr-2023,0d,amazonprime,Philepay,1
18-Apr-2023,0d,amazonprime,Prof_Labcoat,1
18-Apr-2023,0d,amazonprime,bynobodyspecial,1
18-Apr-2023,0d,amazonprime,MrGrumpy252,1
18-Apr-2023,0d,amazonprime,spacewalk__,1
18-Apr-2023,0d,amazonprime,BoostedBill96,1
18-Apr-2023,0d,amazonprime,Puzzleheaded-Hope821,1
18-Apr-2023,0d,amazonprime,5oLiTu2e,1
18-Apr-2023,0d,amazonprime,Advanced-Cow-8190,1
18-Apr-2023,0d,amazonprime,DryTransportation294,1
18-Apr-2023,0d,amazonprime,Zorgsmom,1
18-Apr-2023,0d,amazonprime,Electronic-Fix2851,1
18-Apr-2023,0d,amazonprime,Womeisyourfwiend,1
18-Apr-2023,0d,amazonprime,Beautiful_Log_1191,1
18-Apr-2023,0d,amazonprime,drm200,1
18-Apr-2023,0d,amazonprime,MinerAlum,1
18-Apr-2023,0d,amazonprime,jwolthuis,1
18-Apr-2023,0d,amazonprime,unnamed_elder_entity,1
18-Apr-2023,0d,amazonprime,vinnie5451,1
18-Apr-2023,0d,amazonprime,rgvtim,1
18-Apr-2023,0d,amazonprime,rmzalbar,1
18-Apr-2023,0d,amazonprime,tigerlily38,1
18-Apr-2023,0d,amazonprime,axionic,1
18-Apr-2023,0d,amazonprime,Iworshipokkoto,1
18-Apr-2023,0d,amazonprime,bigbabytdot,1
18-Apr-2023,0d,amazonprime,LightningTF2,1
18-Apr-2023,0d,amazonprime,kimblem,1
18-Apr-2023,0d,amazonprime,ThurstonHowell3rd,1
18-Apr-2023,0d,amazonprime,LongjumpingTicket798,1
18-Apr-2023,0d,amazonprime,Lexistarlight,1
18-Apr-2023,0d,amazonprime,AKHwyJunkie,1
18-Apr-2023,0d,amazonprime,jallenclark,1
18-Apr-2023,0d,amazonprime,Agent_Smith_345,1
18-Apr-2023,0d,amazonprime,onlygoesup2503,1
18-Apr-2023,0d,amazonprime,DlnnerTable,1
18-Apr-2023,0d,amazonprime,AFlockofLizards,1
18-Apr-2023,0d,amazonprime,shadowseeker3658,1
18-Apr-2023,0d,amazonprime,Big-Sea-7348,1
18-Apr-2023,0d,amazonprime,Bumble-Bee17,1
18-Apr-2023,0d,amazonprime,wewillseetoday,1
18-Apr-2023,0d,amazonprime,mereikat,1
18-Apr-2023,0d,amazonprime,hawaiidesperado,1
18-Apr-2023,0d,amazonprime,okeanosreddit,1
18-Apr-2023,0d,amazonprime,possiblycrazy79,1
18-Apr-2023,0d,amazonprime,NemoJones,1
18-Apr-2023,0d,amazonprime,Unykorn,1
18-Apr-2023,0d,amazonprime,burnt_out_dev,1
18-Apr-2023,0d,amazonprime,rinpun,1
18-Apr-2023,0d,amazonprime,UtimiUtimi,1
18-Apr-2023,0d,amazonprime,aeradicate,1
18-Apr-2023,0d,amazonprime,psycho_koala123,1
18-Apr-2023,0d,amazonprime,knuckboy,1
18-Apr-2023,0d,amazonprime,ajsuperparty,1
18-Apr-2023,0d,amazonprime,iilordd,1
18-Apr-2023,0d,amazonprime,Siigari,1
18-Apr-2023,0d,amazonprime,bobbytwenty,1
18-Apr-2023,0d,amazonprime,SIMCARUS,1
18-Apr-2023,0d,amazonprime,TomatoEagle,1
18-Apr-2023,0d,amazonprime,jbrasco,1
18-Apr-2023,0d,amazonprime,bolapara,1
18-Apr-2023,0d,amazonprime,erniebanksgocubbies,1
18-Apr-2023,0d,amazonprime,BlueSlipperDaughter,1
18-Apr-2023,0d,amazonprime,zuluzzz,1
18-Apr-2023,0d,amazonprime,Teanaway99,1
18-Apr-2023,0d,amazonprime,isthatyouSanta,1
18-Apr-2023,0d,amazonprime,ZeceleOnReddit,1
18-Apr-2023,0d,amazonprime,DesignHead9206,1
18-Apr-2023,0d,amazonprime,CraftFeeling12345,1
18-Apr-2023,0d,amazonprime,sellittotheMAX12,1
18-Apr-2023,0d,amazonprime,T_bunn,1
18-Apr-2023,0d,amazonprime,corndog819,1
18-Apr-2023,0d,amazonprime,Cantbearsedman,1
18-Apr-2023,0d,amazonprime,Prestigious_Milk8178,1
18-Apr-2023,0d,amazonprime,urmum1239,1
18-Apr-2023,0d,amazonprime,TheNotBlindman,1
18-Apr-2023,0d,amazonprime,Ilovelegs723,1
18-Apr-2023,0d,amazonprime,steven82792,1
18-Apr-2023,0d,amazonprime,soccermom545,1
18-Apr-2023,0d,amazonprime,CampbellArmada,1
18-Apr-2023,0d,amazonprime,South_Couple_2500,1
18-Apr-2023,0d,amazonprime,strawberrispaghetti,1
18-Apr-2023,0d,amazonprime,StWens,1
18-Apr-2023,0d,amazonprime,FollowingAromatic,1
18-Apr-2023,0d,amazonprime,moonbeam127,1
18-Apr-2023,0d,amazonprime,Past-Option2702,1
18-Apr-2023,0d,amazonprime,Rhinozip,1
18-Apr-2023,0d,amazonprime,glbltvlr,1
18-Apr-2023,0d,amazonprime,Puzzleheaded_Year_24,1
18-Apr-2023,0d,amazonprime,Low_Pirate8760,1
18-Apr-2023,0d,amazonprime,KoexD,1
18-Apr-2023,0d,amazonprime,Turbulent-Try-393,1
18-Apr-2023,0d,amazonprime,Aymbition,1
18-Apr-2023,0d,amazonprime,bubbamike1,1
18-Apr-2023,0d,amazonprime,safetaco,1
18-Apr-2023,0d,amazonprime,whyareyouaskingmeme,1
18-Apr-2023,0d,amazonprime,TheMcDeal,1
18-Apr-2023,0d,amazonprime,ZaftigFeline,1
18-Apr-2023,0d,amazonprime,Alastair_G,1
18-Apr-2023,0d,amazonprime,DesertStorm480,1
18-Apr-2023,0d,amazonprime,Longtime_Noob,1
18-Apr-2023,0d,amazonprime,dopest_dope,1
18-Apr-2023,0d,amazonprime,jtbis,1
18-Apr-2023,0d,amazonprime,TrollLolLol1,1
18-Apr-2023,0d,amazonprime,omeow,1
