query_date,before_date,subreddit,submission_author,submission_frequency
18-Apr-2023,0d,amazonprime,moonbeam127,5
18-Apr-2023,0d,amazonprime,2Adude,4
18-Apr-2023,0d,amazonprime,Helpful_Maize1308,4
18-Apr-2023,0d,amazonprime,Dirtyfactz,4
18-Apr-2023,0d,amazonprime,[deleted],4
18-Apr-2023,0d,amazonprime,Futants_,3
18-Apr-2023,0d,amazonprime,RomanRoyIsSlimy,3
18-Apr-2023,0d,amazonprime,MiserableAd7331,3
18-Apr-2023,0d,amazonprime,Mud_666,3
18-Apr-2023,0d,amazonprime,detroit_muslim_man_,3
18-Apr-2023,0d,amazonprime,Anik997,3
18-Apr-2023,0d,amazonprime,knowthis22,3
18-Apr-2023,0d,amazonprime,MrsSmiles09,3
18-Apr-2023,0d,amazonprime,ShipOfOaths,3
18-Apr-2023,0d,amazonprime,nosleepbrooklynn,2
18-Apr-2023,0d,amazonprime,danielkotkk,2
18-Apr-2023,0d,amazonprime,tserv95,2
18-Apr-2023,0d,amazonprime,Both-Complaint-2536,2
18-Apr-2023,0d,amazonprime,Alkohal,2
18-Apr-2023,0d,amazonprime,katehenry4133,2
18-Apr-2023,0d,amazonprime,JustADesignerDogToy,2
18-Apr-2023,0d,amazonprime,akool_technology,2
18-Apr-2023,0d,amazonprime,xncee,2
18-Apr-2023,0d,amazonprime,Brief_Perception_774,2
18-Apr-2023,0d,amazonprime,RandomName0413,2
18-Apr-2023,0d,amazonprime,OnePiglet3249,2
18-Apr-2023,0d,amazonprime,New-Analysis8054,2
18-Apr-2023,0d,amazonprime,elcigala20,2
18-Apr-2023,0d,amazonprime,bobyoung132,2
18-Apr-2023,0d,amazonprime,norse_torious,2
18-Apr-2023,0d,amazonprime,Makeupaholicx,2
18-Apr-2023,0d,amazonprime,Nickvetitoe,2
18-Apr-2023,0d,amazonprime,louislamore,2
18-Apr-2023,0d,amazonprime,Sadosamko,2
18-Apr-2023,0d,amazonprime,gwbraa,2
18-Apr-2023,0d,amazonprime,johnnyZebra10,2
18-Apr-2023,0d,amazonprime,BreakfastAgreeable89,2
18-Apr-2023,0d,amazonprime,nervouslaughterhehe,2
18-Apr-2023,0d,amazonprime,rabidcoyote345,2
18-Apr-2023,0d,amazonprime,ibzcnote604,2
18-Apr-2023,0d,amazonprime,zealousmajor,2
18-Apr-2023,0d,amazonprime,Ok_Homies_2,2
18-Apr-2023,0d,amazonprime,Ajdatrizziest,2
18-Apr-2023,0d,amazonprime,Working_Incident_877,2
18-Apr-2023,0d,amazonprime,axionic,2
18-Apr-2023,0d,amazonprime,scrapqueen,2
18-Apr-2023,0d,amazonprime,VauIt-Tec,2
18-Apr-2023,0d,amazonprime,diezel_dave,2
18-Apr-2023,0d,amazonprime,deejayv2,2
18-Apr-2023,0d,amazonprime,b1ackm1st,2
18-Apr-2023,0d,amazonprime,cabinet_door,2
18-Apr-2023,0d,amazonprime,corinne822,2
18-Apr-2023,0d,amazonprime,mrminutehand,2
18-Apr-2023,0d,amazonprime,innoswimmer,2
18-Apr-2023,0d,amazonprime,0xjustin0xx,2
18-Apr-2023,0d,amazonprime,phearr,2
18-Apr-2023,0d,amazonprime,No-Beach-9981,2
18-Apr-2023,0d,amazonprime,Pristine-Snow5526,2
18-Apr-2023,0d,amazonprime,Worth_Smoke_1012,2
18-Apr-2023,0d,amazonprime,Famous-Perspective-3,2
18-Apr-2023,0d,amazonprime,iHappyDragneel,2
18-Apr-2023,0d,amazonprime,itzyampy,1
18-Apr-2023,0d,amazonprime,HowitzerZak,1
18-Apr-2023,0d,amazonprime,iplayonreddit,1
18-Apr-2023,0d,amazonprime,justiyad,1
18-Apr-2023,0d,amazonprime,aarav_21,1
18-Apr-2023,0d,amazonprime,TheZipperDragon,1
18-Apr-2023,0d,amazonprime,The_Crab_Maestro,1
18-Apr-2023,0d,amazonprime,Sufficient-Formal292,1
18-Apr-2023,0d,amazonprime,justhere2getadvice92,1
18-Apr-2023,0d,amazonprime,darksylveon0,1
18-Apr-2023,0d,amazonprime,DiligentLibra,1
18-Apr-2023,0d,amazonprime,ShaneE11183386,1
18-Apr-2023,0d,amazonprime,sapnapsmain,1
18-Apr-2023,0d,amazonprime,anxiousdreamer333,1
18-Apr-2023,0d,amazonprime,Star13104,1
18-Apr-2023,0d,amazonprime,spiderpuzzle,1
18-Apr-2023,0d,amazonprime,Lamar_Cooper,1
18-Apr-2023,0d,amazonprime,1zvx,1
18-Apr-2023,0d,amazonprime,akzj,1
18-Apr-2023,0d,amazonprime,Pagan_Owl,1
18-Apr-2023,0d,amazonprime,CutDapper985,1
18-Apr-2023,0d,amazonprime,dino568,1
18-Apr-2023,0d,amazonprime,itsfineimfinee,1
18-Apr-2023,0d,amazonprime,Routine_Ad6477,1
18-Apr-2023,0d,amazonprime,9mmNATO,1
18-Apr-2023,0d,amazonprime,neverfailstodeliver,1
18-Apr-2023,0d,amazonprime,Special-Resolve-7667,1
18-Apr-2023,0d,amazonprime,daniramm,1
18-Apr-2023,0d,amazonprime,TheGermanMarshal,1
18-Apr-2023,0d,amazonprime,sorryformyquestion,1
18-Apr-2023,0d,amazonprime,Automatic-Juice8451,1
18-Apr-2023,0d,amazonprime,NashNobley,1
18-Apr-2023,0d,amazonprime,brighterblue,1
18-Apr-2023,0d,amazonprime,AnacharsisIV,1
18-Apr-2023,0d,amazonprime,Tesseract_512,1
18-Apr-2023,0d,amazonprime,Hwiggins05,1
18-Apr-2023,0d,amazonprime,Just_Low_1294,1
18-Apr-2023,0d,amazonprime,BadWulfGamer,1
18-Apr-2023,0d,amazonprime,Regal_Begal_100,1
18-Apr-2023,0d,amazonprime,Alex_Biega,1
18-Apr-2023,0d,amazonprime,flipped__,1
18-Apr-2023,0d,amazonprime,erin214,1
18-Apr-2023,0d,amazonprime,Lauty_6,1
18-Apr-2023,0d,amazonprime,reddit12jo,1
18-Apr-2023,0d,amazonprime,forceget,1
18-Apr-2023,0d,amazonprime,albussyburgers65,1
18-Apr-2023,0d,amazonprime,SaturnMoloch,1
18-Apr-2023,0d,amazonprime,StellaKreuz,1
18-Apr-2023,0d,amazonprime,FluidQuarter9269,1
18-Apr-2023,0d,amazonprime,stickysamosa,1
18-Apr-2023,0d,amazonprime,Rude_Willingness5088,1
18-Apr-2023,0d,amazonprime,OleRoy2023,1
18-Apr-2023,0d,amazonprime,doguer26,1
18-Apr-2023,0d,amazonprime,DreamAlice,1
18-Apr-2023,0d,amazonprime,LucyMor,1
18-Apr-2023,0d,amazonprime,ChevChance,1
18-Apr-2023,0d,amazonprime,snapandrew,1
18-Apr-2023,0d,amazonprime,All_Hale_sqwidward,1
18-Apr-2023,0d,amazonprime,mkdota,1
18-Apr-2023,0d,amazonprime,Rdguillen23,1
18-Apr-2023,0d,amazonprime,noneintherub,1
18-Apr-2023,0d,amazonprime,Siigari,1
18-Apr-2023,0d,amazonprime,antwonlevee,1
18-Apr-2023,0d,amazonprime,SourceAwkward,1
18-Apr-2023,0d,amazonprime,TheNotBlindman,1
18-Apr-2023,0d,amazonprime,redvariation,1
18-Apr-2023,0d,amazonprime,MrRakso,1
18-Apr-2023,0d,amazonprime,NinoZachetti,1
18-Apr-2023,0d,amazonprime,FluffyBwear,1
18-Apr-2023,0d,amazonprime,KoexD,1
18-Apr-2023,0d,amazonprime,CMic_,1
18-Apr-2023,0d,amazonprime,Mundane_Woodpecker33,1
18-Apr-2023,0d,amazonprime,IronFlight7,1
18-Apr-2023,0d,amazonprime,Bill_r_i,1
18-Apr-2023,0d,amazonprime,howisaraven,1
18-Apr-2023,0d,amazonprime,photoman02122,1
18-Apr-2023,0d,amazonprime,mysweettoaster,1
18-Apr-2023,0d,amazonprime,FullMetalDegenerate,1
18-Apr-2023,0d,amazonprime,Routine-Chemical-981,1
18-Apr-2023,0d,amazonprime,No_Ambassador_3249,1
18-Apr-2023,0d,amazonprime,wrestlingchampo,1
18-Apr-2023,0d,amazonprime,64-Savage,1
18-Apr-2023,0d,amazonprime,Squzzlebuttt,1
18-Apr-2023,0d,amazonprime,topographx,1
18-Apr-2023,0d,amazonprime,Previous-Iron-4165,1
18-Apr-2023,0d,amazonprime,marshmallowpenguiner,1
18-Apr-2023,0d,amazonprime,Bomberbob93,1
18-Apr-2023,0d,amazonprime,xrpreqmaximalist,1
18-Apr-2023,0d,amazonprime,toughtshunter,1
18-Apr-2023,0d,amazonprime,BlueWaterGirl,1
18-Apr-2023,0d,amazonprime,Cinderada,1
18-Apr-2023,0d,amazonprime,Most_Analysis4037,1
18-Apr-2023,0d,amazonprime,LightningTF2,1
18-Apr-2023,0d,amazonprime,vj2828,1
18-Apr-2023,0d,amazonprime,Chuusem,1
18-Apr-2023,0d,amazonprime,byeboieie,1
18-Apr-2023,0d,amazonprime,bkdlays,1
18-Apr-2023,0d,amazonprime,goodsnpr,1
18-Apr-2023,0d,amazonprime,kinovi,1
18-Apr-2023,0d,amazonprime,MammothAngle4970,1
18-Apr-2023,0d,amazonprime,TechnicalRow9892,1
18-Apr-2023,0d,amazonprime,Cantbearsedman,1
18-Apr-2023,0d,amazonprime,Kikketer,1
18-Apr-2023,0d,amazonprime,PitifulConsequence32,1
18-Apr-2023,0d,amazonprime,anxikitty,1
18-Apr-2023,0d,amazonprime,Narrow-Spend-4813,1
18-Apr-2023,0d,amazonprime,kaleygrrl,1
18-Apr-2023,0d,amazonprime,aleques-itj,1
18-Apr-2023,0d,amazonprime,BreadWaste3408,1
18-Apr-2023,0d,amazonprime,SignificantEchidna,1
18-Apr-2023,0d,amazonprime,skulderflexator,1
18-Apr-2023,0d,amazonprime,Aggravating_Egg_6149,1
18-Apr-2023,0d,amazonprime,Dexdxss_,1
18-Apr-2023,0d,amazonprime,EpicFuturist,1
18-Apr-2023,0d,amazonprime,Troyaferd,1
18-Apr-2023,0d,amazonprime,GiveawaysTodayHooray,1
18-Apr-2023,0d,amazonprime,TLSOK,1
18-Apr-2023,0d,amazonprime,Petit_Zapato,1
18-Apr-2023,0d,amazonprime,Leo1026,1
18-Apr-2023,0d,amazonprime,YahooAnswersDude,1
18-Apr-2023,0d,amazonprime,80sPimpNinja,1
18-Apr-2023,0d,amazonprime,Albard22,1
18-Apr-2023,0d,amazonprime,fightingirish46jw,1
18-Apr-2023,0d,amazonprime,Aquarterpastnope,1
18-Apr-2023,0d,amazonprime,copoboy2,1
18-Apr-2023,0d,amazonprime,thatautisticguy,1
18-Apr-2023,0d,amazonprime,Ill_Significance3019,1
18-Apr-2023,0d,amazonprime,chefbiney,1
18-Apr-2023,0d,amazonprime,ununonium119,1
18-Apr-2023,0d,amazonprime,Gigizulini,1
18-Apr-2023,0d,amazonprime,Error_Space,1
18-Apr-2023,0d,amazonprime,jpacks2021,1
18-Apr-2023,0d,amazonprime,heart2pure,1
18-Apr-2023,0d,amazonprime,AnyDrug,1
18-Apr-2023,0d,amazonprime,BootFit7606,1
18-Apr-2023,0d,amazonprime,Username-dumb75,1
18-Apr-2023,0d,amazonprime,NamaStephie,1
18-Apr-2023,0d,amazonprime,BowenoftheLore,1
18-Apr-2023,0d,amazonprime,oxrox88,1
18-Apr-2023,0d,amazonprime,oiiiprincess,1
18-Apr-2023,0d,amazonprime,neto333,1
18-Apr-2023,0d,amazonprime,jtbis,1
18-Apr-2023,0d,amazonprime,Virendra9,1
18-Apr-2023,0d,amazonprime,FlounderOk2133,1
18-Apr-2023,0d,amazonprime,SchonHen,1
18-Apr-2023,0d,amazonprime,QuirkyTourist1433,1
18-Apr-2023,0d,amazonprime,Lost-Level-9878,1
18-Apr-2023,0d,amazonprime,Fibro86,1
18-Apr-2023,0d,amazonprime,JJ_Koch,1
18-Apr-2023,0d,amazonprime,nicholas_g,1
18-Apr-2023,0d,amazonprime,ILove38hz,1
18-Apr-2023,0d,amazonprime,Glum_Award9379,1
18-Apr-2023,0d,amazonprime,RoseColoredGirl11,1
18-Apr-2023,0d,amazonprime,brasscup,1
18-Apr-2023,0d,amazonprime,cashforsignup,1
18-Apr-2023,0d,amazonprime,u_POS_fa9,1
18-Apr-2023,0d,amazonprime,washington_jefferson,1
18-Apr-2023,0d,amazonprime,InlineSkateAdventure,1
18-Apr-2023,0d,amazonprime,burnt_out_dev,1
18-Apr-2023,0d,amazonprime,imjustasking123,1
18-Apr-2023,0d,amazonprime,EdmundXXIII,1
18-Apr-2023,0d,amazonprime,cjp1873,1
18-Apr-2023,0d,amazonprime,Affectionate-Mess904,1
18-Apr-2023,0d,amazonprime,AgentPastrana,1
18-Apr-2023,0d,amazonprime,Apprehensive-Hat83,1
18-Apr-2023,0d,amazonprime,Barvrerice201,1
18-Apr-2023,0d,amazonprime,stefannnnnd,1
18-Apr-2023,0d,amazonprime,its_kiddos,1
18-Apr-2023,0d,amazonprime,Addislad,1
18-Apr-2023,0d,amazonprime,DreamMighty,1
18-Apr-2023,0d,amazonprime,Kitchen-Owl8952,1
18-Apr-2023,0d,amazonprime,bettymarilynsmith,1
18-Apr-2023,0d,amazonprime,cdelg17,1
18-Apr-2023,0d,amazonprime,BatFastardRedditor,1
18-Apr-2023,0d,amazonprime,joannew99,1
18-Apr-2023,0d,amazonprime,Certain-Drummer8454,1
18-Apr-2023,0d,amazonprime,MrLakeShow,1
18-Apr-2023,0d,amazonprime,Traditional-Let-9904,1
18-Apr-2023,0d,amazonprime,Bully_Maguire420,1
18-Apr-2023,0d,amazonprime,jackie999999,1
18-Apr-2023,0d,amazonprime,Just4gmers91,1
18-Apr-2023,0d,amazonprime,illigal_poptart,1
18-Apr-2023,0d,amazonprime,Efficient-Jacket7485,1
18-Apr-2023,0d,amazonprime,DJBR95,1
18-Apr-2023,0d,amazonprime,EmotionalPresent6880,1
18-Apr-2023,0d,amazonprime,6thDAY,1
18-Apr-2023,0d,amazonprime,skyvina,1
18-Apr-2023,0d,amazonprime,_loveisaplace,1
18-Apr-2023,0d,amazonprime,skimcpip,1
18-Apr-2023,0d,amazonprime,dairy666,1
18-Apr-2023,0d,amazonprime,Hopeful-Operation-38,1
18-Apr-2023,0d,amazonprime,CloudObjective2985,1
18-Apr-2023,0d,amazonprime,AKHwyJunkie,1
18-Apr-2023,0d,amazonprime,AppleSodaC,1
18-Apr-2023,0d,amazonprime,cugrad16,1
18-Apr-2023,0d,amazonprime,Blissfullbby,1
18-Apr-2023,0d,amazonprime,SaltySarcasm7,1
18-Apr-2023,0d,amazonprime,Inner_Storm_9754,1
18-Apr-2023,0d,amazonprime,vrnt7p,1
18-Apr-2023,0d,amazonprime,BokoblinSlayer69235,1
18-Apr-2023,0d,amazonprime,Nevvermind183,1
18-Apr-2023,0d,amazonprime,ArashiKageTaro,1
18-Apr-2023,0d,amazonprime,Pale_Job222,1
18-Apr-2023,0d,amazonprime,runlikehell20,1
18-Apr-2023,0d,amazonprime,SymerexTokyo,1
18-Apr-2023,0d,amazonprime,Habeebr4,1
18-Apr-2023,0d,amazonprime,RememberTheCoop,1
18-Apr-2023,0d,amazonprime,Odd_Sleep3990,1
18-Apr-2023,0d,amazonprime,alexlovesjiujitsu,1
18-Apr-2023,0d,amazonprime,Denny_Crane_007,1
18-Apr-2023,0d,amazonprime,batsofburden,1
18-Apr-2023,0d,amazonprime,NPRjunkieDC,1
18-Apr-2023,0d,amazonprime,0b4macare,1
18-Apr-2023,0d,amazonprime,Tandy__Miller,1
18-Apr-2023,0d,amazonprime,JonSnow_123,1
18-Apr-2023,0d,amazonprime,GaymerZane94,1
18-Apr-2023,0d,amazonprime,Puzzleheaded_You_689,1
18-Apr-2023,0d,amazonprime,Blurzerker,1
18-Apr-2023,0d,amazonprime,Master-Environment95,1
18-Apr-2023,0d,amazonprime,Moxley_56,1
18-Apr-2023,0d,amazonprime,Big-Message-3367,1
18-Apr-2023,0d,amazonprime,Wreckit-Jon,1
18-Apr-2023,0d,amazonprime,Loveveggiez,1
18-Apr-2023,0d,amazonprime,PinkRain87,1
18-Apr-2023,0d,amazonprime,Ok_Reaction_9773,1
18-Apr-2023,0d,amazonprime,CeratoGT,1
18-Apr-2023,0d,amazonprime,Serious-Host5073,1
18-Apr-2023,0d,amazonprime,bennett7569,1
18-Apr-2023,0d,amazonprime,The_Don_Papi,1
18-Apr-2023,0d,amazonprime,traker998,1
18-Apr-2023,0d,amazonprime,SphinxGames,1
18-Apr-2023,0d,amazonprime,lildunkydonut,1
18-Apr-2023,0d,amazonprime,adam_0506,1
18-Apr-2023,0d,amazonprime,Buttereatsalot,1
18-Apr-2023,0d,amazonprime,AZPuzzler,1
18-Apr-2023,0d,amazonprime,afrinbappy6163,1
18-Apr-2023,0d,amazonprime,Lazy-Sorbet-5999,1
18-Apr-2023,0d,amazonprime,Cryptoairdop,1
18-Apr-2023,0d,amazonprime,noinoiio,1
18-Apr-2023,0d,amazonprime,ST_Boi,1
18-Apr-2023,0d,amazonprime,PseudomugilLuminatus,1
18-Apr-2023,0d,amazonprime,102938023813,1
18-Apr-2023,0d,amazonprime,Matthvin,1
18-Apr-2023,0d,amazonprime,cupcuppi,1
18-Apr-2023,0d,amazonprime,PixelDixies,1
18-Apr-2023,0d,amazonprime,turls,1
18-Apr-2023,0d,amazonprime,pandaman1339,1
18-Apr-2023,0d,amazonprime,StebLoL,1
18-Apr-2023,0d,amazonprime,jabrane007,1
18-Apr-2023,0d,amazonprime,I-Am_9,1
18-Apr-2023,0d,amazonprime,titsafun,1
18-Apr-2023,0d,amazonprime,Economy-Respect-7251,1
18-Apr-2023,0d,amazonprime,johnnycham,1
18-Apr-2023,0d,amazonprime,Many_Refrigerator684,1
18-Apr-2023,0d,amazonprime,Etharpee,1
18-Apr-2023,0d,amazonprime,IJustWorkHereBr0,1
18-Apr-2023,0d,amazonprime,wizardbby,1
18-Apr-2023,0d,amazonprime,JennJayBee,1
18-Apr-2023,0d,amazonprime,samaxe1000,1
18-Apr-2023,0d,amazonprime,mourning_wood_again,1
18-Apr-2023,0d,amazonprime,frooburst,1
18-Apr-2023,0d,amazonprime,TheBeastGamer2507,1
18-Apr-2023,0d,amazonprime,Unknown_Samurai,1
18-Apr-2023,0d,amazonprime,WhnOctopiMrgeWithTek,1
18-Apr-2023,0d,amazonprime,kmhahaha,1
18-Apr-2023,0d,amazonprime,Lake_Serperior,1
18-Apr-2023,0d,amazonprime,TurnoverAdmirable632,1
18-Apr-2023,0d,amazonprime,Vic024,1
18-Apr-2023,0d,amazonprime,misterrpg,1
18-Apr-2023,0d,amazonprime,Grabnasty830,1
18-Apr-2023,0d,amazonprime,TypicalAsian0,1
18-Apr-2023,0d,amazonprime,KatMagic1977,1
18-Apr-2023,0d,amazonprime,ShakeItUpNow,1
18-Apr-2023,0d,amazonprime,CatCat2420,1
18-Apr-2023,0d,amazonprime,Background_Value9869,1
18-Apr-2023,0d,amazonprime,HelloSup211,1
18-Apr-2023,0d,amazonprime,thesurfer_s,1
18-Apr-2023,0d,amazonprime,Corny-dellife9,1
18-Apr-2023,0d,amazonprime,serinde_miriel,1
18-Apr-2023,0d,amazonprime,EmperessOfChaos,1
18-Apr-2023,0d,amazonprime,ILoveMyPrivacy2023,1
18-Apr-2023,0d,amazonprime,thesoundsatnight,1
18-Apr-2023,0d,amazonprime,ILOPPAAIII,1
18-Apr-2023,0d,amazonprime,FutureHendrixBetter,1
18-Apr-2023,0d,amazonprime,Exotic_Potential1034,1
18-Apr-2023,0d,amazonprime,Mylifeisweirdally,1
18-Apr-2023,0d,amazonprime,Weak-Conclusion475,1
18-Apr-2023,0d,amazonprime,mennydream,1
18-Apr-2023,0d,amazonprime,IxionX,1
18-Apr-2023,0d,amazonprime,everydayforasummer,1
18-Apr-2023,0d,amazonprime,BankaiShunko,1
18-Apr-2023,0d,amazonprime,Propdet,1
18-Apr-2023,0d,amazonprime,BuyAmsoilWholesale,1
18-Apr-2023,0d,amazonprime,Mindless_Ad_3389,1
18-Apr-2023,0d,amazonprime,Evening_Secretary191,1
18-Apr-2023,0d,amazonprime,gwen5102,1
18-Apr-2023,0d,amazonprime,Mysterious-Resist-56,1
18-Apr-2023,0d,amazonprime,Sufficient-Bug-9112,1
18-Apr-2023,0d,amazonprime,Snoozeberry91,1
18-Apr-2023,0d,amazonprime,kakanunalove,1
18-Apr-2023,0d,amazonprime,QuantizeCrystallize,1
18-Apr-2023,0d,amazonprime,knapsackMax,1
18-Apr-2023,0d,amazonprime,ooohhhwhatchasay,1
18-Apr-2023,0d,amazonprime,nationkook,1
18-Apr-2023,0d,amazonprime,flphotog35,1
18-Apr-2023,0d,amazonprime,GreyNeighbor,1
18-Apr-2023,0d,amazonprime,Kooky_Glass2995,1
18-Apr-2023,0d,amazonprime,DoAnythingDan,1
18-Apr-2023,0d,amazonprime,tktrugby,1
18-Apr-2023,0d,amazonprime,TruthLifts,1
18-Apr-2023,0d,amazonprime,serotoninstrawb,1
18-Apr-2023,0d,amazonprime,HungryTelevision2218,1
18-Apr-2023,0d,amazonprime,Mr_piggywiggy,1
18-Apr-2023,0d,amazonprime,whizewhan,1
18-Apr-2023,0d,amazonprime,AceDenied,1
18-Apr-2023,0d,amazonprime,jumanjidice,1
18-Apr-2023,0d,amazonprime,DesignerArmy9495,1
18-Apr-2023,0d,amazonprime,TheNinjaDC,1
18-Apr-2023,0d,amazonprime,GibbyDat,1
18-Apr-2023,0d,amazonprime,Mateatrending90,1
18-Apr-2023,0d,amazonprime,Ancient-Agency,1
18-Apr-2023,0d,amazonprime,Kooky-Topic-6879,1
18-Apr-2023,0d,amazonprime,Loud_Obligation4025,1
18-Apr-2023,0d,amazonprime,LudwigVan17,1
18-Apr-2023,0d,amazonprime,kunamyPT,1
18-Apr-2023,0d,amazonprime,Devid9073,1
18-Apr-2023,0d,amazonprime,zoraMNR,1
18-Apr-2023,0d,amazonprime,Csr2000,1
18-Apr-2023,0d,amazonprime,FrontPorchSittin,1
18-Apr-2023,0d,amazonprime,TiMELeSS526,1
18-Apr-2023,0d,amazonprime,hichaam2,1
18-Apr-2023,0d,amazonprime,luxurynerd,1
18-Apr-2023,0d,amazonprime,Guillaumerocherone,1
18-Apr-2023,0d,amazonprime,Zaph_42,1
18-Apr-2023,0d,amazonprime,yhankhee,1
18-Apr-2023,0d,amazonprime,Wipeout237,1
18-Apr-2023,0d,amazonprime,Witn,1
18-Apr-2023,0d,amazonprime,No_Club_1200,1
18-Apr-2023,0d,amazonprime,Crowtonseller,1
18-Apr-2023,0d,amazonprime,caymenpope,1
18-Apr-2023,0d,amazonprime,LarsAnderson420,1
18-Apr-2023,0d,amazonprime,Mediocre-Wasabi-314,1
18-Apr-2023,0d,amazonprime,Hour-Environment4087,1
18-Apr-2023,0d,amazonprime,Darkzed1,1
18-Apr-2023,0d,amazonprime,Aggravating_Bet1026,1
18-Apr-2023,0d,amazonprime,Sensitive_Current_44,1
18-Apr-2023,0d,amazonprime,Wonderland-Fairy234,1
18-Apr-2023,0d,amazonprime,twojs1b,1
18-Apr-2023,0d,amazonprime,IndividualTear7777,1
18-Apr-2023,0d,amazonprime,No_Manufacturer_6825,1
18-Apr-2023,0d,amazonprime,Sad_Mind306,1
18-Apr-2023,0d,amazonprime,Xenocideghost,1
18-Apr-2023,0d,amazonprime,Calm_Pressure1378,1
18-Apr-2023,0d,amazonprime,Leojiin,1
18-Apr-2023,0d,amazonprime,SendPuppyNoodz,1
18-Apr-2023,0d,amazonprime,Chart_Legitimate,1
18-Apr-2023,0d,amazonprime,isaak1290,1
18-Apr-2023,0d,amazonprime,Simple-Ninja-8372,1
18-Apr-2023,0d,amazonprime,THR3EF1RSTNAMES,1
18-Apr-2023,0d,amazonprime,AmazonUnited,1
18-Apr-2023,0d,amazonprime,apricotkilla,1
18-Apr-2023,0d,amazonprime,AveFish,1
18-Apr-2023,0d,amazonprime,rusinov_,1
18-Apr-2023,0d,amazonprime,Le_Epic_GodGamer,1
18-Apr-2023,0d,amazonprime,JuanThicc24v2,1
18-Apr-2023,0d,amazonprime,Boring-Ad-6755,1
18-Apr-2023,0d,amazonprime,MrPineApples420,1
18-Apr-2023,0d,amazonprime,PGDW,1
18-Apr-2023,0d,amazonprime,wuster17,1
18-Apr-2023,0d,amazonprime,memento22mori,1
18-Apr-2023,0d,amazonprime,imagin8zn,1
18-Apr-2023,0d,amazonprime,Pursel93,1
18-Apr-2023,0d,amazonprime,appletechgeek,1
18-Apr-2023,0d,amazonprime,betam4x,1
18-Apr-2023,0d,amazonprime,therealbnizzy,1
18-Apr-2023,0d,amazonprime,soleario21,1
18-Apr-2023,0d,amazonprime,skochko,1
18-Apr-2023,0d,amazonprime,J-C-G26,1
18-Apr-2023,0d,amazonprime,cs342,1
18-Apr-2023,0d,amazonprime,DntSayNtn,1
18-Apr-2023,0d,amazonprime,mtigerm,1
18-Apr-2023,0d,amazonprime,NeonWyvern,1
18-Apr-2023,0d,amazonprime,Wants_to_be_accepted,1
18-Apr-2023,0d,amazonprime,SussyRedditorBalls,1
18-Apr-2023,0d,amazonprime,SomedayGuy117,1
18-Apr-2023,0d,amazonprime,Semibluewater,1
18-Apr-2023,0d,amazonprime,Screeching_Blanket,1
18-Apr-2023,0d,amazonprime,another_plebeian,1
18-Apr-2023,0d,amazonprime,lividfantasia,1
18-Apr-2023,0d,amazonprime,scanr440,1
18-Apr-2023,0d,amazonprime,BurtBruh,1
18-Apr-2023,0d,amazonprime,EE9E456B59E12D2,1
18-Apr-2023,0d,amazonprime,blankblank,1
18-Apr-2023,0d,amazonprime,BB8U,1
18-Apr-2023,0d,amazonprime,Confusedbyeveryone,1
18-Apr-2023,0d,amazonprime,Consistent-Fish3316,1
18-Apr-2023,0d,amazonprime,SprayNo4128,1
18-Apr-2023,0d,amazonprime,Altruistic_Yam_8249,1
18-Apr-2023,0d,amazonprime,apple120,1
18-Apr-2023,0d,amazonprime,-Maim-,1
18-Apr-2023,0d,amazonprime,fatherfarfalle,1
18-Apr-2023,0d,amazonprime,SashaMitchener,1
18-Apr-2023,0d,amazonprime,Workeatnsleep,1
18-Apr-2023,0d,amazonprime,MickeyRipple,1
18-Apr-2023,0d,amazonprime,aehanken,1
18-Apr-2023,0d,amazonprime,AnonAmazonHelp,1
18-Apr-2023,0d,amazonprime,cewcewcaroo,1
18-Apr-2023,0d,amazonprime,Comedordecasadas96,1
18-Apr-2023,0d,amazonprime,grantalx,1
18-Apr-2023,0d,amazonprime,SerendipityOA,1
18-Apr-2023,0d,amazonprime,jixpixel94,1
18-Apr-2023,0d,amazonprime,weddingringresize,1
18-Apr-2023,0d,amazonprime,Funny-Bottle-6585,1
18-Apr-2023,0d,amazonprime,atmmachine11,1
18-Apr-2023,0d,amazonprime,KingRemoji,1
18-Apr-2023,0d,amazonprime,UserNameErrorDisplay,1
18-Apr-2023,0d,amazonprime,cltben,1
18-Apr-2023,0d,amazonprime,Alisonjayne,1
18-Apr-2023,0d,amazonprime,redditgirlwz,1
18-Apr-2023,0d,amazonprime,Novel-Owl7963,1
18-Apr-2023,0d,amazonprime,Watson8008,1
18-Apr-2023,0d,amazonprime,Outrageous-Ladder-72,1
18-Apr-2023,0d,amazonprime,Kitchen-Werewolf-691,1
18-Apr-2023,0d,amazonprime,tmiller9833,1
18-Apr-2023,0d,amazonprime,GreyhoundsAreFast,1
18-Apr-2023,0d,amazonprime,sonibaloney,1
18-Apr-2023,0d,amazonprime,Tyzka,1
18-Apr-2023,0d,amazonprime,Booyah_7,1
18-Apr-2023,0d,amazonprime,KaiserSenpaiAckerman,1
18-Apr-2023,0d,amazonprime,Sharp-Maintenance392,1
18-Apr-2023,0d,amazonprime,Fabulous_RedHead84,1
18-Apr-2023,0d,amazonprime,stephikole,1
18-Apr-2023,0d,amazonprime,cybaexo,1
18-Apr-2023,0d,amazonprime,HTXTEX98,1
18-Apr-2023,0d,amazonprime,SpoopySpagooter,1
18-Apr-2023,0d,amazonprime,AgadhAgadh,1
18-Apr-2023,0d,amazonprime,big-driq,1
18-Apr-2023,0d,amazonprime,Automatic-Orange-782,1
18-Apr-2023,0d,amazonprime,ph_dieter,1
18-Apr-2023,0d,amazonprime,Bruegemeister,1
18-Apr-2023,0d,amazonprime,applegatetech,1
18-Apr-2023,0d,amazonprime,Wallytooters,1
18-Apr-2023,0d,amazonprime,DustinPooparski,1
18-Apr-2023,0d,amazonprime,Ubercash,1
18-Apr-2023,0d,amazonprime,ranch_avocados,1
18-Apr-2023,0d,amazonprime,razumuzzen,1
18-Apr-2023,0d,amazonprime,Firm-Finish5582,1
18-Apr-2023,0d,amazonprime,messyowo,1
18-Apr-2023,0d,amazonprime,PyreLightMW2,1
18-Apr-2023,0d,amazonprime,baummer,1
18-Apr-2023,0d,amazonprime,RazUwU,1
18-Apr-2023,0d,amazonprime,General_Lee_Anass,1
18-Apr-2023,0d,amazonprime,Ziggy-Sane,1
18-Apr-2023,0d,amazonprime,Hercooo_,1
18-Apr-2023,0d,amazonprime,noxnoctum,1
18-Apr-2023,0d,amazonprime,sean8877,1
18-Apr-2023,0d,amazonprime,satellite779,1
18-Apr-2023,0d,amazonprime,RiekaNA,1
18-Apr-2023,0d,amazonprime,T2LV,1
18-Apr-2023,0d,amazonprime,largest_particle,1
18-Apr-2023,0d,amazonprime,Adalwolf311,1
18-Apr-2023,0d,amazonprime,XChazzyMX,1
18-Apr-2023,0d,amazonprime,SoardOfMagnificent,1
18-Apr-2023,0d,amazonprime,throwaway1335352,1
18-Apr-2023,0d,amazonprime,btadams1971,1
18-Apr-2023,0d,amazonprime,destraudo,1
18-Apr-2023,0d,amazonprime,Cheifs_Cruise,1
18-Apr-2023,0d,amazonprime,Starstrile,1
18-Apr-2023,0d,amazonprime,GamingDragon27,1
18-Apr-2023,0d,amazonprime,Salty-Blueberry5648,1
18-Apr-2023,0d,amazonprime,Zxhamuaha,1
18-Apr-2023,0d,amazonprime,AHeroToIdolize,1
18-Apr-2023,0d,amazonprime,wockheartzz,1
18-Apr-2023,0d,amazonprime,MonsterRamo,1
18-Apr-2023,0d,amazonprime,primeevideo,1
18-Apr-2023,0d,amazonprime,NoAssociation1,1
18-Apr-2023,0d,amazonprime,MyRedditAcco_unt,1
18-Apr-2023,0d,amazonprime,lijiawen00,1
18-Apr-2023,0d,amazonprime,a1mm_,1
18-Apr-2023,0d,amazonprime,Fine-Sense-595,1
18-Apr-2023,0d,amazonprime,HCMonk,1
18-Apr-2023,0d,amazonprime,lanamindy,1
18-Apr-2023,0d,amazonprime,Fun_Instruction1999,1
18-Apr-2023,0d,amazonprime,Isssaleo,1
18-Apr-2023,0d,amazonprime,bucket46,1
18-Apr-2023,0d,amazonprime,StrawberryKiss2559,1
18-Apr-2023,0d,amazonprime,bossp123,1
18-Apr-2023,0d,amazonprime,HunterDude54,1
18-Apr-2023,0d,amazonprime,astarothdark,1
18-Apr-2023,0d,amazonprime,RedSoxStormTrooper,1
18-Apr-2023,0d,amazonprime,IHate2ChooseUserName,1
18-Apr-2023,0d,amazonprime,ConfusionSuspicious8,1
18-Apr-2023,0d,amazonprime,smjohnston1,1
18-Apr-2023,0d,amazonprime,ScumEater,1
18-Apr-2023,0d,amazonprime,poptart-san,1
18-Apr-2023,0d,amazonprime,yura2004_,1
18-Apr-2023,0d,amazonprime,Rainasa,1
18-Apr-2023,0d,amazonprime,yackychan,1
18-Apr-2023,0d,amazonprime,biovllun,1
18-Apr-2023,0d,amazonprime,SwanReal8484,1
18-Apr-2023,0d,amazonprime,Maleficent-Clock8109,1
18-Apr-2023,0d,amazonprime,Different_Camp4002,1
18-Apr-2023,0d,amazonprime,Captain_Correa,1
18-Apr-2023,0d,amazonprime,BA3Dshop,1
18-Apr-2023,0d,amazonprime,FoolsandCorpses,1
18-Apr-2023,0d,amazonprime,BrainzKong,1
18-Apr-2023,0d,amazonprime,JDRASL,1
18-Apr-2023,0d,amazonprime,woodchuckernj,1
18-Apr-2023,0d,amazonprime,Mission-Mud-6685,1
18-Apr-2023,0d,amazonprime,Burner_Account_4-25,1
18-Apr-2023,0d,amazonprime,Strict-Winter-2295,1
18-Apr-2023,0d,amazonprime,LK_photography,1
18-Apr-2023,0d,amazonprime,SnooDoodles6657,1
18-Apr-2023,0d,amazonprime,Own-Salamander5392,1
18-Apr-2023,0d,amazonprime,codelancelot,1
18-Apr-2023,0d,amazonprime,patricthomas,1
18-Apr-2023,0d,amazonprime,Kitaz,1
18-Apr-2023,0d,amazonprime,j_steinbrenner,1
18-Apr-2023,0d,amazonprime,DeviceAdventurous786,1
18-Apr-2023,0d,amazonprime,Life_Loan_931,1
18-Apr-2023,0d,amazonprime,Any_Door1971,1
18-Apr-2023,0d,amazonprime,Reasonable-Degree-65,1
18-Apr-2023,0d,amazonprime,sadaharu25,1
18-Apr-2023,0d,amazonprime,sherril8,1
18-Apr-2023,0d,amazonprime,commodore-schmidlapp,1
18-Apr-2023,0d,amazonprime,Beneficial_Piano928,1
18-Apr-2023,0d,amazonprime,FourWayFork,1
18-Apr-2023,0d,amazonprime,Meatloafxx,1
18-Apr-2023,0d,amazonprime,NoFanofThis,1
18-Apr-2023,0d,amazonprime,thenaeternal,1
18-Apr-2023,0d,amazonprime,SimoneDS176,1
18-Apr-2023,0d,amazonprime,makemoneytipsonline,1
18-Apr-2023,0d,amazonprime,Maleficent-Monk5601,1
18-Apr-2023,0d,amazonprime,Sylvan-shine,1
18-Apr-2023,0d,amazonprime,Few_Significance4964,1
18-Apr-2023,0d,amazonprime,Zealousideal-Wing135,1
18-Apr-2023,0d,amazonprime,Outrageous_Signal_90,1
18-Apr-2023,0d,amazonprime,KingRaphion,1
18-Apr-2023,0d,amazonprime,Major_Start,1
18-Apr-2023,0d,amazonprime,Dekemyster,1
18-Apr-2023,0d,amazonprime,flabbobox,1
18-Apr-2023,0d,amazonprime,syrcular,1
18-Apr-2023,0d,amazonprime,Agent7619,1
18-Apr-2023,0d,amazonprime,placebooooo,1
18-Apr-2023,0d,amazonprime,gtbka,1
18-Apr-2023,0d,amazonprime,dailyPraise,1
18-Apr-2023,0d,amazonprime,ThMuchoMan,1
18-Apr-2023,0d,amazonprime,Boring_Ant_1677,1
18-Apr-2023,0d,amazonprime,RxStinky,1
18-Apr-2023,0d,amazonprime,Katiehart2019,1
18-Apr-2023,0d,amazonprime,Buddersforever907,1
18-Apr-2023,0d,amazonprime,Arceist_Justin,1
18-Apr-2023,0d,amazonprime,JoonnooJ,1
18-Apr-2023,0d,amazonprime,hopelesscase789,1
18-Apr-2023,0d,amazonprime,Equivalent_Piccolo17,1
18-Apr-2023,0d,amazonprime,ichristyi,1
18-Apr-2023,0d,amazonprime,AccordingMushroom215,1
18-Apr-2023,0d,amazonprime,throwaway9gk0k4k569,1
18-Apr-2023,0d,amazonprime,neonxaos,1
18-Apr-2023,0d,amazonprime,Interesting_Tone_258,1
18-Apr-2023,0d,amazonprime,lolwhatamidoing92,1
18-Apr-2023,0d,amazonprime,itisadessertwine,1
18-Apr-2023,0d,amazonprime,GermainDafoe,1
18-Apr-2023,0d,amazonprime,Jimmy_The_Goat,1
18-Apr-2023,0d,amazonprime,Gilbert-from-Yharnam,1
18-Apr-2023,0d,amazonprime,throwaway89-102-3,1
18-Apr-2023,0d,amazonprime,jasminewlk28,1
18-Apr-2023,0d,amazonprime,re-kidan,1
18-Apr-2023,0d,amazonprime,Live-Macaron-2912,1
18-Apr-2023,0d,amazonprime,Flat-Slice4959,1
18-Apr-2023,0d,amazonprime,weirddimples,1
18-Apr-2023,0d,amazonprime,Positive_Bike9457,1
18-Apr-2023,0d,amazonprime,gabagoolmortadella,1
18-Apr-2023,0d,amazonprime,Octo-puss,1
18-Apr-2023,0d,amazonprime,p0ny_b0y,1
18-Apr-2023,0d,amazonprime,haybarn564,1
18-Apr-2023,0d,amazonprime,Own-Historian-7557,1
18-Apr-2023,0d,amazonprime,Dave8889,1
18-Apr-2023,0d,amazonprime,Swimming-Whereas7182,1
18-Apr-2023,0d,amazonprime,bootlesscrowfairy,1
18-Apr-2023,0d,amazonprime,reddituser26383,1
18-Apr-2023,0d,amazonprime,Legal_Consequence113,1
18-Apr-2023,0d,amazonprime,smugzuck,1
18-Apr-2023,0d,amazonprime,Greedy_Visual6710,1
18-Apr-2023,0d,amazonprime,AmbitiousTax441,1
18-Apr-2023,0d,amazonprime,daywreckerdiesel,1
18-Apr-2023,0d,amazonprime,nick124578,1
18-Apr-2023,0d,amazonprime,Jazz-Noir,1
18-Apr-2023,0d,amazonprime,agentss1,1
18-Apr-2023,0d,amazonprime,MediaHaunting8669,1
18-Apr-2023,0d,amazonprime,Cajin_chan,1
18-Apr-2023,0d,amazonprime,ethanc6131,1
18-Apr-2023,0d,amazonprime,X3N0C1DE,1
18-Apr-2023,0d,amazonprime,m0h1tkumaar,1
18-Apr-2023,0d,amazonprime,dansiepansie,1
18-Apr-2023,0d,amazonprime,MannyFresh45,1
18-Apr-2023,0d,amazonprime,Minute_Log5519,1
18-Apr-2023,0d,amazonprime,This_Negotiation479,1
18-Apr-2023,0d,amazonprime,shanareview,1
18-Apr-2023,0d,amazonprime,Meow2021_isbest,1
18-Apr-2023,0d,amazonprime,oswell_XIV,1
18-Apr-2023,0d,amazonprime,LiveBlock8728,1
18-Apr-2023,0d,amazonprime,Patient-Cupcake2003,1
18-Apr-2023,0d,amazonprime,ProbablyAnAlt003,1
18-Apr-2023,0d,amazonprime,AlphaRevenant,1
18-Apr-2023,0d,amazonprime,WillingnessLazy4064,1
18-Apr-2023,0d,amazonprime,angoradebs,1
18-Apr-2023,0d,amazonprime,supercaloebarbadensi,1
18-Apr-2023,0d,amazonprime,Historical-Remove401,1
18-Apr-2023,0d,amazonprime,SorrowfulRanger,1
18-Apr-2023,0d,amazonprime,Quiver_Cat,1
18-Apr-2023,0d,amazonprime,nicholasyoa86,1
18-Apr-2023,0d,amazonprime,Traditional_Ad65,1
18-Apr-2023,0d,amazonprime,ethan_winfield,1
18-Apr-2023,0d,amazonprime,BabySittingBandit,1
18-Apr-2023,0d,amazonprime,0Adiemus0,1
18-Apr-2023,0d,amazonprime,Oneness-,1
18-Apr-2023,0d,amazonprime,Punk_Polyglot_66,1
18-Apr-2023,0d,amazonprime,AngrySunshineBandit,1
18-Apr-2023,0d,amazonprime,bynobodyspecial,1
18-Apr-2023,0d,amazonprime,Anika225,1
18-Apr-2023,0d,amazonprime,texas_archer,1
18-Apr-2023,0d,amazonprime,symmachy,1
18-Apr-2023,0d,amazonprime,simonea42,1
18-Apr-2023,0d,amazonprime,extremeelementz,1
18-Apr-2023,0d,amazonprime,Excellent_Ad_6584,1
18-Apr-2023,0d,amazonprime,getfuzzy77,1
18-Apr-2023,0d,amazonprime,nooo82222,1
18-Apr-2023,0d,amazonprime,Knotraneck41,1
18-Apr-2023,0d,amazonprime,FloppyToffee,1
18-Apr-2023,0d,amazonprime,30-50-FeralHogs,1
18-Apr-2023,0d,amazonprime,Seanblaze3,1
18-Apr-2023,0d,amazonprime,svenEsven,1
18-Apr-2023,0d,amazonprime,Embarrassed_Simple27,1
18-Apr-2023,0d,amazonprime,Psyrecx,1
18-Apr-2023,0d,amazonprime,happynewyearadam,1
18-Apr-2023,0d,amazonprime,NArcadia11,1
18-Apr-2023,0d,amazonprime,chillinginmyhouse,1
18-Apr-2023,0d,amazonprime,BoboXDGamer,1
18-Apr-2023,0d,amazonprime,kaleidouu,1
18-Apr-2023,0d,amazonprime,masturbaiter696969,1
18-Apr-2023,0d,amazonprime,kingvrage,1
18-Apr-2023,0d,amazonprime,applesandshenanigans,1
18-Apr-2023,0d,amazonprime,Jim-Jam07,1
18-Apr-2023,0d,amazonprime,cmgysmao,1
18-Apr-2023,0d,amazonprime,926D,1
18-Apr-2023,0d,amazonprime,Which_Secretary7039,1
18-Apr-2023,0d,amazonprime,odobostudio,1
18-Apr-2023,0d,amazonprime,Snackmouse,1
18-Apr-2023,0d,amazonprime,Lost_Piccolo_2102,1
18-Apr-2023,0d,amazonprime,Affectionate-Cook-11,1
18-Apr-2023,0d,amazonprime,DelaRueeD,1
18-Apr-2023,0d,amazonprime,FancyLadAboutTown,1
18-Apr-2023,0d,amazonprime,AnythingFar1505,1
18-Apr-2023,0d,amazonprime,satanic_penguine,1
18-Apr-2023,0d,amazonprime,TonedTony,1
18-Apr-2023,0d,amazonprime,iMogal,1
18-Apr-2023,0d,amazonprime,J3ST3Rx,1
18-Apr-2023,0d,amazonprime,dachsdrive,1
18-Apr-2023,0d,amazonprime,oskarstarry,1
18-Apr-2023,0d,amazonprime,Lord_Snow98,1
18-Apr-2023,0d,amazonprime,RainmakerSolutions93,1
18-Apr-2023,0d,amazonprime,HolyToilet666,1
18-Apr-2023,0d,amazonprime,storageguard,1
18-Apr-2023,0d,amazonprime,DreaDaCookieMonsta,1
18-Apr-2023,0d,amazonprime,FlashySalamander4,1
18-Apr-2023,0d,amazonprime,Gentleshoe292,1
18-Apr-2023,0d,amazonprime,requihemi,1
18-Apr-2023,0d,amazonprime,peachpartie,1
18-Apr-2023,0d,amazonprime,2BoraBora,1
18-Apr-2023,0d,amazonprime,Voenker,1
18-Apr-2023,0d,amazonprime,5kHz,1
18-Apr-2023,0d,amazonprime,androidusr,1
18-Apr-2023,0d,amazonprime,New-Ad-3532,1
18-Apr-2023,0d,amazonprime,stinky_harriet,1
18-Apr-2023,0d,amazonprime,ImDeadInside12343214,1
18-Apr-2023,0d,amazonprime,SpiderZX,1
18-Apr-2023,0d,amazonprime,nonameoftheusername,1
18-Apr-2023,0d,amazonprime,glitter_confetti,1
18-Apr-2023,0d,amazonprime,Zvizgonja,1
18-Apr-2023,0d,amazonprime,liza1029,1
18-Apr-2023,0d,amazonprime,P_Cakes_84,1
18-Apr-2023,0d,amazonprime,187penguin,1
18-Apr-2023,0d,amazonprime,Zjar,1
18-Apr-2023,0d,amazonprime,Dill_Weed07,1
18-Apr-2023,0d,amazonprime,Realistic-Motorcycle,1
18-Apr-2023,0d,amazonprime,imthiazah,1
18-Apr-2023,0d,amazonprime,SSlide19,1
18-Apr-2023,0d,amazonprime,Krrygon,1
18-Apr-2023,0d,amazonprime,Cheap-Acanthaceae-90,1
18-Apr-2023,0d,amazonprime,XXidefiXX,1
18-Apr-2023,0d,amazonprime,POPCORN_EATER,1
18-Apr-2023,0d,amazonprime,Salt_Pipe,1
18-Apr-2023,0d,amazonprime,BlueMotif,1
18-Apr-2023,0d,amazonprime,MoonstoneWolf77,1
18-Apr-2023,0d,amazonprime,Robotman12349,1
18-Apr-2023,0d,amazonprime,RecognitionEvening98,1
18-Apr-2023,0d,amazonprime,inquilinekea,1
18-Apr-2023,0d,amazonprime,blippyz,1
18-Apr-2023,0d,amazonprime,Infinite_Ad_7069,1
18-Apr-2023,0d,amazonprime,namkenbi,1
18-Apr-2023,0d,amazonprime,Responsible_One_6324,1
18-Apr-2023,0d,amazonprime,ConferenceQuick8068,1
18-Apr-2023,0d,amazonprime,TabulaRasa5678,1
18-Apr-2023,0d,amazonprime,mahdy89,1
18-Apr-2023,0d,amazonprime,Tyteammm,1
18-Apr-2023,0d,amazonprime,highnrgy,1
18-Apr-2023,0d,amazonprime,NotMeAgain999,1
18-Apr-2023,0d,amazonprime,digitalbilly,1
18-Apr-2023,0d,amazonprime,elvtr_mkhl,1
18-Apr-2023,0d,amazonprime,Present_Excuse_8924,1
18-Apr-2023,0d,amazonprime,sharkusilly,1
18-Apr-2023,0d,amazonprime,new_minimalist1,1
18-Apr-2023,0d,amazonprime,parapauraque,1
18-Apr-2023,0d,amazonprime,nosoygamoso1i,1
18-Apr-2023,0d,amazonprime,captainburp,1
18-Apr-2023,0d,amazonprime,MarLudKing,1
18-Apr-2023,0d,amazonprime,BlackSER,1
18-Apr-2023,0d,amazonprime,furfoxssakes,1
18-Apr-2023,0d,amazonprime,stars_in_void,1
18-Apr-2023,0d,amazonprime,slap_a_goat,1
18-Apr-2023,0d,amazonprime,NotoriousNutJuice,1
18-Apr-2023,0d,amazonprime,theaamman,1
18-Apr-2023,0d,amazonprime,some_kid_who_draws,1
18-Apr-2023,0d,amazonprime,MyMeanBunny,1
18-Apr-2023,0d,amazonprime,AW2B,1
18-Apr-2023,0d,amazonprime,Qemz,1
18-Apr-2023,0d,amazonprime,richwiszard0z,1
18-Apr-2023,0d,amazonprime,soupbit,1
18-Apr-2023,0d,amazonprime,ryu4000,1
18-Apr-2023,0d,amazonprime,anathagenzum,1
18-Apr-2023,0d,amazonprime,Senseiofmc,1
18-Apr-2023,0d,amazonprime,Empty_Breadfruit7324,1
18-Apr-2023,0d,amazonprime,PapiKen7,1
18-Apr-2023,0d,amazonprime,gboro9,1
18-Apr-2023,0d,amazonprime,Arouthor,1
18-Apr-2023,0d,amazonprime,Purpoisely_Anoying_U,1
18-Apr-2023,0d,amazonprime,ADeshuSloth,1
18-Apr-2023,0d,amazonprime,perfectingthewheel,1
18-Apr-2023,0d,amazonprime,TGwonton,1
18-Apr-2023,0d,amazonprime,helpfuldunk,1
18-Apr-2023,0d,amazonprime,k3rz0rg,1
18-Apr-2023,0d,amazonprime,FTPetro,1
18-Apr-2023,0d,amazonprime,Futureiogaming,1
18-Apr-2023,0d,amazonprime,goaskalicenow,1
18-Apr-2023,0d,amazonprime,sirapples34,1
18-Apr-2023,0d,amazonprime,LikelyWeeve,1
18-Apr-2023,0d,amazonprime,Asuref,1
18-Apr-2023,0d,amazonprime,Repulsive_Song3238,1
18-Apr-2023,0d,amazonprime,Fine_Syllabub2534,1
18-Apr-2023,0d,amazonprime,Electronic-Fix2851,1
18-Apr-2023,0d,amazonprime,Public_Basil_4416,1
18-Apr-2023,0d,amazonprime,TDSgame,1
18-Apr-2023,0d,amazonprime,Gam3rf0rlif3,1
18-Apr-2023,0d,amazonprime,emoevangelion,1
18-Apr-2023,0d,amazonprime,singularityindetroit,1
18-Apr-2023,0d,amazonprime,BitByBitOFCL,1
18-Apr-2023,0d,amazonprime,OfficialTrident,1
18-Apr-2023,0d,amazonprime,Pure-Huckleberry8640,1
18-Apr-2023,0d,amazonprime,pdaphone,1
18-Apr-2023,0d,amazonprime,MainBumblebee1443,1
18-Apr-2023,0d,amazonprime,cutestbb,1
18-Apr-2023,0d,amazonprime,nizarhalimi,1
18-Apr-2023,0d,amazonprime,AirDmt27,1
18-Apr-2023,0d,amazonprime,tantam000,1
18-Apr-2023,0d,amazonprime,grumpyfuzzybumblebee,1
18-Apr-2023,0d,amazonprime,BroskiNotFound,1
18-Apr-2023,0d,amazonprime,SweatyNutzx,1
18-Apr-2023,0d,amazonprime,Nytroman89,1
18-Apr-2023,0d,amazonprime,Voiromi,1
18-Apr-2023,0d,amazonprime,processofemotion,1
18-Apr-2023,0d,amazonprime,obfuskitten,1
18-Apr-2023,0d,amazonprime,DancingthruDartmouth,1
18-Apr-2023,0d,amazonprime,Lord_Gwyn21,1
18-Apr-2023,0d,amazonprime,CohlN,1
18-Apr-2023,0d,amazonprime,aussielover24,1
18-Apr-2023,0d,amazonprime,slappie0420,1
18-Apr-2023,0d,amazonprime,HomeRenoAccount,1
18-Apr-2023,0d,amazonprime,youcanseethisaccount,1
18-Apr-2023,0d,amazonprime,Acidic-Witness,1
18-Apr-2023,0d,amazonprime,Dramatic-Rooster-978,1
18-Apr-2023,0d,amazonprime,Wambo74,1
18-Apr-2023,0d,amazonprime,Gorth1,1
18-Apr-2023,0d,amazonprime,RecordingWestern18,1
18-Apr-2023,0d,amazonprime,CptHammer_,1
18-Apr-2023,0d,amazonprime,Eastern-Counter-3209,1
18-Apr-2023,0d,amazonprime,larkwahlberg,1
18-Apr-2023,0d,amazonprime,snailman1999,1
18-Apr-2023,0d,amazonprime,BriBegg,1
18-Apr-2023,0d,amazonprime,NoSexAppealNeil,1
18-Apr-2023,0d,amazonprime,entitled_to_own_fact,1
18-Apr-2023,0d,amazonprime,Wise-Ad-1718,1
18-Apr-2023,0d,amazonprime,DankeGlyn,1
18-Apr-2023,0d,amazonprime,chesslearner,1
18-Apr-2023,0d,amazonprime,Saltedpotatopancake,1
18-Apr-2023,0d,amazonprime,IMO2021,1
18-Apr-2023,0d,amazonprime,katdi3,1
18-Apr-2023,0d,amazonprime,FuckMyTourettes,1
18-Apr-2023,0d,amazonprime,mistershifter111,1
18-Apr-2023,0d,amazonprime,machu_peechute,1
18-Apr-2023,0d,amazonprime,cozilicious,1
18-Apr-2023,0d,amazonprime,Outrageous_Price_553,1
18-Apr-2023,0d,amazonprime,AvidBlueberrypicker,1
18-Apr-2023,0d,amazonprime,Illustrious_Air_1438,1
18-Apr-2023,0d,amazonprime,david-braintree,1
18-Apr-2023,0d,amazonprime,Bulky_Chemistry9681,1
18-Apr-2023,0d,amazonprime,littlenuggetlove,1
18-Apr-2023,0d,amazonprime,rmzalbar,1
18-Apr-2023,0d,amazonprime,ShhhhhhImAtWork,1
18-Apr-2023,0d,amazonprime,vic_fic,1
18-Apr-2023,0d,amazonprime,CJ_Southworth,1
18-Apr-2023,0d,amazonprime,danickana,1
18-Apr-2023,0d,amazonprime,chrixar,1
18-Apr-2023,0d,amazonprime,FlipFoldFlip,1
18-Apr-2023,0d,amazonprime,Supawoo,1
18-Apr-2023,0d,amazonprime,JcWyatt01,1
18-Apr-2023,0d,amazonprime,worthless325234,1
18-Apr-2023,0d,amazonprime,Plessie21,1
18-Apr-2023,0d,amazonprime,Deacon33,1
18-Apr-2023,0d,amazonprime,emilio911,1
18-Apr-2023,0d,amazonprime,dolphinkittypirate65,1
18-Apr-2023,0d,amazonprime,AnonCuriosities,1
18-Apr-2023,0d,amazonprime,Phydoux,1
18-Apr-2023,0d,amazonprime,DryAcanthopterygii89,1
18-Apr-2023,0d,amazonprime,neveragain1337,1
18-Apr-2023,0d,amazonprime,ShaddyYK,1
18-Apr-2023,0d,amazonprime,phxdaddy,1
18-Apr-2023,0d,amazonprime,LamoidZombieDog,1
18-Apr-2023,0d,amazonprime,anosmiasucks,1
18-Apr-2023,0d,amazonprime,randombullshit98,1
18-Apr-2023,0d,amazonprime,Jazzlike_Tennis_7036,1
18-Apr-2023,0d,amazonprime,DieUmEye,1
18-Apr-2023,0d,amazonprime,No_Seesaw_7881,1
18-Apr-2023,0d,amazonprime,wonka88,1
18-Apr-2023,0d,amazonprime,manicprisoner,1
18-Apr-2023,0d,amazonprime,mmar2311,1
18-Apr-2023,0d,amazonprime,ptw86,1
18-Apr-2023,0d,amazonprime,Throwaway87067,1
18-Apr-2023,0d,amazonprime,dskzz,1
18-Apr-2023,0d,amazonprime,beyondtheglobalnews,1
18-Apr-2023,0d,amazonprime,idonthavexbox,1
18-Apr-2023,0d,amazonprime,Wherehowwhat,1
18-Apr-2023,0d,amazonprime,Maleficent_Band1201,1
18-Apr-2023,0d,amazonprime,loris520_,1
18-Apr-2023,0d,amazonprime,Able-Ad-8679,1
18-Apr-2023,0d,amazonprime,khilji1604,1
18-Apr-2023,0d,amazonprime,Hefty_hampster,1
18-Apr-2023,0d,amazonprime,Culbrelai,1
18-Apr-2023,0d,amazonprime,UpsetSky8401,1
18-Apr-2023,0d,amazonprime,Majestic-Spirit-490,1
18-Apr-2023,0d,amazonprime,smilinjack96,1
18-Apr-2023,0d,amazonprime,EvanMcD3,1
18-Apr-2023,0d,amazonprime,wallstreetamc,1
18-Apr-2023,0d,amazonprime,houseofjanzen,1
18-Apr-2023,0d,amazonprime,Smart-Ad-3268,1
18-Apr-2023,0d,amazonprime,Big-Passenger-1375,1
