query_date	before_date	subreddit	comment_author	comment_frequency
03-May-2023	40d	amazonecho	Dansk72	57
03-May-2023	40d	amazonecho	Wayne8766	19
03-May-2023	40d	amazonecho	rajansm7	18
03-May-2023	40d	amazonecho	Famous-Perspective-3	15
03-May-2023	40d	amazonecho	OldGuyGeek	14
03-May-2023	40d	amazonecho	aguaholic33	14
03-May-2023	40d	amazonecho	gangsteroflove1	12
03-May-2023	40d	amazonecho	RedMapleBat	10
03-May-2023	40d	amazonecho	Scooter310	10
03-May-2023	40d	amazonecho	MarvinG1984	10
03-May-2023	40d	amazonecho	otpid	10
03-May-2023	40d	amazonecho	rockmasterflex	9
03-May-2023	40d	amazonecho	Lumpymaximus	7
03-May-2023	40d	amazonecho	WhatWouldTNGPicardDo	7
03-May-2023	40d	amazonecho	toinfinitiandbeyond	7
03-May-2023	40d	amazonecho	flexobaff	7
03-May-2023	40d	amazonecho	Status_Raspberry5547	7
03-May-2023	40d	amazonecho	rmalbers	6
03-May-2023	40d	amazonecho	DiamondplateDave	6
03-May-2023	40d	amazonecho	EstherandThyme	6
03-May-2023	40d	amazonecho	[deleted]	5
03-May-2023	40d	amazonecho	tarzan_nojane	5
03-May-2023	40d	amazonecho	brantome24	5
03-May-2023	40d	amazonecho	antisane	5
03-May-2023	40d	amazonecho	Classic_Flower_735	5
03-May-2023	40d	amazonecho	Churn	5
03-May-2023	40d	amazonecho	tanders1	5
03-May-2023	40d	amazonecho	Vertigo_uk123	5
03-May-2023	40d	amazonecho	StillAirBox	4
03-May-2023	40d	amazonecho	breagerey	4
03-May-2023	40d	amazonecho	DrunkenGolfer	4
03-May-2023	40d	amazonecho	B0omShakaLakaB00m	4
03-May-2023	40d	amazonecho	MechanicalWhispers	4
03-May-2023	40d	amazonecho	stevenpyee	4
03-May-2023	40d	amazonecho	Gold-Philosopher1429	4
03-May-2023	40d	amazonecho	pdinc	4
03-May-2023	40d	amazonecho	RatamacueRatamacue	4
03-May-2023	40d	amazonecho	pc_light	4
03-May-2023	40d	amazonecho	Jsinglmalt	4
03-May-2023	40d	amazonecho	teoderico	4
03-May-2023	40d	amazonecho	fompas11	4
03-May-2023	40d	amazonecho	Tim-in-CA	4
03-May-2023	40d	amazonecho	FishDragun	4
03-May-2023	40d	amazonecho	slackjaw99	4
03-May-2023	40d	amazonecho	RobsyGt	4
03-May-2023	40d	amazonecho	elcheapodeluxe	4
03-May-2023	40d	amazonecho	Muted_Sorts	4
03-May-2023	40d	amazonecho	breakneckridge	4
03-May-2023	40d	amazonecho	clecayenne	4
03-May-2023	40d	amazonecho	DinoHawaii2021	3
03-May-2023	40d	amazonecho	burymeintheuk	3
03-May-2023	40d	amazonecho	FoferJ	3
03-May-2023	40d	amazonecho	atowncalledfinger	3
03-May-2023	40d	amazonecho	grantnel2002	3
03-May-2023	40d	amazonecho	coolsheep769	3
03-May-2023	40d	amazonecho	nascentt	3
03-May-2023	40d	amazonecho	ladykyote	3
03-May-2023	40d	amazonecho	SunniMonkey	3
03-May-2023	40d	amazonecho	boldstrategy	3
03-May-2023	40d	amazonecho	RonOnThePond	3
03-May-2023	40d	amazonecho	mikeinmass	3
03-May-2023	40d	amazonecho	AutomaticInitiative	3
03-May-2023	40d	amazonecho	ssoocc	3
03-May-2023	40d	amazonecho	uesad	3
03-May-2023	40d	amazonecho	Zouden	3
03-May-2023	40d	amazonecho	mTsp4ce	3
03-May-2023	40d	amazonecho	LuiTep	3
03-May-2023	40d	amazonecho	MarioDF	3
03-May-2023	40d	amazonecho	Whisker-biscuitt	3
03-May-2023	40d	amazonecho	Key_Newspaper1186	3
03-May-2023	40d	amazonecho	Iangh007	3
03-May-2023	40d	amazonecho	kingofsomecosmos	3
03-May-2023	40d	amazonecho	thisiscausinganxiety	3
03-May-2023	40d	amazonecho	Endless-Pi	3
03-May-2023	40d	amazonecho	Apprehensive-Ad738	3
03-May-2023	40d	amazonecho	DG1964	3
03-May-2023	40d	amazonecho	matches-malone	3
03-May-2023	40d	amazonecho	BenYolo	3
03-May-2023	40d	amazonecho	Spinningwoman	3
03-May-2023	40d	amazonecho	the_V0lum3	3
03-May-2023	40d	amazonecho	Paybax84	3
03-May-2023	40d	amazonecho	jlbob	3
03-May-2023	40d	amazonecho	RetroGamer87	3
03-May-2023	40d	amazonecho	FRNLD	3
03-May-2023	40d	amazonecho	Goodspike	3
03-May-2023	40d	amazonecho	decker12	3
03-May-2023	40d	amazonecho	rebobbecker	3
03-May-2023	40d	amazonecho	maskup-aslo	2
03-May-2023	40d	amazonecho	marticored	2
03-May-2023	40d	amazonecho	ItsMeKit_	2
03-May-2023	40d	amazonecho	IndiCoder18	2
03-May-2023	40d	amazonecho	winelight	2
03-May-2023	40d	amazonecho	Sernas7	2
03-May-2023	40d	amazonecho	BahaMan69	2
03-May-2023	40d	amazonecho	codewolf	2
03-May-2023	40d	amazonecho	AvocadoMasterOfTech	2
03-May-2023	40d	amazonecho	CaptainHunt	2
03-May-2023	40d	amazonecho	red-daddy	2
03-May-2023	40d	amazonecho	Chaoris87	2
03-May-2023	40d	amazonecho	normal2norman	2
03-May-2023	40d	amazonecho	paulsmt	2
03-May-2023	40d	amazonecho	rightsideonly4	2
03-May-2023	40d	amazonecho	tarnin	2
03-May-2023	40d	amazonecho	The-One-Man-Riot	2
03-May-2023	40d	amazonecho	SpambotSwatter	2
03-May-2023	40d	amazonecho	JetSetRadioFuture	2
03-May-2023	40d	amazonecho	TheJessicator	2
03-May-2023	40d	amazonecho	Human_Yam1500	2
03-May-2023	40d	amazonecho	dalmarnock	2
03-May-2023	40d	amazonecho	itkf99	2
03-May-2023	40d	amazonecho	The_Dutchess-D	2
03-May-2023	40d	amazonecho	kapdaddy52	2
03-May-2023	40d	amazonecho	missionbeach	2
03-May-2023	40d	amazonecho	PuzzleheadedSector2	2
03-May-2023	40d	amazonecho	xyzzzzy	2
03-May-2023	40d	amazonecho	Guidogrundlechode	2
03-May-2023	40d	amazonecho	jones_ro	2
03-May-2023	40d	amazonecho	AnAngryMelon	2
03-May-2023	40d	amazonecho	jezebeltash	2
03-May-2023	40d	amazonecho	Watashifr	2
03-May-2023	40d	amazonecho	Leftstrat	2
03-May-2023	40d	amazonecho	Cando232	2
03-May-2023	40d	amazonecho	DrDigits	2
03-May-2023	40d	amazonecho	stumbledotcom	2
03-May-2023	40d	amazonecho	FireExpat	2
03-May-2023	40d	amazonecho	washburn100	2
03-May-2023	40d	amazonecho	KaKi_87	2
03-May-2023	40d	amazonecho	ShadowDancer11	2
03-May-2023	40d	amazonecho	UHshepp	2
03-May-2023	40d	amazonecho	SpockYoda	2
03-May-2023	40d	amazonecho	nogooduser	2
03-May-2023	40d	amazonecho	omnimon7	2
03-May-2023	40d	amazonecho	harpo787	2
03-May-2023	40d	amazonecho	Nate379	2
03-May-2023	40d	amazonecho	Formergr	2
03-May-2023	40d	amazonecho	Morbo782	2
03-May-2023	40d	amazonecho	woody-99	2
03-May-2023	40d	amazonecho	Equivalent_Ad_8413	2
03-May-2023	40d	amazonecho	mtn_lion_x	2
03-May-2023	40d	amazonecho	thunderwear1	2
03-May-2023	40d	amazonecho	Icy-Mud7327	2
03-May-2023	40d	amazonecho	wittyusername4me	2
03-May-2023	40d	amazonecho	allegrabene	2
03-May-2023	40d	amazonecho	wobblybootson	2
03-May-2023	40d	amazonecho	RhesusMonkey17	2
03-May-2023	40d	amazonecho	DPAmes1	2
03-May-2023	40d	amazonecho	neobondd	2
03-May-2023	40d	amazonecho	chengjih	2
03-May-2023	40d	amazonecho	ZeroMayCry7	2
03-May-2023	40d	amazonecho	frontfuttock	2
03-May-2023	40d	amazonecho	yeahmaybe	2
03-May-2023	40d	amazonecho	graceofspades105	2
03-May-2023	40d	amazonecho	ChadCloman	2
03-May-2023	40d	amazonecho	stannc00	2
03-May-2023	40d	amazonecho	TheSkiGeek	2
03-May-2023	40d	amazonecho	limitless__	2
03-May-2023	40d	amazonecho	Hairy_Bonus6804	2
03-May-2023	40d	amazonecho	ForeignManagement126	2
03-May-2023	40d	amazonecho	JoeyTheFoxxo	2
03-May-2023	40d	amazonecho	197six	2
03-May-2023	40d	amazonecho	fasfse123	2
03-May-2023	40d	amazonecho	molard	2
03-May-2023	40d	amazonecho	Nexfero	2
03-May-2023	40d	amazonecho	royofroverse	2
03-May-2023	40d	amazonecho	UnluckyForSome	2
03-May-2023	40d	amazonecho	Kakazam	2
03-May-2023	40d	amazonecho	Jack_Benney	1
03-May-2023	40d	amazonecho	Pixelated00366	1
03-May-2023	40d	amazonecho	aesthe	1
03-May-2023	40d	amazonecho	pete-aj	1
03-May-2023	40d	amazonecho	ilovebatss	1
03-May-2023	40d	amazonecho	Jper013	1
03-May-2023	40d	amazonecho	LakerNetman	1
03-May-2023	40d	amazonecho	mangopaloma	1
03-May-2023	40d	amazonecho	gingersue999	1
03-May-2023	40d	amazonecho	Corgichu	1
03-May-2023	40d	amazonecho	CharlieandtheRed	1
03-May-2023	40d	amazonecho	Leash_85	1
03-May-2023	40d	amazonecho	taking_a_deuce	1
03-May-2023	40d	amazonecho	Aleyla	1
03-May-2023	40d	amazonecho	puso82	1
03-May-2023	40d	amazonecho	zestypurplecatalyst	1
03-May-2023	40d	amazonecho	tyrophagia	1
03-May-2023	40d	amazonecho	Smirkydarkdude	1
03-May-2023	40d	amazonecho	lecoueroublie	1
03-May-2023	40d	amazonecho	Francy088	1
03-May-2023	40d	amazonecho	SingleMomNikki	1
03-May-2023	40d	amazonecho	Formal-Ad8037	1
03-May-2023	40d	amazonecho	ScheduledYeti284	1
03-May-2023	40d	amazonecho	Rickstick7	1
03-May-2023	40d	amazonecho	jaroszda	1
03-May-2023	40d	amazonecho	Junior72	1
03-May-2023	40d	amazonecho	btadams1971	1
03-May-2023	40d	amazonecho	Adenylyl-Cyclase	1
03-May-2023	40d	amazonecho	SecuringAndre	1
03-May-2023	40d	amazonecho	fdbryant3	1
03-May-2023	40d	amazonecho	PanicInTheHispanic	1
03-May-2023	40d	amazonecho	VitaminDeesNutz	1
03-May-2023	40d	amazonecho	stardustishere1213	1
03-May-2023	40d	amazonecho	paulk355	1
03-May-2023	40d	amazonecho	elmatador12	1
03-May-2023	40d	amazonecho	roberta_sparrow	1
03-May-2023	40d	amazonecho	Cherry__Coke__	1
03-May-2023	40d	amazonecho	Nestor4President	1
03-May-2023	40d	amazonecho	born_again_atheist	1
03-May-2023	40d	amazonecho	TechGuy219	1
03-May-2023	40d	amazonecho	ResolutionLoose692	1
03-May-2023	40d	amazonecho	n8mahr81	1
03-May-2023	40d	amazonecho	dmah99	1
03-May-2023	40d	amazonecho	FlyByPC	1
03-May-2023	40d	amazonecho	capaz_que_si	1
03-May-2023	40d	amazonecho	Time-Power1686	1
03-May-2023	40d	amazonecho	worstkindagay	1
03-May-2023	40d	amazonecho	Arynn	1
03-May-2023	40d	amazonecho	newlevels12	1
03-May-2023	40d	amazonecho	GameOnRammy	1
03-May-2023	40d	amazonecho	Material_Cook_4698	1
03-May-2023	40d	amazonecho	created4this	1
03-May-2023	40d	amazonecho	PrudentDamage600	1
03-May-2023	40d	amazonecho	Switchbeats1	1
03-May-2023	40d	amazonecho	Azure1964	1
03-May-2023	40d	amazonecho	Brilliant_Chipmunk51	1
03-May-2023	40d	amazonecho	MA73N	1
03-May-2023	40d	amazonecho	miniteeg	1
03-May-2023	40d	amazonecho	No_Commission_6368	1
03-May-2023	40d	amazonecho	TrainingLeft7287	1
03-May-2023	40d	amazonecho	dearried	1
03-May-2023	40d	amazonecho	cianobiwan	1
03-May-2023	40d	amazonecho	K0kyu	1
03-May-2023	40d	amazonecho	enolaM_yecarT	1
03-May-2023	40d	amazonecho	loc8me	1
03-May-2023	40d	amazonecho	MagicDiscoLV	1
03-May-2023	40d	amazonecho	Moist-Bluebird-2196	1
03-May-2023	40d	amazonecho	ppc0r	1
03-May-2023	40d	amazonecho	Bagel42	1
03-May-2023	40d	amazonecho	Bklover93	1
03-May-2023	40d	amazonecho	willdoba	1
03-May-2023	40d	amazonecho	biff_jordan	1
03-May-2023	40d	amazonecho	Working-Proof-562	1
03-May-2023	40d	amazonecho	ArousedLobster	1
03-May-2023	40d	amazonecho	sanfranchristo	1
03-May-2023	40d	amazonecho	MyCodesCompiling	1
03-May-2023	40d	amazonecho	p3748	1
03-May-2023	40d	amazonecho	franklesniak	1
03-May-2023	40d	amazonecho	grim4224	1
03-May-2023	40d	amazonecho	Hadrikks	1
03-May-2023	40d	amazonecho	_BinaryBrain_	1
03-May-2023	40d	amazonecho	surfkayax	1
03-May-2023	40d	amazonecho	davi_dfx	1
03-May-2023	40d	amazonecho	Konquerian	1
03-May-2023	40d	amazonecho	srw9320	1
03-May-2023	40d	amazonecho	A-Hauck26	1
03-May-2023	40d	amazonecho	90sportsfan	1
03-May-2023	40d	amazonecho	Dangerous_Farm_7801	1
03-May-2023	40d	amazonecho	Benji2108	1
03-May-2023	40d	amazonecho	okone1	1
03-May-2023	40d	amazonecho	ZaftigFeline	1
03-May-2023	40d	amazonecho	gocard	1
03-May-2023	40d	amazonecho	GanjaRelease	1
03-May-2023	40d	amazonecho	Yoghurt-Express	1
03-May-2023	40d	amazonecho	wewewawa	1
03-May-2023	40d	amazonecho	donclark-Atlanta	1
03-May-2023	40d	amazonecho	Training_Concern800	1
03-May-2023	40d	amazonecho	Toby_E_2003	1
03-May-2023	40d	amazonecho	mysoulishome	1
03-May-2023	40d	amazonecho	Nil_Einne	1
03-May-2023	40d	amazonecho	optoluctor	1
03-May-2023	40d	amazonecho	rgalos	1
03-May-2023	40d	amazonecho	warrior_79	1
03-May-2023	40d	amazonecho	MythicJerryStone	1
03-May-2023	40d	amazonecho	veegaz	1
03-May-2023	40d	amazonecho	jeffois	1
03-May-2023	40d	amazonecho	Prestigious-Lab-9437	1
03-May-2023	40d	amazonecho	Rustybolts_	1
03-May-2023	40d	amazonecho	ovalseven	1
03-May-2023	40d	amazonecho	dchabz	1
03-May-2023	40d	amazonecho	BohemeWinter	1
03-May-2023	40d	amazonecho	grrlwonder	1
03-May-2023	40d	amazonecho	Pollywogstew_mi	1
03-May-2023	40d	amazonecho	AbleBaker1962	1
03-May-2023	40d	amazonecho	Danbhalah	1
03-May-2023	40d	amazonecho	nikotime	1
03-May-2023	40d	amazonecho	TheCTOIsIn	1
03-May-2023	40d	amazonecho	rhezuz2019	1
03-May-2023	40d	amazonecho	ApocryphaLurker	1
03-May-2023	40d	amazonecho	epradox	1
03-May-2023	40d	amazonecho	kingofallthesexy	1
03-May-2023	40d	amazonecho	suitablyRandom	1
03-May-2023	40d	amazonecho	cantsl	1
03-May-2023	40d	amazonecho	Classic-Yak-4966	1
03-May-2023	40d	amazonecho	MoneyBags5200	1
03-May-2023	40d	amazonecho	No-Engineering-9837	1
03-May-2023	40d	amazonecho	ToonTitans	1
03-May-2023	40d	amazonecho	thefritob	1
03-May-2023	40d	amazonecho	Steakman1971	1
03-May-2023	40d	amazonecho	Important-Guide-9178	1
03-May-2023	40d	amazonecho	MrAkai	1
03-May-2023	40d	amazonecho	KingZakyu	1
03-May-2023	40d	amazonecho	SeriousCopy9710	1
03-May-2023	40d	amazonecho	Impulse3000	1
03-May-2023	40d	amazonecho	LuckyNumber-Bot	1
03-May-2023	40d	amazonecho	FakespotAnalysisBot	1
03-May-2023	40d	amazonecho	Jedi-Lennon	1
03-May-2023	40d	amazonecho	DrakeAndJoshOfficial	1
03-May-2023	40d	amazonecho	No-Personality-1456	1
03-May-2023	40d	amazonecho	Stromberg-Carlson	1
03-May-2023	40d	amazonecho	Benvolent_Troll	1
03-May-2023	40d	amazonecho	EverReddyKilowatt	1
03-May-2023	40d	amazonecho	MyLegsX2CantFeelThem	1
03-May-2023	40d	amazonecho	Wade1217	1
03-May-2023	40d	amazonecho	kgwright	1
03-May-2023	40d	amazonecho	augurydog	1
03-May-2023	40d	amazonecho	OrginalPeach	1
03-May-2023	40d	amazonecho	metalski	1
03-May-2023	40d	amazonecho	eaglesong3	1
03-May-2023	40d	amazonecho	sandinonett	1
03-May-2023	40d	amazonecho	itoldusoandso	1
03-May-2023	40d	amazonecho	mlloyd67	1
03-May-2023	40d	amazonecho	rem80	1
03-May-2023	40d	amazonecho	xXx_Viper_xXx	1
03-May-2023	40d	amazonecho	the_doughboy	1
03-May-2023	40d	amazonecho	Ok-Intention236	1
03-May-2023	40d	amazonecho	Jealous-Win2201	1
03-May-2023	40d	amazonecho	iftales	1
03-May-2023	40d	amazonecho	GIDAMIEN	1
03-May-2023	40d	amazonecho	InfluenceOk8901	1
03-May-2023	40d	amazonecho	Breaking-Dad-	1
03-May-2023	40d	amazonecho	Nosferatushy	1
03-May-2023	40d	amazonecho	DudesworthMannington	1
03-May-2023	40d	amazonecho	mikewarnock	1
03-May-2023	40d	amazonecho	Y-Kadafi	1
03-May-2023	40d	amazonecho	InternationalTooth	1
03-May-2023	40d	amazonecho	DogPlane3425	1
03-May-2023	40d	amazonecho	amanryzus	1
03-May-2023	40d	amazonecho	ReallyNotMichaelsMom	1
03-May-2023	40d	amazonecho	Prestigiousgurl00	1
03-May-2023	40d	amazonecho	just-look-around	1
03-May-2023	40d	amazonecho	instantpuppycloud	1
03-May-2023	40d	amazonecho	UnicodeConfusion	1
03-May-2023	40d	amazonecho	Swineee	1
03-May-2023	40d	amazonecho	stowns3	1
03-May-2023	40d	amazonecho	FireGodGoSeeknFire	1
03-May-2023	40d	amazonecho	vinnie5451	1
03-May-2023	40d	amazonecho	nat1838	1
03-May-2023	40d	amazonecho	SlimeQSlimeball	1
03-May-2023	40d	amazonecho	zzwurjbsdt	1
03-May-2023	40d	amazonecho	BrianR71665	1
03-May-2023	40d	amazonecho	PandaWeird8666	1
03-May-2023	40d	amazonecho	fish_kisser	1
03-May-2023	40d	amazonecho	Markisbob	1
03-May-2023	40d	amazonecho	Differently	1
03-May-2023	40d	amazonecho	KindElderberry5556	1
03-May-2023	40d	amazonecho	KC3AKY	1
03-May-2023	40d	amazonecho	MuttJunior	1
03-May-2023	40d	amazonecho	ForksandSpoonsinNY	1
03-May-2023	40d	amazonecho	Internal-Ad-2546	1
03-May-2023	40d	amazonecho	Dan4024	1
03-May-2023	40d	amazonecho	burndata	1
03-May-2023	40d	amazonecho	RedDodgerAZ	1
03-May-2023	40d	amazonecho	Agreeable-Papaya-228	1
03-May-2023	40d	amazonecho	beyondthetech	1
03-May-2023	40d	amazonecho	PowerNapplication	1
03-May-2023	40d	amazonecho	Stefan_MST	1
03-May-2023	40d	amazonecho	Spaztrick	1
03-May-2023	40d	amazonecho	apitillidie	1
03-May-2023	40d	amazonecho	AaronG85	1
03-May-2023	40d	amazonecho	Junior-Profession-84	1
03-May-2023	40d	amazonecho	mister_kew	1
03-May-2023	40d	amazonecho	luxoco	1
03-May-2023	40d	amazonecho	OddScuro	1
03-May-2023	40d	amazonecho	ActuallydCompressing	1
03-May-2023	40d	amazonecho	sqrt4761	1
03-May-2023	40d	amazonecho	DavePear63	1
03-May-2023	40d	amazonecho	niktemadur	1
03-May-2023	40d	amazonecho	bxasty	1
03-May-2023	40d	amazonecho	nosht	1
03-May-2023	40d	amazonecho	Great-Public-763	1
03-May-2023	40d	amazonecho	Informal-Emu3251	1
03-May-2023	40d	amazonecho	Kdubzz93	1
03-May-2023	40d	amazonecho	SwoopyD1026	1
03-May-2023	40d	amazonecho	keshiafowler2007	1
03-May-2023	40d	amazonecho	JudeV525	1
03-May-2023	40d	amazonecho	Broken_20	1
03-May-2023	40d	amazonecho	ThaneOfCawdorrr	1
03-May-2023	40d	amazonecho	bengy3d	1
03-May-2023	40d	amazonecho	Pinksters	1
03-May-2023	40d	amazonecho	XRaiderV1	1
03-May-2023	40d	amazonecho	LockGroundbreaking55	1
03-May-2023	40d	amazonecho	ThePamdalorian	1
03-May-2023	40d	amazonecho	blade_torlock	1
03-May-2023	40d	amazonecho	raybreezer	1
03-May-2023	40d	amazonecho	Chrontius	1
03-May-2023	40d	amazonecho	Jag-Hiroshi	1
03-May-2023	40d	amazonecho	paylord666	1
03-May-2023	40d	amazonecho	calvinhangga	1
03-May-2023	40d	amazonecho	Burntoffer	1
03-May-2023	40d	amazonecho	Legal-Strain-8640	1
03-May-2023	40d	amazonecho	stalkthewizard	1
03-May-2023	40d	amazonecho	thetonythebest	1
03-May-2023	40d	amazonecho	Rizaruky	1
03-May-2023	40d	amazonecho	BuddhaRockstar	1
03-May-2023	40d	amazonecho	Background-Art-1674	1
03-May-2023	40d	amazonecho	stoopidyoshi	1
03-May-2023	40d	amazonecho	SojournerInThisVale	1
03-May-2023	40d	amazonecho	Ildera	1
03-May-2023	40d	amazonecho	turtle_4557	1
03-May-2023	40d	amazonecho	ersan191	1
03-May-2023	40d	amazonecho	captpackrat	1
03-May-2023	40d	amazonecho	Man_Bear_Beaver	1
03-May-2023	40d	amazonecho	PrintEconomy9412	1
03-May-2023	40d	amazonecho	Weyland19	1
03-May-2023	40d	amazonecho	CardiacCatastrophe	1
03-May-2023	40d	amazonecho	snickerzz	1
03-May-2023	40d	amazonecho	apaulsherwin	1
03-May-2023	40d	amazonecho	cbski9	1
03-May-2023	40d	amazonecho	Whoz_Yerdaddi	1
03-May-2023	40d	amazonecho	Calm-Technology-755	1
03-May-2023	40d	amazonecho	Goretzka	1
03-May-2023	40d	amazonecho	mickAMMO	1
03-May-2023	40d	amazonecho	675te_aoe	1
03-May-2023	40d	amazonecho	Frosty_Loquat4600	1
03-May-2023	40d	amazonecho	rkilbrai	1
03-May-2023	40d	amazonecho	Doubleks	1
03-May-2023	40d	amazonecho	CavediverNY	1
03-May-2023	40d	amazonecho	frankPutty	1
03-May-2023	40d	amazonecho	TheDraco713	1
03-May-2023	40d	amazonecho	GrundlePepper	1
03-May-2023	40d	amazonecho	JobuTopaki	1
03-May-2023	40d	amazonecho	shakeypudding	1
03-May-2023	40d	amazonecho	rva2chi	1
03-May-2023	40d	amazonecho	FACEROCK	1
03-May-2023	40d	amazonecho	Dimeh_H	1
03-May-2023	40d	amazonecho	IncomprehensibleGoat	1
03-May-2023	40d	amazonecho	miserable-bananna726	1
03-May-2023	40d	amazonecho	sithelephant	1
03-May-2023	40d	amazonecho	Lady_Nyx13	1
03-May-2023	40d	amazonecho	Onlyspacemanspiff	1
03-May-2023	40d	amazonecho	Enog	1
03-May-2023	40d	amazonecho	flargenhargen	1
03-May-2023	40d	amazonecho	Embarrassed-Boot-314	1
03-May-2023	40d	amazonecho	TattooedLacie	1
03-May-2023	40d	amazonecho	Thisoneissfwihope	1
03-May-2023	40d	amazonecho	AD_MDestroyer	1
03-May-2023	40d	amazonecho	Exfiltrator	1
03-May-2023	40d	amazonecho	walterheck	1
03-May-2023	40d	amazonecho	Syynaptik	1
03-May-2023	40d	amazonecho	ORD-DRO	1
03-May-2023	40d	amazonecho	diddinim	1
03-May-2023	40d	amazonecho	Reggie_Barclay	1
03-May-2023	40d	amazonecho	Justinackermannblog	1
03-May-2023	40d	amazonecho	Murwiz	1
03-May-2023	40d	amazonecho	friendlyhermit	1
03-May-2023	40d	amazonecho	KingSpoonsThe5th	1
03-May-2023	40d	amazonecho	Amata82	1
03-May-2023	40d	amazonecho	thewondermule	1
03-May-2023	40d	amazonecho	the_quark	1
03-May-2023	40d	amazonecho	Ichabod665	1
03-May-2023	40d	amazonecho	SeattleBattles	1
03-May-2023	40d	amazonecho	kenkiller	1
03-May-2023	40d	amazonecho	i_bring_the_reddit	1
03-May-2023	40d	amazonecho	Milligan	1
03-May-2023	40d	amazonecho	dinzdale56	1
03-May-2023	40d	amazonecho	andraes	1
03-May-2023	40d	amazonecho	illie_g	1
03-May-2023	40d	amazonecho	Nyghtshayde	1
03-May-2023	40d	amazonecho	GetYoSnacks	1
03-May-2023	40d	amazonecho	Usual_Impact5924	1
03-May-2023	40d	amazonecho	redredditt	1
03-May-2023	40d	amazonecho	drgmaster909	1
03-May-2023	40d	amazonecho	victoryoiti	1
03-May-2023	40d	amazonecho	Whitewind_WW	1
03-May-2023	40d	amazonecho	Neckrolls4life	1
03-May-2023	40d	amazonecho	ascullycom	1
03-May-2023	40d	amazonecho	ChristianPirate	1
03-May-2023	40d	amazonecho	Only-Control5926	1
03-May-2023	40d	amazonecho	qualmton	1
03-May-2023	40d	amazonecho	wildwood9843	1
03-May-2023	40d	amazonecho	CNickyD	1
03-May-2023	40d	amazonecho	sibman	1
03-May-2023	40d	amazonecho	heartyph	1
03-May-2023	40d	amazonecho	Yololo69	1
03-May-2023	40d	amazonecho	jbgammage	1
03-May-2023	40d	amazonecho	StormSolid5523	1
03-May-2023	40d	amazonecho	vampx	1
03-May-2023	40d	amazonecho	coldestdesert	1
03-May-2023	40d	amazonecho	SirWebster	1
03-May-2023	40d	amazonecho	Pleasant_Proposal939	1
03-May-2023	40d	amazonecho	lvrich100	1
03-May-2023	40d	amazonecho	redkeyboard	1
03-May-2023	40d	amazonecho	sweharris	1
03-May-2023	40d	amazonecho	ppal1981	1
03-May-2023	40d	amazonecho	H4tlaughs	1
03-May-2023	40d	amazonecho	dchief20	1
03-May-2023	40d	amazonecho	deathboyuk	1
03-May-2023	40d	amazonecho	Parelle	1
03-May-2023	40d	amazonecho	GoldenKoi911	1
03-May-2023	40d	amazonecho	dracul104	1
03-May-2023	40d	amazonecho	Illustrious-Tale4947	1
03-May-2023	40d	amazonecho	ChiefBroady	1
03-May-2023	40d	amazonecho	toolateforRE	1
03-May-2023	40d	amazonecho	Johnny_Leon	1
03-May-2023	40d	amazonecho	RSKadish	1
03-May-2023	40d	amazonecho	Howler7777	1
03-May-2023	40d	amazonecho	Cenddel	1
03-May-2023	40d	amazonecho	xGaME-_xOvER	1
03-May-2023	40d	amazonecho	KerrenC	1
03-May-2023	40d	amazonecho	TPlinkerG35	1
03-May-2023	40d	amazonecho	Rayne_K	1
03-May-2023	40d	amazonecho	setyte	1
03-May-2023	40d	amazonecho	SamShow20	1
03-May-2023	40d	amazonecho	Armand28	1
03-May-2023	40d	amazonecho	LopsidedJay	1
03-May-2023	40d	amazonecho	BlueberryAnnual8100	1
03-May-2023	40d	amazonecho	the_buckman_bandit	1
03-May-2023	40d	amazonecho	UnpreparedPenguin	1
03-May-2023	40d	amazonecho	Jspeed35	1
03-May-2023	40d	amazonecho	Egyptiannightmare	1
03-May-2023	40d	amazonecho	DietCokeMachine	1
03-May-2023	40d	amazonecho	Intrepid_Price3903	1
