query_date	before_date	subreddit	comment_author	comment_frequency
03-May-2023	10d	amazonecho	brantome24	23
03-May-2023	10d	amazonecho	Elizabethvma6056	18
03-May-2023	10d	amazonecho	Famous-Perspective-3	15
03-May-2023	10d	amazonecho	Muted_Sorts	11
03-May-2023	10d	amazonecho	antisane	11
03-May-2023	10d	amazonecho	Scooter310	10
03-May-2023	10d	amazonecho	tuhinkarmakar	10
03-May-2023	10d	amazonecho	Dansk72	10
03-May-2023	10d	amazonecho	Riquende	10
03-May-2023	10d	amazonecho	[deleted]	9
03-May-2023	10d	amazonecho	mtichbon86	8
03-May-2023	10d	amazonecho	IllAd6861	8
03-May-2023	10d	amazonecho	minionsweb	8
03-May-2023	10d	amazonecho	III_EMERALD_III	8
03-May-2023	10d	amazonecho	coolsheep769	7
03-May-2023	10d	amazonecho	woody-99	7
03-May-2023	10d	amazonecho	MarvinG1984	7
03-May-2023	10d	amazonecho	LoveAndData	7
03-May-2023	10d	amazonecho	wbruce098	7
03-May-2023	10d	amazonecho	Iangh007	6
03-May-2023	10d	amazonecho	i__like__bike	6
03-May-2023	10d	amazonecho	Gold__star	6
03-May-2023	10d	amazonecho	Bagel42	6
03-May-2023	10d	amazonecho	Tim-in-CA	5
03-May-2023	10d	amazonecho	stumbledotcom	5
03-May-2023	10d	amazonecho	IxI_DUCK_IxI	5
03-May-2023	10d	amazonecho	mTsp4ce	5
03-May-2023	10d	amazonecho	Zouden	5
03-May-2023	10d	amazonecho	mme2121	5
03-May-2023	10d	amazonecho	Night_Pancakes	5
03-May-2023	10d	amazonecho	KevanGP	5
03-May-2023	10d	amazonecho	mareksoon	5
03-May-2023	10d	amazonecho	RedMapleBat	5
03-May-2023	10d	amazonecho	WaylonWillieNtheBoys	5
03-May-2023	10d	amazonecho	Vlad_the_Homeowner	4
03-May-2023	10d	amazonecho	tarzan_nojane	4
03-May-2023	10d	amazonecho	DPAmes1	4
03-May-2023	10d	amazonecho	chapeaumetallique	4
03-May-2023	10d	amazonecho	Other_Importance915	4
03-May-2023	10d	amazonecho	SlimeQSlimeball	4
03-May-2023	10d	amazonecho	khaytsus	4
03-May-2023	10d	amazonecho	FoferJ	4
03-May-2023	10d	amazonecho	deathboyuk	4
03-May-2023	10d	amazonecho	btadams1971	4
03-May-2023	10d	amazonecho	bb8-sparkles	4
03-May-2023	10d	amazonecho	Stashmouth	4
03-May-2023	10d	amazonecho	Abadabber	4
03-May-2023	10d	amazonecho	pablo225	4
03-May-2023	10d	amazonecho	Gabededvukaj	4
03-May-2023	10d	amazonecho	Soft-Village-721	4
03-May-2023	10d	amazonecho	RatamacueRatamacue	4
03-May-2023	10d	amazonecho	insanewords	4
03-May-2023	10d	amazonecho	dalmarnock	4
03-May-2023	10d	amazonecho	gangsteroflove1	4
03-May-2023	10d	amazonecho	Nascent1	4
03-May-2023	10d	amazonecho	azz3879	4
03-May-2023	10d	amazonecho	blvckbeardsghost	4
03-May-2023	10d	amazonecho	CHXXNG	4
03-May-2023	10d	amazonecho	LilKSong7	3
03-May-2023	10d	amazonecho	toinfinitiandbeyond	3
03-May-2023	10d	amazonecho	WordySpark	3
03-May-2023	10d	amazonecho	_BallsDeep69_	3
03-May-2023	10d	amazonecho	MarkPandrews	3
03-May-2023	10d	amazonecho	PapaRoach_1	3
03-May-2023	10d	amazonecho	rmalbers	3
03-May-2023	10d	amazonecho	Opposite-Addition-71	3
03-May-2023	10d	amazonecho	limitless__	3
03-May-2023	10d	amazonecho	richaardvark	3
03-May-2023	10d	amazonecho	Wayne8766	3
03-May-2023	10d	amazonecho	De4con0FM4RS	3
03-May-2023	10d	amazonecho	Ok-Chemist-4986	3
03-May-2023	10d	amazonecho	DrunkenGolfer	3
03-May-2023	10d	amazonecho	paulodand	3
03-May-2023	10d	amazonecho	pc_light	3
03-May-2023	10d	amazonecho	Street_Committee_417	3
03-May-2023	10d	amazonecho	ponyboy3	3
03-May-2023	10d	amazonecho	md28usmc	3
03-May-2023	10d	amazonecho	MindingMyP_Q	3
03-May-2023	10d	amazonecho	whoissusanstrong	3
03-May-2023	10d	amazonecho	emphasis_added3	3
03-May-2023	10d	amazonecho	Anaxagoras23	3
03-May-2023	10d	amazonecho	wassupDFW	3
03-May-2023	10d	amazonecho	MysteriousBad3166	3
03-May-2023	10d	amazonecho	AwesomeACK	3
03-May-2023	10d	amazonecho	WhatWouldTNGPicardDo	3
03-May-2023	10d	amazonecho	Cheddarific	3
03-May-2023	10d	amazonecho	Remy55	3
03-May-2023	10d	amazonecho	freebubbleup	3
03-May-2023	10d	amazonecho	Ablec6	3
03-May-2023	10d	amazonecho	Leftstrat	2
03-May-2023	10d	amazonecho	GenericallyClever	2
03-May-2023	10d	amazonecho	ObeseSnake	2
03-May-2023	10d	amazonecho	missionbeach	2
03-May-2023	10d	amazonecho	CpuJunky	2
03-May-2023	10d	amazonecho	Le-Misanthrope	2
03-May-2023	10d	amazonecho	Drysandplace	2
03-May-2023	10d	amazonecho	Tanjello	2
03-May-2023	10d	amazonecho	breagerey	2
03-May-2023	10d	amazonecho	VNzAbguvat	2
03-May-2023	10d	amazonecho	Armand28	2
03-May-2023	10d	amazonecho	rockmasterflex	2
03-May-2023	10d	amazonecho	rockytfs1	2
03-May-2023	10d	amazonecho	Livid-Setting4093	2
03-May-2023	10d	amazonecho	Scorpius666	2
03-May-2023	10d	amazonecho	nanaboostme	2
03-May-2023	10d	amazonecho	ritchie70	2
03-May-2023	10d	amazonecho	gingersue999	2
03-May-2023	10d	amazonecho	mrbump34	2
03-May-2023	10d	amazonecho	General_Road_7952	2
03-May-2023	10d	amazonecho	Nyghtshayde	2
03-May-2023	10d	amazonecho	Kangaroowrangler_02	2
03-May-2023	10d	amazonecho	winelight	2
03-May-2023	10d	amazonecho	washburn100	2
03-May-2023	10d	amazonecho	XRaiderV1	2
03-May-2023	10d	amazonecho	leonicholson77	2
03-May-2023	10d	amazonecho	CarelessGrape3347	2
03-May-2023	10d	amazonecho	Manucarba	2
03-May-2023	10d	amazonecho	Glad-Conversation921	2
03-May-2023	10d	amazonecho	bandageddoll	2
03-May-2023	10d	amazonecho	WVPrepper	2
03-May-2023	10d	amazonecho	WinterBourne25	2
03-May-2023	10d	amazonecho	Glass-Material5689	2
03-May-2023	10d	amazonecho	TrevortonOffroad	2
03-May-2023	10d	amazonecho	NotHenceGonSphere	2
03-May-2023	10d	amazonecho	fdpieds	2
03-May-2023	10d	amazonecho	Separate-Effective77	2
03-May-2023	10d	amazonecho	RiffleChipz	2
03-May-2023	10d	amazonecho	grantdb	2
03-May-2023	10d	amazonecho	Only-Control5926	2
03-May-2023	10d	amazonecho	QuietStorm_7	2
03-May-2023	10d	amazonecho	m61376	2
03-May-2023	10d	amazonecho	madalone	2
03-May-2023	10d	amazonecho	Silent-Piccolo	2
03-May-2023	10d	amazonecho	MacMacCourt	2
03-May-2023	10d	amazonecho	SnooMacarons9905	2
03-May-2023	10d	amazonecho	unconventional_ramen	2
03-May-2023	10d	amazonecho	PaJme	2
03-May-2023	10d	amazonecho	Street_Amphibian_358	2
03-May-2023	10d	amazonecho	Bootyclapthunder	2
03-May-2023	10d	amazonecho	jdcox215	2
03-May-2023	10d	amazonecho	Educational-Smell455	2
03-May-2023	10d	amazonecho	MaxHiggins	2
03-May-2023	10d	amazonecho	lovelynightmare_	2
03-May-2023	10d	amazonecho	Bryon2A	2
03-May-2023	10d	amazonecho	gwackr	2
03-May-2023	10d	amazonecho	ssoocc	2
03-May-2023	10d	amazonecho	Sm1throb	2
03-May-2023	10d	amazonecho	Legend1138	2
03-May-2023	10d	amazonecho	Man_Bear_Beaver	2
03-May-2023	10d	amazonecho	kid_wonderbread	2
03-May-2023	10d	amazonecho	Tsukune_Surprise	2
03-May-2023	10d	amazonecho	bonafidebob	2
03-May-2023	10d	amazonecho	AdequateSteve	2
03-May-2023	10d	amazonecho	SplitLevel17	2
03-May-2023	10d	amazonecho	DustinFreeman	2
03-May-2023	10d	amazonecho	robogobo	2
03-May-2023	10d	amazonecho	TheSwampPenguin	2
03-May-2023	10d	amazonecho	whykawhywhy	2
03-May-2023	10d	amazonecho	jimithingmi	2
03-May-2023	10d	amazonecho	Fun_Extreme3827	2
03-May-2023	10d	amazonecho	sevargmas	1
03-May-2023	10d	amazonecho	gayPApunk10mm	1
03-May-2023	10d	amazonecho	toollio	1
03-May-2023	10d	amazonecho	kick069	1
03-May-2023	10d	amazonecho	Tempest_CN	1
03-May-2023	10d	amazonecho	dbhathcock	1
03-May-2023	10d	amazonecho	bullgod1964	1
03-May-2023	10d	amazonecho	kathlin409	1
03-May-2023	10d	amazonecho	valigatorCA	1
03-May-2023	10d	amazonecho	Asen_20_Ikonomov_11	1
03-May-2023	10d	amazonecho	Jkoiou	1
03-May-2023	10d	amazonecho	LogApprehensive8939	1
03-May-2023	10d	amazonecho	MyNameIsNotSurely	1
03-May-2023	10d	amazonecho	No-Maintenance-8389	1
03-May-2023	10d	amazonecho	Fit-Health-4882	1
03-May-2023	10d	amazonecho	315_Jessie	1
03-May-2023	10d	amazonecho	ProjectVRD	1
03-May-2023	10d	amazonecho	ReallyNotMichaelsMom	1
03-May-2023	10d	amazonecho	leftflapattack	1
03-May-2023	10d	amazonecho	Piccster	1
03-May-2023	10d	amazonecho	whitemaymoney	1
03-May-2023	10d	amazonecho	kshelley	1
03-May-2023	10d	amazonecho	ShadowDancer11	1
03-May-2023	10d	amazonecho	geometrical	1
03-May-2023	10d	amazonecho	suitablyRandom	1
03-May-2023	10d	amazonecho	No_Battle_7953	1
03-May-2023	10d	amazonecho	captpackrat	1
03-May-2023	10d	amazonecho	OleRoy2023	1
03-May-2023	10d	amazonecho	SouthOutlandishness4	1
03-May-2023	10d	amazonecho	Reggie_Barclay	1
03-May-2023	10d	amazonecho	The_Fox_Confessor	1
03-May-2023	10d	amazonecho	darkknight_178	1
03-May-2023	10d	amazonecho	kytulu	1
03-May-2023	10d	amazonecho	BDThrills	1
03-May-2023	10d	amazonecho	AlternativeBroad4927	1
03-May-2023	10d	amazonecho	Neighbortim	1
03-May-2023	10d	amazonecho	SnorrePSR	1
03-May-2023	10d	amazonecho	agatharaisin2021	1
03-May-2023	10d	amazonecho	TheSamLowry	1
03-May-2023	10d	amazonecho	jdobem	1
03-May-2023	10d	amazonecho	spisHjerner	1
03-May-2023	10d	amazonecho	TrustLeft	1
03-May-2023	10d	amazonecho	honestFeedback	1
03-May-2023	10d	amazonecho	JMRolfe	1
03-May-2023	10d	amazonecho	Rodts	1
03-May-2023	10d	amazonecho	MrSnowden	1
03-May-2023	10d	amazonecho	eddified	1
03-May-2023	10d	amazonecho	ThePhantasm	1
03-May-2023	10d	amazonecho	DesignFlaw06	1
03-May-2023	10d	amazonecho	Thin-Cry-7027	1
03-May-2023	10d	amazonecho	Competitive_Eagle132	1
03-May-2023	10d	amazonecho	TokyoJimu	1
03-May-2023	10d	amazonecho	caggodn	1
03-May-2023	10d	amazonecho	Treetrunk1981	1
03-May-2023	10d	amazonecho	Syntox09	1
03-May-2023	10d	amazonecho	unthused	1
03-May-2023	10d	amazonecho	Benji2108	1
03-May-2023	10d	amazonecho	markhw42	1
03-May-2023	10d	amazonecho	m_abdelfattah	1
03-May-2023	10d	amazonecho	created4this	1
03-May-2023	10d	amazonecho	Snoo14551	1
03-May-2023	10d	amazonecho	OldGuyGeek	1
03-May-2023	10d	amazonecho	FireWalker_UK	1
03-May-2023	10d	amazonecho	Markaes4	1
03-May-2023	10d	amazonecho	slog	1
03-May-2023	10d	amazonecho	4ever-endeavor	1
03-May-2023	10d	amazonecho	WontonMaster	1
03-May-2023	10d	amazonecho	Mango813	1
03-May-2023	10d	amazonecho	Subtonic	1
03-May-2023	10d	amazonecho	imar0ckstar	1
03-May-2023	10d	amazonecho	lasagnaburntmyface	1
03-May-2023	10d	amazonecho	nascentt	1
03-May-2023	10d	amazonecho	scattered_ideas	1
03-May-2023	10d	amazonecho	PhonyAlibi	1
03-May-2023	10d	amazonecho	Torrence73	1
03-May-2023	10d	amazonecho	itwentanotherway	1
03-May-2023	10d	amazonecho	hint-on	1
03-May-2023	10d	amazonecho	gamedevhobby	1
03-May-2023	10d	amazonecho	DanAboutT0wn	1
03-May-2023	10d	amazonecho	AwDuck	1
03-May-2023	10d	amazonecho	1decentusername	1
03-May-2023	10d	amazonecho	westtxfun	1
03-May-2023	10d	amazonecho	seancho	1
03-May-2023	10d	amazonecho	bigjack78	1
03-May-2023	10d	amazonecho	Dangerous_Farm_7801	1
03-May-2023	10d	amazonecho	thatweirdishguy	1
03-May-2023	10d	amazonecho	yardwasterebellion	1
03-May-2023	10d	amazonecho	GreatTao	1
03-May-2023	10d	amazonecho	Svobpata	1
03-May-2023	10d	amazonecho	BossyOldLady	1
03-May-2023	10d	amazonecho	PoorInCT	1
03-May-2023	10d	amazonecho	fatasslarry7	1
03-May-2023	10d	amazonecho	cotuisano	1
03-May-2023	10d	amazonecho	JohnTimesInfinity	1
03-May-2023	10d	amazonecho	Miss_Smokahontas	1
03-May-2023	10d	amazonecho	Onlyspacemanspiff	1
03-May-2023	10d	amazonecho	vendetta33	1
03-May-2023	10d	amazonecho	nacnud_uk	1
03-May-2023	10d	amazonecho	mooseca87	1
03-May-2023	10d	amazonecho	Prownilo	1
03-May-2023	10d	amazonecho	glazedhamster	1
03-May-2023	10d	amazonecho	jxsl13	1
03-May-2023	10d	amazonecho	richms	1
03-May-2023	10d	amazonecho	mdungen	1
03-May-2023	10d	amazonecho	TriumphDaytona	1
03-May-2023	10d	amazonecho	kresbok	1
03-May-2023	10d	amazonecho	SethIsAWoosh	1
03-May-2023	10d	amazonecho	Junior-Profession-84	1
03-May-2023	10d	amazonecho	gocard	1
03-May-2023	10d	amazonecho	djellicon	1
03-May-2023	10d	amazonecho	Kimmyonepilots	1
03-May-2023	10d	amazonecho	w1ck3dme	1
03-May-2023	10d	amazonecho	the_buckman_bandit	1
03-May-2023	10d	amazonecho	sanfranchristo	1
03-May-2023	10d	amazonecho	mkdr	1
03-May-2023	10d	amazonecho	paulsmt	1
03-May-2023	10d	amazonecho	walterheck	1
03-May-2023	10d	amazonecho	BahaMan69	1
03-May-2023	10d	amazonecho	zhidzhid	1
03-May-2023	10d	amazonecho	HappyHappyJoyJoy575	1
03-May-2023	10d	amazonecho	mcoronel3	1
03-May-2023	10d	amazonecho	asyrin25	1
03-May-2023	10d	amazonecho	Black_Rose67	1
03-May-2023	10d	amazonecho	okepimalin	1
03-May-2023	10d	amazonecho	KimmyTurnerr	1
03-May-2023	10d	amazonecho	ebsebs	1
03-May-2023	10d	amazonecho	ThaRealV12	1
03-May-2023	10d	amazonecho	MagazineFine7869	1
03-May-2023	10d	amazonecho	Intelligent_Fix_8867	1
03-May-2023	10d	amazonecho	SpiffyMagnetMan68621	1
03-May-2023	10d	amazonecho	President1999	1
03-May-2023	10d	amazonecho	pmgta	1
03-May-2023	10d	amazonecho	Ok-Possibility1422	1
03-May-2023	10d	amazonecho	imoftendisgruntled	1
03-May-2023	10d	amazonecho	davew01	1
03-May-2023	10d	amazonecho	baobab68	1
03-May-2023	10d	amazonecho	Prestigious-Face7108	1
03-May-2023	10d	amazonecho	94bronco	1
03-May-2023	10d	amazonecho	BeneficialAttempt544	1
03-May-2023	10d	amazonecho	Ancyker	1
03-May-2023	10d	amazonecho	Arynn	1
03-May-2023	10d	amazonecho	Stromberg-Carlson	1
03-May-2023	10d	amazonecho	magicbumblebee	1
03-May-2023	10d	amazonecho	Nothingdoing079	1
03-May-2023	10d	amazonecho	Littletobig	1
03-May-2023	10d	amazonecho	_mercybeat_	1
03-May-2023	10d	amazonecho	arnoldpettybunk	1
03-May-2023	10d	amazonecho	artpumpin	1
03-May-2023	10d	amazonecho	sm1ng	1
03-May-2023	10d	amazonecho	BeerWingsRepeat	1
03-May-2023	10d	amazonecho	rthomas10	1
03-May-2023	10d	amazonecho	luiguild	1
03-May-2023	10d	amazonecho	sunnycurlz	1
03-May-2023	10d	amazonecho	benfaist	1
03-May-2023	10d	amazonecho	CeleryFinal2589	1
03-May-2023	10d	amazonecho	huntergatherer555	1
03-May-2023	10d	amazonecho	PuzzleheadedBit677	1
03-May-2023	10d	amazonecho	Guru_Tech768	1
03-May-2023	10d	amazonecho	blmzd	1
03-May-2023	10d	amazonecho	kevonicus	1
03-May-2023	10d	amazonecho	namocaw	1
03-May-2023	10d	amazonecho	I_tote_my_goats	1
03-May-2023	10d	amazonecho	einhornb	1
03-May-2023	10d	amazonecho	Dheideri	1
03-May-2023	10d	amazonecho	Ok-Weakness-1148	1
03-May-2023	10d	amazonecho	msmsms101	1
03-May-2023	10d	amazonecho	Yeah_Probably_J	1
03-May-2023	10d	amazonecho	TH3N0RTHSID3	1
03-May-2023	10d	amazonecho	Sympathy_Recent	1
03-May-2023	10d	amazonecho	chef8489	1
03-May-2023	10d	amazonecho	ejpusa	1
03-May-2023	10d	amazonecho	Spamtickler	1
03-May-2023	10d	amazonecho	spikecurt	1
03-May-2023	10d	amazonecho	CarpeTeknus	1
03-May-2023	10d	amazonecho	StevBator	1
03-May-2023	10d	amazonecho	ailee43	1
03-May-2023	10d	amazonecho	Pigman02	1
03-May-2023	10d	amazonecho	joogiee	1
03-May-2023	10d	amazonecho	stylex_89	1
03-May-2023	10d	amazonecho	stoopidyoshi	1
03-May-2023	10d	amazonecho	d10rr	1
03-May-2023	10d	amazonecho	sureshot58	1
03-May-2023	10d	amazonecho	del_maria425	1
03-May-2023	10d	amazonecho	CozyCoffeeCup42	1
03-May-2023	10d	amazonecho	Ceezeecz	1
03-May-2023	10d	amazonecho	Exact_Roll_4048	1
03-May-2023	10d	amazonecho	igneousvis	1
03-May-2023	10d	amazonecho	blodyholy_	1
03-May-2023	10d	amazonecho	BlossomPNW	1
03-May-2023	10d	amazonecho	AbbreviationsNo1410	1
03-May-2023	10d	amazonecho	ransufodo	1
03-May-2023	10d	amazonecho	Gussie61	1
03-May-2023	10d	amazonecho	CaptainHunt	1
03-May-2023	10d	amazonecho	TMWOxBigRed	1
03-May-2023	10d	amazonecho	gizmophaze	1
03-May-2023	10d	amazonecho	kwixmusic	1
03-May-2023	10d	amazonecho	BrrImCccold	1
03-May-2023	10d	amazonecho	CancelOk1255	1
03-May-2023	10d	amazonecho	grimboom21	1
03-May-2023	10d	amazonecho	mikeinstlouis	1
03-May-2023	10d	amazonecho	Shot_Flamingo_4445	1
03-May-2023	10d	amazonecho	Delicious_Run8166	1
03-May-2023	10d	amazonecho	Remarkable-Ad-2678	1
03-May-2023	10d	amazonecho	Acceptable_Ear_7809	1
03-May-2023	10d	amazonecho	xurad2005	1
03-May-2023	10d	amazonecho	ArtOfVandelay	1
03-May-2023	10d	amazonecho	Next_Increase2944	1
03-May-2023	10d	amazonecho	charrett	1
03-May-2023	10d	amazonecho	pensivepliskin	1
03-May-2023	10d	amazonecho	gwar11	1
03-May-2023	10d	amazonecho	Commercial_Daikon_92	1
03-May-2023	10d	amazonecho	capblye	1
03-May-2023	10d	amazonecho	BilliamJ2	1
03-May-2023	10d	amazonecho	tDANGERb	1
03-May-2023	10d	amazonecho	Mobile_Imagination_5	1
03-May-2023	10d	amazonecho	curiousrut	1
03-May-2023	10d	amazonecho	Rude_Psychology1648	1
03-May-2023	10d	amazonecho	CrazyKaos24	1
03-May-2023	10d	amazonecho	VTPete	1
03-May-2023	10d	amazonecho	SooshiRole	1
03-May-2023	10d	amazonecho	Ok-Mastodon8523	1
03-May-2023	10d	amazonecho	HaplessOrchestra	1
03-May-2023	10d	amazonecho	Xterra50	1
03-May-2023	10d	amazonecho	FestivalChimp	1
03-May-2023	10d	amazonecho	LyricalHeart86	1
03-May-2023	10d	amazonecho	teddylovr	1
03-May-2023	10d	amazonecho	Emotional_Row6306	1
03-May-2023	10d	amazonecho	larryeddy	1
03-May-2023	10d	amazonecho	Martipaku	1
03-May-2023	10d	amazonecho	Icy-Anxiety-9338	1
03-May-2023	10d	amazonecho	AndrewCortesi	1
03-May-2023	10d	amazonecho	BROMETH3U5	1
03-May-2023	10d	amazonecho	yefeth	1
03-May-2023	10d	amazonecho	grapplerone	1
03-May-2023	10d	amazonecho	skirven4	1
03-May-2023	10d	amazonecho	sandwiches636	1
03-May-2023	10d	amazonecho	Lizziebit	1
03-May-2023	10d	amazonecho	hereforlul	1
03-May-2023	10d	amazonecho	keiliii	1
03-May-2023	10d	amazonecho	filolif	1
03-May-2023	10d	amazonecho	Marvin_peso	1
03-May-2023	10d	amazonecho	LotdLisbon	1
03-May-2023	10d	amazonecho	mime454	1
03-May-2023	10d	amazonecho	DarkIce-	1
03-May-2023	10d	amazonecho	Hotwheelz3131	1
03-May-2023	10d	amazonecho	DarkPrinceCait	1
03-May-2023	10d	amazonecho	UniqueUsrname_xx	1
03-May-2023	10d	amazonecho	Herbalsteez	1
03-May-2023	10d	amazonecho	Iambetterthanyou713	1
03-May-2023	10d	amazonecho	hostileautumn	1
03-May-2023	10d	amazonecho	bhoop33	1
03-May-2023	10d	amazonecho	MortisStorm	1
03-May-2023	10d	amazonecho	According_Machine_27	1
03-May-2023	10d	amazonecho	thedeprted	1
03-May-2023	10d	amazonecho	briantforce	1
03-May-2023	10d	amazonecho	2bad2care	1
03-May-2023	10d	amazonecho	AvsWon33	1
03-May-2023	10d	amazonecho	RussW210	1
03-May-2023	10d	amazonecho	ActiveElectronic3138	1
03-May-2023	10d	amazonecho	imnotatroll555	1
03-May-2023	10d	amazonecho	beyondthetech	1
03-May-2023	10d	amazonecho	TP-bbq	1
03-May-2023	10d	amazonecho	Ethrealrunner	1
03-May-2023	10d	amazonecho	Wrila_ip	1
03-May-2023	10d	amazonecho	elle-jay_cee	1
03-May-2023	10d	amazonecho	Ron_Sandalthunder	1
03-May-2023	10d	amazonecho	islandgirl0228	1
03-May-2023	10d	amazonecho	Ok_Spell_302	1
03-May-2023	10d	amazonecho	haligolightly	1
03-May-2023	10d	amazonecho	Xanadu2002	1
03-May-2023	10d	amazonecho	unsubtleflounder	1
03-May-2023	10d	amazonecho	CranberryRich559	1
03-May-2023	10d	amazonecho	TangibleMalice	1
03-May-2023	10d	amazonecho	teamshesh8988	1
03-May-2023	10d	amazonecho	allen8801	1
03-May-2023	10d	amazonecho	Garlonx	1
03-May-2023	10d	amazonecho	swordsforeveryone	1
03-May-2023	10d	amazonecho	No-Sell-6086	1
03-May-2023	10d	amazonecho	ChiefGriffey	1
03-May-2023	10d	amazonecho	Pinkremote21	1
03-May-2023	10d	amazonecho	Sephoenix	1
03-May-2023	10d	amazonecho	Obvious-Object4147	1
03-May-2023	10d	amazonecho	Alarmed_Addendum5062	1
03-May-2023	10d	amazonecho	BassWingerC-137	1
03-May-2023	10d	amazonecho	Flimsy_Objective7674	1
03-May-2023	10d	amazonecho	Smirkydarkdude	1
03-May-2023	10d	amazonecho	SonCarrot	1
03-May-2023	10d	amazonecho	Navydevildoc	1
03-May-2023	10d	amazonecho	Odd-Station2411	1
03-May-2023	10d	amazonecho	RalphGuevara	1
03-May-2023	10d	amazonecho	Jcorella	1
03-May-2023	10d	amazonecho	Lumpymaximus	1
03-May-2023	10d	amazonecho	Thatguy38700	1
03-May-2023	10d	amazonecho	NoCalligrapher6444	1
03-May-2023	10d	amazonecho	tanttr332	1
03-May-2023	10d	amazonecho	Xntryktrapper	1
03-May-2023	10d	amazonecho	friendlyhermit	1
03-May-2023	10d	amazonecho	gamersfunnydoings12	1
03-May-2023	10d	amazonecho	Macklin410	1
03-May-2023	10d	amazonecho	mfhakp803	1
03-May-2023	10d	amazonecho	AtcJD	1
03-May-2023	10d	amazonecho	toejamboi	1
03-May-2023	10d	amazonecho	marz73	1
03-May-2023	10d	amazonecho	Witty-Praline3092	1
03-May-2023	10d	amazonecho	scarr3g	1
03-May-2023	10d	amazonecho	TheGreenBeard	1
03-May-2023	10d	amazonecho	Alarmed-Film-6782	1
03-May-2023	10d	amazonecho	eithnegomez	1
03-May-2023	10d	amazonecho	rossco95123	1
03-May-2023	10d	amazonecho	wanderlotus	1
03-May-2023	10d	amazonecho	ben7337	1
03-May-2023	10d	amazonecho	googy55	1
03-May-2023	10d	amazonecho	gonagoonu	1
03-May-2023	10d	amazonecho	Yupseemslegit	1
03-May-2023	10d	amazonecho	quiltbugj	1
03-May-2023	10d	amazonecho	dimming1987	1
03-May-2023	10d	amazonecho	_stephenfrost_	1
03-May-2023	10d	amazonecho	animesh250	1
03-May-2023	10d	amazonecho	mirtim09	1
03-May-2023	10d	amazonecho	isjahammer	1
03-May-2023	10d	amazonecho	Angel36003600	1
03-May-2023	10d	amazonecho	East-Pressure1147	1
03-May-2023	10d	amazonecho	Material_Cook_4698	1
03-May-2023	10d	amazonecho	benster112	1
03-May-2023	10d	amazonecho	slipperyknife	1
03-May-2023	10d	amazonecho	SwiftOneSpeaks	1
03-May-2023	10d	amazonecho	Varjohaltia	1
03-May-2023	10d	amazonecho	mp3god	1
03-May-2023	10d	amazonecho	ErinPaperbackstash	1
03-May-2023	10d	amazonecho	Daghain	1
03-May-2023	10d	amazonecho	rosegoldmami	1
03-May-2023	10d	amazonecho	KtownRob	1
03-May-2023	10d	amazonecho	wgewin89	1
03-May-2023	10d	amazonecho	mattbillenstein	1
03-May-2023	10d	amazonecho	BradCOnReddit	1
03-May-2023	10d	amazonecho	FistingLube	1
03-May-2023	10d	amazonecho	Putney9	1
03-May-2023	10d	amazonecho	Ic1ph3r	1
03-May-2023	10d	amazonecho	Sernas7	1
03-May-2023	10d	amazonecho	nogooduser	1
03-May-2023	10d	amazonecho	the1plummie	1
03-May-2023	10d	amazonecho	combatwombat007	1
03-May-2023	10d	amazonecho	RChamltn	1
03-May-2023	10d	amazonecho	cantsl	1
03-May-2023	10d	amazonecho	kamiller42	1
03-May-2023	10d	amazonecho	Professional_Hour_37	1
03-May-2023	10d	amazonecho	shinypenny01	1
03-May-2023	10d	amazonecho	knobunc	1
03-May-2023	10d	amazonecho	derfmcdoogal	1
03-May-2023	10d	amazonecho	ersan191	1
03-May-2023	10d	amazonecho	hunchxpunch	1
03-May-2023	10d	amazonecho	Adams1973	1
03-May-2023	10d	amazonecho	Scorpi01031	1
03-May-2023	10d	amazonecho	Westlund	1
03-May-2023	10d	amazonecho	DrRadd	1
03-May-2023	10d	amazonecho	Tired8281	1
03-May-2023	10d	amazonecho	decker12	1
03-May-2023	10d	amazonecho	thesledman	1
03-May-2023	10d	amazonecho	rcatk42	1
03-May-2023	10d	amazonecho	Lvlaxx	1
03-May-2023	10d	amazonecho	Lokinawa	1
03-May-2023	10d	amazonecho	kylreddit	1
03-May-2023	10d	amazonecho	lucky482	1
03-May-2023	10d	amazonecho	NotAnyOneYouKnow2019	1
03-May-2023	10d	amazonecho	SiliconDiver	1
03-May-2023	10d	amazonecho	mrhoopers	1
03-May-2023	10d	amazonecho	mtwaldman1	1
03-May-2023	10d	amazonecho	wewewawa	1
03-May-2023	10d	amazonecho	michaelmccue	1
03-May-2023	10d	amazonecho	Hellodarlin80	1
03-May-2023	10d	amazonecho	GoldAlternative6157	1
03-May-2023	10d	amazonecho	pdinc	1
03-May-2023	10d	amazonecho	plastigoop	1
03-May-2023	10d	amazonecho	tz3wft	1
03-May-2023	10d	amazonecho	Lemurlegolover	1
03-May-2023	10d	amazonecho	tman271	1
03-May-2023	10d	amazonecho	2ndstar2lft	1
03-May-2023	10d	amazonecho	Neoylloh	1
03-May-2023	10d	amazonecho	guapachoso	1
03-May-2023	10d	amazonecho	RetroGamingGuy	1
03-May-2023	10d	amazonecho	Salty_Local7386	1
03-May-2023	10d	amazonecho	JoeyTheFoxxo	1
03-May-2023	10d	amazonecho	ScotForWhat	1
03-May-2023	10d	amazonecho	Certain_Job_413	1
03-May-2023	10d	amazonecho	DragonCayenne	1
03-May-2023	10d	amazonecho	michaelscottdundmiff	1
03-May-2023	10d	amazonecho	Lucifer_Devil_69_	1
03-May-2023	10d	amazonecho	PredaPops	1
03-May-2023	10d	amazonecho	Eclipse8301	1
03-May-2023	10d	amazonecho	StopDropAndRollTide	1
03-May-2023	10d	amazonecho	Just_Low_1294	1
03-May-2023	10d	amazonecho	RaizT1	1
03-May-2023	10d	amazonecho	ParisGreenGretsch	1
03-May-2023	10d	amazonecho	JamJam_1000	1
03-May-2023	10d	amazonecho	nappturalmystic	1
