query_date	before_date	subreddit	submission_author	submission_frequency
03-May-2023	40d	amazonecho	gangsteroflove1	24
03-May-2023	40d	amazonecho	SpecialistJacket9567	12
03-May-2023	40d	amazonecho	Familiar_Touch_7070	9
03-May-2023	40d	amazonecho	RSKadish	6
03-May-2023	40d	amazonecho	PokemonandLSD	5
03-May-2023	40d	amazonecho	[deleted]	5
03-May-2023	40d	amazonecho	trumpfamily2020	5
03-May-2023	40d	amazonecho	androidusr	4
03-May-2023	40d	amazonecho	AXXXXXXXXA	4
03-May-2023	40d	amazonecho	Sam_0101	4
03-May-2023	40d	amazonecho	_BindersFullOfWomen_	3
03-May-2023	40d	amazonecho	Famous-Perspective-3	3
03-May-2023	40d	amazonecho	muusicman	3
03-May-2023	40d	amazonecho	Far-Independent704	3
03-May-2023	40d	amazonecho	Expert-Candy8578	3
03-May-2023	40d	amazonecho	maurobuginski	3
03-May-2023	40d	amazonecho	Technical_Pace1809	3
03-May-2023	40d	amazonecho	DPAmes1	3
03-May-2023	40d	amazonecho	Chanchal7226	3
03-May-2023	40d	amazonecho	WranglerWarm6850	3
03-May-2023	40d	amazonecho	buguy67	3
03-May-2023	40d	amazonecho	tristiansimon	3
03-May-2023	40d	amazonecho	333tr	3
03-May-2023	40d	amazonecho	Eclipse8301	2
03-May-2023	40d	amazonecho	Murwiz	2
03-May-2023	40d	amazonecho	goco2	2
03-May-2023	40d	amazonecho	MaybeCanBeTHERE	2
03-May-2023	40d	amazonecho	Dansk72	2
03-May-2023	40d	amazonecho	MarioDF	2
03-May-2023	40d	amazonecho	GravityTortoise	2
03-May-2023	40d	amazonecho	bradyd06	2
03-May-2023	40d	amazonecho	ArianaFraggle1997	2
03-May-2023	40d	amazonecho	pdinc	2
03-May-2023	40d	amazonecho	TheVoski	2
03-May-2023	40d	amazonecho	aNewVersionofSelf	2
03-May-2023	40d	amazonecho	Strict-Winter-2295	2
03-May-2023	40d	amazonecho	spikecurt	2
03-May-2023	40d	amazonecho	Available-Bad-210	2
03-May-2023	40d	amazonecho	CSBP84	2
03-May-2023	40d	amazonecho	FreeAd9383	2
03-May-2023	40d	amazonecho	skingspan	2
03-May-2023	40d	amazonecho	abusivecat	2
03-May-2023	40d	amazonecho	WhoWho22222	2
03-May-2023	40d	amazonecho	Makelovenotwar-1234	2
03-May-2023	40d	amazonecho	itoldusoandso	2
03-May-2023	40d	amazonecho	SnooSeagulls2284	2
03-May-2023	40d	amazonecho	cryptotollnumber	2
03-May-2023	40d	amazonecho	BoxAlarmed4132	2
03-May-2023	40d	amazonecho	NotUniqueAtAIl	2
03-May-2023	40d	amazonecho	abeasom	2
03-May-2023	40d	amazonecho	No-Establishment2240	2
03-May-2023	40d	amazonecho	ptkim_reddit	2
03-May-2023	40d	amazonecho	woody-99	2
03-May-2023	40d	amazonecho	thisismyusername798	2
03-May-2023	40d	amazonecho	AnaRFM	2
03-May-2023	40d	amazonecho	Leaellynasaura	2
03-May-2023	40d	amazonecho	gjoakum221	2
03-May-2023	40d	amazonecho	crutnacker	2
03-May-2023	40d	amazonecho	AzurosNorth	2
03-May-2023	40d	amazonecho	TheDadRockPodcast	2
03-May-2023	40d	amazonecho	Fragrant_Roll9424	2
03-May-2023	40d	amazonecho	IWantTheSauce	2
03-May-2023	40d	amazonecho	AGayFrogParadise	2
03-May-2023	40d	amazonecho	CassCat	2
03-May-2023	40d	amazonecho	DevMiser	2
03-May-2023	40d	amazonecho	CpuJunky	2
03-May-2023	40d	amazonecho	maybesailor1	2
03-May-2023	40d	amazonecho	Living_like_Larry12	2
03-May-2023	40d	amazonecho	YYCStorms	2
03-May-2023	40d	amazonecho	Staragox	2
03-May-2023	40d	amazonecho	vishnu132	2
03-May-2023	40d	amazonecho	gocard	2
03-May-2023	40d	amazonecho	Free-Bowler-5192	2
03-May-2023	40d	amazonecho	JoehCat	2
03-May-2023	40d	amazonecho	CDgaming360	2
03-May-2023	40d	amazonecho	bullgod1964	2
03-May-2023	40d	amazonecho	Anxious-Kangaroo1152	2
03-May-2023	40d	amazonecho	Blangyman	2
03-May-2023	40d	amazonecho	AppleTerra	2
03-May-2023	40d	amazonecho	asuhayda	2
03-May-2023	40d	amazonecho	stevejo2k20	1
03-May-2023	40d	amazonecho	ScheduledYeti284	1
03-May-2023	40d	amazonecho	StillAirBox	1
03-May-2023	40d	amazonecho	Leash_85	1
03-May-2023	40d	amazonecho	atowncalledfinger	1
03-May-2023	40d	amazonecho	SisyphusKindaSus	1
03-May-2023	40d	amazonecho	Cherry__Coke__	1
03-May-2023	40d	amazonecho	burymeintheuk	1
03-May-2023	40d	amazonecho	itidi0t	1
03-May-2023	40d	amazonecho	Switchbeats1	1
03-May-2023	40d	amazonecho	8vnn1_VA	1
03-May-2023	40d	amazonecho	coolsheep769	1
03-May-2023	40d	amazonecho	Moist-Bluebird-2196	1
03-May-2023	40d	amazonecho	cshack8216	1
03-May-2023	40d	amazonecho	Freelancerabc	1
03-May-2023	40d	amazonecho	Kurapika_chain_user	1
03-May-2023	40d	amazonecho	p3748	1
03-May-2023	40d	amazonecho	ppc0r	1
03-May-2023	40d	amazonecho	Redaazyaiz	1
03-May-2023	40d	amazonecho	shangchi001	1
03-May-2023	40d	amazonecho	Glad-Bit-4857	1
03-May-2023	40d	amazonecho	MatthewGaming101YT	1
03-May-2023	40d	amazonecho	jmssue	1
03-May-2023	40d	amazonecho	Mateatrending90	1
03-May-2023	40d	amazonecho	AFKaptain	1
03-May-2023	40d	amazonecho	hiddenemi	1
03-May-2023	40d	amazonecho	uhcninjax	1
03-May-2023	40d	amazonecho	flexobaff	1
03-May-2023	40d	amazonecho	ladykyote	1
03-May-2023	40d	amazonecho	Guidogrundlechode	1
03-May-2023	40d	amazonecho	bebooran31	1
03-May-2023	40d	amazonecho	wood2010	1
03-May-2023	40d	amazonecho	Brewski425	1
03-May-2023	40d	amazonecho	MythicJerryStone	1
03-May-2023	40d	amazonecho	Jsinglmalt	1
03-May-2023	40d	amazonecho	ToonTitans	1
03-May-2023	40d	amazonecho	Tswiftfan1322	1
03-May-2023	40d	amazonecho	prodmattum	1
03-May-2023	40d	amazonecho	LuiTep	1
03-May-2023	40d	amazonecho	No-Personality-1456	1
03-May-2023	40d	amazonecho	fompas11	1
03-May-2023	40d	amazonecho	DrakeAndJoshOfficial	1
03-May-2023	40d	amazonecho	rightsideonly4	1
03-May-2023	40d	amazonecho	FishDragun	1
03-May-2023	40d	amazonecho	ShadowDancer11	1
03-May-2023	40d	amazonecho	AndiGreyScaleArt	1
03-May-2023	40d	amazonecho	PlatypusRadipus	1
03-May-2023	40d	amazonecho	Nosferatushy	1
03-May-2023	40d	amazonecho	JACKDAGROOVE	1
03-May-2023	40d	amazonecho	omnimon7	1
03-May-2023	40d	amazonecho	rajansm7	1
03-May-2023	40d	amazonecho	Eeeeeelile	1
03-May-2023	40d	amazonecho	TheMFNDevil	1
03-May-2023	40d	amazonecho	Crowtonseller	1
03-May-2023	40d	amazonecho	KaKi_87	1
03-May-2023	40d	amazonecho	otpid	1
03-May-2023	40d	amazonecho	Huge-Detective8324	1
03-May-2023	40d	amazonecho	Internal-Ad-2546	1
03-May-2023	40d	amazonecho	slawnz	1
03-May-2023	40d	amazonecho	ActuallydCompressing	1
03-May-2023	40d	amazonecho	tanders1	1
03-May-2023	40d	amazonecho	Suitable_North_984	1
03-May-2023	40d	amazonecho	bxasty	1
03-May-2023	40d	amazonecho	imscaredhelpme88	1
03-May-2023	40d	amazonecho	SamGreenaway	1
03-May-2023	40d	amazonecho	aguaholic33	1
03-May-2023	40d	amazonecho	neobondd	1
03-May-2023	40d	amazonecho	snickerzz	1
03-May-2023	40d	amazonecho	ZeroMayCry7	1
03-May-2023	40d	amazonecho	WeGooded	1
03-May-2023	40d	amazonecho	JonathanRace	1
03-May-2023	40d	amazonecho	DG1964	1
03-May-2023	40d	amazonecho	Yahentamitsi	1
03-May-2023	40d	amazonecho	Vertigo_uk123	1
03-May-2023	40d	amazonecho	GrundlePepper	1
03-May-2023	40d	amazonecho	WhatsThatVibe	1
03-May-2023	40d	amazonecho	thedeadp0ets	1
03-May-2023	40d	amazonecho	TemporaryFinding1146	1
03-May-2023	40d	amazonecho	BenYolo	1
03-May-2023	40d	amazonecho	graceofspades105	1
03-May-2023	40d	amazonecho	Lady_Nyx13	1
03-May-2023	40d	amazonecho	ScaleySquamata	1
03-May-2023	40d	amazonecho	Crunch_6969	1
03-May-2023	40d	amazonecho	Tim-in-CA	1
03-May-2023	40d	amazonecho	Usual_Impact5924	1
03-May-2023	40d	amazonecho	wreckduanfrentry	1
03-May-2023	40d	amazonecho	Think_Raccoon_5425	1
03-May-2023	40d	amazonecho	CaptainHunt	1
03-May-2023	40d	amazonecho	jkattex	1
03-May-2023	40d	amazonecho	wireman54304	1
03-May-2023	40d	amazonecho	Unknownone1010	1
03-May-2023	40d	amazonecho	RedMeGold	1
03-May-2023	40d	amazonecho	SirWebster	1
03-May-2023	40d	amazonecho	THEMIGHTYBEEF277	1
03-May-2023	40d	amazonecho	clecayenne	1
03-May-2023	40d	amazonecho	fokayyyyyyy	1
03-May-2023	40d	amazonecho	fasfse123	1
03-May-2023	40d	amazonecho	molard	1
03-May-2023	40d	amazonecho	Apprehensive-Ad738	1
03-May-2023	40d	amazonecho	DietCokeMachine	1
03-May-2023	40d	amazonecho	balldogs2012	1
03-May-2023	40d	amazonecho	Cenddel	1
03-May-2023	40d	amazonecho	Saltymomma111	1
03-May-2023	40d	amazonecho	SH4D0W_C4V3M4N	1
03-May-2023	40d	amazonecho	alittlepronetopanic	1
03-May-2023	40d	amazonecho	Formal-Ad8037	1
03-May-2023	40d	amazonecho	joskua	1
03-May-2023	40d	amazonecho	DoctorWH0877	1
03-May-2023	40d	amazonecho	Asleep-Leg-9635	1
03-May-2023	40d	amazonecho	Christinaaa12	1
03-May-2023	40d	amazonecho	afrinbappy6163	1
03-May-2023	40d	amazonecho	PoorInCT	1
03-May-2023	40d	amazonecho	Johnny_Leon	1
03-May-2023	40d	amazonecho	RetroGamer87	1
03-May-2023	40d	amazonecho	Disastrous-Lab6485	1
03-May-2023	40d	amazonecho	Clevercommentor	1
03-May-2023	40d	amazonecho	Educational-Page-436	1
03-May-2023	40d	amazonecho	MarbleWry	1
03-May-2023	40d	amazonecho	Gold-Reference-1604	1
03-May-2023	40d	amazonecho	memebuster	1
03-May-2023	40d	amazonecho	zcodes_xyz	1
03-May-2023	40d	amazonecho	GreyWolf105	1
03-May-2023	40d	amazonecho	Haunting_Being	1
03-May-2023	40d	amazonecho	Status_Raspberry5547	1
03-May-2023	40d	amazonecho	J68-	1
03-May-2023	40d	amazonecho	my_name31	1
03-May-2023	40d	amazonecho	rguy84	1
03-May-2023	40d	amazonecho	Usernameontheground	1
03-May-2023	40d	amazonecho	Fun-Marsupial-911	1
03-May-2023	40d	amazonecho	Comprehensive-Olive6	1
03-May-2023	40d	amazonecho	mr_reis77	1
03-May-2023	40d	amazonecho	Top_Distribution_189	1
03-May-2023	40d	amazonecho	metrac_	1
03-May-2023	40d	amazonecho	jambo_1983	1
03-May-2023	40d	amazonecho	nepenth_e	1
03-May-2023	40d	amazonecho	bggtr73	1
03-May-2023	40d	amazonecho	DEAN72709	1
03-May-2023	40d	amazonecho	ORD-DRO	1
03-May-2023	40d	amazonecho	royofroverse	1
03-May-2023	40d	amazonecho	Imoldok	1
03-May-2023	40d	amazonecho	SminemFan	1
03-May-2023	40d	amazonecho	brabs2	1
03-May-2023	40d	amazonecho	oddjobs4bud	1
03-May-2023	40d	amazonecho	4-Run-Yoda	1
03-May-2023	40d	amazonecho	funshinie	1
03-May-2023	40d	amazonecho	columbinenovi	1
03-May-2023	40d	amazonecho	LasagnaFairy	1
03-May-2023	40d	amazonecho	Comp625	1
03-May-2023	40d	amazonecho	PerrydePerth	1
03-May-2023	40d	amazonecho	Kelmantis	1
03-May-2023	40d	amazonecho	kyrusdemnati	1
03-May-2023	40d	amazonecho	Juniorscrackdealer	1
03-May-2023	40d	amazonecho	ssigea	1
03-May-2023	40d	amazonecho	tyhfxe	1
03-May-2023	40d	amazonecho	original_evanator	1
03-May-2023	40d	amazonecho	IfMcCartneyDidMMA	1
03-May-2023	40d	amazonecho	Historical_Move_9601	1
03-May-2023	40d	amazonecho	SaturnMoloch	1
03-May-2023	40d	amazonecho	jaymartinez	1
03-May-2023	40d	amazonecho	makemoneytipsonline	1
03-May-2023	40d	amazonecho	Maleficent-Monk5601	1
03-May-2023	40d	amazonecho	Bright_Watch3734	1
03-May-2023	40d	amazonecho	MScoutsDCI	1
03-May-2023	40d	amazonecho	Chilechilechile	1
03-May-2023	40d	amazonecho	LeBretonOrBust	1
03-May-2023	40d	amazonecho	PersonalitySquare221	1
03-May-2023	40d	amazonecho	Leading-Candle6968	1
03-May-2023	40d	amazonecho	Stymn	1
03-May-2023	40d	amazonecho	10_kinds_of_people	1
03-May-2023	40d	amazonecho	peals2	1
03-May-2023	40d	amazonecho	RxStinky	1
03-May-2023	40d	amazonecho	somanyhams	1
03-May-2023	40d	amazonecho	minionsweb	1
03-May-2023	40d	amazonecho	pabloiad	1
03-May-2023	40d	amazonecho	ScopeNZ	1
03-May-2023	40d	amazonecho	Morbo782	1
03-May-2023	40d	amazonecho	yanksno1	1
03-May-2023	40d	amazonecho	Wulfi4	1
03-May-2023	40d	amazonecho	SnooChickens9175	1
03-May-2023	40d	amazonecho	Nighttime99	1
03-May-2023	40d	amazonecho	element_unknownn	1
03-May-2023	40d	amazonecho	Flat-Slice4959	1
03-May-2023	40d	amazonecho	SerialRumors	1
03-May-2023	40d	amazonecho	MattEffinCameron	1
03-May-2023	40d	amazonecho	r_ni_	1
03-May-2023	40d	amazonecho	Effective-Couple-169	1
03-May-2023	40d	amazonecho	RunnerInChicago	1
03-May-2023	40d	amazonecho	Ok_Entrepreneur3040	1
03-May-2023	40d	amazonecho	Legal_Consequence113	1
03-May-2023	40d	amazonecho	Torrence73	1
03-May-2023	40d	amazonecho	fskhalsa	1
03-May-2023	40d	amazonecho	Icy-Mud7327	1
03-May-2023	40d	amazonecho	forsaken_theos	1
03-May-2023	40d	amazonecho	jphilebiz	1
03-May-2023	40d	amazonecho	StephenCWLL	1
03-May-2023	40d	amazonecho	plakapum	1
03-May-2023	40d	amazonecho	OfficialSmeggyBeans	1
03-May-2023	40d	amazonecho	Kindly-Coyote-9446	1
03-May-2023	40d	amazonecho	NoChrisNoGain	1
03-May-2023	40d	amazonecho	TARDISenjoyer97	1
03-May-2023	40d	amazonecho	Cliffoakley	1
03-May-2023	40d	amazonecho	emilyntyler	1
03-May-2023	40d	amazonecho	morick_02h	1
03-May-2023	40d	amazonecho	ReadsHereAllot	1
03-May-2023	40d	amazonecho	pmartin2432	1
03-May-2023	40d	amazonecho	VNzAbguvat	1
03-May-2023	40d	amazonecho	prix03gt	1
03-May-2023	40d	amazonecho	TicFan67	1
03-May-2023	40d	amazonecho	Extension-War8093	1
03-May-2023	40d	amazonecho	Hot_Solid4840	1
03-May-2023	40d	amazonecho	noblemenshop	1
03-May-2023	40d	amazonecho	NathanAdler1984	1
03-May-2023	40d	amazonecho	Alone_Yam_3690	1
03-May-2023	40d	amazonecho	tim0767	1
03-May-2023	40d	amazonecho	AdrianW3	1
03-May-2023	40d	amazonecho	torrphilla	1
03-May-2023	40d	amazonecho	jjjrrr88	1
03-May-2023	40d	amazonecho	No-Reserve2026	1
03-May-2023	40d	amazonecho	the_donald_punk	1
03-May-2023	40d	amazonecho	s18heythere	1
03-May-2023	40d	amazonecho	deadpool809	1
03-May-2023	40d	amazonecho	Otherwise_Hotel_6953	1
03-May-2023	40d	amazonecho	Percdye	1
03-May-2023	40d	amazonecho	Culpourrix	1
03-May-2023	40d	amazonecho	CC-Bel	1
03-May-2023	40d	amazonecho	Lovehat	1
03-May-2023	40d	amazonecho	TazExprez	1
03-May-2023	40d	amazonecho	Human_Yam1500	1
03-May-2023	40d	amazonecho	ErinPaperbackstash	1
03-May-2023	40d	amazonecho	CuntBunting69	1
03-May-2023	40d	amazonecho	GurtGimcrack	1
03-May-2023	40d	amazonecho	JackP_17	1
03-May-2023	40d	amazonecho	cedbluechase	1
03-May-2023	40d	amazonecho	cheshyrp	1
03-May-2023	40d	amazonecho	Chaninja412	1
03-May-2023	40d	amazonecho	RMT-Guy	1
03-May-2023	40d	amazonecho	TankTopTuesday	1
03-May-2023	40d	amazonecho	vanillabear24399	1
03-May-2023	40d	amazonecho	AbleBaker1962	1
03-May-2023	40d	amazonecho	Vivalo	1
03-May-2023	40d	amazonecho	coveringspaces	1
03-May-2023	40d	amazonecho	DrNingNing	1
03-May-2023	40d	amazonecho	Flamboyant1220	1
03-May-2023	40d	amazonecho	smjohnston1	1
03-May-2023	40d	amazonecho	imjacobclark	1
03-May-2023	40d	amazonecho	IsraelZulu	1
03-May-2023	40d	amazonecho	alteridiom	1
03-May-2023	40d	amazonecho	doovdevan	1
03-May-2023	40d	amazonecho	werdmouf	1
03-May-2023	40d	amazonecho	Fearless-Garage-7241	1
03-May-2023	40d	amazonecho	DiscussionLeft9393	1
03-May-2023	40d	amazonecho	Tiny_Jello9748	1
03-May-2023	40d	amazonecho	GarfieldSighs3	1
03-May-2023	40d	amazonecho	Shacky4	1
03-May-2023	40d	amazonecho	theyellowtiredone	1
03-May-2023	40d	amazonecho	EntranceAcceptable54	1
03-May-2023	40d	amazonecho	zolakk	1
03-May-2023	40d	amazonecho	cryptochigga	1
03-May-2023	40d	amazonecho	Shrek_the_builder	1
03-May-2023	40d	amazonecho	everarddominey	1
03-May-2023	40d	amazonecho	CNickyD	1
03-May-2023	40d	amazonecho	cojaxffs	1
03-May-2023	40d	amazonecho	CasualObservationist	1
03-May-2023	40d	amazonecho	shakeheartbreaks	1
03-May-2023	40d	amazonecho	M4Sherman4	1
03-May-2023	40d	amazonecho	Velron	1
03-May-2023	40d	amazonecho	YAKgamer123	1
03-May-2023	40d	amazonecho	PJ-2022	1
03-May-2023	40d	amazonecho	StephenSpig	1
03-May-2023	40d	amazonecho	Odd_Refrigerator_348	1
03-May-2023	40d	amazonecho	Saxophone_Kitty	1
03-May-2023	40d	amazonecho	Fine_Implement_4024	1
03-May-2023	40d	amazonecho	capaz_que_si	1
03-May-2023	40d	amazonecho	RainyDayMatt	1
03-May-2023	40d	amazonecho	Chickens1	1
03-May-2023	40d	amazonecho	devilworks	1
03-May-2023	40d	amazonecho	prometheus59650	1
03-May-2023	40d	amazonecho	cyricpl	1
03-May-2023	40d	amazonecho	immolated_	1
03-May-2023	40d	amazonecho	speedycat2014	1
03-May-2023	40d	amazonecho	Dandest	1
03-May-2023	40d	amazonecho	ultravelocity	1
03-May-2023	40d	amazonecho	Tofuwurst111	1
03-May-2023	40d	amazonecho	DashedCanvas	1
03-May-2023	40d	amazonecho	AndyPryceManUtd	1
03-May-2023	40d	amazonecho	dharris	1
03-May-2023	40d	amazonecho	PlasticThoughts	1
03-May-2023	40d	amazonecho	ELITECORELABEL	1
03-May-2023	40d	amazonecho	jefftrmb	1
03-May-2023	40d	amazonecho	enjoycarlo	1
03-May-2023	40d	amazonecho	LightBulb885	1
03-May-2023	40d	amazonecho	Mediocre_Ant_1638	1
03-May-2023	40d	amazonecho	ChampiOfficial	1
03-May-2023	40d	amazonecho	tarzan_nojane	1
03-May-2023	40d	amazonecho	robusdin	1
03-May-2023	40d	amazonecho	Possible_Might1264	1
03-May-2023	40d	amazonecho	draftkinginthenorth	1
03-May-2023	40d	amazonecho	badbob001	1
03-May-2023	40d	amazonecho	Affectionate_Baby761	1
03-May-2023	40d	amazonecho	FeistyFallon	1
03-May-2023	40d	amazonecho	DVSN_F	1
03-May-2023	40d	amazonecho	rkbest	1
03-May-2023	40d	amazonecho	boilermakerny	1
03-May-2023	40d	amazonecho	jullyemmi123	1
03-May-2023	40d	amazonecho	Additional-Wall194	1
03-May-2023	40d	amazonecho	Evan22x	1
03-May-2023	40d	amazonecho	masterarcher123	1
03-May-2023	40d	amazonecho	richstillman	1
03-May-2023	40d	amazonecho	pkt123	1
03-May-2023	40d	amazonecho	JohnnyVierund80	1
03-May-2023	40d	amazonecho	Prior_Channel_8784	1
03-May-2023	40d	amazonecho	s1cdude	1
03-May-2023	40d	amazonecho	Play_Kadak	1
03-May-2023	40d	amazonecho	H3ld1nh0	1
03-May-2023	40d	amazonecho	Odd-Resource6093	1
03-May-2023	40d	amazonecho	philharlow	1
03-May-2023	40d	amazonecho	brokenarrow7777777	1
03-May-2023	40d	amazonecho	ManhattanChristmas25	1
03-May-2023	40d	amazonecho	Makeem95	1
03-May-2023	40d	amazonecho	Ordinary-Noise9444	1
03-May-2023	40d	amazonecho	TheGipsyDarling	1
03-May-2023	40d	amazonecho	KoreMeltdown14	1
03-May-2023	40d	amazonecho	hc01011	1
03-May-2023	40d	amazonecho	ComoEstanBitches	1
03-May-2023	40d	amazonecho	fugitive-bear	1
03-May-2023	40d	amazonecho	Loves_LV	1
03-May-2023	40d	amazonecho	Emphursis	1
03-May-2023	40d	amazonecho	segasega89	1
03-May-2023	40d	amazonecho	Baloo_25	1
03-May-2023	40d	amazonecho	Unlikely-Event-181	1
03-May-2023	40d	amazonecho	TheOneTrueBuckeye	1
03-May-2023	40d	amazonecho	brenter91	1
03-May-2023	40d	amazonecho	Tibag	1
03-May-2023	40d	amazonecho	kuriagos1001	1
03-May-2023	40d	amazonecho	Wayne8766	1
03-May-2023	40d	amazonecho	Perfect-Rooster2253	1
03-May-2023	40d	amazonecho	illusionst	1
03-May-2023	40d	amazonecho	itsasher314	1
03-May-2023	40d	amazonecho	brittanystopyelling	1
03-May-2023	40d	amazonecho	derallo	1
03-May-2023	40d	amazonecho	StelthReddit	1
03-May-2023	40d	amazonecho	PrestigeWrldWd	1
03-May-2023	40d	amazonecho	dsilverm1	1
03-May-2023	40d	amazonecho	GotPerl	1
03-May-2023	40d	amazonecho	userbrn1	1
03-May-2023	40d	amazonecho	chai_investigation	1
03-May-2023	40d	amazonecho	Affectionate-Sale126	1
03-May-2023	40d	amazonecho	nespinola24	1
03-May-2023	40d	amazonecho	Tup1000	1
03-May-2023	40d	amazonecho	patrad	1
03-May-2023	40d	amazonecho	nlynnarch	1
03-May-2023	40d	amazonecho	The_Flying_Sausage	1
03-May-2023	40d	amazonecho	Elctsuptb	1
03-May-2023	40d	amazonecho	thesatchmo	1
03-May-2023	40d	amazonecho	emilyhoeflich	1
03-May-2023	40d	amazonecho	Dapper-Prune-1226	1
03-May-2023	40d	amazonecho	Mission-Ambition9956	1
03-May-2023	40d	amazonecho	morgrar	1
03-May-2023	40d	amazonecho	South_Suggestion_116	1
03-May-2023	40d	amazonecho	tuhinkarmakar	1
03-May-2023	40d	amazonecho	theeldraw	1
03-May-2023	40d	amazonecho	dn_match	1
03-May-2023	40d	amazonecho	withac2	1
03-May-2023	40d	amazonecho	Murulo	1
03-May-2023	40d	amazonecho	melcolie	1
03-May-2023	40d	amazonecho	mar2457	1
03-May-2023	40d	amazonecho	Big-Passenger-1375	1
03-May-2023	40d	amazonecho	crujones33	1
03-May-2023	40d	amazonecho	microdude1000	1
03-May-2023	40d	amazonecho	ChristianClingerman	1
03-May-2023	40d	amazonecho	Jimmy_the_Heater	1
03-May-2023	40d	amazonecho	Fill-E-Cheez	1
03-May-2023	40d	amazonecho	Confident-Click2583	1
03-May-2023	40d	amazonecho	Reversing_Gazelle	1
03-May-2023	40d	amazonecho	Michaelflat1	1
03-May-2023	40d	amazonecho	PhilSocal	1
03-May-2023	40d	amazonecho	gigi-balamuc	1
03-May-2023	40d	amazonecho	_TheBloke_	1
03-May-2023	40d	amazonecho	SlinkyTail	1
03-May-2023	40d	amazonecho	Dummythiccamy	1
03-May-2023	40d	amazonecho	CozyBabbit	1
03-May-2023	40d	amazonecho	redexplorit	1
03-May-2023	40d	amazonecho	dancemusicparty	1
03-May-2023	40d	amazonecho	LowEndBike	1
03-May-2023	40d	amazonecho	andybech	1
03-May-2023	40d	amazonecho	YeahThatCee	1
03-May-2023	40d	amazonecho	MrMinecraft178	1
03-May-2023	40d	amazonecho	DangleDore020	1
03-May-2023	40d	amazonecho	nickwasfound13	1
03-May-2023	40d	amazonecho	Charleslorenz0	1
03-May-2023	40d	amazonecho	Fair_Count_6010	1
03-May-2023	40d	amazonecho	Most_Examination5404	1
03-May-2023	40d	amazonecho	Winter_Magician_333	1
03-May-2023	40d	amazonecho	wassupDFW	1
03-May-2023	40d	amazonecho	ZippleJ	1
03-May-2023	40d	amazonecho	dman97_2	1
03-May-2023	40d	amazonecho	Consistent_Amoeba227	1
03-May-2023	40d	amazonecho	Aviorrok	1
03-May-2023	40d	amazonecho	metallicax4life24	1
03-May-2023	40d	amazonecho	L1MAnon	1
03-May-2023	40d	amazonecho	TimmyRiggs33	1
03-May-2023	40d	amazonecho	Ehh8me	1
03-May-2023	40d	amazonecho	DunKco	1
03-May-2023	40d	amazonecho	DigInternational4566	1
03-May-2023	40d	amazonecho	franciscom92	1
03-May-2023	40d	amazonecho	donohoo1980	1
03-May-2023	40d	amazonecho	goosey_goose86	1
03-May-2023	40d	amazonecho	SourGirl94	1
03-May-2023	40d	amazonecho	Boring_Stable_6869	1
03-May-2023	40d	amazonecho	Rich694	1
03-May-2023	40d	amazonecho	j4j4d1ngd0ng	1
03-May-2023	40d	amazonecho	Andy444444	1
03-May-2023	40d	amazonecho	mostly_kittens	1
03-May-2023	40d	amazonecho	guibnkjbvhvyvy	1
03-May-2023	40d	amazonecho	Sibanex	1
03-May-2023	40d	amazonecho	lowfoon	1
03-May-2023	40d	amazonecho	nick9000	1
03-May-2023	40d	amazonecho	zosgood	1
03-May-2023	40d	amazonecho	cynycal	1
03-May-2023	40d	amazonecho	KrissoLille	1
03-May-2023	40d	amazonecho	DismalSheepherder850	1
03-May-2023	40d	amazonecho	Mhbzester	1
03-May-2023	40d	amazonecho	MakemoneyDigitale	1
03-May-2023	40d	amazonecho	curlu	1
03-May-2023	40d	amazonecho	YetAnotherAreaPerson	1
03-May-2023	40d	amazonecho	phoebe-buffey	1
03-May-2023	40d	amazonecho	MajorElevator4407	1
03-May-2023	40d	amazonecho	Beg4MyLoad	1
03-May-2023	40d	amazonecho	mclain114	1
03-May-2023	40d	amazonecho	Sorry_Sorry_Im_Sorry	1
03-May-2023	40d	amazonecho	aryeh95	1
03-May-2023	40d	amazonecho	kaaatieee13	1
03-May-2023	40d	amazonecho	NoSweat88	1
03-May-2023	40d	amazonecho	_Yunala_	1
03-May-2023	40d	amazonecho	Accomplished_Ice3303	1
03-May-2023	40d	amazonecho	BRCKDefenseAttorneys	1
03-May-2023	40d	amazonecho	MechanicalWhispers	1
03-May-2023	40d	amazonecho	chabichiks	1
03-May-2023	40d	amazonecho	PlaidPixels	1
03-May-2023	40d	amazonecho	Hangs_Right	1
03-May-2023	40d	amazonecho	Johnrtx94	1
03-May-2023	40d	amazonecho	kjn33	1
03-May-2023	40d	amazonecho	modimusmaximus	1
03-May-2023	40d	amazonecho	dotslash00	1
03-May-2023	40d	amazonecho	Aweeks77	1
03-May-2023	40d	amazonecho	androozle81	1
03-May-2023	40d	amazonecho	daneyuleb	1
03-May-2023	40d	amazonecho	jleichtentritt	1
03-May-2023	40d	amazonecho	BothRemove4360	1
03-May-2023	40d	amazonecho	benrules2	1
03-May-2023	40d	amazonecho	BigMoE65	1
03-May-2023	40d	amazonecho	ccduke	1
03-May-2023	40d	amazonecho	antisane	1
03-May-2023	40d	amazonecho	alexbro001	1
03-May-2023	40d	amazonecho	-m1zu-	1
03-May-2023	40d	amazonecho	buddhacuz	1
03-May-2023	40d	amazonecho	cainoom	1
03-May-2023	40d	amazonecho	BigTamMacGotchy	1
03-May-2023	40d	amazonecho	G4M35	1
03-May-2023	40d	amazonecho	Front_Huckleberry_93	1
03-May-2023	40d	amazonecho	designgeek89	1
03-May-2023	40d	amazonecho	bc097	1
03-May-2023	40d	amazonecho	freelancerjourn	1
03-May-2023	40d	amazonecho	Thrashman69	1
03-May-2023	40d	amazonecho	Kcmatt530	1
03-May-2023	40d	amazonecho	Western-Peach-1161	1
03-May-2023	40d	amazonecho	nieveyy	1
03-May-2023	40d	amazonecho	honeycocaineslut	1
03-May-2023	40d	amazonecho	Benaholicguy	1
03-May-2023	40d	amazonecho	Tinsel-Fop	1
03-May-2023	40d	amazonecho	TVNewsApp	1
03-May-2023	40d	amazonecho	Jawkneedee	1
03-May-2023	40d	amazonecho	Travelin_Soulja	1
03-May-2023	40d	amazonecho	pwnstar	1
03-May-2023	40d	amazonecho	_DarkLorde	1
03-May-2023	40d	amazonecho	morthalguards	1
03-May-2023	40d	amazonecho	BigBongTheory42	1
03-May-2023	40d	amazonecho	garetheves	1
03-May-2023	40d	amazonecho	Wizardaron_YT	1
03-May-2023	40d	amazonecho	Fogmoose	1
03-May-2023	40d	amazonecho	Zell_Dinchet	1
03-May-2023	40d	amazonecho	ThatOneDrunkUncle	1
03-May-2023	40d	amazonecho	Outofmilkthrowaway	1
03-May-2023	40d	amazonecho	Honky_Cat	1
03-May-2023	40d	amazonecho	CrazeeG	1
03-May-2023	40d	amazonecho	kiloagh	1
03-May-2023	40d	amazonecho	GeilerGandalf9699	1
03-May-2023	40d	amazonecho	ViciousIsland	1
03-May-2023	40d	amazonecho	Stock-Violinist-3158	1
03-May-2023	40d	amazonecho	TraditionGlass2315	1
03-May-2023	40d	amazonecho	LaSainte	1
03-May-2023	40d	amazonecho	tuliusy2k	1
03-May-2023	40d	amazonecho	BoomChocolateLatkes	1
03-May-2023	40d	amazonecho	RedditPoster05	1
03-May-2023	40d	amazonecho	Holy_Banana_	1
03-May-2023	40d	amazonecho	rustedrhino	1
03-May-2023	40d	amazonecho	Adorable_Bottle65	1
03-May-2023	40d	amazonecho	SnooPoems7739	1
03-May-2023	40d	amazonecho	sosen42	1
03-May-2023	40d	amazonecho	johnehlers91	1
03-May-2023	40d	amazonecho	Reggie_Barclay	1
03-May-2023	40d	amazonecho	thelastofbill	1
03-May-2023	40d	amazonecho	SectorAlternative327	1
03-May-2023	40d	amazonecho	Phoeniyx	1
03-May-2023	40d	amazonecho	Spartancfos	1
03-May-2023	40d	amazonecho	infamousmdr	1
03-May-2023	40d	amazonecho	Draconius	1
03-May-2023	40d	amazonecho	klagreca1	1
03-May-2023	40d	amazonecho	Pancake_Nom	1
03-May-2023	40d	amazonecho	NicoRobin007	1
03-May-2023	40d	amazonecho	caribou16	1
03-May-2023	40d	amazonecho	d0db0b	1
03-May-2023	40d	amazonecho	idcthatubrokeurlbow	1
03-May-2023	40d	amazonecho	acucobol	1
03-May-2023	40d	amazonecho	_IdidIdidnt	1
03-May-2023	40d	amazonecho	skittles_for_brains	1
03-May-2023	40d	amazonecho	starman8000	1
03-May-2023	40d	amazonecho	Ezhdehaa	1
03-May-2023	40d	amazonecho	glp1992	1
03-May-2023	40d	amazonecho	Skyyyyyyyler	1
03-May-2023	40d	amazonecho	blackdragon6547	1
03-May-2023	40d	amazonecho	aja_ramirez	1
03-May-2023	40d	amazonecho	u2jrmw	1
03-May-2023	40d	amazonecho	Smou1a	1
03-May-2023	40d	amazonecho	restrictednumber1996	1
03-May-2023	40d	amazonecho	native_one17	1
03-May-2023	40d	amazonecho	warrior_79	1
03-May-2023	40d	amazonecho	EpicMemeCreator	1
03-May-2023	40d	amazonecho	RoadmanTony	1
03-May-2023	40d	amazonecho	we135b	1
03-May-2023	40d	amazonecho	Competitive_Classic9	1
03-May-2023	40d	amazonecho	Anianna	1
03-May-2023	40d	amazonecho	burritohomeboy	1
03-May-2023	40d	amazonecho	ilmk1318	1
03-May-2023	40d	amazonecho	Teowulf	1
03-May-2023	40d	amazonecho	covingtonFF	1
03-May-2023	40d	amazonecho	AlasknAssasn858	1
03-May-2023	40d	amazonecho	deadwinged	1
03-May-2023	40d	amazonecho	ArialNew	1
03-May-2023	40d	amazonecho	metswon2	1
03-May-2023	40d	amazonecho	SouthernBoyChris	1
03-May-2023	40d	amazonecho	FraniLou89	1
03-May-2023	40d	amazonecho	Prestigious-Bag-896	1
03-May-2023	40d	amazonecho	sapphiricacid	1
03-May-2023	40d	amazonecho	ryan8344	1
03-May-2023	40d	amazonecho	imnotarapperok	1
03-May-2023	40d	amazonecho	TraderHappy	1
03-May-2023	40d	amazonecho	gth441	1
03-May-2023	40d	amazonecho	WarghostAlpha	1
03-May-2023	40d	amazonecho	fancypantshorse	1
03-May-2023	40d	amazonecho	swagger6487	1
03-May-2023	40d	amazonecho	Retro_uk	1
03-May-2023	40d	amazonecho	twinkingoth	1
03-May-2023	40d	amazonecho	Oneblonded	1
03-May-2023	40d	amazonecho	Naive_Dot_3137	1
03-May-2023	40d	amazonecho	swerveliscious	1
03-May-2023	40d	amazonecho	criseligo	1
03-May-2023	40d	amazonecho	Aggro_Tuna	1
03-May-2023	40d	amazonecho	cal3ngineer	1
03-May-2023	40d	amazonecho	wewewawa	1
03-May-2023	40d	amazonecho	BouncyShroom	1
03-May-2023	40d	amazonecho	penthoy	1
03-May-2023	40d	amazonecho	thefunkygibbon	1
03-May-2023	40d	amazonecho	adityaneer	1
03-May-2023	40d	amazonecho	pesd42	1
03-May-2023	40d	amazonecho	Life_Bridge_9960	1
03-May-2023	40d	amazonecho	skinscrazy2002	1
03-May-2023	40d	amazonecho	mccoleman96	1
03-May-2023	40d	amazonecho	guycurtis93	1
03-May-2023	40d	amazonecho	spellmugwump	1
03-May-2023	40d	amazonecho	Fun_Seaworthiness727	1
03-May-2023	40d	amazonecho	OrebGoodbird	1
03-May-2023	40d	amazonecho	cocoako	1
03-May-2023	40d	amazonecho	CheapNefariousness30	1
03-May-2023	40d	amazonecho	MDM3453	1
03-May-2023	40d	amazonecho	96Buck	1
03-May-2023	40d	amazonecho	recreatingafauxpas	1
03-May-2023	40d	amazonecho	triggamike68	1
03-May-2023	40d	amazonecho	Educational-Pear-743	1
03-May-2023	40d	amazonecho	Top_Dust_6064	1
03-May-2023	40d	amazonecho	blue-6423	1
03-May-2023	40d	amazonecho	Itsrichyyy	1
03-May-2023	40d	amazonecho	SloshySodas	1
03-May-2023	40d	amazonecho	LappyGB	1
03-May-2023	40d	amazonecho	Ill_Band5998	1
03-May-2023	40d	amazonecho	Mrs-Nugget	1
03-May-2023	40d	amazonecho	TheEmfinger	1
03-May-2023	40d	amazonecho	ChaseSavesTheDay	1
03-May-2023	40d	amazonecho	foxi123	1
03-May-2023	40d	amazonecho	Greedy_Factor_6489	1
03-May-2023	40d	amazonecho	p0rn00	1
03-May-2023	40d	amazonecho	Awilliams64	1
03-May-2023	40d	amazonecho	had0ukenn	1
03-May-2023	40d	amazonecho	Sythya	1
03-May-2023	40d	amazonecho	No_Shoulder9197	1
03-May-2023	40d	amazonecho	No_Bill_8883	1
03-May-2023	40d	amazonecho	Rude-Upstairs-6250	1
03-May-2023	40d	amazonecho	BladeInWater	1
03-May-2023	40d	amazonecho	Dr_Henry_Wus_Lover	1
03-May-2023	40d	amazonecho	swede1955	1
03-May-2023	40d	amazonecho	squibbs47	1
03-May-2023	40d	amazonecho	ConnerPog	1
03-May-2023	40d	amazonecho	Amichateur	1
03-May-2023	40d	amazonecho	ollierosser	1
03-May-2023	40d	amazonecho	msolominow	1
03-May-2023	40d	amazonecho	rockytfs1	1
03-May-2023	40d	amazonecho	PRINCESSGANG	1
03-May-2023	40d	amazonecho	amykat321	1
03-May-2023	40d	amazonecho	tburkha87	1
03-May-2023	40d	amazonecho	FrancisOni	1
03-May-2023	40d	amazonecho	CielSairento	1
03-May-2023	40d	amazonecho	SunShinesForMe	1
03-May-2023	40d	amazonecho	rixmatiz	1
03-May-2023	40d	amazonecho	Napkinsnsuch	1
03-May-2023	40d	amazonecho	BobbySwansonJairo	1
03-May-2023	40d	amazonecho	smdifansmfjsmsnd	1
03-May-2023	40d	amazonecho	KingSeyther	1
03-May-2023	40d	amazonecho	Seabass1966	1
03-May-2023	40d	amazonecho	Jpfresh1	1
03-May-2023	40d	amazonecho	Rich-Equivalent-4908	1
03-May-2023	40d	amazonecho	ace_________________	1
03-May-2023	40d	amazonecho	rking620	1
03-May-2023	40d	amazonecho	Amon_Lua	1
03-May-2023	40d	amazonecho	holtpj	1
03-May-2023	40d	amazonecho	PageVivid	1
03-May-2023	40d	amazonecho	FluffyWasabi1629	1
03-May-2023	40d	amazonecho	MarioS0	1
03-May-2023	40d	amazonecho	xXx_Viper_xXx	1
03-May-2023	40d	amazonecho	Daghain	1
03-May-2023	40d	amazonecho	Fuzzy_Central	1
03-May-2023	40d	amazonecho	roofstop	1
03-May-2023	40d	amazonecho	Zhayton	1
03-May-2023	40d	amazonecho	aklax14	1
03-May-2023	40d	amazonecho	DoomMage19	1
03-May-2023	40d	amazonecho	Santa_Claus77	1
03-May-2023	40d	amazonecho	Kibriya0	1
03-May-2023	40d	amazonecho	rdxj	1
03-May-2023	40d	amazonecho	MeZuas	1
03-May-2023	40d	amazonecho	oopsyeveryday14	1
03-May-2023	40d	amazonecho	Joerules5	1
03-May-2023	40d	amazonecho	djsolidsnake86	1
03-May-2023	40d	amazonecho	Teercoe	1
03-May-2023	40d	amazonecho	Riquende	1
03-May-2023	40d	amazonecho	diiejso	1
03-May-2023	40d	amazonecho	trireme32	1
03-May-2023	40d	amazonecho	GlamourD	1
03-May-2023	40d	amazonecho	Downrivergirl	1
03-May-2023	40d	amazonecho	Muted-Artichoke-8701	1
03-May-2023	40d	amazonecho	AJDtheTNT	1
03-May-2023	40d	amazonecho	__ToT__	1
03-May-2023	40d	amazonecho	DarthAmongYou	1
03-May-2023	40d	amazonecho	vbrider	1
03-May-2023	40d	amazonecho	StrongWithin76	1
03-May-2023	40d	amazonecho	DOc2be23	1
03-May-2023	40d	amazonecho	d0ntblink	1
03-May-2023	40d	amazonecho	MaxPowerBE	1
03-May-2023	40d	amazonecho	Scotteh85	1
03-May-2023	40d	amazonecho	Narrow-Application78	1
03-May-2023	40d	amazonecho	indorock	1
03-May-2023	40d	amazonecho	GambitsEnd	1
03-May-2023	40d	amazonecho	guacamoleys	1
03-May-2023	40d	amazonecho	llelibro	1
03-May-2023	40d	amazonecho	SlipperyBumCesc	1
03-May-2023	40d	amazonecho	jacle2210	1
03-May-2023	40d	amazonecho	Amber924	1
03-May-2023	40d	amazonecho	TurkMcGill	1
03-May-2023	40d	amazonecho	persius94	1
03-May-2023	40d	amazonecho	JaneyBGoode	1
03-May-2023	40d	amazonecho	JDeSanti16	1
03-May-2023	40d	amazonecho	MangoRainbows	1
03-May-2023	40d	amazonecho	SaltyIsland1008	1
03-May-2023	40d	amazonecho	M0710NM4N	1
03-May-2023	40d	amazonecho	ShaderGamingYT	1
03-May-2023	40d	amazonecho	s2susannah	1
03-May-2023	40d	amazonecho	SickRattler	1
03-May-2023	40d	amazonecho	Fangyr	1
03-May-2023	40d	amazonecho	Tsuki3424	1
03-May-2023	40d	amazonecho	TXPatsFan	1
03-May-2023	40d	amazonecho	TrappySam	1
03-May-2023	40d	amazonecho	Pizookie123	1
03-May-2023	40d	amazonecho	Tough_Pangolin_223	1
03-May-2023	40d	amazonecho	m698322h	1
03-May-2023	40d	amazonecho	cydsoddiar	1
03-May-2023	40d	amazonecho	NuggetWarrior09	1
03-May-2023	40d	amazonecho	Asxom	1
03-May-2023	40d	amazonecho	hitzhitz	1
03-May-2023	40d	amazonecho	DSavoie6	1
03-May-2023	40d	amazonecho	Constant-Hippo-1558	1
03-May-2023	40d	amazonecho	KilgoretheTrout55	1
03-May-2023	40d	amazonecho	Eldresh	1
03-May-2023	40d	amazonecho	zpapa23	1
03-May-2023	40d	amazonecho	Other_Development757	1
03-May-2023	40d	amazonecho	GardenWitchMom	1
03-May-2023	40d	amazonecho	wkearney99	1
03-May-2023	40d	amazonecho	w7_ofc	1
03-May-2023	40d	amazonecho	jimithingmi	1
03-May-2023	40d	amazonecho	GoodDue927	1
03-May-2023	40d	amazonecho	Aleycat92	1
03-May-2023	40d	amazonecho	ECBM	1
03-May-2023	40d	amazonecho	staballoy	1
03-May-2023	40d	amazonecho	Lurkofeer	1
03-May-2023	40d	amazonecho	GingerSlabHead	1
03-May-2023	40d	amazonecho	TomKansasCity	1
03-May-2023	40d	amazonecho	pedalharder6	1
03-May-2023	40d	amazonecho	Banya6	1
03-May-2023	40d	amazonecho	colts_guy	1
03-May-2023	40d	amazonecho	FenDozer	1
03-May-2023	40d	amazonecho	Mike_32216	1
03-May-2023	40d	amazonecho	Phoenix_Queen1124	1
03-May-2023	40d	amazonecho	AwesomeACK	1
03-May-2023	40d	amazonecho	passengershaming	1
03-May-2023	40d	amazonecho	MJFox1978	1
03-May-2023	40d	amazonecho	liivealiive	1
03-May-2023	40d	amazonecho	ihooper05	1
03-May-2023	40d	amazonecho	papercrash	1
03-May-2023	40d	amazonecho	BenchComplete8016	1
03-May-2023	40d	amazonecho	NCMattJ	1
03-May-2023	40d	amazonecho	g6bbs	1
03-May-2023	40d	amazonecho	Material_Fault_1476	1
03-May-2023	40d	amazonecho	GrandToilet001	1
03-May-2023	40d	amazonecho	Living_Wonder1699	1
03-May-2023	40d	amazonecho	Hot-Abbreviations658	1
03-May-2023	40d	amazonecho	JamrcngalCity	1
03-May-2023	40d	amazonecho	prgav	1
03-May-2023	40d	amazonecho	ben7337	1
03-May-2023	40d	amazonecho	StrykerWyfe	1
03-May-2023	40d	amazonecho	Dontinsultautomod	1
03-May-2023	40d	amazonecho	thejammyman	1
03-May-2023	40d	amazonecho	Drk_Knight71	1
03-May-2023	40d	amazonecho	skyscraper101	1
03-May-2023	40d	amazonecho	Schick79	1
03-May-2023	40d	amazonecho	abhinair18	1
03-May-2023	40d	amazonecho	Arif7332	1
03-May-2023	40d	amazonecho	stoner_prime	1
03-May-2023	40d	amazonecho	superkat21	1
03-May-2023	40d	amazonecho	SteveTheBeave452	1
03-May-2023	40d	amazonecho	speed-ninja7002	1
03-May-2023	40d	amazonecho	Queenkielbasiraptor	1
03-May-2023	40d	amazonecho	petentonic	1
03-May-2023	40d	amazonecho	honest_abe55	1
03-May-2023	40d	amazonecho	nxtys	1
03-May-2023	40d	amazonecho	darkmillion	1
03-May-2023	40d	amazonecho	crashogie	1
03-May-2023	40d	amazonecho	plazman30	1
03-May-2023	40d	amazonecho	RealExistentalDread	1
03-May-2023	40d	amazonecho	Pandasrqt	1
03-May-2023	40d	amazonecho	DolphinRapeCave	1
03-May-2023	40d	amazonecho	Anicanis	1
03-May-2023	40d	amazonecho	The-One-Man-Riot	1
03-May-2023	40d	amazonecho	ChequeMateX	1
03-May-2023	40d	amazonecho	Character-You3040	1
03-May-2023	40d	amazonecho	soggymittens	1
03-May-2023	40d	amazonecho	PotatPotat360	1
03-May-2023	40d	amazonecho	Virrad	1
03-May-2023	40d	amazonecho	AggressiveResist8615	1
03-May-2023	40d	amazonecho	imaginewizard	1
03-May-2023	40d	amazonecho	toinfinitiandbeyond	1
03-May-2023	40d	amazonecho	Oskeros	1
03-May-2023	40d	amazonecho	Kyosji	1
03-May-2023	40d	amazonecho	paulsutcliffe	1
03-May-2023	40d	amazonecho	tom56	1
03-May-2023	40d	amazonecho	byngo69	1
03-May-2023	40d	amazonecho	biplob1973	1
03-May-2023	40d	amazonecho	MaximumTerrance	1
03-May-2023	40d	amazonecho	Billysnh	1
03-May-2023	40d	amazonecho	spudbudy	1
03-May-2023	40d	amazonecho	discover_your_world	1
03-May-2023	40d	amazonecho	WanderingMoose68	1
