query_date	before_date	subreddit	submission_author	submission_frequency
03-May-2023	0d	amazonecho	gangsteroflove1	32
03-May-2023	0d	amazonecho	Familiar_Touch_7070	9
03-May-2023	0d	amazonecho	SpecialistJacket9567	6
03-May-2023	0d	amazonecho	RSKadish	6
03-May-2023	0d	amazonecho	PokemonandLSD	5
03-May-2023	0d	amazonecho	trumpfamily2020	5
03-May-2023	0d	amazonecho	_BindersFullOfWomen_	4
03-May-2023	0d	amazonecho	AXXXXXXXXA	4
03-May-2023	0d	amazonecho	WhoWho22222	4
03-May-2023	0d	amazonecho	Chanchal7226	4
03-May-2023	0d	amazonecho	Street_Committee_417	3
03-May-2023	0d	amazonecho	Freelancerabc	3
03-May-2023	0d	amazonecho	Leaellynasaura	3
03-May-2023	0d	amazonecho	richaardvark	3
03-May-2023	0d	amazonecho	Freelancer_uzzal	3
03-May-2023	0d	amazonecho	DPAmes1	3
03-May-2023	0d	amazonecho	Dansk72	3
03-May-2023	0d	amazonecho	Famous-Perspective-3	3
03-May-2023	0d	amazonecho	[deleted]	3
03-May-2023	0d	amazonecho	muusicman	3
03-May-2023	0d	amazonecho	Far-Independent704	3
03-May-2023	0d	amazonecho	Expert-Candy8578	3
03-May-2023	0d	amazonecho	maurobuginski	3
03-May-2023	0d	amazonecho	Technical_Pace1809	3
03-May-2023	0d	amazonecho	ajifa	2
03-May-2023	0d	amazonecho	ToonTitans	2
03-May-2023	0d	amazonecho	khaytsus	2
03-May-2023	0d	amazonecho	tarzan_nojane	2
03-May-2023	0d	amazonecho	tuhinkarmakar	2
03-May-2023	0d	amazonecho	westtxfun	2
03-May-2023	0d	amazonecho	erinswider	2
03-May-2023	0d	amazonecho	IxI_DUCK_IxI	2
03-May-2023	0d	amazonecho	coolsheep769	2
03-May-2023	0d	amazonecho	dsilverm1	2
03-May-2023	0d	amazonecho	usesaround	2
03-May-2023	0d	amazonecho	Humble_Signature_993	2
03-May-2023	0d	amazonecho	Enavby2919	2
03-May-2023	0d	amazonecho	MechanicalWhispers	2
03-May-2023	0d	amazonecho	Honky_Cat	2
03-May-2023	0d	amazonecho	Sam_092	2
03-May-2023	0d	amazonecho	Eclipse8301	2
03-May-2023	0d	amazonecho	goco2	2
03-May-2023	0d	amazonecho	MaybeCanBeTHERE	2
03-May-2023	0d	amazonecho	GravityTortoise	2
03-May-2023	0d	amazonecho	bradyd06	2
03-May-2023	0d	amazonecho	ArianaFraggle1997	2
03-May-2023	0d	amazonecho	pdinc	2
03-May-2023	0d	amazonecho	TheVoski	2
03-May-2023	0d	amazonecho	aNewVersionofSelf	2
03-May-2023	0d	amazonecho	Strict-Winter-2295	2
03-May-2023	0d	amazonecho	spikecurt	2
03-May-2023	0d	amazonecho	Available-Bad-210	2
03-May-2023	0d	amazonecho	CSBP84	2
03-May-2023	0d	amazonecho	FreeAd9383	2
03-May-2023	0d	amazonecho	skingspan	2
03-May-2023	0d	amazonecho	abusivecat	2
03-May-2023	0d	amazonecho	itoldusoandso	2
03-May-2023	0d	amazonecho	SnooSeagulls2284	2
03-May-2023	0d	amazonecho	cryptotollnumber	2
03-May-2023	0d	amazonecho	abeasom	2
03-May-2023	0d	amazonecho	No-Establishment2240	2
03-May-2023	0d	amazonecho	ptkim_reddit	2
03-May-2023	0d	amazonecho	woody-99	2
03-May-2023	0d	amazonecho	thisismyusername798	2
03-May-2023	0d	amazonecho	androidusr	2
03-May-2023	0d	amazonecho	gjoakum221	2
03-May-2023	0d	amazonecho	crutnacker	2
03-May-2023	0d	amazonecho	AzurosNorth	2
03-May-2023	0d	amazonecho	TheDadRockPodcast	2
03-May-2023	0d	amazonecho	Fragrant_Roll9424	2
03-May-2023	0d	amazonecho	AGayFrogParadise	2
03-May-2023	0d	amazonecho	Sam_0101	2
03-May-2023	0d	amazonecho	CassCat	2
03-May-2023	0d	amazonecho	DevMiser	2
03-May-2023	0d	amazonecho	CpuJunky	2
03-May-2023	0d	amazonecho	maybesailor1	2
03-May-2023	0d	amazonecho	Staragox	2
03-May-2023	0d	amazonecho	Twinkletoes1951	1
03-May-2023	0d	amazonecho	CalanthaMcCarty	1
03-May-2023	0d	amazonecho	TonyTonyChopper	1
03-May-2023	0d	amazonecho	Shot_Newspaper_8681	1
03-May-2023	0d	amazonecho	ContractSavings6781	1
03-May-2023	0d	amazonecho	OkClassroom7185	1
03-May-2023	0d	amazonecho	Nefertina_panther	1
03-May-2023	0d	amazonecho	Finland-adventures	1
03-May-2023	0d	amazonecho	TheKhaos121	1
03-May-2023	0d	amazonecho	HashTagJustSayings	1
03-May-2023	0d	amazonecho	MrRenegado	1
03-May-2023	0d	amazonecho	Total_Ad818	1
03-May-2023	0d	amazonecho	betonhaus123	1
03-May-2023	0d	amazonecho	flargenhargen	1
03-May-2023	0d	amazonecho	WanderingMoose68	1
03-May-2023	0d	amazonecho	indorfpf	1
03-May-2023	0d	amazonecho	EverReddyKilowatt	1
03-May-2023	0d	amazonecho	redwingshat	1
03-May-2023	0d	amazonecho	sccmgal	1
03-May-2023	0d	amazonecho	clivebavels	1
03-May-2023	0d	amazonecho	Ancient_book21	1
03-May-2023	0d	amazonecho	alanrenouf	1
03-May-2023	0d	amazonecho	parkerpops	1
03-May-2023	0d	amazonecho	fosh1zzle	1
03-May-2023	0d	amazonecho	soggygrocerybag	1
03-May-2023	0d	amazonecho	yerpaderpah	1
03-May-2023	0d	amazonecho	lilvendy10	1
03-May-2023	0d	amazonecho	Suckmytoeswithcheese	1
03-May-2023	0d	amazonecho	daveisfera	1
03-May-2023	0d	amazonecho	rodexo	1
03-May-2023	0d	amazonecho	Lazy-Lawfulness-6466	1
03-May-2023	0d	amazonecho	ed7258	1
03-May-2023	0d	amazonecho	networkfireman	1
03-May-2023	0d	amazonecho	GenericallyClever	1
03-May-2023	0d	amazonecho	leftflapattack	1
03-May-2023	0d	amazonecho	Gdsrwq421	1
03-May-2023	0d	amazonecho	darkknight_178	1
03-May-2023	0d	amazonecho	i__like__bike	1
03-May-2023	0d	amazonecho	Johnsonjp16	1
03-May-2023	0d	amazonecho	trireme32	1
03-May-2023	0d	amazonecho	toollio	1
03-May-2023	0d	amazonecho	DesignFlaw06	1
03-May-2023	0d	amazonecho	yonahwolf	1
03-May-2023	0d	amazonecho	Lecture-Valuable	1
03-May-2023	0d	amazonecho	cerebrix	1
03-May-2023	0d	amazonecho	chapeaumetallique	1
03-May-2023	0d	amazonecho	IllAd6861	1
03-May-2023	0d	amazonecho	mtichbon86	1
03-May-2023	0d	amazonecho	nanaboostme	1
03-May-2023	0d	amazonecho	According-Ad-3944	1
03-May-2023	0d	amazonecho	dbayliss1	1
03-May-2023	0d	amazonecho	De4con0FM4RS	1
03-May-2023	0d	amazonecho	Marshall-L-D	1
03-May-2023	0d	amazonecho	savagecheefer	1
03-May-2023	0d	amazonecho	SprayAlarming2079	1
03-May-2023	0d	amazonecho	btadams1971	1
03-May-2023	0d	amazonecho	leonicholson77	1
03-May-2023	0d	amazonecho	asyrin25	1
03-May-2023	0d	amazonecho	BeardyMatt82	1
03-May-2023	0d	amazonecho	JobyD200	1
03-May-2023	0d	amazonecho	mdungen	1
03-May-2023	0d	amazonecho	Candid-Ad-5212	1
03-May-2023	0d	amazonecho	Littlecow1272	1
03-May-2023	0d	amazonecho	President1999	1
03-May-2023	0d	amazonecho	doodlebags	1
03-May-2023	0d	amazonecho	bandageddoll	1
03-May-2023	0d	amazonecho	NotHenceGonSphere	1
03-May-2023	0d	amazonecho	Oladimeji454	1
03-May-2023	0d	amazonecho	OleRoy2023	1
03-May-2023	0d	amazonecho	iFonzies	1
03-May-2023	0d	amazonecho	Gabededvukaj	1
03-May-2023	0d	amazonecho	bb8-sparkles	1
03-May-2023	0d	amazonecho	Spamtickler	1
03-May-2023	0d	amazonecho	joeokc	1
03-May-2023	0d	amazonecho	TrevortonOffroad	1
03-May-2023	0d	amazonecho	Thatguy38700	1
03-May-2023	0d	amazonecho	stylex_89	1
03-May-2023	0d	amazonecho	ponyboy3	1
03-May-2023	0d	amazonecho	Koala_de_Wombat	1
03-May-2023	0d	amazonecho	QuietStorm_7	1
03-May-2023	0d	amazonecho	TechMom1997	1
03-May-2023	0d	amazonecho	bag_of_loots	1
03-May-2023	0d	amazonecho	Lurkofeer	1
03-May-2023	0d	amazonecho	aircliff	1
03-May-2023	0d	amazonecho	prshaw2u	1
03-May-2023	0d	amazonecho	Soft-Village-721	1
03-May-2023	0d	amazonecho	Gold__star	1
03-May-2023	0d	amazonecho	Littletobig	1
03-May-2023	0d	amazonecho	Legend1138	1
03-May-2023	0d	amazonecho	Billa_Bhardwaj	1
03-May-2023	0d	amazonecho	blmzd	1
03-May-2023	0d	amazonecho	MaximilianoNah	1
03-May-2023	0d	amazonecho	Cheddarific	1
03-May-2023	0d	amazonecho	FistingLube	1
03-May-2023	0d	amazonecho	Mundane_Obligation72	1
03-May-2023	0d	amazonecho	WaylonWillieNtheBoys	1
03-May-2023	0d	amazonecho	mrbump34	1
03-May-2023	0d	amazonecho	humaninspector	1
03-May-2023	0d	amazonecho	ratty_ace	1
03-May-2023	0d	amazonecho	ayuapriyantii	1
03-May-2023	0d	amazonecho	alasdairmac	1
03-May-2023	0d	amazonecho	No_Comfortable5088	1
03-May-2023	0d	amazonecho	III_EMERALD_III	1
03-May-2023	0d	amazonecho	Strict-Tax4732	1
03-May-2023	0d	amazonecho	blvckbeardsghost	1
03-May-2023	0d	amazonecho	kid_wonderbread	1
03-May-2023	0d	amazonecho	CHXXNG	1
03-May-2023	0d	amazonecho	Jayota_	1
03-May-2023	0d	amazonecho	Eww21	1
03-May-2023	0d	amazonecho	TwizzledAndSizzled	1
03-May-2023	0d	amazonecho	azz3879	1
03-May-2023	0d	amazonecho	Remy55	1
03-May-2023	0d	amazonecho	MrTayters	1
03-May-2023	0d	amazonecho	EntertainmentTrue959	1
03-May-2023	0d	amazonecho	honeykbee	1
03-May-2023	0d	amazonecho	breDAniel	1
03-May-2023	0d	amazonecho	JamJam_1000	1
03-May-2023	0d	amazonecho	benster112	1
03-May-2023	0d	amazonecho	TheLast_Engineer	1
03-May-2023	0d	amazonecho	adex-1	1
03-May-2023	0d	amazonecho	skatardrummer	1
03-May-2023	0d	amazonecho	madfoot	1
03-May-2023	0d	amazonecho	WhatAmIDoing0123	1
03-May-2023	0d	amazonecho	Jackized	1
03-May-2023	0d	amazonecho	RoutineMasterpiece1	1
03-May-2023	0d	amazonecho	09kloosemore	1
03-May-2023	0d	amazonecho	wheelsonhell	1
03-May-2023	0d	amazonecho	Edge_Bean_UwU	1
03-May-2023	0d	amazonecho	Mr-Molina	1
03-May-2023	0d	amazonecho	vbcarvalho	1
03-May-2023	0d	amazonecho	Brian-with-a-Y	1
03-May-2023	0d	amazonecho	Fun_Extreme3827	1
03-May-2023	0d	amazonecho	wewewawa	1
03-May-2023	0d	amazonecho	Catcherly	1
03-May-2023	0d	amazonecho	OmegaMalkior	1
03-May-2023	0d	amazonecho	martinipoochini	1
03-May-2023	0d	amazonecho	PredaPops	1
03-May-2023	0d	amazonecho	peefyloo	1
03-May-2023	0d	amazonecho	Mr_Dove	1
03-May-2023	0d	amazonecho	Trailmagic	1
03-May-2023	0d	amazonecho	Sweaty_Assignment_90	1
03-May-2023	0d	amazonecho	CrispyBananaPeel	1
03-May-2023	0d	amazonecho	valariester89	1
03-May-2023	0d	amazonecho	Daghain	1
03-May-2023	0d	amazonecho	Sudden_Ad8707	1
03-May-2023	0d	amazonecho	Weak_Astronaut553	1
03-May-2023	0d	amazonecho	srd5029	1
03-May-2023	0d	amazonecho	Puzzled_Bed4523	1
03-May-2023	0d	amazonecho	hellohal92	1
03-May-2023	0d	amazonecho	Streicher-	1
03-May-2023	0d	amazonecho	anotherbrokenhandle	1
03-May-2023	0d	amazonecho	Most_Ad_7611	1
03-May-2023	0d	amazonecho	kadyellebee	1
03-May-2023	0d	amazonecho	liketo	1
03-May-2023	0d	amazonecho	Electrical-Ad5778	1
03-May-2023	0d	amazonecho	theBEARDandtheBREW	1
03-May-2023	0d	amazonecho	Special-Strength-959	1
03-May-2023	0d	amazonecho	paulodand	1
03-May-2023	0d	amazonecho	Raptor01	1
03-May-2023	0d	amazonecho	kira10	1
03-May-2023	0d	amazonecho	timothy3210	1
03-May-2023	0d	amazonecho	t4nd4r	1
03-May-2023	0d	amazonecho	bass1012dash	1
03-May-2023	0d	amazonecho	Cheap-Calendar6121	1
03-May-2023	0d	amazonecho	student274648	1
03-May-2023	0d	amazonecho	One_Store388	1
03-May-2023	0d	amazonecho	qzectbumo	1
03-May-2023	0d	amazonecho	DragonCayenne	1
03-May-2023	0d	amazonecho	SamiRVN	1
03-May-2023	0d	amazonecho	metswon2	1
03-May-2023	0d	amazonecho	Viral7MrPickle	1
03-May-2023	0d	amazonecho	Josh_ely1975	1
03-May-2023	0d	amazonecho	KodaLG	1
03-May-2023	0d	amazonecho	wilvanpkro	1
03-May-2023	0d	amazonecho	Landbiscuit85	1
03-May-2023	0d	amazonecho	tambino407	1
03-May-2023	0d	amazonecho	toinfinitiandbeyond	1
03-May-2023	0d	amazonecho	f-mcallister	1
03-May-2023	0d	amazonecho	scotthyman70	1
03-May-2023	0d	amazonecho	Natey_Two	1
03-May-2023	0d	amazonecho	cosacee88	1
03-May-2023	0d	amazonecho	tip723	1
03-May-2023	0d	amazonecho	Admirable_Big_4485	1
03-May-2023	0d	amazonecho	Nolski77	1
03-May-2023	0d	amazonecho	xFyre0	1
03-May-2023	0d	amazonecho	NCael	1
03-May-2023	0d	amazonecho	YoniFreedhoff	1
03-May-2023	0d	amazonecho	Either-Bodybuilder60	1
03-May-2023	0d	amazonecho	AD_MDestroyer	1
03-May-2023	0d	amazonecho	Jack-White9	1
03-May-2023	0d	amazonecho	Drawesome045	1
03-May-2023	0d	amazonecho	gocard	1
03-May-2023	0d	amazonecho	TMonahan2424	1
03-May-2023	0d	amazonecho	kamiller42	1
03-May-2023	0d	amazonecho	whelanjh	1
03-May-2023	0d	amazonecho	Clwydian	1
03-May-2023	0d	amazonecho	Moppmopp	1
03-May-2023	0d	amazonecho	Isti115	1
03-May-2023	0d	amazonecho	Stunning-Ear-9087	1
03-May-2023	0d	amazonecho	TheLubowski	1
03-May-2023	0d	amazonecho	garej	1
03-May-2023	0d	amazonecho	HoxtonRanger	1
03-May-2023	0d	amazonecho	AFTVnews	1
03-May-2023	0d	amazonecho	Manioca35	1
03-May-2023	0d	amazonecho	Apart_Prune5038	1
03-May-2023	0d	amazonecho	bettyx1138	1
03-May-2023	0d	amazonecho	BadAtExisting	1
03-May-2023	0d	amazonecho	No-Buffalo-2859	1
03-May-2023	0d	amazonecho	Shap9	1
03-May-2023	0d	amazonecho	SousouSurReddit	1
03-May-2023	0d	amazonecho	DanvuP8025	1
03-May-2023	0d	amazonecho	Emreprox	1
03-May-2023	0d	amazonecho	West_Cold_1153	1
03-May-2023	0d	amazonecho	Shanmus4	1
03-May-2023	0d	amazonecho	kshelley	1
03-May-2023	0d	amazonecho	Fun-Librarian5941	1
03-May-2023	0d	amazonecho	mister_kew	1
03-May-2023	0d	amazonecho	tristiansimon	1
03-May-2023	0d	amazonecho	Ext4byte	1
03-May-2023	0d	amazonecho	thewonderbox	1
03-May-2023	0d	amazonecho	sakshambindal	1
03-May-2023	0d	amazonecho	Matthvin	1
03-May-2023	0d	amazonecho	Raoul_Dukes_Mayo	1
03-May-2023	0d	amazonecho	Beachybumm	1
03-May-2023	0d	amazonecho	Voracious-Meeple	1
03-May-2023	0d	amazonecho	Itsasunshineday	1
03-May-2023	0d	amazonecho	Tractor_Boy_500	1
03-May-2023	0d	amazonecho	1224rockton	1
03-May-2023	0d	amazonecho	markieboy99	1
03-May-2023	0d	amazonecho	Specific_Cell_3904	1
03-May-2023	0d	amazonecho	BritCanuck05	1
03-May-2023	0d	amazonecho	michellevalentinova	1
03-May-2023	0d	amazonecho	firestorm_v1	1
03-May-2023	0d	amazonecho	steveo79	1
03-May-2023	0d	amazonecho	Serjical__Strike	1
03-May-2023	0d	amazonecho	LazarianV	1
03-May-2023	0d	amazonecho	JasonPerryDev	1
03-May-2023	0d	amazonecho	MysteriousRich6326	1
03-May-2023	0d	amazonecho	Excellent_Bug_4902	1
03-May-2023	0d	amazonecho	stevejo2k20	1
03-May-2023	0d	amazonecho	Murwiz	1
03-May-2023	0d	amazonecho	ScheduledYeti284	1
03-May-2023	0d	amazonecho	StillAirBox	1
03-May-2023	0d	amazonecho	Leash_85	1
03-May-2023	0d	amazonecho	atowncalledfinger	1
03-May-2023	0d	amazonecho	SisyphusKindaSus	1
03-May-2023	0d	amazonecho	Cherry__Coke__	1
03-May-2023	0d	amazonecho	burymeintheuk	1
03-May-2023	0d	amazonecho	itidi0t	1
03-May-2023	0d	amazonecho	Switchbeats1	1
03-May-2023	0d	amazonecho	8vnn1_VA	1
03-May-2023	0d	amazonecho	Moist-Bluebird-2196	1
03-May-2023	0d	amazonecho	cshack8216	1
03-May-2023	0d	amazonecho	Kurapika_chain_user	1
03-May-2023	0d	amazonecho	p3748	1
03-May-2023	0d	amazonecho	ppc0r	1
03-May-2023	0d	amazonecho	Redaazyaiz	1
03-May-2023	0d	amazonecho	shangchi001	1
03-May-2023	0d	amazonecho	Glad-Bit-4857	1
03-May-2023	0d	amazonecho	MatthewGaming101YT	1
03-May-2023	0d	amazonecho	jmssue	1
03-May-2023	0d	amazonecho	Mateatrending90	1
03-May-2023	0d	amazonecho	AFKaptain	1
03-May-2023	0d	amazonecho	hiddenemi	1
03-May-2023	0d	amazonecho	uhcninjax	1
03-May-2023	0d	amazonecho	flexobaff	1
03-May-2023	0d	amazonecho	ladykyote	1
03-May-2023	0d	amazonecho	Guidogrundlechode	1
03-May-2023	0d	amazonecho	bebooran31	1
03-May-2023	0d	amazonecho	wood2010	1
03-May-2023	0d	amazonecho	Brewski425	1
03-May-2023	0d	amazonecho	MythicJerryStone	1
03-May-2023	0d	amazonecho	Jsinglmalt	1
03-May-2023	0d	amazonecho	Tswiftfan1322	1
03-May-2023	0d	amazonecho	prodmattum	1
03-May-2023	0d	amazonecho	LuiTep	1
03-May-2023	0d	amazonecho	No-Personality-1456	1
03-May-2023	0d	amazonecho	fompas11	1
03-May-2023	0d	amazonecho	DrakeAndJoshOfficial	1
03-May-2023	0d	amazonecho	MarioDF	1
03-May-2023	0d	amazonecho	rightsideonly4	1
03-May-2023	0d	amazonecho	FishDragun	1
03-May-2023	0d	amazonecho	ShadowDancer11	1
03-May-2023	0d	amazonecho	AndiGreyScaleArt	1
03-May-2023	0d	amazonecho	PlatypusRadipus	1
03-May-2023	0d	amazonecho	Nosferatushy	1
03-May-2023	0d	amazonecho	JACKDAGROOVE	1
03-May-2023	0d	amazonecho	omnimon7	1
03-May-2023	0d	amazonecho	rajansm7	1
03-May-2023	0d	amazonecho	Eeeeeelile	1
03-May-2023	0d	amazonecho	TheMFNDevil	1
03-May-2023	0d	amazonecho	Crowtonseller	1
03-May-2023	0d	amazonecho	KaKi_87	1
03-May-2023	0d	amazonecho	otpid	1
03-May-2023	0d	amazonecho	Huge-Detective8324	1
03-May-2023	0d	amazonecho	Internal-Ad-2546	1
03-May-2023	0d	amazonecho	slawnz	1
03-May-2023	0d	amazonecho	ActuallydCompressing	1
03-May-2023	0d	amazonecho	tanders1	1
03-May-2023	0d	amazonecho	Suitable_North_984	1
03-May-2023	0d	amazonecho	bxasty	1
03-May-2023	0d	amazonecho	imscaredhelpme88	1
03-May-2023	0d	amazonecho	SamGreenaway	1
03-May-2023	0d	amazonecho	aguaholic33	1
03-May-2023	0d	amazonecho	neobondd	1
03-May-2023	0d	amazonecho	snickerzz	1
03-May-2023	0d	amazonecho	ZeroMayCry7	1
03-May-2023	0d	amazonecho	WeGooded	1
03-May-2023	0d	amazonecho	JonathanRace	1
03-May-2023	0d	amazonecho	DG1964	1
03-May-2023	0d	amazonecho	Yahentamitsi	1
03-May-2023	0d	amazonecho	Vertigo_uk123	1
03-May-2023	0d	amazonecho	GrundlePepper	1
03-May-2023	0d	amazonecho	WhatsThatVibe	1
03-May-2023	0d	amazonecho	thedeadp0ets	1
03-May-2023	0d	amazonecho	TemporaryFinding1146	1
03-May-2023	0d	amazonecho	BenYolo	1
03-May-2023	0d	amazonecho	graceofspades105	1
03-May-2023	0d	amazonecho	Lady_Nyx13	1
03-May-2023	0d	amazonecho	ScaleySquamata	1
03-May-2023	0d	amazonecho	Crunch_6969	1
03-May-2023	0d	amazonecho	Tim-in-CA	1
03-May-2023	0d	amazonecho	Usual_Impact5924	1
03-May-2023	0d	amazonecho	wreckduanfrentry	1
03-May-2023	0d	amazonecho	Think_Raccoon_5425	1
03-May-2023	0d	amazonecho	CaptainHunt	1
03-May-2023	0d	amazonecho	jkattex	1
03-May-2023	0d	amazonecho	wireman54304	1
03-May-2023	0d	amazonecho	Unknownone1010	1
03-May-2023	0d	amazonecho	RedMeGold	1
03-May-2023	0d	amazonecho	SirWebster	1
03-May-2023	0d	amazonecho	THEMIGHTYBEEF277	1
03-May-2023	0d	amazonecho	clecayenne	1
03-May-2023	0d	amazonecho	fokayyyyyyy	1
03-May-2023	0d	amazonecho	fasfse123	1
03-May-2023	0d	amazonecho	molard	1
03-May-2023	0d	amazonecho	Apprehensive-Ad738	1
03-May-2023	0d	amazonecho	DietCokeMachine	1
03-May-2023	0d	amazonecho	balldogs2012	1
03-May-2023	0d	amazonecho	Cenddel	1
03-May-2023	0d	amazonecho	Saltymomma111	1
03-May-2023	0d	amazonecho	SH4D0W_C4V3M4N	1
03-May-2023	0d	amazonecho	alittlepronetopanic	1
03-May-2023	0d	amazonecho	Formal-Ad8037	1
03-May-2023	0d	amazonecho	joskua	1
03-May-2023	0d	amazonecho	DoctorWH0877	1
03-May-2023	0d	amazonecho	Asleep-Leg-9635	1
03-May-2023	0d	amazonecho	Christinaaa12	1
03-May-2023	0d	amazonecho	afrinbappy6163	1
03-May-2023	0d	amazonecho	PoorInCT	1
03-May-2023	0d	amazonecho	Johnny_Leon	1
03-May-2023	0d	amazonecho	RetroGamer87	1
03-May-2023	0d	amazonecho	Disastrous-Lab6485	1
03-May-2023	0d	amazonecho	Clevercommentor	1
03-May-2023	0d	amazonecho	Educational-Page-436	1
03-May-2023	0d	amazonecho	MarbleWry	1
03-May-2023	0d	amazonecho	Gold-Reference-1604	1
03-May-2023	0d	amazonecho	memebuster	1
03-May-2023	0d	amazonecho	zcodes_xyz	1
03-May-2023	0d	amazonecho	GreyWolf105	1
03-May-2023	0d	amazonecho	Haunting_Being	1
03-May-2023	0d	amazonecho	Status_Raspberry5547	1
03-May-2023	0d	amazonecho	J68-	1
03-May-2023	0d	amazonecho	my_name31	1
03-May-2023	0d	amazonecho	rguy84	1
03-May-2023	0d	amazonecho	Usernameontheground	1
03-May-2023	0d	amazonecho	Fun-Marsupial-911	1
03-May-2023	0d	amazonecho	Comprehensive-Olive6	1
03-May-2023	0d	amazonecho	mr_reis77	1
03-May-2023	0d	amazonecho	Top_Distribution_189	1
03-May-2023	0d	amazonecho	metrac_	1
03-May-2023	0d	amazonecho	jambo_1983	1
03-May-2023	0d	amazonecho	nepenth_e	1
03-May-2023	0d	amazonecho	bggtr73	1
03-May-2023	0d	amazonecho	DEAN72709	1
03-May-2023	0d	amazonecho	ORD-DRO	1
03-May-2023	0d	amazonecho	royofroverse	1
03-May-2023	0d	amazonecho	Imoldok	1
03-May-2023	0d	amazonecho	SminemFan	1
03-May-2023	0d	amazonecho	brabs2	1
03-May-2023	0d	amazonecho	oddjobs4bud	1
03-May-2023	0d	amazonecho	4-Run-Yoda	1
03-May-2023	0d	amazonecho	funshinie	1
03-May-2023	0d	amazonecho	columbinenovi	1
03-May-2023	0d	amazonecho	LasagnaFairy	1
03-May-2023	0d	amazonecho	Comp625	1
03-May-2023	0d	amazonecho	PerrydePerth	1
03-May-2023	0d	amazonecho	Kelmantis	1
03-May-2023	0d	amazonecho	kyrusdemnati	1
03-May-2023	0d	amazonecho	Juniorscrackdealer	1
03-May-2023	0d	amazonecho	ssigea	1
03-May-2023	0d	amazonecho	tyhfxe	1
03-May-2023	0d	amazonecho	original_evanator	1
03-May-2023	0d	amazonecho	IfMcCartneyDidMMA	1
03-May-2023	0d	amazonecho	Historical_Move_9601	1
03-May-2023	0d	amazonecho	SaturnMoloch	1
03-May-2023	0d	amazonecho	jaymartinez	1
03-May-2023	0d	amazonecho	makemoneytipsonline	1
03-May-2023	0d	amazonecho	Maleficent-Monk5601	1
03-May-2023	0d	amazonecho	Bright_Watch3734	1
03-May-2023	0d	amazonecho	Makelovenotwar-1234	1
03-May-2023	0d	amazonecho	MScoutsDCI	1
03-May-2023	0d	amazonecho	Chilechilechile	1
03-May-2023	0d	amazonecho	LeBretonOrBust	1
03-May-2023	0d	amazonecho	PersonalitySquare221	1
03-May-2023	0d	amazonecho	Leading-Candle6968	1
03-May-2023	0d	amazonecho	Stymn	1
03-May-2023	0d	amazonecho	10_kinds_of_people	1
03-May-2023	0d	amazonecho	peals2	1
03-May-2023	0d	amazonecho	RxStinky	1
03-May-2023	0d	amazonecho	somanyhams	1
03-May-2023	0d	amazonecho	minionsweb	1
03-May-2023	0d	amazonecho	pabloiad	1
03-May-2023	0d	amazonecho	ScopeNZ	1
03-May-2023	0d	amazonecho	Morbo782	1
03-May-2023	0d	amazonecho	yanksno1	1
03-May-2023	0d	amazonecho	Wulfi4	1
03-May-2023	0d	amazonecho	SnooChickens9175	1
03-May-2023	0d	amazonecho	Nighttime99	1
03-May-2023	0d	amazonecho	element_unknownn	1
03-May-2023	0d	amazonecho	Flat-Slice4959	1
03-May-2023	0d	amazonecho	SerialRumors	1
03-May-2023	0d	amazonecho	MattEffinCameron	1
03-May-2023	0d	amazonecho	r_ni_	1
03-May-2023	0d	amazonecho	Effective-Couple-169	1
03-May-2023	0d	amazonecho	RunnerInChicago	1
03-May-2023	0d	amazonecho	Ok_Entrepreneur3040	1
03-May-2023	0d	amazonecho	Legal_Consequence113	1
03-May-2023	0d	amazonecho	Torrence73	1
03-May-2023	0d	amazonecho	fskhalsa	1
03-May-2023	0d	amazonecho	Icy-Mud7327	1
03-May-2023	0d	amazonecho	forsaken_theos	1
03-May-2023	0d	amazonecho	jphilebiz	1
03-May-2023	0d	amazonecho	StephenCWLL	1
03-May-2023	0d	amazonecho	plakapum	1
03-May-2023	0d	amazonecho	OfficialSmeggyBeans	1
03-May-2023	0d	amazonecho	Kindly-Coyote-9446	1
03-May-2023	0d	amazonecho	NoChrisNoGain	1
03-May-2023	0d	amazonecho	TARDISenjoyer97	1
03-May-2023	0d	amazonecho	Cliffoakley	1
03-May-2023	0d	amazonecho	emilyntyler	1
03-May-2023	0d	amazonecho	morick_02h	1
03-May-2023	0d	amazonecho	ReadsHereAllot	1
03-May-2023	0d	amazonecho	pmartin2432	1
03-May-2023	0d	amazonecho	VNzAbguvat	1
03-May-2023	0d	amazonecho	prix03gt	1
03-May-2023	0d	amazonecho	TicFan67	1
03-May-2023	0d	amazonecho	Extension-War8093	1
03-May-2023	0d	amazonecho	BoxAlarmed4132	1
03-May-2023	0d	amazonecho	Hot_Solid4840	1
03-May-2023	0d	amazonecho	noblemenshop	1
03-May-2023	0d	amazonecho	NathanAdler1984	1
03-May-2023	0d	amazonecho	Alone_Yam_3690	1
03-May-2023	0d	amazonecho	tim0767	1
03-May-2023	0d	amazonecho	AdrianW3	1
03-May-2023	0d	amazonecho	torrphilla	1
03-May-2023	0d	amazonecho	jjjrrr88	1
03-May-2023	0d	amazonecho	No-Reserve2026	1
03-May-2023	0d	amazonecho	the_donald_punk	1
03-May-2023	0d	amazonecho	s18heythere	1
03-May-2023	0d	amazonecho	deadpool809	1
03-May-2023	0d	amazonecho	Otherwise_Hotel_6953	1
03-May-2023	0d	amazonecho	Percdye	1
03-May-2023	0d	amazonecho	Culpourrix	1
03-May-2023	0d	amazonecho	CC-Bel	1
03-May-2023	0d	amazonecho	Lovehat	1
03-May-2023	0d	amazonecho	NotUniqueAtAIl	1
03-May-2023	0d	amazonecho	TazExprez	1
03-May-2023	0d	amazonecho	Human_Yam1500	1
03-May-2023	0d	amazonecho	ErinPaperbackstash	1
03-May-2023	0d	amazonecho	CuntBunting69	1
03-May-2023	0d	amazonecho	GurtGimcrack	1
03-May-2023	0d	amazonecho	JackP_17	1
03-May-2023	0d	amazonecho	cedbluechase	1
03-May-2023	0d	amazonecho	cheshyrp	1
03-May-2023	0d	amazonecho	Chaninja412	1
03-May-2023	0d	amazonecho	RMT-Guy	1
03-May-2023	0d	amazonecho	TankTopTuesday	1
03-May-2023	0d	amazonecho	vanillabear24399	1
03-May-2023	0d	amazonecho	AbleBaker1962	1
03-May-2023	0d	amazonecho	Vivalo	1
03-May-2023	0d	amazonecho	coveringspaces	1
03-May-2023	0d	amazonecho	DrNingNing	1
03-May-2023	0d	amazonecho	Flamboyant1220	1
03-May-2023	0d	amazonecho	smjohnston1	1
03-May-2023	0d	amazonecho	imjacobclark	1
03-May-2023	0d	amazonecho	IsraelZulu	1
03-May-2023	0d	amazonecho	alteridiom	1
03-May-2023	0d	amazonecho	doovdevan	1
03-May-2023	0d	amazonecho	werdmouf	1
03-May-2023	0d	amazonecho	Fearless-Garage-7241	1
03-May-2023	0d	amazonecho	DiscussionLeft9393	1
03-May-2023	0d	amazonecho	Tiny_Jello9748	1
03-May-2023	0d	amazonecho	GarfieldSighs3	1
03-May-2023	0d	amazonecho	Shacky4	1
03-May-2023	0d	amazonecho	theyellowtiredone	1
03-May-2023	0d	amazonecho	EntranceAcceptable54	1
03-May-2023	0d	amazonecho	zolakk	1
03-May-2023	0d	amazonecho	cryptochigga	1
03-May-2023	0d	amazonecho	Shrek_the_builder	1
03-May-2023	0d	amazonecho	everarddominey	1
03-May-2023	0d	amazonecho	CNickyD	1
03-May-2023	0d	amazonecho	cojaxffs	1
03-May-2023	0d	amazonecho	CasualObservationist	1
03-May-2023	0d	amazonecho	shakeheartbreaks	1
03-May-2023	0d	amazonecho	M4Sherman4	1
03-May-2023	0d	amazonecho	Velron	1
03-May-2023	0d	amazonecho	YAKgamer123	1
03-May-2023	0d	amazonecho	PJ-2022	1
03-May-2023	0d	amazonecho	StephenSpig	1
03-May-2023	0d	amazonecho	Odd_Refrigerator_348	1
03-May-2023	0d	amazonecho	Saxophone_Kitty	1
03-May-2023	0d	amazonecho	Fine_Implement_4024	1
03-May-2023	0d	amazonecho	capaz_que_si	1
03-May-2023	0d	amazonecho	RainyDayMatt	1
03-May-2023	0d	amazonecho	AnaRFM	1
03-May-2023	0d	amazonecho	Chickens1	1
03-May-2023	0d	amazonecho	devilworks	1
03-May-2023	0d	amazonecho	prometheus59650	1
03-May-2023	0d	amazonecho	cyricpl	1
03-May-2023	0d	amazonecho	immolated_	1
03-May-2023	0d	amazonecho	speedycat2014	1
03-May-2023	0d	amazonecho	Dandest	1
03-May-2023	0d	amazonecho	ultravelocity	1
03-May-2023	0d	amazonecho	Tofuwurst111	1
03-May-2023	0d	amazonecho	DashedCanvas	1
03-May-2023	0d	amazonecho	AndyPryceManUtd	1
03-May-2023	0d	amazonecho	dharris	1
03-May-2023	0d	amazonecho	PlasticThoughts	1
03-May-2023	0d	amazonecho	ELITECORELABEL	1
03-May-2023	0d	amazonecho	jefftrmb	1
03-May-2023	0d	amazonecho	enjoycarlo	1
03-May-2023	0d	amazonecho	LightBulb885	1
03-May-2023	0d	amazonecho	Mediocre_Ant_1638	1
03-May-2023	0d	amazonecho	ChampiOfficial	1
03-May-2023	0d	amazonecho	robusdin	1
03-May-2023	0d	amazonecho	Possible_Might1264	1
03-May-2023	0d	amazonecho	draftkinginthenorth	1
03-May-2023	0d	amazonecho	badbob001	1
03-May-2023	0d	amazonecho	Affectionate_Baby761	1
03-May-2023	0d	amazonecho	FeistyFallon	1
03-May-2023	0d	amazonecho	DVSN_F	1
03-May-2023	0d	amazonecho	rkbest	1
03-May-2023	0d	amazonecho	boilermakerny	1
03-May-2023	0d	amazonecho	jullyemmi123	1
03-May-2023	0d	amazonecho	Additional-Wall194	1
03-May-2023	0d	amazonecho	Evan22x	1
03-May-2023	0d	amazonecho	masterarcher123	1
03-May-2023	0d	amazonecho	richstillman	1
03-May-2023	0d	amazonecho	pkt123	1
03-May-2023	0d	amazonecho	JohnnyVierund80	1
03-May-2023	0d	amazonecho	Prior_Channel_8784	1
03-May-2023	0d	amazonecho	s1cdude	1
03-May-2023	0d	amazonecho	Play_Kadak	1
03-May-2023	0d	amazonecho	H3ld1nh0	1
03-May-2023	0d	amazonecho	Odd-Resource6093	1
03-May-2023	0d	amazonecho	philharlow	1
03-May-2023	0d	amazonecho	brokenarrow7777777	1
03-May-2023	0d	amazonecho	ManhattanChristmas25	1
03-May-2023	0d	amazonecho	Makeem95	1
03-May-2023	0d	amazonecho	Ordinary-Noise9444	1
03-May-2023	0d	amazonecho	TheGipsyDarling	1
03-May-2023	0d	amazonecho	KoreMeltdown14	1
03-May-2023	0d	amazonecho	hc01011	1
03-May-2023	0d	amazonecho	ComoEstanBitches	1
03-May-2023	0d	amazonecho	fugitive-bear	1
03-May-2023	0d	amazonecho	Loves_LV	1
03-May-2023	0d	amazonecho	Emphursis	1
03-May-2023	0d	amazonecho	segasega89	1
03-May-2023	0d	amazonecho	Baloo_25	1
03-May-2023	0d	amazonecho	Unlikely-Event-181	1
03-May-2023	0d	amazonecho	TheOneTrueBuckeye	1
03-May-2023	0d	amazonecho	brenter91	1
03-May-2023	0d	amazonecho	Tibag	1
03-May-2023	0d	amazonecho	kuriagos1001	1
03-May-2023	0d	amazonecho	Wayne8766	1
03-May-2023	0d	amazonecho	Perfect-Rooster2253	1
03-May-2023	0d	amazonecho	illusionst	1
03-May-2023	0d	amazonecho	itsasher314	1
03-May-2023	0d	amazonecho	brittanystopyelling	1
03-May-2023	0d	amazonecho	derallo	1
03-May-2023	0d	amazonecho	StelthReddit	1
03-May-2023	0d	amazonecho	PrestigeWrldWd	1
03-May-2023	0d	amazonecho	GotPerl	1
03-May-2023	0d	amazonecho	userbrn1	1
03-May-2023	0d	amazonecho	chai_investigation	1
03-May-2023	0d	amazonecho	Affectionate-Sale126	1
03-May-2023	0d	amazonecho	nespinola24	1
03-May-2023	0d	amazonecho	Tup1000	1
03-May-2023	0d	amazonecho	patrad	1
03-May-2023	0d	amazonecho	nlynnarch	1
03-May-2023	0d	amazonecho	The_Flying_Sausage	1
03-May-2023	0d	amazonecho	Elctsuptb	1
03-May-2023	0d	amazonecho	thesatchmo	1
03-May-2023	0d	amazonecho	emilyhoeflich	1
03-May-2023	0d	amazonecho	Dapper-Prune-1226	1
03-May-2023	0d	amazonecho	Mission-Ambition9956	1
03-May-2023	0d	amazonecho	morgrar	1
03-May-2023	0d	amazonecho	South_Suggestion_116	1
03-May-2023	0d	amazonecho	theeldraw	1
03-May-2023	0d	amazonecho	dn_match	1
03-May-2023	0d	amazonecho	withac2	1
03-May-2023	0d	amazonecho	Murulo	1
03-May-2023	0d	amazonecho	melcolie	1
03-May-2023	0d	amazonecho	mar2457	1
03-May-2023	0d	amazonecho	Big-Passenger-1375	1
03-May-2023	0d	amazonecho	crujones33	1
03-May-2023	0d	amazonecho	microdude1000	1
03-May-2023	0d	amazonecho	ChristianClingerman	1
03-May-2023	0d	amazonecho	Jimmy_the_Heater	1
03-May-2023	0d	amazonecho	Fill-E-Cheez	1
03-May-2023	0d	amazonecho	Confident-Click2583	1
03-May-2023	0d	amazonecho	Reversing_Gazelle	1
03-May-2023	0d	amazonecho	Michaelflat1	1
03-May-2023	0d	amazonecho	PhilSocal	1
03-May-2023	0d	amazonecho	gigi-balamuc	1
03-May-2023	0d	amazonecho	_TheBloke_	1
03-May-2023	0d	amazonecho	SlinkyTail	1
03-May-2023	0d	amazonecho	Dummythiccamy	1
03-May-2023	0d	amazonecho	CozyBabbit	1
03-May-2023	0d	amazonecho	redexplorit	1
03-May-2023	0d	amazonecho	dancemusicparty	1
03-May-2023	0d	amazonecho	LowEndBike	1
03-May-2023	0d	amazonecho	andybech	1
03-May-2023	0d	amazonecho	YeahThatCee	1
03-May-2023	0d	amazonecho	MrMinecraft178	1
03-May-2023	0d	amazonecho	DangleDore020	1
03-May-2023	0d	amazonecho	nickwasfound13	1
03-May-2023	0d	amazonecho	Charleslorenz0	1
03-May-2023	0d	amazonecho	Fair_Count_6010	1
03-May-2023	0d	amazonecho	Most_Examination5404	1
03-May-2023	0d	amazonecho	Winter_Magician_333	1
03-May-2023	0d	amazonecho	wassupDFW	1
03-May-2023	0d	amazonecho	ZippleJ	1
03-May-2023	0d	amazonecho	dman97_2	1
03-May-2023	0d	amazonecho	Consistent_Amoeba227	1
03-May-2023	0d	amazonecho	Aviorrok	1
03-May-2023	0d	amazonecho	metallicax4life24	1
03-May-2023	0d	amazonecho	L1MAnon	1
03-May-2023	0d	amazonecho	TimmyRiggs33	1
03-May-2023	0d	amazonecho	Ehh8me	1
03-May-2023	0d	amazonecho	DunKco	1
03-May-2023	0d	amazonecho	IWantTheSauce	1
03-May-2023	0d	amazonecho	DigInternational4566	1
03-May-2023	0d	amazonecho	franciscom92	1
03-May-2023	0d	amazonecho	donohoo1980	1
03-May-2023	0d	amazonecho	goosey_goose86	1
03-May-2023	0d	amazonecho	SourGirl94	1
03-May-2023	0d	amazonecho	Boring_Stable_6869	1
03-May-2023	0d	amazonecho	Rich694	1
03-May-2023	0d	amazonecho	j4j4d1ngd0ng	1
03-May-2023	0d	amazonecho	Andy444444	1
03-May-2023	0d	amazonecho	mostly_kittens	1
03-May-2023	0d	amazonecho	guibnkjbvhvyvy	1
03-May-2023	0d	amazonecho	Sibanex	1
03-May-2023	0d	amazonecho	lowfoon	1
03-May-2023	0d	amazonecho	nick9000	1
03-May-2023	0d	amazonecho	zosgood	1
03-May-2023	0d	amazonecho	cynycal	1
03-May-2023	0d	amazonecho	KrissoLille	1
03-May-2023	0d	amazonecho	DismalSheepherder850	1
03-May-2023	0d	amazonecho	Mhbzester	1
03-May-2023	0d	amazonecho	MakemoneyDigitale	1
03-May-2023	0d	amazonecho	curlu	1
03-May-2023	0d	amazonecho	YetAnotherAreaPerson	1
03-May-2023	0d	amazonecho	phoebe-buffey	1
03-May-2023	0d	amazonecho	MajorElevator4407	1
03-May-2023	0d	amazonecho	Beg4MyLoad	1
03-May-2023	0d	amazonecho	mclain114	1
03-May-2023	0d	amazonecho	Sorry_Sorry_Im_Sorry	1
03-May-2023	0d	amazonecho	aryeh95	1
03-May-2023	0d	amazonecho	kaaatieee13	1
03-May-2023	0d	amazonecho	NoSweat88	1
03-May-2023	0d	amazonecho	_Yunala_	1
03-May-2023	0d	amazonecho	Accomplished_Ice3303	1
03-May-2023	0d	amazonecho	BRCKDefenseAttorneys	1
03-May-2023	0d	amazonecho	chabichiks	1
03-May-2023	0d	amazonecho	PlaidPixels	1
03-May-2023	0d	amazonecho	Hangs_Right	1
03-May-2023	0d	amazonecho	Johnrtx94	1
03-May-2023	0d	amazonecho	kjn33	1
03-May-2023	0d	amazonecho	modimusmaximus	1
03-May-2023	0d	amazonecho	dotslash00	1
03-May-2023	0d	amazonecho	Aweeks77	1
03-May-2023	0d	amazonecho	androozle81	1
03-May-2023	0d	amazonecho	daneyuleb	1
03-May-2023	0d	amazonecho	jleichtentritt	1
03-May-2023	0d	amazonecho	BothRemove4360	1
03-May-2023	0d	amazonecho	benrules2	1
03-May-2023	0d	amazonecho	BigMoE65	1
03-May-2023	0d	amazonecho	ccduke	1
03-May-2023	0d	amazonecho	antisane	1
03-May-2023	0d	amazonecho	alexbro001	1
03-May-2023	0d	amazonecho	-m1zu-	1
03-May-2023	0d	amazonecho	buddhacuz	1
03-May-2023	0d	amazonecho	cainoom	1
03-May-2023	0d	amazonecho	BigTamMacGotchy	1
03-May-2023	0d	amazonecho	G4M35	1
03-May-2023	0d	amazonecho	Front_Huckleberry_93	1
03-May-2023	0d	amazonecho	designgeek89	1
03-May-2023	0d	amazonecho	bc097	1
03-May-2023	0d	amazonecho	freelancerjourn	1
03-May-2023	0d	amazonecho	Thrashman69	1
03-May-2023	0d	amazonecho	Kcmatt530	1
03-May-2023	0d	amazonecho	Western-Peach-1161	1
03-May-2023	0d	amazonecho	nieveyy	1
03-May-2023	0d	amazonecho	honeycocaineslut	1
03-May-2023	0d	amazonecho	Benaholicguy	1
03-May-2023	0d	amazonecho	Tinsel-Fop	1
03-May-2023	0d	amazonecho	TVNewsApp	1
03-May-2023	0d	amazonecho	Jawkneedee	1
03-May-2023	0d	amazonecho	Living_like_Larry12	1
03-May-2023	0d	amazonecho	Travelin_Soulja	1
03-May-2023	0d	amazonecho	pwnstar	1
03-May-2023	0d	amazonecho	_DarkLorde	1
03-May-2023	0d	amazonecho	morthalguards	1
03-May-2023	0d	amazonecho	BigBongTheory42	1
03-May-2023	0d	amazonecho	garetheves	1
03-May-2023	0d	amazonecho	Wizardaron_YT	1
03-May-2023	0d	amazonecho	Fogmoose	1
03-May-2023	0d	amazonecho	Zell_Dinchet	1
03-May-2023	0d	amazonecho	ThatOneDrunkUncle	1
03-May-2023	0d	amazonecho	Outofmilkthrowaway	1
03-May-2023	0d	amazonecho	CrazeeG	1
03-May-2023	0d	amazonecho	kiloagh	1
03-May-2023	0d	amazonecho	GeilerGandalf9699	1
03-May-2023	0d	amazonecho	ViciousIsland	1
03-May-2023	0d	amazonecho	Stock-Violinist-3158	1
03-May-2023	0d	amazonecho	TraditionGlass2315	1
03-May-2023	0d	amazonecho	LaSainte	1
03-May-2023	0d	amazonecho	tuliusy2k	1
03-May-2023	0d	amazonecho	BoomChocolateLatkes	1
03-May-2023	0d	amazonecho	RedditPoster05	1
03-May-2023	0d	amazonecho	Holy_Banana_	1
03-May-2023	0d	amazonecho	rustedrhino	1
03-May-2023	0d	amazonecho	Adorable_Bottle65	1
03-May-2023	0d	amazonecho	SnooPoems7739	1
03-May-2023	0d	amazonecho	sosen42	1
03-May-2023	0d	amazonecho	johnehlers91	1
03-May-2023	0d	amazonecho	YYCStorms	1
03-May-2023	0d	amazonecho	Reggie_Barclay	1
03-May-2023	0d	amazonecho	thelastofbill	1
03-May-2023	0d	amazonecho	SectorAlternative327	1
03-May-2023	0d	amazonecho	Phoeniyx	1
03-May-2023	0d	amazonecho	Spartancfos	1
03-May-2023	0d	amazonecho	WranglerWarm6850	1
03-May-2023	0d	amazonecho	infamousmdr	1
03-May-2023	0d	amazonecho	Draconius	1
03-May-2023	0d	amazonecho	klagreca1	1
03-May-2023	0d	amazonecho	Pancake_Nom	1
03-May-2023	0d	amazonecho	NicoRobin007	1
03-May-2023	0d	amazonecho	caribou16	1
03-May-2023	0d	amazonecho	d0db0b	1
03-May-2023	0d	amazonecho	idcthatubrokeurlbow	1
03-May-2023	0d	amazonecho	acucobol	1
03-May-2023	0d	amazonecho	_IdidIdidnt	1
03-May-2023	0d	amazonecho	skittles_for_brains	1
03-May-2023	0d	amazonecho	starman8000	1
03-May-2023	0d	amazonecho	Ezhdehaa	1
03-May-2023	0d	amazonecho	glp1992	1
03-May-2023	0d	amazonecho	Skyyyyyyyler	1
03-May-2023	0d	amazonecho	blackdragon6547	1
03-May-2023	0d	amazonecho	aja_ramirez	1
03-May-2023	0d	amazonecho	u2jrmw	1
03-May-2023	0d	amazonecho	Smou1a	1
03-May-2023	0d	amazonecho	restrictednumber1996	1
03-May-2023	0d	amazonecho	native_one17	1
03-May-2023	0d	amazonecho	warrior_79	1
03-May-2023	0d	amazonecho	EpicMemeCreator	1
03-May-2023	0d	amazonecho	RoadmanTony	1
03-May-2023	0d	amazonecho	we135b	1
03-May-2023	0d	amazonecho	Competitive_Classic9	1
