query_date	before_date	subreddit	submission_author	submission_frequency
03-May-2023	100d	amazonecho	[deleted]	14
03-May-2023	100d	amazonecho	SpecialistJacket9567	11
03-May-2023	100d	amazonecho	asuhayda	8
03-May-2023	100d	amazonecho	Dansk72	6
03-May-2023	100d	amazonecho	Ambitious-Cap-5086	5
03-May-2023	100d	amazonecho	DPAmes1	4
03-May-2023	100d	amazonecho	Sam_0101	4
03-May-2023	100d	amazonecho	androidusr	4
03-May-2023	100d	amazonecho	Chanchal7226	4
03-May-2023	100d	amazonecho	AXXXXXXXXA	3
03-May-2023	100d	amazonecho	WranglerWarm6850	3
03-May-2023	100d	amazonecho	Life_Bridge_9960	3
03-May-2023	100d	amazonecho	buguy67	3
03-May-2023	100d	amazonecho	tristiansimon	3
03-May-2023	100d	amazonecho	_BindersFullOfWomen_	3
03-May-2023	100d	amazonecho	Makelovenotwar-1234	3
03-May-2023	100d	amazonecho	djsolidsnake86	3
03-May-2023	100d	amazonecho	Famous-Perspective-3	3
03-May-2023	100d	amazonecho	333tr	3
03-May-2023	100d	amazonecho	Lurkofeer	3
03-May-2023	100d	amazonecho	MazerTee	3
03-May-2023	100d	amazonecho	westtxfun	3
03-May-2023	100d	amazonecho	hellmichmi	3
03-May-2023	100d	amazonecho	fkn0rb3rt	3
03-May-2023	100d	amazonecho	trumpfamily2020	2
03-May-2023	100d	amazonecho	IWantTheSauce	2
03-May-2023	100d	amazonecho	AGayFrogParadise	2
03-May-2023	100d	amazonecho	Technical_Pace1809	2
03-May-2023	100d	amazonecho	CassCat	2
03-May-2023	100d	amazonecho	DevMiser	2
03-May-2023	100d	amazonecho	CpuJunky	2
03-May-2023	100d	amazonecho	cainoom	2
03-May-2023	100d	amazonecho	Thrashman69	2
03-May-2023	100d	amazonecho	Tinsel-Fop	2
03-May-2023	100d	amazonecho	maybesailor1	2
03-May-2023	100d	amazonecho	Living_like_Larry12	2
03-May-2023	100d	amazonecho	ArianaFraggle1997	2
03-May-2023	100d	amazonecho	YYCStorms	2
03-May-2023	100d	amazonecho	thelastofbill	2
03-May-2023	100d	amazonecho	Staragox	2
03-May-2023	100d	amazonecho	abeasom	2
03-May-2023	100d	amazonecho	vishnu132	2
03-May-2023	100d	amazonecho	gocard	2
03-May-2023	100d	amazonecho	Murwiz	2
03-May-2023	100d	amazonecho	Free-Bowler-5192	2
03-May-2023	100d	amazonecho	Itsrichyyy	2
03-May-2023	100d	amazonecho	JoehCat	2
03-May-2023	100d	amazonecho	CDgaming360	2
03-May-2023	100d	amazonecho	diiejso	2
03-May-2023	100d	amazonecho	bullgod1964	2
03-May-2023	100d	amazonecho	Anxious-Kangaroo1152	2
03-May-2023	100d	amazonecho	Blangyman	2
03-May-2023	100d	amazonecho	KilgoretheTrout55	2
03-May-2023	100d	amazonecho	Drk_Knight71	2
03-May-2023	100d	amazonecho	abhinair18	2
03-May-2023	100d	amazonecho	AppleTerra	2
03-May-2023	100d	amazonecho	AggressiveResist8615	2
03-May-2023	100d	amazonecho	Kyosji	2
03-May-2023	100d	amazonecho	DrunkenGolfer	2
03-May-2023	100d	amazonecho	terrencetb	2
03-May-2023	100d	amazonecho	jones_ro	2
03-May-2023	100d	amazonecho	Formal-Ad8037	2
03-May-2023	100d	amazonecho	Silent-Piccolo	2
03-May-2023	100d	amazonecho	pt57	2
03-May-2023	100d	amazonecho	TooMuchFaeel	2
03-May-2023	100d	amazonecho	Leaellynasaura	2
03-May-2023	100d	amazonecho	Goodspike	2
03-May-2023	100d	amazonecho	sidarous	2
03-May-2023	100d	amazonecho	cerebasan	2
03-May-2023	100d	amazonecho	LSD05	2
03-May-2023	100d	amazonecho	swearingmuffin	2
03-May-2023	100d	amazonecho	CJMorley	2
03-May-2023	100d	amazonecho	SunniMonkey	2
03-May-2023	100d	amazonecho	JennLynnC80	2
03-May-2023	100d	amazonecho	kresbok	2
03-May-2023	100d	amazonecho	Mozza215	2
03-May-2023	100d	amazonecho	Lost-Treacle-1953	2
03-May-2023	100d	amazonecho	mickAMMO	2
03-May-2023	100d	amazonecho	Jean_Claude_Van_Darn	2
03-May-2023	100d	amazonecho	Sanpie	2
03-May-2023	100d	amazonecho	woody-99	2
03-May-2023	100d	amazonecho	loorana22	2
03-May-2023	100d	amazonecho	Shot_Negotiation1693	2
03-May-2023	100d	amazonecho	wassupDFW	1
03-May-2023	100d	amazonecho	ZippleJ	1
03-May-2023	100d	amazonecho	TheDadRockPodcast	1
03-May-2023	100d	amazonecho	dman97_2	1
03-May-2023	100d	amazonecho	crutnacker	1
03-May-2023	100d	amazonecho	Consistent_Amoeba227	1
03-May-2023	100d	amazonecho	Aviorrok	1
03-May-2023	100d	amazonecho	metallicax4life24	1
03-May-2023	100d	amazonecho	L1MAnon	1
03-May-2023	100d	amazonecho	maurobuginski	1
03-May-2023	100d	amazonecho	TimmyRiggs33	1
03-May-2023	100d	amazonecho	Ehh8me	1
03-May-2023	100d	amazonecho	DunKco	1
03-May-2023	100d	amazonecho	gangsteroflove1	1
03-May-2023	100d	amazonecho	DigInternational4566	1
03-May-2023	100d	amazonecho	franciscom92	1
03-May-2023	100d	amazonecho	donohoo1980	1
03-May-2023	100d	amazonecho	goosey_goose86	1
03-May-2023	100d	amazonecho	SourGirl94	1
03-May-2023	100d	amazonecho	Boring_Stable_6869	1
03-May-2023	100d	amazonecho	Rich694	1
03-May-2023	100d	amazonecho	j4j4d1ngd0ng	1
03-May-2023	100d	amazonecho	Andy444444	1
03-May-2023	100d	amazonecho	mostly_kittens	1
03-May-2023	100d	amazonecho	guibnkjbvhvyvy	1
03-May-2023	100d	amazonecho	skingspan	1
03-May-2023	100d	amazonecho	Sibanex	1
03-May-2023	100d	amazonecho	lowfoon	1
03-May-2023	100d	amazonecho	nick9000	1
03-May-2023	100d	amazonecho	zosgood	1
03-May-2023	100d	amazonecho	cynycal	1
03-May-2023	100d	amazonecho	KrissoLille	1
03-May-2023	100d	amazonecho	DismalSheepherder850	1
03-May-2023	100d	amazonecho	Mhbzester	1
03-May-2023	100d	amazonecho	MakemoneyDigitale	1
03-May-2023	100d	amazonecho	curlu	1
03-May-2023	100d	amazonecho	YetAnotherAreaPerson	1
03-May-2023	100d	amazonecho	phoebe-buffey	1
03-May-2023	100d	amazonecho	MajorElevator4407	1
03-May-2023	100d	amazonecho	Beg4MyLoad	1
03-May-2023	100d	amazonecho	mclain114	1
03-May-2023	100d	amazonecho	thisismyusername798	1
03-May-2023	100d	amazonecho	Sorry_Sorry_Im_Sorry	1
03-May-2023	100d	amazonecho	aryeh95	1
03-May-2023	100d	amazonecho	kaaatieee13	1
03-May-2023	100d	amazonecho	NoSweat88	1
03-May-2023	100d	amazonecho	_Yunala_	1
03-May-2023	100d	amazonecho	Accomplished_Ice3303	1
03-May-2023	100d	amazonecho	BRCKDefenseAttorneys	1
03-May-2023	100d	amazonecho	MechanicalWhispers	1
03-May-2023	100d	amazonecho	chabichiks	1
03-May-2023	100d	amazonecho	PlaidPixels	1
03-May-2023	100d	amazonecho	Hangs_Right	1
03-May-2023	100d	amazonecho	Johnrtx94	1
03-May-2023	100d	amazonecho	kjn33	1
03-May-2023	100d	amazonecho	modimusmaximus	1
03-May-2023	100d	amazonecho	dotslash00	1
03-May-2023	100d	amazonecho	Aweeks77	1
03-May-2023	100d	amazonecho	androozle81	1
03-May-2023	100d	amazonecho	daneyuleb	1
03-May-2023	100d	amazonecho	jleichtentritt	1
03-May-2023	100d	amazonecho	BothRemove4360	1
03-May-2023	100d	amazonecho	benrules2	1
03-May-2023	100d	amazonecho	BigMoE65	1
03-May-2023	100d	amazonecho	ccduke	1
03-May-2023	100d	amazonecho	antisane	1
03-May-2023	100d	amazonecho	alexbro001	1
03-May-2023	100d	amazonecho	-m1zu-	1
03-May-2023	100d	amazonecho	buddhacuz	1
03-May-2023	100d	amazonecho	BigTamMacGotchy	1
03-May-2023	100d	amazonecho	G4M35	1
03-May-2023	100d	amazonecho	Front_Huckleberry_93	1
03-May-2023	100d	amazonecho	designgeek89	1
03-May-2023	100d	amazonecho	bc097	1
03-May-2023	100d	amazonecho	freelancerjourn	1
03-May-2023	100d	amazonecho	aNewVersionofSelf	1
03-May-2023	100d	amazonecho	Kcmatt530	1
03-May-2023	100d	amazonecho	Western-Peach-1161	1
03-May-2023	100d	amazonecho	nieveyy	1
03-May-2023	100d	amazonecho	honeycocaineslut	1
03-May-2023	100d	amazonecho	Benaholicguy	1
03-May-2023	100d	amazonecho	TVNewsApp	1
03-May-2023	100d	amazonecho	Jawkneedee	1
03-May-2023	100d	amazonecho	Travelin_Soulja	1
03-May-2023	100d	amazonecho	pwnstar	1
03-May-2023	100d	amazonecho	_DarkLorde	1
03-May-2023	100d	amazonecho	morthalguards	1
03-May-2023	100d	amazonecho	BigBongTheory42	1
03-May-2023	100d	amazonecho	garetheves	1
03-May-2023	100d	amazonecho	Wizardaron_YT	1
03-May-2023	100d	amazonecho	Fogmoose	1
03-May-2023	100d	amazonecho	Zell_Dinchet	1
03-May-2023	100d	amazonecho	ThatOneDrunkUncle	1
03-May-2023	100d	amazonecho	Outofmilkthrowaway	1
03-May-2023	100d	amazonecho	Honky_Cat	1
03-May-2023	100d	amazonecho	CrazeeG	1
03-May-2023	100d	amazonecho	kiloagh	1
03-May-2023	100d	amazonecho	GeilerGandalf9699	1
03-May-2023	100d	amazonecho	ViciousIsland	1
03-May-2023	100d	amazonecho	Stock-Violinist-3158	1
03-May-2023	100d	amazonecho	TraditionGlass2315	1
03-May-2023	100d	amazonecho	LaSainte	1
03-May-2023	100d	amazonecho	tuliusy2k	1
03-May-2023	100d	amazonecho	BoomChocolateLatkes	1
03-May-2023	100d	amazonecho	RedditPoster05	1
03-May-2023	100d	amazonecho	Holy_Banana_	1
03-May-2023	100d	amazonecho	rustedrhino	1
03-May-2023	100d	amazonecho	Adorable_Bottle65	1
03-May-2023	100d	amazonecho	SnooPoems7739	1
03-May-2023	100d	amazonecho	sosen42	1
03-May-2023	100d	amazonecho	johnehlers91	1
03-May-2023	100d	amazonecho	Reggie_Barclay	1
03-May-2023	100d	amazonecho	SectorAlternative327	1
03-May-2023	100d	amazonecho	Phoeniyx	1
03-May-2023	100d	amazonecho	Spartancfos	1
03-May-2023	100d	amazonecho	infamousmdr	1
03-May-2023	100d	amazonecho	Draconius	1
03-May-2023	100d	amazonecho	klagreca1	1
03-May-2023	100d	amazonecho	Pancake_Nom	1
03-May-2023	100d	amazonecho	NicoRobin007	1
03-May-2023	100d	amazonecho	caribou16	1
03-May-2023	100d	amazonecho	d0db0b	1
03-May-2023	100d	amazonecho	idcthatubrokeurlbow	1
03-May-2023	100d	amazonecho	acucobol	1
03-May-2023	100d	amazonecho	_IdidIdidnt	1
03-May-2023	100d	amazonecho	skittles_for_brains	1
03-May-2023	100d	amazonecho	starman8000	1
03-May-2023	100d	amazonecho	Ezhdehaa	1
03-May-2023	100d	amazonecho	glp1992	1
03-May-2023	100d	amazonecho	Skyyyyyyyler	1
03-May-2023	100d	amazonecho	blackdragon6547	1
03-May-2023	100d	amazonecho	aja_ramirez	1
03-May-2023	100d	amazonecho	u2jrmw	1
03-May-2023	100d	amazonecho	Smou1a	1
03-May-2023	100d	amazonecho	restrictednumber1996	1
03-May-2023	100d	amazonecho	native_one17	1
03-May-2023	100d	amazonecho	warrior_79	1
03-May-2023	100d	amazonecho	EpicMemeCreator	1
03-May-2023	100d	amazonecho	RoadmanTony	1
03-May-2023	100d	amazonecho	we135b	1
03-May-2023	100d	amazonecho	Competitive_Classic9	1
03-May-2023	100d	amazonecho	Anianna	1
03-May-2023	100d	amazonecho	burritohomeboy	1
03-May-2023	100d	amazonecho	ilmk1318	1
03-May-2023	100d	amazonecho	Teowulf	1
03-May-2023	100d	amazonecho	covingtonFF	1
03-May-2023	100d	amazonecho	AlasknAssasn858	1
03-May-2023	100d	amazonecho	deadwinged	1
03-May-2023	100d	amazonecho	ArialNew	1
03-May-2023	100d	amazonecho	metswon2	1
03-May-2023	100d	amazonecho	SouthernBoyChris	1
03-May-2023	100d	amazonecho	FraniLou89	1
03-May-2023	100d	amazonecho	Prestigious-Bag-896	1
03-May-2023	100d	amazonecho	sapphiricacid	1
03-May-2023	100d	amazonecho	ryan8344	1
03-May-2023	100d	amazonecho	imnotarapperok	1
03-May-2023	100d	amazonecho	TraderHappy	1
03-May-2023	100d	amazonecho	gth441	1
03-May-2023	100d	amazonecho	WarghostAlpha	1
03-May-2023	100d	amazonecho	fancypantshorse	1
03-May-2023	100d	amazonecho	swagger6487	1
03-May-2023	100d	amazonecho	Retro_uk	1
03-May-2023	100d	amazonecho	twinkingoth	1
03-May-2023	100d	amazonecho	Oneblonded	1
03-May-2023	100d	amazonecho	Naive_Dot_3137	1
03-May-2023	100d	amazonecho	swerveliscious	1
03-May-2023	100d	amazonecho	criseligo	1
03-May-2023	100d	amazonecho	Aggro_Tuna	1
03-May-2023	100d	amazonecho	cal3ngineer	1
03-May-2023	100d	amazonecho	wewewawa	1
03-May-2023	100d	amazonecho	NotUniqueAtAIl	1
03-May-2023	100d	amazonecho	BouncyShroom	1
03-May-2023	100d	amazonecho	penthoy	1
03-May-2023	100d	amazonecho	thefunkygibbon	1
03-May-2023	100d	amazonecho	adityaneer	1
03-May-2023	100d	amazonecho	pesd42	1
03-May-2023	100d	amazonecho	skinscrazy2002	1
03-May-2023	100d	amazonecho	mccoleman96	1
03-May-2023	100d	amazonecho	guycurtis93	1
03-May-2023	100d	amazonecho	spellmugwump	1
03-May-2023	100d	amazonecho	Fun_Seaworthiness727	1
03-May-2023	100d	amazonecho	OrebGoodbird	1
03-May-2023	100d	amazonecho	cocoako	1
03-May-2023	100d	amazonecho	CheapNefariousness30	1
03-May-2023	100d	amazonecho	MDM3453	1
03-May-2023	100d	amazonecho	96Buck	1
03-May-2023	100d	amazonecho	BoxAlarmed4132	1
03-May-2023	100d	amazonecho	recreatingafauxpas	1
03-May-2023	100d	amazonecho	triggamike68	1
03-May-2023	100d	amazonecho	Educational-Pear-743	1
03-May-2023	100d	amazonecho	Top_Dust_6064	1
03-May-2023	100d	amazonecho	blue-6423	1
03-May-2023	100d	amazonecho	SloshySodas	1
03-May-2023	100d	amazonecho	LappyGB	1
03-May-2023	100d	amazonecho	Ill_Band5998	1
03-May-2023	100d	amazonecho	Mrs-Nugget	1
03-May-2023	100d	amazonecho	TheEmfinger	1
03-May-2023	100d	amazonecho	ChaseSavesTheDay	1
03-May-2023	100d	amazonecho	foxi123	1
03-May-2023	100d	amazonecho	Greedy_Factor_6489	1
03-May-2023	100d	amazonecho	p0rn00	1
03-May-2023	100d	amazonecho	Awilliams64	1
03-May-2023	100d	amazonecho	had0ukenn	1
03-May-2023	100d	amazonecho	Sythya	1
03-May-2023	100d	amazonecho	No_Shoulder9197	1
03-May-2023	100d	amazonecho	No_Bill_8883	1
03-May-2023	100d	amazonecho	Rude-Upstairs-6250	1
03-May-2023	100d	amazonecho	BladeInWater	1
03-May-2023	100d	amazonecho	Dr_Henry_Wus_Lover	1
03-May-2023	100d	amazonecho	swede1955	1
03-May-2023	100d	amazonecho	squibbs47	1
03-May-2023	100d	amazonecho	ConnerPog	1
03-May-2023	100d	amazonecho	Amichateur	1
03-May-2023	100d	amazonecho	ollierosser	1
03-May-2023	100d	amazonecho	msolominow	1
03-May-2023	100d	amazonecho	rockytfs1	1
03-May-2023	100d	amazonecho	PRINCESSGANG	1
03-May-2023	100d	amazonecho	amykat321	1
03-May-2023	100d	amazonecho	tburkha87	1
03-May-2023	100d	amazonecho	FrancisOni	1
03-May-2023	100d	amazonecho	CielSairento	1
03-May-2023	100d	amazonecho	SunShinesForMe	1
03-May-2023	100d	amazonecho	rixmatiz	1
03-May-2023	100d	amazonecho	Napkinsnsuch	1
03-May-2023	100d	amazonecho	BobbySwansonJairo	1
03-May-2023	100d	amazonecho	smdifansmfjsmsnd	1
03-May-2023	100d	amazonecho	KingSeyther	1
03-May-2023	100d	amazonecho	Seabass1966	1
03-May-2023	100d	amazonecho	Jpfresh1	1
03-May-2023	100d	amazonecho	Rich-Equivalent-4908	1
03-May-2023	100d	amazonecho	ace_________________	1
03-May-2023	100d	amazonecho	rking620	1
03-May-2023	100d	amazonecho	Amon_Lua	1
03-May-2023	100d	amazonecho	holtpj	1
03-May-2023	100d	amazonecho	PageVivid	1
03-May-2023	100d	amazonecho	FluffyWasabi1629	1
03-May-2023	100d	amazonecho	MarioS0	1
03-May-2023	100d	amazonecho	xXx_Viper_xXx	1
03-May-2023	100d	amazonecho	Daghain	1
03-May-2023	100d	amazonecho	Fuzzy_Central	1
03-May-2023	100d	amazonecho	roofstop	1
03-May-2023	100d	amazonecho	Zhayton	1
03-May-2023	100d	amazonecho	aklax14	1
03-May-2023	100d	amazonecho	DoomMage19	1
03-May-2023	100d	amazonecho	Santa_Claus77	1
03-May-2023	100d	amazonecho	Kibriya0	1
03-May-2023	100d	amazonecho	rdxj	1
03-May-2023	100d	amazonecho	MeZuas	1
03-May-2023	100d	amazonecho	oopsyeveryday14	1
03-May-2023	100d	amazonecho	Joerules5	1
03-May-2023	100d	amazonecho	Teercoe	1
03-May-2023	100d	amazonecho	Riquende	1
03-May-2023	100d	amazonecho	trireme32	1
03-May-2023	100d	amazonecho	GlamourD	1
03-May-2023	100d	amazonecho	Downrivergirl	1
03-May-2023	100d	amazonecho	Muted-Artichoke-8701	1
03-May-2023	100d	amazonecho	AJDtheTNT	1
03-May-2023	100d	amazonecho	__ToT__	1
03-May-2023	100d	amazonecho	DarthAmongYou	1
03-May-2023	100d	amazonecho	vbrider	1
03-May-2023	100d	amazonecho	StrongWithin76	1
03-May-2023	100d	amazonecho	DOc2be23	1
03-May-2023	100d	amazonecho	d0ntblink	1
03-May-2023	100d	amazonecho	MaxPowerBE	1
03-May-2023	100d	amazonecho	Scotteh85	1
03-May-2023	100d	amazonecho	Narrow-Application78	1
03-May-2023	100d	amazonecho	indorock	1
03-May-2023	100d	amazonecho	GambitsEnd	1
03-May-2023	100d	amazonecho	guacamoleys	1
03-May-2023	100d	amazonecho	llelibro	1
03-May-2023	100d	amazonecho	SlipperyBumCesc	1
03-May-2023	100d	amazonecho	jacle2210	1
03-May-2023	100d	amazonecho	Amber924	1
03-May-2023	100d	amazonecho	TurkMcGill	1
03-May-2023	100d	amazonecho	persius94	1
03-May-2023	100d	amazonecho	JaneyBGoode	1
03-May-2023	100d	amazonecho	JDeSanti16	1
03-May-2023	100d	amazonecho	MangoRainbows	1
03-May-2023	100d	amazonecho	SaltyIsland1008	1
03-May-2023	100d	amazonecho	M0710NM4N	1
03-May-2023	100d	amazonecho	ShaderGamingYT	1
03-May-2023	100d	amazonecho	s2susannah	1
03-May-2023	100d	amazonecho	SickRattler	1
03-May-2023	100d	amazonecho	Fangyr	1
03-May-2023	100d	amazonecho	Tsuki3424	1
03-May-2023	100d	amazonecho	TXPatsFan	1
03-May-2023	100d	amazonecho	TrappySam	1
03-May-2023	100d	amazonecho	Pizookie123	1
03-May-2023	100d	amazonecho	Tough_Pangolin_223	1
03-May-2023	100d	amazonecho	m698322h	1
03-May-2023	100d	amazonecho	cydsoddiar	1
03-May-2023	100d	amazonecho	NuggetWarrior09	1
03-May-2023	100d	amazonecho	Asxom	1
03-May-2023	100d	amazonecho	hitzhitz	1
03-May-2023	100d	amazonecho	DSavoie6	1
03-May-2023	100d	amazonecho	Constant-Hippo-1558	1
03-May-2023	100d	amazonecho	Eldresh	1
03-May-2023	100d	amazonecho	zpapa23	1
03-May-2023	100d	amazonecho	Other_Development757	1
03-May-2023	100d	amazonecho	GardenWitchMom	1
03-May-2023	100d	amazonecho	wkearney99	1
03-May-2023	100d	amazonecho	w7_ofc	1
03-May-2023	100d	amazonecho	jimithingmi	1
03-May-2023	100d	amazonecho	GoodDue927	1
03-May-2023	100d	amazonecho	Aleycat92	1
03-May-2023	100d	amazonecho	ECBM	1
03-May-2023	100d	amazonecho	staballoy	1
03-May-2023	100d	amazonecho	GingerSlabHead	1
03-May-2023	100d	amazonecho	TomKansasCity	1
03-May-2023	100d	amazonecho	pedalharder6	1
03-May-2023	100d	amazonecho	Banya6	1
03-May-2023	100d	amazonecho	colts_guy	1
03-May-2023	100d	amazonecho	FenDozer	1
03-May-2023	100d	amazonecho	Mike_32216	1
03-May-2023	100d	amazonecho	Phoenix_Queen1124	1
03-May-2023	100d	amazonecho	AnaRFM	1
03-May-2023	100d	amazonecho	AwesomeACK	1
03-May-2023	100d	amazonecho	passengershaming	1
03-May-2023	100d	amazonecho	MJFox1978	1
03-May-2023	100d	amazonecho	liivealiive	1
03-May-2023	100d	amazonecho	ihooper05	1
03-May-2023	100d	amazonecho	papercrash	1
03-May-2023	100d	amazonecho	BenchComplete8016	1
03-May-2023	100d	amazonecho	NCMattJ	1
03-May-2023	100d	amazonecho	g6bbs	1
03-May-2023	100d	amazonecho	Material_Fault_1476	1
03-May-2023	100d	amazonecho	GrandToilet001	1
03-May-2023	100d	amazonecho	Living_Wonder1699	1
03-May-2023	100d	amazonecho	Hot-Abbreviations658	1
03-May-2023	100d	amazonecho	JamrcngalCity	1
03-May-2023	100d	amazonecho	prgav	1
03-May-2023	100d	amazonecho	ben7337	1
03-May-2023	100d	amazonecho	StrykerWyfe	1
03-May-2023	100d	amazonecho	Dontinsultautomod	1
03-May-2023	100d	amazonecho	thejammyman	1
03-May-2023	100d	amazonecho	skyscraper101	1
03-May-2023	100d	amazonecho	Schick79	1
03-May-2023	100d	amazonecho	Arif7332	1
03-May-2023	100d	amazonecho	stoner_prime	1
03-May-2023	100d	amazonecho	superkat21	1
03-May-2023	100d	amazonecho	SteveTheBeave452	1
03-May-2023	100d	amazonecho	speed-ninja7002	1
03-May-2023	100d	amazonecho	Queenkielbasiraptor	1
03-May-2023	100d	amazonecho	petentonic	1
03-May-2023	100d	amazonecho	honest_abe55	1
03-May-2023	100d	amazonecho	nxtys	1
03-May-2023	100d	amazonecho	darkmillion	1
03-May-2023	100d	amazonecho	crashogie	1
03-May-2023	100d	amazonecho	plazman30	1
03-May-2023	100d	amazonecho	RealExistentalDread	1
03-May-2023	100d	amazonecho	Pandasrqt	1
03-May-2023	100d	amazonecho	DolphinRapeCave	1
03-May-2023	100d	amazonecho	Anicanis	1
03-May-2023	100d	amazonecho	The-One-Man-Riot	1
03-May-2023	100d	amazonecho	ChequeMateX	1
03-May-2023	100d	amazonecho	Character-You3040	1
03-May-2023	100d	amazonecho	soggymittens	1
03-May-2023	100d	amazonecho	PotatPotat360	1
03-May-2023	100d	amazonecho	Virrad	1
03-May-2023	100d	amazonecho	imaginewizard	1
03-May-2023	100d	amazonecho	toinfinitiandbeyond	1
03-May-2023	100d	amazonecho	Oskeros	1
03-May-2023	100d	amazonecho	paulsutcliffe	1
03-May-2023	100d	amazonecho	tom56	1
03-May-2023	100d	amazonecho	byngo69	1
03-May-2023	100d	amazonecho	biplob1973	1
03-May-2023	100d	amazonecho	MarioDF	1
03-May-2023	100d	amazonecho	MaximumTerrance	1
03-May-2023	100d	amazonecho	Billysnh	1
03-May-2023	100d	amazonecho	spudbudy	1
03-May-2023	100d	amazonecho	discover_your_world	1
03-May-2023	100d	amazonecho	WanderingMoose68	1
03-May-2023	100d	amazonecho	10-Cents	1
03-May-2023	100d	amazonecho	A_Annon	1
03-May-2023	100d	amazonecho	savagecheefer	1
03-May-2023	100d	amazonecho	WelshRarebit2	1
03-May-2023	100d	amazonecho	Johnngreenn	1
03-May-2023	100d	amazonecho	Jeffjordan93	1
03-May-2023	100d	amazonecho	iamhe02	1
03-May-2023	100d	amazonecho	eshopstore	1
03-May-2023	100d	amazonecho	beezbos_trip	1
03-May-2023	100d	amazonecho	Del_Amitri	1
03-May-2023	100d	amazonecho	Victor_2501	1
03-May-2023	100d	amazonecho	hallecsmith	1
03-May-2023	100d	amazonecho	SpikySimonW	1
03-May-2023	100d	amazonecho	Quick-Ad2268	1
03-May-2023	100d	amazonecho	ChevyPrius	1
03-May-2023	100d	amazonecho	CrimsonCapacitor	1
03-May-2023	100d	amazonecho	jay4190	1
03-May-2023	100d	amazonecho	SilverBackLash	1
03-May-2023	100d	amazonecho	strvd	1
03-May-2023	100d	amazonecho	EngineerGal4716	1
03-May-2023	100d	amazonecho	PeeeCoffee	1
03-May-2023	100d	amazonecho	Jayeuk	1
03-May-2023	100d	amazonecho	Varrock-Lobster	1
03-May-2023	100d	amazonecho	TheSamLowry	1
03-May-2023	100d	amazonecho	kactuscrow	1
03-May-2023	100d	amazonecho	self_improvement_me	1
03-May-2023	100d	amazonecho	nialtheho	1
03-May-2023	100d	amazonecho	navi94579	1
03-May-2023	100d	amazonecho	makeshiftmeatballs	1
03-May-2023	100d	amazonecho	abelinkin84	1
03-May-2023	100d	amazonecho	Shacky4	1
03-May-2023	100d	amazonecho	idkreally312	1
03-May-2023	100d	amazonecho	thetolerator98	1
03-May-2023	100d	amazonecho	pynqu	1
03-May-2023	100d	amazonecho	Interesting_Bet_2277	1
03-May-2023	100d	amazonecho	BDThrills	1
03-May-2023	100d	amazonecho	Legend1138	1
03-May-2023	100d	amazonecho	JayMonster65	1
03-May-2023	100d	amazonecho	Pretend-Work-9957	1
03-May-2023	100d	amazonecho	djdunns	1
03-May-2023	100d	amazonecho	ikevinax	1
03-May-2023	100d	amazonecho	Standard_Echidna6187	1
03-May-2023	100d	amazonecho	waekyhd	1
03-May-2023	100d	amazonecho	Budget-Half5210	1
03-May-2023	100d	amazonecho	Shootingstarr8	1
03-May-2023	100d	amazonecho	waetherman	1
03-May-2023	100d	amazonecho	PartlyCloudyKid	1
03-May-2023	100d	amazonecho	DicSlapperman	1
03-May-2023	100d	amazonecho	FacebookStreamer	1
03-May-2023	100d	amazonecho	Active-Drive-7749	1
03-May-2023	100d	amazonecho	binaryeclectic	1
03-May-2023	100d	amazonecho	AFTVnews	1
03-May-2023	100d	amazonecho	coned_miro	1
03-May-2023	100d	amazonecho	amircar	1
03-May-2023	100d	amazonecho	DuckDuckPegasus	1
03-May-2023	100d	amazonecho	SonVoltMMA	1
03-May-2023	100d	amazonecho	Mormegil81	1
03-May-2023	100d	amazonecho	JollyGreenGelatin	1
03-May-2023	100d	amazonecho	Suitable-Way-5762	1
03-May-2023	100d	amazonecho	Sharp_Housing	1
03-May-2023	100d	amazonecho	suitablyRandom	1
03-May-2023	100d	amazonecho	Onefivesxx	1
03-May-2023	100d	amazonecho	KillerR0b0T	1
03-May-2023	100d	amazonecho	reborn_neo_art	1
03-May-2023	100d	amazonecho	rcris18	1
03-May-2023	100d	amazonecho	Spinningwoman	1
03-May-2023	100d	amazonecho	smush720	1
03-May-2023	100d	amazonecho	JoeKiv	1
03-May-2023	100d	amazonecho	BigWedding9828	1
03-May-2023	100d	amazonecho	Original-Smooth	1
03-May-2023	100d	amazonecho	TheRealHedleyLamarr	1
03-May-2023	100d	amazonecho	markie37	1
03-May-2023	100d	amazonecho	frogger2929	1
03-May-2023	100d	amazonecho	everforthright36	1
03-May-2023	100d	amazonecho	snafu918	1
03-May-2023	100d	amazonecho	vincentrlee	1
03-May-2023	100d	amazonecho	Free_card12	1
03-May-2023	100d	amazonecho	Available-Bad-210	1
03-May-2023	100d	amazonecho	Mediocre_Sprinkles_1	1
03-May-2023	100d	amazonecho	Do_It_I_Dare_ya	1
03-May-2023	100d	amazonecho	imbadatwukong	1
03-May-2023	100d	amazonecho	ExtrapolatedData	1
03-May-2023	100d	amazonecho	Howardhorst2018	1
03-May-2023	100d	amazonecho	Oreb_GoodBird	1
03-May-2023	100d	amazonecho	HeyT00ts11	1
03-May-2023	100d	amazonecho	Controller87	1
03-May-2023	100d	amazonecho	gilou_	1
03-May-2023	100d	amazonecho	No_Corgi8337	1
03-May-2023	100d	amazonecho	rowls93	1
03-May-2023	100d	amazonecho	HypnoticGuy	1
03-May-2023	100d	amazonecho	punkerster101	1
03-May-2023	100d	amazonecho	GeologistUnfair	1
03-May-2023	100d	amazonecho	Lilly_NotAFlower	1
03-May-2023	100d	amazonecho	molliepw	1
03-May-2023	100d	amazonecho	TheRealFarmerBob	1
03-May-2023	100d	amazonecho	Miserable-Prior-1253	1
03-May-2023	100d	amazonecho	Living_Reveal_8114	1
03-May-2023	100d	amazonecho	Adobowellington	1
03-May-2023	100d	amazonecho	Sp1r1tofg0nz0	1
03-May-2023	100d	amazonecho	wpbmaybe2019	1
03-May-2023	100d	amazonecho	boulevardpaleale	1
03-May-2023	100d	amazonecho	Glass-Point-9693	1
03-May-2023	100d	amazonecho	bodkinsbest	1
03-May-2023	100d	amazonecho	stumbledotcom	1
03-May-2023	100d	amazonecho	Nawashi84	1
03-May-2023	100d	amazonecho	deloidian	1
03-May-2023	100d	amazonecho	1nterrogatorX	1
03-May-2023	100d	amazonecho	altoids_1	1
03-May-2023	100d	amazonecho	RoutineMasterpiece1	1
03-May-2023	100d	amazonecho	mfdoomile	1
03-May-2023	100d	amazonecho	daftpharma	1
03-May-2023	100d	amazonecho	spasticpoodle	1
03-May-2023	100d	amazonecho	Isolatte	1
03-May-2023	100d	amazonecho	Son_Loup_16	1
03-May-2023	100d	amazonecho	MinerAlum	1
03-May-2023	100d	amazonecho	JANDA12228	1
03-May-2023	100d	amazonecho	testpilotnt	1
03-May-2023	100d	amazonecho	EngineeringFlashy139	1
03-May-2023	100d	amazonecho	Dramatic_minor	1
03-May-2023	100d	amazonecho	NutellanMochi	1
03-May-2023	100d	amazonecho	gumbo_97	1
03-May-2023	100d	amazonecho	obitest11	1
03-May-2023	100d	amazonecho	BottleOJesus	1
03-May-2023	100d	amazonecho	Ritchie_not_Richie	1
03-May-2023	100d	amazonecho	AshesTTV	1
03-May-2023	100d	amazonecho	AKGodwit	1
03-May-2023	100d	amazonecho	Stormfall33	1
03-May-2023	100d	amazonecho	Responsible_Brush_24	1
03-May-2023	100d	amazonecho	jeffandconnie	1
03-May-2023	100d	amazonecho	Jimmy_the_Heater	1
03-May-2023	100d	amazonecho	draxula16	1
03-May-2023	100d	amazonecho	gamerdudeNYC	1
03-May-2023	100d	amazonecho	Uppernwbear	1
03-May-2023	100d	amazonecho	Asknicelydammit	1
03-May-2023	100d	amazonecho	_-Hoenir-_	1
03-May-2023	100d	amazonecho	Life_Forever	1
03-May-2023	100d	amazonecho	FreeAd9383	1
03-May-2023	100d	amazonecho	Shant1010	1
03-May-2023	100d	amazonecho	misterjenjen	1
03-May-2023	100d	amazonecho	lozcozard	1
03-May-2023	100d	amazonecho	Chuantzu	1
03-May-2023	100d	amazonecho	AvsWon33	1
03-May-2023	100d	amazonecho	jcursiolf	1
03-May-2023	100d	amazonecho	Dog_McDoge	1
03-May-2023	100d	amazonecho	SeptemberFiction	1
03-May-2023	100d	amazonecho	Baubascat	1
03-May-2023	100d	amazonecho	Markfish	1
03-May-2023	100d	amazonecho	Hawkeye_97	1
03-May-2023	100d	amazonecho	willparkinson	1
03-May-2023	100d	amazonecho	crawdevil	1
03-May-2023	100d	amazonecho	ThermoElectricMan	1
03-May-2023	100d	amazonecho	PupChase	1
03-May-2023	100d	amazonecho	startledchalupa	1
03-May-2023	100d	amazonecho	LongJohnHawkins	1
03-May-2023	100d	amazonecho	jaymartinez	1
03-May-2023	100d	amazonecho	AbleBaker1962	1
03-May-2023	100d	amazonecho	GracefulBeach12	1
03-May-2023	100d	amazonecho	SuperMarioTM	1
03-May-2023	100d	amazonecho	Moogled	1
03-May-2023	100d	amazonecho	DSethK93	1
03-May-2023	100d	amazonecho	Shaynoagogo	1
03-May-2023	100d	amazonecho	Sapphoinastripclub	1
03-May-2023	100d	amazonecho	Legal_Cupcake_6579	1
03-May-2023	100d	amazonecho	Scm053	1
03-May-2023	100d	amazonecho	LevelMention8860	1
03-May-2023	100d	amazonecho	ResponsibilityOk1037	1
03-May-2023	100d	amazonecho	PoshLagoon	1
03-May-2023	100d	amazonecho	SpacemanMM98	1
03-May-2023	100d	amazonecho	Mondo-IE	1
03-May-2023	100d	amazonecho	Excellent_Reading930	1
03-May-2023	100d	amazonecho	imbruhcat	1
03-May-2023	100d	amazonecho	ProfessionalOcelot44	1
03-May-2023	100d	amazonecho	seeker_ktf	1
03-May-2023	100d	amazonecho	CO-OP_GOLD	1
03-May-2023	100d	amazonecho	whbck144	1
03-May-2023	100d	amazonecho	elopetomexico394	1
03-May-2023	100d	amazonecho	katlynsg894	1
03-May-2023	100d	amazonecho	falafelwaffle10	1
03-May-2023	100d	amazonecho	Haunting_Bed_2449	1
03-May-2023	100d	amazonecho	theoriginalakkrune	1
03-May-2023	100d	amazonecho	saa001	1
03-May-2023	100d	amazonecho	SubstantialStill3475	1
03-May-2023	100d	amazonecho	jeepsrollover	1
03-May-2023	100d	amazonecho	GoodGuyQ	1
03-May-2023	100d	amazonecho	MoebiusStreet	1
03-May-2023	100d	amazonecho	chronicoles	1
03-May-2023	100d	amazonecho	twister65	1
03-May-2023	100d	amazonecho	Alex_prox7	1
03-May-2023	100d	amazonecho	AbsenceOfDarkness	1
03-May-2023	100d	amazonecho	SouthAlexander	1
03-May-2023	100d	amazonecho	Tybnasty	1
03-May-2023	100d	amazonecho	HARVY143	1
03-May-2023	100d	amazonecho	Nerevarine87	1
03-May-2023	100d	amazonecho	greenmelon182	1
03-May-2023	100d	amazonecho	PainterGuy777	1
03-May-2023	100d	amazonecho	thenicnet	1
03-May-2023	100d	amazonecho	ttran857	1
03-May-2023	100d	amazonecho	Robinhood215	1
03-May-2023	100d	amazonecho	Neither-Wrap5313	1
03-May-2023	100d	amazonecho	Angle-Fickle	1
03-May-2023	100d	amazonecho	Vicari0	1
03-May-2023	100d	amazonecho	PikachuTheCorgis	1
03-May-2023	100d	amazonecho	FullMetalValkyr	1
03-May-2023	100d	amazonecho	EhhWhatsUpDoc	1
03-May-2023	100d	amazonecho	peter888chan	1
03-May-2023	100d	amazonecho	baobab68	1
03-May-2023	100d	amazonecho	cyclonebill	1
03-May-2023	100d	amazonecho	Usual_Impact5924	1
03-May-2023	100d	amazonecho	r0n1n2021	1
03-May-2023	100d	amazonecho	UPINFLAM3S	1
03-May-2023	100d	amazonecho	Stormshooter_	1
03-May-2023	100d	amazonecho	bwarwick6	1
03-May-2023	100d	amazonecho	JustBlan1984	1
03-May-2023	100d	amazonecho	Trippledidao	1
03-May-2023	100d	amazonecho	jayliutw	1
03-May-2023	100d	amazonecho	rrab	1
03-May-2023	100d	amazonecho	AmoGra	1
03-May-2023	100d	amazonecho	PrityBird	1
03-May-2023	100d	amazonecho	kkeith185	1
03-May-2023	100d	amazonecho	joeyscheidrolltide	1
03-May-2023	100d	amazonecho	Aggravated-by-alexa	1
03-May-2023	100d	amazonecho	Vandal35	1
03-May-2023	100d	amazonecho	OverEmployedPM	1
03-May-2023	100d	amazonecho	olt327	1
03-May-2023	100d	amazonecho	Eispfogel	1
03-May-2023	100d	amazonecho	georgia_02x	1
03-May-2023	100d	amazonecho	LoveLaughLlama	1
03-May-2023	100d	amazonecho	klarney	1
03-May-2023	100d	amazonecho	mdudewheresmacar	1
03-May-2023	100d	amazonecho	Noyz7	1
03-May-2023	100d	amazonecho	Madvion	1
03-May-2023	100d	amazonecho	jime01	1
03-May-2023	100d	amazonecho	solmssen	1
03-May-2023	100d	amazonecho	PrintfReddit	1
03-May-2023	100d	amazonecho	jellydonutstealer	1
03-May-2023	100d	amazonecho	Jo060	1
03-May-2023	100d	amazonecho	Nilay113	1
03-May-2023	100d	amazonecho	Mysecretpassphrase	1
03-May-2023	100d	amazonecho	ditched_my_droid	1
03-May-2023	100d	amazonecho	NoelEdward	1
03-May-2023	100d	amazonecho	Kolpasterop	1
03-May-2023	100d	amazonecho	dirtfarmer76	1
03-May-2023	100d	amazonecho	really_nice_guy_	1
03-May-2023	100d	amazonecho	Silverlining4000	1
03-May-2023	100d	amazonecho	AxGT	1
03-May-2023	100d	amazonecho	is_this_my_user_name	1
03-May-2023	100d	amazonecho	DocCaliban	1
03-May-2023	100d	amazonecho	Moist-Amoeba-4145	1
03-May-2023	100d	amazonecho	notmargaretc	1
03-May-2023	100d	amazonecho	MyRedYoshi_	1
03-May-2023	100d	amazonecho	nicocartp	1
03-May-2023	100d	amazonecho	mnm954	1
03-May-2023	100d	amazonecho	combatwombat007	1
03-May-2023	100d	amazonecho	itsmeJAYGEE	1
03-May-2023	100d	amazonecho	Ok_Professional7619	1
03-May-2023	100d	amazonecho	NibblyPig	1
03-May-2023	100d	amazonecho	BadHotelCarpet	1
03-May-2023	100d	amazonecho	Watashifr	1
03-May-2023	100d	amazonecho	RecommendationOwn878	1
03-May-2023	100d	amazonecho	theplasticfantasty	1
03-May-2023	100d	amazonecho	zacoleman14	1
03-May-2023	100d	amazonecho	PierreVonSnooglehoff	1
03-May-2023	100d	amazonecho	ramanujam	1
03-May-2023	100d	amazonecho	Lillt61	1
03-May-2023	100d	amazonecho	LurkingDigitalNomad	1
03-May-2023	100d	amazonecho	subwoofage	1
03-May-2023	100d	amazonecho	purge00	1
03-May-2023	100d	amazonecho	repodude	1
03-May-2023	100d	amazonecho	louislinus	1
03-May-2023	100d	amazonecho	eggsy2323	1
03-May-2023	100d	amazonecho	MountainScorpion	1
03-May-2023	100d	amazonecho	RammmITTT	1
03-May-2023	100d	amazonecho	saveable	1
03-May-2023	100d	amazonecho	agitatedstate	1
03-May-2023	100d	amazonecho	SomethingClever2022	1
03-May-2023	100d	amazonecho	ActivateClosure8	1
03-May-2023	100d	amazonecho	jjfodi	1
03-May-2023	100d	amazonecho	figurella1485	1
03-May-2023	100d	amazonecho	DueNeighborhood5377	1
03-May-2023	100d	amazonecho	chocoapplez	1
03-May-2023	100d	amazonecho	gadgetchannel	1
03-May-2023	100d	amazonecho	marikutis	1
03-May-2023	100d	amazonecho	jediofhyrule	1
03-May-2023	100d	amazonecho	m477r1x	1
03-May-2023	100d	amazonecho	rolfey83	1
03-May-2023	100d	amazonecho	errol343	1
03-May-2023	100d	amazonecho	lynnewu	1
03-May-2023	100d	amazonecho	Druf__	1
03-May-2023	100d	amazonecho	Thelomen_Toblakai	1
03-May-2023	100d	amazonecho	wbruce098	1
03-May-2023	100d	amazonecho	PProtzer3	1
03-May-2023	100d	amazonecho	Nudelauge	1
03-May-2023	100d	amazonecho	ox-	1
03-May-2023	100d	amazonecho	IWillBaconSlapYou	1
03-May-2023	100d	amazonecho	Discothejunkboy	1
03-May-2023	100d	amazonecho	Substantial-Falcon-8	1
03-May-2023	100d	amazonecho	theAmazonLover0403	1
03-May-2023	100d	amazonecho	rodelindao	1
03-May-2023	100d	amazonecho	bibek1200	1
03-May-2023	100d	amazonecho	tickthegreat	1
03-May-2023	100d	amazonecho	SuavePirate	1
03-May-2023	100d	amazonecho	bonvajya	1
03-May-2023	100d	amazonecho	PretendablePirate	1
03-May-2023	100d	amazonecho	NaughtyBear1337	1
03-May-2023	100d	amazonecho	mtbr360	1
03-May-2023	100d	amazonecho	kaalvoeta	1
03-May-2023	100d	amazonecho	MajesticPush7150	1
03-May-2023	100d	amazonecho	DaphPoke	1
03-May-2023	100d	amazonecho	Kira-Long666	1
03-May-2023	100d	amazonecho	NotInko	1
03-May-2023	100d	amazonecho	_FirstKane	1
03-May-2023	100d	amazonecho	kcamacho11	1
03-May-2023	100d	amazonecho	Illustrious-Flow-219	1
03-May-2023	100d	amazonecho	Speeder1k	1
03-May-2023	100d	amazonecho	bobbcee	1
03-May-2023	100d	amazonecho	Altruistic_Hope831	1
03-May-2023	100d	amazonecho	CMCosMic	1
03-May-2023	100d	amazonecho	See_Ya_Suckaz	1
03-May-2023	100d	amazonecho	HungryThought4563	1
03-May-2023	100d	amazonecho	Mr__Beavis	1
03-May-2023	100d	amazonecho	Biohzard1234	1
03-May-2023	100d	amazonecho	-starwing-	1
03-May-2023	100d	amazonecho	PoorInCT	1
03-May-2023	100d	amazonecho	themcp	1
03-May-2023	100d	amazonecho	PDXsewist	1
03-May-2023	100d	amazonecho	MattMose	1
03-May-2023	100d	amazonecho	rakman	1
03-May-2023	100d	amazonecho	TrustLeft	1
03-May-2023	100d	amazonecho	Gugenss	1
03-May-2023	100d	amazonecho	5lytherin	1
03-May-2023	100d	amazonecho	TravelingChick	1
03-May-2023	100d	amazonecho	Guybrush580	1
03-May-2023	100d	amazonecho	deadplant5	1
03-May-2023	100d	amazonecho	kingerthethird	1
03-May-2023	100d	amazonecho	MaybeCanBeTHERE	1
03-May-2023	100d	amazonecho	timtroyrrtyl	1
03-May-2023	100d	amazonecho	washburn100	1
03-May-2023	100d	amazonecho	familyorchard	1
03-May-2023	100d	amazonecho	Resident-Inspector-2	1
03-May-2023	100d	amazonecho	AnAngryMelon	1
03-May-2023	100d	amazonecho	wolski22	1
03-May-2023	100d	amazonecho	shiori9422	1
03-May-2023	100d	amazonecho	tvausaf23	1
03-May-2023	100d	amazonecho	itkf99	1
03-May-2023	100d	amazonecho	HideGPOne	1
03-May-2023	100d	amazonecho	HandshakeOfCO	1
03-May-2023	100d	amazonecho	DoctorWH0877	1
03-May-2023	100d	amazonecho	badbob001	1
03-May-2023	100d	amazonecho	chooseausername46	1
03-May-2023	100d	amazonecho	CasperTFG_808	1
03-May-2023	100d	amazonecho	polandonjupiter	1
03-May-2023	100d	amazonecho	TexanInBama	1
03-May-2023	100d	amazonecho	Jesus_the_answer	1
03-May-2023	100d	amazonecho	Mixtopher	1
03-May-2023	100d	amazonecho	RedmondCooper	1
03-May-2023	100d	amazonecho	RandalOulton	1
03-May-2023	100d	amazonecho	anotherbozo	1
03-May-2023	100d	amazonecho	tim0767	1
03-May-2023	100d	amazonecho	dean078	1
03-May-2023	100d	amazonecho	kevinsolr	1
03-May-2023	100d	amazonecho	Kooky_Most8619	1
03-May-2023	100d	amazonecho	ManG02	1
03-May-2023	100d	amazonecho	browneyedgyal	1
03-May-2023	100d	amazonecho	JonasInNYC	1
03-May-2023	100d	amazonecho	FewFavoriteThings	1
03-May-2023	100d	amazonecho	xerxes87co	1
03-May-2023	100d	amazonecho	created4this	1
03-May-2023	100d	amazonecho	jabberwotchi	1
03-May-2023	100d	amazonecho	DannyOTM	1
03-May-2023	100d	amazonecho	ChanklaChucker	1
03-May-2023	100d	amazonecho	Screaminhotdog	1
03-May-2023	100d	amazonecho	No_Country_4899	1
03-May-2023	100d	amazonecho	aboakingaccident	1
03-May-2023	100d	amazonecho	ceborame	1
03-May-2023	100d	amazonecho	speedycat2014	1
03-May-2023	100d	amazonecho	dabbydoook	1
03-May-2023	100d	amazonecho	Commercial_Daikon_92	1
03-May-2023	100d	amazonecho	HighRiskTrigger	1
03-May-2023	100d	amazonecho	manifestenthusiast	1
03-May-2023	100d	amazonecho	Hoylegu	1
03-May-2023	100d	amazonecho	raphaeladidas	1
03-May-2023	100d	amazonecho	ToshiroBaloney	1
03-May-2023	100d	amazonecho	Ace42292	1
03-May-2023	100d	amazonecho	supermodel327	1
03-May-2023	100d	amazonecho	zeroquest	1
03-May-2023	100d	amazonecho	p33k4y	1
03-May-2023	100d	amazonecho	keosen	1
03-May-2023	100d	amazonecho	MonkeyGoggles78	1
03-May-2023	100d	amazonecho	Lovingmylife2020	1
03-May-2023	100d	amazonecho	SSJ2chad	1
03-May-2023	100d	amazonecho	HundredCrowd691	1
03-May-2023	100d	amazonecho	redwingshat	1
03-May-2023	100d	amazonecho	US_Brand	1
03-May-2023	100d	amazonecho	Blazah	1
03-May-2023	100d	amazonecho	ThaaSky187	1
03-May-2023	100d	amazonecho	IanglDev	1
03-May-2023	100d	amazonecho	Not10X	1
03-May-2023	100d	amazonecho	The_Wizeguy	1
03-May-2023	100d	amazonecho	cinemadudeofficial	1
03-May-2023	100d	amazonecho	Simple-Hovercraft181	1
03-May-2023	100d	amazonecho	soundguy64	1
