query_date	before_date	subreddit	comment_author	comment_frequency
03-May-2023	50d	amazonecho	Dansk72	51
03-May-2023	50d	amazonecho	gangsteroflove1	34
03-May-2023	50d	amazonecho	jlbob	25
03-May-2023	50d	amazonecho	Wayne8766	24
03-May-2023	50d	amazonecho	Famous-Perspective-3	22
03-May-2023	50d	amazonecho	antisane	11
03-May-2023	50d	amazonecho	brantome24	11
03-May-2023	50d	amazonecho	Status_Raspberry5547	10
03-May-2023	50d	amazonecho	aguaholic33	9
03-May-2023	50d	amazonecho	RSKadish	9
03-May-2023	50d	amazonecho	MarvinG1984	8
03-May-2023	50d	amazonecho	[deleted]	8
03-May-2023	50d	amazonecho	sam8988378	8
03-May-2023	50d	amazonecho	FoferJ	7
03-May-2023	50d	amazonecho	rockmasterflex	7
03-May-2023	50d	amazonecho	minionsweb	7
03-May-2023	50d	amazonecho	Man_Bear_Beaver	6
03-May-2023	50d	amazonecho	tarzan_nojane	5
03-May-2023	50d	amazonecho	ThaneOfCawdorrr	5
03-May-2023	50d	amazonecho	Vertigo_uk123	5
03-May-2023	50d	amazonecho	DPAmes1	5
03-May-2023	50d	amazonecho	captpackrat	5
03-May-2023	50d	amazonecho	Muted_Sorts	5
03-May-2023	50d	amazonecho	breakneckridge	5
03-May-2023	50d	amazonecho	Johnny_Leon	5
03-May-2023	50d	amazonecho	Nexfero	5
03-May-2023	50d	amazonecho	RandomGerman	5
03-May-2023	50d	amazonecho	MintyMods	5
03-May-2023	50d	amazonecho	allthegoodreasons	5
03-May-2023	50d	amazonecho	PersonalitySquare221	5
03-May-2023	50d	amazonecho	Chilechilechile	5
03-May-2023	50d	amazonecho	DeepSouthDude	5
03-May-2023	50d	amazonecho	tanders1	4
03-May-2023	50d	amazonecho	RobsyGt	4
03-May-2023	50d	amazonecho	dalmarnock	4
03-May-2023	50d	amazonecho	elcheapodeluxe	4
03-May-2023	50d	amazonecho	Human_Yam1500	4
03-May-2023	50d	amazonecho	ssoocc	4
03-May-2023	50d	amazonecho	Paybax84	4
03-May-2023	50d	amazonecho	RetroGamer87	4
03-May-2023	50d	amazonecho	Goodspike	4
03-May-2023	50d	amazonecho	RedMapleBat	4
03-May-2023	50d	amazonecho	clecayenne	4
03-May-2023	50d	amazonecho	thedeadp0ets	4
03-May-2023	50d	amazonecho	spikecurt	4
03-May-2023	50d	amazonecho	iamComfortablyDone	4
03-May-2023	50d	amazonecho	stevenpyee	3
03-May-2023	50d	amazonecho	Endless-Pi	3
03-May-2023	50d	amazonecho	Apprehensive-Ad738	3
03-May-2023	50d	amazonecho	DG1964	3
03-May-2023	50d	amazonecho	ersan191	3
03-May-2023	50d	amazonecho	matches-malone	3
03-May-2023	50d	amazonecho	Scooter310	3
03-May-2023	50d	amazonecho	BenYolo	3
03-May-2023	50d	amazonecho	Spinningwoman	3
03-May-2023	50d	amazonecho	the_V0lum3	3
03-May-2023	50d	amazonecho	pdinc	3
03-May-2023	50d	amazonecho	FRNLD	3
03-May-2023	50d	amazonecho	the_quark	3
03-May-2023	50d	amazonecho	DiamondplateDave	3
03-May-2023	50d	amazonecho	decker12	3
03-May-2023	50d	amazonecho	pc_light	3
03-May-2023	50d	amazonecho	winelight	3
03-May-2023	50d	amazonecho	rebobbecker	3
03-May-2023	50d	amazonecho	The-One-Man-Riot	3
03-May-2023	50d	amazonecho	mTsp4ce	3
03-May-2023	50d	amazonecho	Zouden	3
03-May-2023	50d	amazonecho	ChipBeef2354	3
03-May-2023	50d	amazonecho	Clean-Performance993	3
03-May-2023	50d	amazonecho	joskua	3
03-May-2023	50d	amazonecho	Educational-Page-436	3
03-May-2023	50d	amazonecho	memebuster	3
03-May-2023	50d	amazonecho	WestonGrey	3
03-May-2023	50d	amazonecho	MarbleWry	3
03-May-2023	50d	amazonecho	ShadowCVL	3
03-May-2023	50d	amazonecho	NYCQuilts	3
03-May-2023	50d	amazonecho	AbleBaker1962	3
03-May-2023	50d	amazonecho	brabs2	3
03-May-2023	50d	amazonecho	Kelmantis	3
03-May-2023	50d	amazonecho	SaturnMoloch	3
03-May-2023	50d	amazonecho	jphilebiz	3
03-May-2023	50d	amazonecho	AccessLongjumping745	3
03-May-2023	50d	amazonecho	thunderwear1	2
03-May-2023	50d	amazonecho	Iangh007	2
03-May-2023	50d	amazonecho	Icy-Mud7327	2
03-May-2023	50d	amazonecho	Informal-Emu3251	2
03-May-2023	50d	amazonecho	wittyusername4me	2
03-May-2023	50d	amazonecho	allegrabene	2
03-May-2023	50d	amazonecho	wobblybootson	2
03-May-2023	50d	amazonecho	RhesusMonkey17	2
03-May-2023	50d	amazonecho	neobondd	2
03-May-2023	50d	amazonecho	chengjih	2
03-May-2023	50d	amazonecho	nascentt	2
03-May-2023	50d	amazonecho	ZeroMayCry7	2
03-May-2023	50d	amazonecho	frontfuttock	2
03-May-2023	50d	amazonecho	yeahmaybe	2
03-May-2023	50d	amazonecho	Tim-in-CA	2
03-May-2023	50d	amazonecho	OldGuyGeek	2
03-May-2023	50d	amazonecho	graceofspades105	2
03-May-2023	50d	amazonecho	ChadCloman	2
03-May-2023	50d	amazonecho	stannc00	2
03-May-2023	50d	amazonecho	TheSkiGeek	2
03-May-2023	50d	amazonecho	limitless__	2
03-May-2023	50d	amazonecho	Hairy_Bonus6804	2
03-May-2023	50d	amazonecho	ForeignManagement126	2
03-May-2023	50d	amazonecho	JoeyTheFoxxo	2
03-May-2023	50d	amazonecho	Only-Control5926	2
03-May-2023	50d	amazonecho	197six	2
03-May-2023	50d	amazonecho	toinfinitiandbeyond	2
03-May-2023	50d	amazonecho	lvrich100	2
03-May-2023	50d	amazonecho	fasfse123	2
03-May-2023	50d	amazonecho	molard	2
03-May-2023	50d	amazonecho	woody-99	2
03-May-2023	50d	amazonecho	royofroverse	2
03-May-2023	50d	amazonecho	UnluckyForSome	2
03-May-2023	50d	amazonecho	Kakazam	2
03-May-2023	50d	amazonecho	Egyptiannightmare	2
03-May-2023	50d	amazonecho	PoorInCT	2
03-May-2023	50d	amazonecho	roelhr	2
03-May-2023	50d	amazonecho	stumbledotcom	2
03-May-2023	50d	amazonecho	ScotForWhat	2
03-May-2023	50d	amazonecho	sloowhand	2
03-May-2023	50d	amazonecho	Cookiehurricane	2
03-May-2023	50d	amazonecho	InfiniteAbalone9	2
03-May-2023	50d	amazonecho	lunk	2
03-May-2023	50d	amazonecho	unnecessary_kindness	2
03-May-2023	50d	amazonecho	Chaninja412	2
03-May-2023	50d	amazonecho	neatgeek83	2
03-May-2023	50d	amazonecho	chump29	2
03-May-2023	50d	amazonecho	rguy84	2
03-May-2023	50d	amazonecho	ZaftigFeline	2
03-May-2023	50d	amazonecho	Lilly_NotAFlower	2
03-May-2023	50d	amazonecho	bobsusedtires	2
03-May-2023	50d	amazonecho	Comprehensive-Olive6	2
03-May-2023	50d	amazonecho	snowshio	2
03-May-2023	50d	amazonecho	Quirky_Chance8132	2
03-May-2023	50d	amazonecho	DharmaPolice	2
03-May-2023	50d	amazonecho	TheJessicator	2
03-May-2023	50d	amazonecho	Behbista	2
03-May-2023	50d	amazonecho	RatamacueRatamacue	2
03-May-2023	50d	amazonecho	revilO68	2
03-May-2023	50d	amazonecho	octonautRoscoe	2
03-May-2023	50d	amazonecho	GreatTao	2
03-May-2023	50d	amazonecho	dbhathcock	2
03-May-2023	50d	amazonecho	skeg369	2
03-May-2023	50d	amazonecho	dryh2o	2
03-May-2023	50d	amazonecho	4-Run-Yoda	2
03-May-2023	50d	amazonecho	jotap3z	2
03-May-2023	50d	amazonecho	snacksandbones	2
03-May-2023	50d	amazonecho	MoreManagement9194	2
03-May-2023	50d	amazonecho	JustOneGreenGrape	2
03-May-2023	50d	amazonecho	krisiteenie	2
03-May-2023	50d	amazonecho	Parson1122	2
03-May-2023	50d	amazonecho	1224rockton	2
03-May-2023	50d	amazonecho	richstillman	2
03-May-2023	50d	amazonecho	SerialRumors	2
03-May-2023	50d	amazonecho	Adept-Price-1267	2
03-May-2023	50d	amazonecho	JayMonster65	2
03-May-2023	50d	amazonecho	gruden	2
03-May-2023	50d	amazonecho	ChevyGuy454	2
03-May-2023	50d	amazonecho	ecomstuff	2
03-May-2023	50d	amazonecho	OddScuro	1
03-May-2023	50d	amazonecho	ActuallydCompressing	1
03-May-2023	50d	amazonecho	mtn_lion_x	1
03-May-2023	50d	amazonecho	sqrt4761	1
03-May-2023	50d	amazonecho	DavePear63	1
03-May-2023	50d	amazonecho	niktemadur	1
03-May-2023	50d	amazonecho	bxasty	1
03-May-2023	50d	amazonecho	nosht	1
03-May-2023	50d	amazonecho	Great-Public-763	1
03-May-2023	50d	amazonecho	Kdubzz93	1
03-May-2023	50d	amazonecho	SwoopyD1026	1
03-May-2023	50d	amazonecho	keshiafowler2007	1
03-May-2023	50d	amazonecho	JudeV525	1
03-May-2023	50d	amazonecho	Broken_20	1
03-May-2023	50d	amazonecho	marticored	1
03-May-2023	50d	amazonecho	bengy3d	1
03-May-2023	50d	amazonecho	Pinksters	1
03-May-2023	50d	amazonecho	XRaiderV1	1
03-May-2023	50d	amazonecho	LockGroundbreaking55	1
03-May-2023	50d	amazonecho	ThePamdalorian	1
03-May-2023	50d	amazonecho	blade_torlock	1
03-May-2023	50d	amazonecho	raybreezer	1
03-May-2023	50d	amazonecho	Chrontius	1
03-May-2023	50d	amazonecho	Jag-Hiroshi	1
03-May-2023	50d	amazonecho	paylord666	1
03-May-2023	50d	amazonecho	calvinhangga	1
03-May-2023	50d	amazonecho	Burntoffer	1
03-May-2023	50d	amazonecho	Legal-Strain-8640	1
03-May-2023	50d	amazonecho	stalkthewizard	1
03-May-2023	50d	amazonecho	thetonythebest	1
03-May-2023	50d	amazonecho	Rizaruky	1
03-May-2023	50d	amazonecho	BuddhaRockstar	1
03-May-2023	50d	amazonecho	Background-Art-1674	1
03-May-2023	50d	amazonecho	stoopidyoshi	1
03-May-2023	50d	amazonecho	SojournerInThisVale	1
03-May-2023	50d	amazonecho	Ildera	1
03-May-2023	50d	amazonecho	Nate379	1
03-May-2023	50d	amazonecho	turtle_4557	1
03-May-2023	50d	amazonecho	normal2norman	1
03-May-2023	50d	amazonecho	PrintEconomy9412	1
03-May-2023	50d	amazonecho	Weyland19	1
03-May-2023	50d	amazonecho	CardiacCatastrophe	1
03-May-2023	50d	amazonecho	snickerzz	1
03-May-2023	50d	amazonecho	apaulsherwin	1
03-May-2023	50d	amazonecho	cbski9	1
03-May-2023	50d	amazonecho	Whoz_Yerdaddi	1
03-May-2023	50d	amazonecho	Calm-Technology-755	1
03-May-2023	50d	amazonecho	The_Dutchess-D	1
03-May-2023	50d	amazonecho	Goretzka	1
03-May-2023	50d	amazonecho	mickAMMO	1
03-May-2023	50d	amazonecho	675te_aoe	1
03-May-2023	50d	amazonecho	Frosty_Loquat4600	1
03-May-2023	50d	amazonecho	rkilbrai	1
03-May-2023	50d	amazonecho	Doubleks	1
03-May-2023	50d	amazonecho	CavediverNY	1
03-May-2023	50d	amazonecho	frankPutty	1
03-May-2023	50d	amazonecho	TheDraco713	1
03-May-2023	50d	amazonecho	Churn	1
03-May-2023	50d	amazonecho	GrundlePepper	1
03-May-2023	50d	amazonecho	JobuTopaki	1
03-May-2023	50d	amazonecho	shakeypudding	1
03-May-2023	50d	amazonecho	rva2chi	1
03-May-2023	50d	amazonecho	FACEROCK	1
03-May-2023	50d	amazonecho	Dimeh_H	1
03-May-2023	50d	amazonecho	IncomprehensibleGoat	1
03-May-2023	50d	amazonecho	miserable-bananna726	1
03-May-2023	50d	amazonecho	sithelephant	1
03-May-2023	50d	amazonecho	Lady_Nyx13	1
03-May-2023	50d	amazonecho	Onlyspacemanspiff	1
03-May-2023	50d	amazonecho	Enog	1
03-May-2023	50d	amazonecho	flargenhargen	1
03-May-2023	50d	amazonecho	Embarrassed-Boot-314	1
03-May-2023	50d	amazonecho	TattooedLacie	1
03-May-2023	50d	amazonecho	Thisoneissfwihope	1
03-May-2023	50d	amazonecho	AD_MDestroyer	1
03-May-2023	50d	amazonecho	Exfiltrator	1
03-May-2023	50d	amazonecho	walterheck	1
03-May-2023	50d	amazonecho	Syynaptik	1
03-May-2023	50d	amazonecho	ORD-DRO	1
03-May-2023	50d	amazonecho	diddinim	1
03-May-2023	50d	amazonecho	Reggie_Barclay	1
03-May-2023	50d	amazonecho	Leftstrat	1
03-May-2023	50d	amazonecho	Justinackermannblog	1
03-May-2023	50d	amazonecho	thisiscausinganxiety	1
03-May-2023	50d	amazonecho	Murwiz	1
03-May-2023	50d	amazonecho	friendlyhermit	1
03-May-2023	50d	amazonecho	KingSpoonsThe5th	1
03-May-2023	50d	amazonecho	Amata82	1
03-May-2023	50d	amazonecho	thewondermule	1
03-May-2023	50d	amazonecho	CaptainHunt	1
03-May-2023	50d	amazonecho	Ichabod665	1
03-May-2023	50d	amazonecho	SeattleBattles	1
03-May-2023	50d	amazonecho	kenkiller	1
03-May-2023	50d	amazonecho	i_bring_the_reddit	1
03-May-2023	50d	amazonecho	Milligan	1
03-May-2023	50d	amazonecho	dinzdale56	1
03-May-2023	50d	amazonecho	andraes	1
03-May-2023	50d	amazonecho	illie_g	1
03-May-2023	50d	amazonecho	Nyghtshayde	1
03-May-2023	50d	amazonecho	GetYoSnacks	1
03-May-2023	50d	amazonecho	Usual_Impact5924	1
03-May-2023	50d	amazonecho	redredditt	1
03-May-2023	50d	amazonecho	drgmaster909	1
03-May-2023	50d	amazonecho	victoryoiti	1
03-May-2023	50d	amazonecho	Whitewind_WW	1
03-May-2023	50d	amazonecho	Neckrolls4life	1
03-May-2023	50d	amazonecho	ascullycom	1
03-May-2023	50d	amazonecho	mikeinmass	1
03-May-2023	50d	amazonecho	ChristianPirate	1
03-May-2023	50d	amazonecho	qualmton	1
03-May-2023	50d	amazonecho	wildwood9843	1
03-May-2023	50d	amazonecho	CNickyD	1
03-May-2023	50d	amazonecho	sibman	1
03-May-2023	50d	amazonecho	heartyph	1
03-May-2023	50d	amazonecho	Yololo69	1
03-May-2023	50d	amazonecho	jbgammage	1
03-May-2023	50d	amazonecho	StormSolid5523	1
03-May-2023	50d	amazonecho	vampx	1
03-May-2023	50d	amazonecho	coldestdesert	1
03-May-2023	50d	amazonecho	SirWebster	1
03-May-2023	50d	amazonecho	Pleasant_Proposal939	1
03-May-2023	50d	amazonecho	redkeyboard	1
03-May-2023	50d	amazonecho	sweharris	1
03-May-2023	50d	amazonecho	ppal1981	1
03-May-2023	50d	amazonecho	H4tlaughs	1
03-May-2023	50d	amazonecho	dchief20	1
03-May-2023	50d	amazonecho	deathboyuk	1
03-May-2023	50d	amazonecho	Parelle	1
03-May-2023	50d	amazonecho	GoldenKoi911	1
03-May-2023	50d	amazonecho	dracul104	1
03-May-2023	50d	amazonecho	Illustrious-Tale4947	1
03-May-2023	50d	amazonecho	ChiefBroady	1
03-May-2023	50d	amazonecho	toolateforRE	1
03-May-2023	50d	amazonecho	Howler7777	1
03-May-2023	50d	amazonecho	Cenddel	1
03-May-2023	50d	amazonecho	xGaME-_xOvER	1
03-May-2023	50d	amazonecho	KerrenC	1
03-May-2023	50d	amazonecho	TPlinkerG35	1
03-May-2023	50d	amazonecho	Rayne_K	1
03-May-2023	50d	amazonecho	setyte	1
03-May-2023	50d	amazonecho	SamShow20	1
03-May-2023	50d	amazonecho	Armand28	1
03-May-2023	50d	amazonecho	LopsidedJay	1
03-May-2023	50d	amazonecho	BlueberryAnnual8100	1
03-May-2023	50d	amazonecho	the_buckman_bandit	1
03-May-2023	50d	amazonecho	UnpreparedPenguin	1
03-May-2023	50d	amazonecho	Jspeed35	1
03-May-2023	50d	amazonecho	DietCokeMachine	1
03-May-2023	50d	amazonecho	Equivalent_Ad_8413	1
03-May-2023	50d	amazonecho	Intrepid_Price3903	1
03-May-2023	50d	amazonecho	romulusnr	1
03-May-2023	50d	amazonecho	GhostyJH	1
03-May-2023	50d	amazonecho	hisaucebye123	1
03-May-2023	50d	amazonecho	Nil_Einne	1
03-May-2023	50d	amazonecho	Dest123	1
03-May-2023	50d	amazonecho	2ndstar2lft	1
03-May-2023	50d	amazonecho	lmitchell6	1
03-May-2023	50d	amazonecho	LZulb	1
03-May-2023	50d	amazonecho	rcook55	1
03-May-2023	50d	amazonecho	skatardrummer	1
03-May-2023	50d	amazonecho	revolutionaryartist4	1
03-May-2023	50d	amazonecho	Zhoul	1
03-May-2023	50d	amazonecho	Grimholtt	1
03-May-2023	50d	amazonecho	Llee00	1
03-May-2023	50d	amazonecho	Rickycana	1
03-May-2023	50d	amazonecho	Ratman056	1
03-May-2023	50d	amazonecho	koolingboy	1
03-May-2023	50d	amazonecho	DSavoie6	1
03-May-2023	50d	amazonecho	GravityTortoise	1
03-May-2023	50d	amazonecho	waldodetroit	1
03-May-2023	50d	amazonecho	DrunkenGolfer	1
03-May-2023	50d	amazonecho	balognavolt	1
03-May-2023	50d	amazonecho	pd555	1
03-May-2023	50d	amazonecho	Clair2345	1
03-May-2023	50d	amazonecho	MechanicalWhispers	1
03-May-2023	50d	amazonecho	Bagel42	1
03-May-2023	50d	amazonecho	funnyfaceking	1
03-May-2023	50d	amazonecho	broccoliisgood	1
03-May-2023	50d	amazonecho	goco2	1
03-May-2023	50d	amazonecho	OhioTry	1
03-May-2023	50d	amazonecho	MagazineAutomatic	1
03-May-2023	50d	amazonecho	Rcparier	1
03-May-2023	50d	amazonecho	Calm_Consideration41	1
03-May-2023	50d	amazonecho	FakespotAnalysisBot	1
03-May-2023	50d	amazonecho	CurvePuzzleheaded361	1
03-May-2023	50d	amazonecho	nofun-ebeeznest	1
03-May-2023	50d	amazonecho	the_donald_punk	1
03-May-2023	50d	amazonecho	AndyPryceManUtd	1
03-May-2023	50d	amazonecho	mehrdad96	1
03-May-2023	50d	amazonecho	Mysterious-Luck7335	1
03-May-2023	50d	amazonecho	imoftendisgruntled	1
03-May-2023	50d	amazonecho	UrbanRedFox	1
03-May-2023	50d	amazonecho	SammaATL	1
03-May-2023	50d	amazonecho	sulnibs	1
03-May-2023	50d	amazonecho	ferrundibus	1
03-May-2023	50d	amazonecho	Conundrum1911	1
03-May-2023	50d	amazonecho	1Sambo	1
03-May-2023	50d	amazonecho	lmacky	1
03-May-2023	50d	amazonecho	my_name31	1
03-May-2023	50d	amazonecho	13anathematicwolves	1
03-May-2023	50d	amazonecho	Area_Obvious	1
03-May-2023	50d	amazonecho	thatdiveguy	1
03-May-2023	50d	amazonecho	nceyg	1
03-May-2023	50d	amazonecho	GrandMarquisMark	1
03-May-2023	50d	amazonecho	Phantomroams2	1
03-May-2023	50d	amazonecho	SithLard	1
03-May-2023	50d	amazonecho	jaegan438	1
03-May-2023	50d	amazonecho	SSBoe	1
03-May-2023	50d	amazonecho	creativejo	1
03-May-2023	50d	amazonecho	workin_da_bone	1
03-May-2023	50d	amazonecho	literally_lite_rally	1
03-May-2023	50d	amazonecho	bettyx1138	1
03-May-2023	50d	amazonecho	DrElusis	1
03-May-2023	50d	amazonecho	ArgonTheEvil	1
03-May-2023	50d	amazonecho	Prownilo	1
03-May-2023	50d	amazonecho	puso82	1
03-May-2023	50d	amazonecho	dudesekp	1
03-May-2023	50d	amazonecho	aspyhackr	1
03-May-2023	50d	amazonecho	rosacabal	1
03-May-2023	50d	amazonecho	mgsk	1
03-May-2023	50d	amazonecho	Kahne_Fan	1
03-May-2023	50d	amazonecho	Torontobeachboy	1
03-May-2023	50d	amazonecho	Top_Distribution_189	1
03-May-2023	50d	amazonecho	ebsebs	1
03-May-2023	50d	amazonecho	Dingletron1	1
03-May-2023	50d	amazonecho	n8mahr81	1
03-May-2023	50d	amazonecho	ReallyNotMichaelsMom	1
03-May-2023	50d	amazonecho	Fiyero109	1
03-May-2023	50d	amazonecho	IvenaDarcy	1
03-May-2023	50d	amazonecho	OnimushaNioh	1
03-May-2023	50d	amazonecho	Imoldok	1
03-May-2023	50d	amazonecho	nepenth_e	1
03-May-2023	50d	amazonecho	ssumma	1
03-May-2023	50d	amazonecho	ThwompThwomp	1
03-May-2023	50d	amazonecho	dank5inatra	1
03-May-2023	50d	amazonecho	maddcovv	1
03-May-2023	50d	amazonecho	glazedhamster	1
03-May-2023	50d	amazonecho	BlueIdoru	1
03-May-2023	50d	amazonecho	lou_zephyr666	1
03-May-2023	50d	amazonecho	Bigezbear	1
03-May-2023	50d	amazonecho	JCNunny	1
03-May-2023	50d	amazonecho	20pictures	1
03-May-2023	50d	amazonecho	carlmao	1
03-May-2023	50d	amazonecho	Lemonwalker-420	1
03-May-2023	50d	amazonecho	mischievousmeow	1
03-May-2023	50d	amazonecho	Shacky4	1
03-May-2023	50d	amazonecho	mrhoopers	1
03-May-2023	50d	amazonecho	shinypenny01	1
03-May-2023	50d	amazonecho	jrobelen	1
03-May-2023	50d	amazonecho	yanksno1	1
03-May-2023	50d	amazonecho	Erelgi	1
03-May-2023	50d	amazonecho	kyrusdemnati	1
03-May-2023	50d	amazonecho	Foobar789	1
03-May-2023	50d	amazonecho	MetalRickyy	1
03-May-2023	50d	amazonecho	Meetchel	1
03-May-2023	50d	amazonecho	punnita1613	1
03-May-2023	50d	amazonecho	Crowguys	1
03-May-2023	50d	amazonecho	QPublicJ	1
03-May-2023	50d	amazonecho	SnooMemesjellies7285	1
03-May-2023	50d	amazonecho	MrTomLegit	1
03-May-2023	50d	amazonecho	Lumpymaximus	1
03-May-2023	50d	amazonecho	kuj0317	1
03-May-2023	50d	amazonecho	angrytapes	1
03-May-2023	50d	amazonecho	miniaturepineapple	1
03-May-2023	50d	amazonecho	orfox32	1
03-May-2023	50d	amazonecho	AnonymousCumBasket	1
03-May-2023	50d	amazonecho	slawnz	1
03-May-2023	50d	amazonecho	gurutoluther	1
03-May-2023	50d	amazonecho	recolations	1
03-May-2023	50d	amazonecho	macthom	1
03-May-2023	50d	amazonecho	donkthemagicllama	1
03-May-2023	50d	amazonecho	LokiSukaido	1
03-May-2023	50d	amazonecho	xtreme777	1
03-May-2023	50d	amazonecho	sirbearus	1
03-May-2023	50d	amazonecho	Dude10120	1
03-May-2023	50d	amazonecho	johnnyb721	1
03-May-2023	50d	amazonecho	Narrativium_	1
03-May-2023	50d	amazonecho	No-Drummer-7849	1
03-May-2023	50d	amazonecho	claancy512	1
03-May-2023	50d	amazonecho	HelloIAmAStoner	1
03-May-2023	50d	amazonecho	tdoof	1
03-May-2023	50d	amazonecho	horningjb09	1
03-May-2023	50d	amazonecho	dwfmba	1
03-May-2023	50d	amazonecho	Rondooooo	1
03-May-2023	50d	amazonecho	kash_if	1
03-May-2023	50d	amazonecho	KungFuHamster	1
03-May-2023	50d	amazonecho	Mariuccia718	1
03-May-2023	50d	amazonecho	FormerGameDev	1
03-May-2023	50d	amazonecho	Lying_Hedgehog	1
03-May-2023	50d	amazonecho	TulsaTimmy	1
03-May-2023	50d	amazonecho	tyhfxe	1
03-May-2023	50d	amazonecho	Watashifr	1
03-May-2023	50d	amazonecho	cvidal90	1
03-May-2023	50d	amazonecho	abusivecat	1
03-May-2023	50d	amazonecho	wodeface	1
03-May-2023	50d	amazonecho	bastian74	1
03-May-2023	50d	amazonecho	opmau	1
03-May-2023	50d	amazonecho	WhoWho22222	1
03-May-2023	50d	amazonecho	Charlies_Mamma	1
03-May-2023	50d	amazonecho	LiquidityHigh	1
03-May-2023	50d	amazonecho	crashin-kc	1
03-May-2023	50d	amazonecho	sandwichnerd	1
03-May-2023	50d	amazonecho	IfMcCartneyDidMMA	1
03-May-2023	50d	amazonecho	pabloiad	1
03-May-2023	50d	amazonecho	GUNNER_BASS	1
03-May-2023	50d	amazonecho	SpacePirate2k18	1
03-May-2023	50d	amazonecho	Itsrichyyy	1
03-May-2023	50d	amazonecho	Imperceptions	1
03-May-2023	50d	amazonecho	mortimer1807	1
03-May-2023	50d	amazonecho	PandaWeird8666	1
03-May-2023	50d	amazonecho	Sad_Chain4628	1
03-May-2023	50d	amazonecho	bodhipooh	1
03-May-2023	50d	amazonecho	rmalbers	1
03-May-2023	50d	amazonecho	BadWhippet	1
03-May-2023	50d	amazonecho	Makelovenotwar-1234	1
03-May-2023	50d	amazonecho	excoriator	1
03-May-2023	50d	amazonecho	realheavymetalduck	1
03-May-2023	50d	amazonecho	SatisfactionHot2073	1
03-May-2023	50d	amazonecho	jeweliegb	1
03-May-2023	50d	amazonecho	Mortimer452	1
03-May-2023	50d	amazonecho	BluebirdInfamous2547	1
03-May-2023	50d	amazonecho	Rosemoorstreet	1
03-May-2023	50d	amazonecho	bent_my_wookie	1
03-May-2023	50d	amazonecho	PupChase	1
03-May-2023	50d	amazonecho	Euphoric-Hair2048	1
03-May-2023	50d	amazonecho	Nytfire333	1
03-May-2023	50d	amazonecho	MyLastNewAccount_	1
03-May-2023	50d	amazonecho	ProgressBartender	1
03-May-2023	50d	amazonecho	gheelen	1
03-May-2023	50d	amazonecho	nogooduser	1
03-May-2023	50d	amazonecho	jones_ro	1
03-May-2023	50d	amazonecho	hollytamale1	1
03-May-2023	50d	amazonecho	fraylo	1
03-May-2023	50d	amazonecho	Monkfich	1
03-May-2023	50d	amazonecho	Smart-Time6212	1
03-May-2023	50d	amazonecho	ccgmtl	1
03-May-2023	50d	amazonecho	jrocket121	1
03-May-2023	50d	amazonecho	douger1957	1
03-May-2023	50d	amazonecho	MRobi83	1
03-May-2023	50d	amazonecho	Regret-Superb	1
03-May-2023	50d	amazonecho	MattEffinCameron	1
03-May-2023	50d	amazonecho	TheGlista	1
03-May-2023	50d	amazonecho	Zac1831	1
03-May-2023	50d	amazonecho	le_mole	1
03-May-2023	50d	amazonecho	Moneygrowsontrees	1
03-May-2023	50d	amazonecho	Penguin640	1
