query_date	before_date	subreddit	comment_author	comment_frequency
03-May-2023	70d	amazonecho	Dansk72	62
03-May-2023	70d	amazonecho	gangsteroflove1	42
03-May-2023	70d	amazonecho	jlbob	25
03-May-2023	70d	amazonecho	Wayne8766	24
03-May-2023	70d	amazonecho	Famous-Perspective-3	23
03-May-2023	70d	amazonecho	RSKadish	20
03-May-2023	70d	amazonecho	brantome24	19
03-May-2023	70d	amazonecho	antisane	15
03-May-2023	70d	amazonecho	dalmarnock	12
03-May-2023	70d	amazonecho	mickAMMO	11
03-May-2023	70d	amazonecho	romulusnr	11
03-May-2023	70d	amazonecho	jphilebiz	10
03-May-2023	70d	amazonecho	RedMapleBat	9
03-May-2023	70d	amazonecho	PokemonandLSD	9
03-May-2023	70d	amazonecho	Far-Independent704	8
03-May-2023	70d	amazonecho	Scooter310	7
03-May-2023	70d	amazonecho	86ed	7
03-May-2023	70d	amazonecho	decker12	6
03-May-2023	70d	amazonecho	[deleted]	6
03-May-2023	70d	amazonecho	WhoWho22222	6
03-May-2023	70d	amazonecho	deadpool809	6
03-May-2023	70d	amazonecho	FoferJ	6
03-May-2023	70d	amazonecho	GurtGimcrack	6
03-May-2023	70d	amazonecho	rcroche01	5
03-May-2023	70d	amazonecho	GronlandicReddit	5
03-May-2023	70d	amazonecho	Dez2011	5
03-May-2023	70d	amazonecho	ReadsHereAllot	5
03-May-2023	70d	amazonecho	ahecht	5
03-May-2023	70d	amazonecho	memebuster	5
03-May-2023	70d	amazonecho	s18heythere	5
03-May-2023	70d	amazonecho	InDaRed	5
03-May-2023	70d	amazonecho	Effective-Couple-169	4
03-May-2023	70d	amazonecho	r_ni_	4
03-May-2023	70d	amazonecho	Ok_Entrepreneur3040	4
03-May-2023	70d	amazonecho	dryh2o	4
03-May-2023	70d	amazonecho	grue2000	4
03-May-2023	70d	amazonecho	Separate-Effective77	4
03-May-2023	70d	amazonecho	breagerey	4
03-May-2023	70d	amazonecho	muusicman	4
03-May-2023	70d	amazonecho	apbt-dad	4
03-May-2023	70d	amazonecho	davidr17	4
03-May-2023	70d	amazonecho	DrunkenGolfer	4
03-May-2023	70d	amazonecho	ActualMis	4
03-May-2023	70d	amazonecho	unc0nnected	4
03-May-2023	70d	amazonecho	RMT-Guy	4
03-May-2023	70d	amazonecho	smjohnston1	4
03-May-2023	70d	amazonecho	DolphinRapeCave	4
03-May-2023	70d	amazonecho	Outlulz	4
03-May-2023	70d	amazonecho	Specialist-Smoke	4
03-May-2023	70d	amazonecho	everarddominey	4
03-May-2023	70d	amazonecho	skatieholmes	3
03-May-2023	70d	amazonecho	ssumma	3
03-May-2023	70d	amazonecho	Monkfich	3
03-May-2023	70d	amazonecho	jeweliegb	3
03-May-2023	70d	amazonecho	Nexfero	3
03-May-2023	70d	amazonecho	TheSwampPenguin	3
03-May-2023	70d	amazonecho	TheVoski	3
03-May-2023	70d	amazonecho	ChrisB5__	3
03-May-2023	70d	amazonecho	Most_Quality_1987	3
03-May-2023	70d	amazonecho	Charlies_Mamma	3
03-May-2023	70d	amazonecho	MadameMontreal	3
03-May-2023	70d	amazonecho	dhrandy	3
03-May-2023	70d	amazonecho	JohnnyVierund80	3
03-May-2023	70d	amazonecho	Mekisteus	3
03-May-2023	70d	amazonecho	CC-Bel	3
03-May-2023	70d	amazonecho	fascfoo	3
03-May-2023	70d	amazonecho	Barberian-99	3
03-May-2023	70d	amazonecho	KingZakyu	3
03-May-2023	70d	amazonecho	created4this	3
03-May-2023	70d	amazonecho	TankTopTuesday	3
03-May-2023	70d	amazonecho	Flamboyant1220	3
03-May-2023	70d	amazonecho	LeedsWatches	3
03-May-2023	70d	amazonecho	rockmasterflex	3
03-May-2023	70d	amazonecho	CasperTFG_808	3
03-May-2023	70d	amazonecho	SerialRumors	2
03-May-2023	70d	amazonecho	BoxGolem	2
03-May-2023	70d	amazonecho	WhatWouldTNGPicardDo	2
03-May-2023	70d	amazonecho	Z_Clipped	2
03-May-2023	70d	amazonecho	KaleidoscopeLeft5511	2
03-May-2023	70d	amazonecho	skittles_for_brains	2
03-May-2023	70d	amazonecho	mTsp4ce	2
03-May-2023	70d	amazonecho	F0gg13	2
03-May-2023	70d	amazonecho	abcole_01	2
03-May-2023	70d	amazonecho	EL-Diabolico	2
03-May-2023	70d	amazonecho	fancypantshorse	2
03-May-2023	70d	amazonecho	crujones33	2
03-May-2023	70d	amazonecho	mikeinmass	2
03-May-2023	70d	amazonecho	fskhalsa	2
03-May-2023	70d	amazonecho	tuliusy2k	2
03-May-2023	70d	amazonecho	Buelldozer	2
03-May-2023	70d	amazonecho	StephenCWLL	2
03-May-2023	70d	amazonecho	Novajesus	2
03-May-2023	70d	amazonecho	rebelx	2
03-May-2023	70d	amazonecho	ChipBeef2354	2
03-May-2023	70d	amazonecho	Average_Dutchman	2
03-May-2023	70d	amazonecho	hellmichmi	2
03-May-2023	70d	amazonecho	prix03gt	2
03-May-2023	70d	amazonecho	iamComfortablyDone	2
03-May-2023	70d	amazonecho	prettyconvincing	2
03-May-2023	70d	amazonecho	mareksoon	2
03-May-2023	70d	amazonecho	777marc	2
03-May-2023	70d	amazonecho	CNickyD	2
03-May-2023	70d	amazonecho	SnowWhiteWave	2
03-May-2023	70d	amazonecho	westend522	2
03-May-2023	70d	amazonecho	woody-99	2
03-May-2023	70d	amazonecho	jacksonone2	2
03-May-2023	70d	amazonecho	paullbart	2
03-May-2023	70d	amazonecho	aldehyde	2
03-May-2023	70d	amazonecho	PhortKnight	2
03-May-2023	70d	amazonecho	Bagel42	2
03-May-2023	70d	amazonecho	Regret-Superb	2
03-May-2023	70d	amazonecho	Additional-Wall194	2
03-May-2023	70d	amazonecho	Culpourrix	2
03-May-2023	70d	amazonecho	the_donald_punk	2
03-May-2023	70d	amazonecho	metichemsi	2
03-May-2023	70d	amazonecho	Torrence73	2
03-May-2023	70d	amazonecho	jarvisgang	2
03-May-2023	70d	amazonecho	Chrontius	2
03-May-2023	70d	amazonecho	andraes	2
03-May-2023	70d	amazonecho	Nytfire333	2
03-May-2023	70d	amazonecho	CuntBunting69	2
03-May-2023	70d	amazonecho	pc_light	2
03-May-2023	70d	amazonecho	Skolanthropy	2
03-May-2023	70d	amazonecho	Armand28	2
03-May-2023	70d	amazonecho	Stooovie	2
03-May-2023	70d	amazonecho	timeactor	2
03-May-2023	70d	amazonecho	DamnTheseGlasses	2
03-May-2023	70d	amazonecho	Smart-Raccoon-6887	2
03-May-2023	70d	amazonecho	TazExprez	2
03-May-2023	70d	amazonecho	ErinPaperbackstash	2
03-May-2023	70d	amazonecho	okletstrythisagain	2
03-May-2023	70d	amazonecho	imoftendisgruntled	2
03-May-2023	70d	amazonecho	ToonTitans	2
03-May-2023	70d	amazonecho	NoelAngeline	2
03-May-2023	70d	amazonecho	JackP_17	2
03-May-2023	70d	amazonecho	sujovian	2
03-May-2023	70d	amazonecho	sandwichnerd	2
03-May-2023	70d	amazonecho	KaKi_87	2
03-May-2023	70d	amazonecho	airmandan	2
03-May-2023	70d	amazonecho	Bungie	2
03-May-2023	70d	amazonecho	deathboyuk	2
03-May-2023	70d	amazonecho	Cute-Customer-3982	2
03-May-2023	70d	amazonecho	downroar	2
03-May-2023	70d	amazonecho	GIDAMIEN	2
03-May-2023	70d	amazonecho	PredaPops	2
03-May-2023	70d	amazonecho	Drakknfyre	2
03-May-2023	70d	amazonecho	Aleyla	2
03-May-2023	70d	amazonecho	werdmouf	2
03-May-2023	70d	amazonecho	caggodn	2
03-May-2023	70d	amazonecho	DreadGrrl	2
03-May-2023	70d	amazonecho	Drew_In_Georgia	2
03-May-2023	70d	amazonecho	Velvet_Stegasaurus	2
03-May-2023	70d	amazonecho	No-Establishment2240	2
03-May-2023	70d	amazonecho	jacle2210	1
03-May-2023	70d	amazonecho	Ok_Bodybuilder5364	1
03-May-2023	70d	amazonecho	emilyntyler	1
03-May-2023	70d	amazonecho	dirkadirka_d	1
03-May-2023	70d	amazonecho	McSoCal	1
03-May-2023	70d	amazonecho	sulaco83	1
03-May-2023	70d	amazonecho	Hot-Nothing-5529	1
03-May-2023	70d	amazonecho	DinoHawaii2021	1
03-May-2023	70d	amazonecho	mmoroni	1
03-May-2023	70d	amazonecho	SarahCatChicago	1
03-May-2023	70d	amazonecho	LatterMission9855	1
03-May-2023	70d	amazonecho	forsaken_theos	1
03-May-2023	70d	amazonecho	_Iced-Earth_	1
03-May-2023	70d	amazonecho	iuma1r	1
03-May-2023	70d	amazonecho	plesmakemefeelloved	1
03-May-2023	70d	amazonecho	OrginalPeach	1
03-May-2023	70d	amazonecho	DiamondplateDave	1
03-May-2023	70d	amazonecho	a4dableone	1
03-May-2023	70d	amazonecho	NYCQuilts	1
03-May-2023	70d	amazonecho	prometheus59650	1
03-May-2023	70d	amazonecho	SectorAltruistic6989	1
03-May-2023	70d	amazonecho	zolakk	1
03-May-2023	70d	amazonecho	Watashifr	1
03-May-2023	70d	amazonecho	helm71	1
03-May-2023	70d	amazonecho	General_Chest2284	1
03-May-2023	70d	amazonecho	wastelander	1
03-May-2023	70d	amazonecho	Rody2003	1
03-May-2023	70d	amazonecho	SeaCrow64	1
03-May-2023	70d	amazonecho	stannc00	1
03-May-2023	70d	amazonecho	JakeUp1792	1
03-May-2023	70d	amazonecho	gitarzan	1
03-May-2023	70d	amazonecho	BDThrills	1
03-May-2023	70d	amazonecho	the_doughboy	1
03-May-2023	70d	amazonecho	Dheideri	1
03-May-2023	70d	amazonecho	turnupthebassto11	1
03-May-2023	70d	amazonecho	aliomenti	1
03-May-2023	70d	amazonecho	June_2022	1
03-May-2023	70d	amazonecho	BlazinKen	1
03-May-2023	70d	amazonecho	singing-toaster	1
03-May-2023	70d	amazonecho	MassiveBeatdown	1
03-May-2023	70d	amazonecho	nofun-ebeeznest	1
03-May-2023	70d	amazonecho	ForksandSpoonsinNY	1
03-May-2023	70d	amazonecho	Competitive_Scene527	1
03-May-2023	70d	amazonecho	Killfile	1
03-May-2023	70d	amazonecho	ReLoGal	1
03-May-2023	70d	amazonecho	ZaftigFeline	1
03-May-2023	70d	amazonecho	ToriCharles1	1
03-May-2023	70d	amazonecho	tarzan_nojane	1
03-May-2023	70d	amazonecho	ChiefBroady	1
03-May-2023	70d	amazonecho	SittingByTheFirePit	1
03-May-2023	70d	amazonecho	DenebianSlimeMolds	1
03-May-2023	70d	amazonecho	Fun_Performance_6226	1
03-May-2023	70d	amazonecho	Total_Run_4243	1
03-May-2023	70d	amazonecho	parliboy	1
03-May-2023	70d	amazonecho	Kenderean	1
03-May-2023	70d	amazonecho	themcp	1
03-May-2023	70d	amazonecho	Scrawling-Chaos	1
03-May-2023	70d	amazonecho	TreesAreOverrated5	1
03-May-2023	70d	amazonecho	Kindly-Coyote-9446	1
03-May-2023	70d	amazonecho	StelthReddit	1
03-May-2023	70d	amazonecho	TARDISenjoyer97	1
03-May-2023	70d	amazonecho	androidusr	1
03-May-2023	70d	amazonecho	msscahlett	1
03-May-2023	70d	amazonecho	channelactive	1
03-May-2023	70d	amazonecho	webcmg	1
03-May-2023	70d	amazonecho	Zouden	1
03-May-2023	70d	amazonecho	Warm-Designer	1
03-May-2023	70d	amazonecho	unlokia	1
03-May-2023	70d	amazonecho	pi2madhatter	1
03-May-2023	70d	amazonecho	Cliffoakley	1
03-May-2023	70d	amazonecho	Jimmy_the_Heater	1
03-May-2023	70d	amazonecho	excoriator	1
03-May-2023	70d	amazonecho	Doctorfunkshock	1
03-May-2023	70d	amazonecho	Spybreak272	1
03-May-2023	70d	amazonecho	jstewart333	1
03-May-2023	70d	amazonecho	cantsl	1
03-May-2023	70d	amazonecho	Skidpalace	1
03-May-2023	70d	amazonecho	winelight	1
03-May-2023	70d	amazonecho	nascentt	1
03-May-2023	70d	amazonecho	Prownilo	1
03-May-2023	70d	amazonecho	GlumNature	1
03-May-2023	70d	amazonecho	coolkiffings	1
03-May-2023	70d	amazonecho	ShoCkEpic	1
03-May-2023	70d	amazonecho	kenkiller	1
03-May-2023	70d	amazonecho	mystoragestuff	1
03-May-2023	70d	amazonecho	spikecurt	1
03-May-2023	70d	amazonecho	AutomaticWrongdoer57	1
03-May-2023	70d	amazonecho	Jddrumman	1
03-May-2023	70d	amazonecho	Tigerboi79	1
03-May-2023	70d	amazonecho	Labyrinth52	1
03-May-2023	70d	amazonecho	Desperate_Track9886	1
03-May-2023	70d	amazonecho	PockyBum522	1
03-May-2023	70d	amazonecho	No-Reserve2026	1
03-May-2023	70d	amazonecho	Traditional_Door5610	1
03-May-2023	70d	amazonecho	len0272	1
03-May-2023	70d	amazonecho	jjjrrr88	1
03-May-2023	70d	amazonecho	onebyside	1
03-May-2023	70d	amazonecho	jmarston47	1
03-May-2023	70d	amazonecho	Risley	1
03-May-2023	70d	amazonecho	essentially_no	1
03-May-2023	70d	amazonecho	Nyghtshayde	1
03-May-2023	70d	amazonecho	LovesFLSun	1
03-May-2023	70d	amazonecho	Exfiltrator	1
03-May-2023	70d	amazonecho	KikadassInDisguise	1
03-May-2023	70d	amazonecho	Whornz4	1
03-May-2023	70d	amazonecho	growndhog	1
03-May-2023	70d	amazonecho	i-am-the-hulk	1
03-May-2023	70d	amazonecho	mobluey	1
03-May-2023	70d	amazonecho	DippyNips	1
03-May-2023	70d	amazonecho	Wulfdawg1909	1
03-May-2023	70d	amazonecho	Reggie_Barclay	1
03-May-2023	70d	amazonecho	BlueIdoru	1
03-May-2023	70d	amazonecho	Smart-Time6212	1
03-May-2023	70d	amazonecho	MoebiusStreet	1
03-May-2023	70d	amazonecho	PINOCOLODA	1
03-May-2023	70d	amazonecho	LLcoolJimbo	1
03-May-2023	70d	amazonecho	Human_Yam1500	1
03-May-2023	70d	amazonecho	raabbit1	1
03-May-2023	70d	amazonecho	tim0767	1
03-May-2023	70d	amazonecho	KungFuHamster	1
03-May-2023	70d	amazonecho	HappyDaysinHell	1
03-May-2023	70d	amazonecho	itwentanotherway	1
03-May-2023	70d	amazonecho	94bronco	1
03-May-2023	70d	amazonecho	BradCOnReddit	1
03-May-2023	70d	amazonecho	AdrianW3	1
03-May-2023	70d	amazonecho	unneekway	1
03-May-2023	70d	amazonecho	spiketitan	1
03-May-2023	70d	amazonecho	Bootyclapthunder	1
03-May-2023	70d	amazonecho	bluequick	1
03-May-2023	70d	amazonecho	ambeckman09	1
03-May-2023	70d	amazonecho	andybee02	1
03-May-2023	70d	amazonecho	Julia-X-	1
03-May-2023	70d	amazonecho	bobjones50	1
03-May-2023	70d	amazonecho	escapethewormhole	1
03-May-2023	70d	amazonecho	pluck-the-bunny	1
03-May-2023	70d	amazonecho	PocketManey	1
03-May-2023	70d	amazonecho	Papatheosis	1
03-May-2023	70d	amazonecho	Rando-namo	1
03-May-2023	70d	amazonecho	robin_-_-sparkles	1
03-May-2023	70d	amazonecho	redbobcatit	1
03-May-2023	70d	amazonecho	VarietyEmotional759	1
03-May-2023	70d	amazonecho	JonathanMurray272	1
03-May-2023	70d	amazonecho	dz2buku	1
03-May-2023	70d	amazonecho	Darkdylan10	1
03-May-2023	70d	amazonecho	flatlarch	1
03-May-2023	70d	amazonecho	phareous	1
03-May-2023	70d	amazonecho	Fromagery	1
03-May-2023	70d	amazonecho	darthkarja	1
03-May-2023	70d	amazonecho	BahaMan69	1
03-May-2023	70d	amazonecho	petedee	1
03-May-2023	70d	amazonecho	Dyna_Hippie	1
03-May-2023	70d	amazonecho	lish1295	1
03-May-2023	70d	amazonecho	Tribalbob	1
03-May-2023	70d	amazonecho	missionbeach	1
03-May-2023	70d	amazonecho	CWagner	1
03-May-2023	70d	amazonecho	the_buckman_bandit	1
03-May-2023	70d	amazonecho	rajrdajr	1
03-May-2023	70d	amazonecho	UberXLBK	1
03-May-2023	70d	amazonecho	bingamin1975	1
03-May-2023	70d	amazonecho	Tartanspartan74	1
03-May-2023	70d	amazonecho	slentara1	1
03-May-2023	70d	amazonecho	NotUniqueAtAIl	1
03-May-2023	70d	amazonecho	Tgrldy7	1
03-May-2023	70d	amazonecho	whathehellchris	1
03-May-2023	70d	amazonecho	itoldusoandso	1
03-May-2023	70d	amazonecho	zombarista	1
03-May-2023	70d	amazonecho	Man_Bear_Beaver	1
03-May-2023	70d	amazonecho	Sweaty_Yam_6377	1
03-May-2023	70d	amazonecho	Kakdeeznutz	1
03-May-2023	70d	amazonecho	Percdye	1
03-May-2023	70d	amazonecho	dogwouldnthunt	1
03-May-2023	70d	amazonecho	Outrageous_Rip_164	1
03-May-2023	70d	amazonecho	Which_Plenty_2236	1
03-May-2023	70d	amazonecho	alteridiom	1
03-May-2023	70d	amazonecho	810PRODUCTIONS	1
03-May-2023	70d	amazonecho	meandthemissus	1
03-May-2023	70d	amazonecho	dntcareboutdownvotes	1
03-May-2023	70d	amazonecho	flargenhargen	1
03-May-2023	70d	amazonecho	Ok-Low-7310	1
03-May-2023	70d	amazonecho	The-One-Man-Riot	1
03-May-2023	70d	amazonecho	Charleslorenz0	1
03-May-2023	70d	amazonecho	insanewords	1
03-May-2023	70d	amazonecho	emmi17_17	1
03-May-2023	70d	amazonecho	Markaes4	1
03-May-2023	70d	amazonecho	incubeezer	1
03-May-2023	70d	amazonecho	Waynosan	1
03-May-2023	70d	amazonecho	GoBigRed07	1
03-May-2023	70d	amazonecho	Baeswyn	1
03-May-2023	70d	amazonecho	NotEd3k	1
03-May-2023	70d	amazonecho	antifud	1
03-May-2023	70d	amazonecho	juancuneo	1
03-May-2023	70d	amazonecho	hale444	1
03-May-2023	70d	amazonecho	BuddhaRockstar	1
03-May-2023	70d	amazonecho	malki666	1
03-May-2023	70d	amazonecho	BenEsuitcase	1
03-May-2023	70d	amazonecho	Artk13	1
03-May-2023	70d	amazonecho	draxula16	1
03-May-2023	70d	amazonecho	nowt_means_owt	1
03-May-2023	70d	amazonecho	imfm	1
03-May-2023	70d	amazonecho	CannonPinion	1
03-May-2023	70d	amazonecho	kuehnchen7962	1
03-May-2023	70d	amazonecho	AcceptableCorpse	1
03-May-2023	70d	amazonecho	MildredMay	1
03-May-2023	70d	amazonecho	7-11-inside-job	1
03-May-2023	70d	amazonecho	NoDevelopment1136	1
03-May-2023	70d	amazonecho	rainbowWar	1
03-May-2023	70d	amazonecho	alexburnsredd	1
03-May-2023	70d	amazonecho	Ezeta	1
03-May-2023	70d	amazonecho	KingKyroh	1
03-May-2023	70d	amazonecho	antney0615	1
03-May-2023	70d	amazonecho	a_zone_of_danger	1
03-May-2023	70d	amazonecho	ML1948	1
03-May-2023	70d	amazonecho	Nick_W1	1
03-May-2023	70d	amazonecho	incognito-xyz	1
03-May-2023	70d	amazonecho	GeneralRane	1
03-May-2023	70d	amazonecho	cheshyrp	1
03-May-2023	70d	amazonecho	Embarrassed-Comb6776	1
03-May-2023	70d	amazonecho	D0wnTheRabbitH0Ie	1
03-May-2023	70d	amazonecho	iggygrey	1
03-May-2023	70d	amazonecho	hammond_egger	1
03-May-2023	70d	amazonecho	firestorm_v1	1
03-May-2023	70d	amazonecho	Goodspike	1
03-May-2023	70d	amazonecho	thelonegunmen84	1
03-May-2023	70d	amazonecho	Dense-Region-9407	1
03-May-2023	70d	amazonecho	Mediocre_Ant_1638	1
03-May-2023	70d	amazonecho	SpeedyBubble42	1
03-May-2023	70d	amazonecho	Schizophreud	1
03-May-2023	70d	amazonecho	Scrufboy	1
03-May-2023	70d	amazonecho	nikdahl	1
03-May-2023	70d	amazonecho	samtheeagle	1
03-May-2023	70d	amazonecho	VerticalGeophysicist	1
03-May-2023	70d	amazonecho	Super_Habit2625	1
03-May-2023	70d	amazonecho	AbleBaker1962	1
03-May-2023	70d	amazonecho	WailingSouls	1
03-May-2023	70d	amazonecho	masodesign	1
03-May-2023	70d	amazonecho	mehrdad96	1
03-May-2023	70d	amazonecho	vanillabear24399	1
03-May-2023	70d	amazonecho	Dunngawn	1
03-May-2023	70d	amazonecho	Odd-Resource6093	1
03-May-2023	70d	amazonecho	OriginalPiR8	1
03-May-2023	70d	amazonecho	PhdBlonde	1
03-May-2023	70d	amazonecho	Fenrrito	1
03-May-2023	70d	amazonecho	imar0ckstar	1
03-May-2023	70d	amazonecho	rkilbrai	1
03-May-2023	70d	amazonecho	Les_Deplorables	1
03-May-2023	70d	amazonecho	cobaltfault	1
03-May-2023	70d	amazonecho	DoubleA386	1
03-May-2023	70d	amazonecho	UnluckyForSome	1
03-May-2023	70d	amazonecho	wallacegal	1
03-May-2023	70d	amazonecho	Hot_Cryptographer797	1
03-May-2023	70d	amazonecho	Szalkow	1
03-May-2023	70d	amazonecho	Stunt_Panda	1
03-May-2023	70d	amazonecho	Sk33ter	1
03-May-2023	70d	amazonecho	Phoen1cian	1
03-May-2023	70d	amazonecho	Breaking-Dad-	1
03-May-2023	70d	amazonecho	xhaustedems	1
03-May-2023	70d	amazonecho	ekimnella	1
03-May-2023	70d	amazonecho	mikemotorbikeca	1
03-May-2023	70d	amazonecho	nigesoft	1
03-May-2023	70d	amazonecho	crazywithfour	1
03-May-2023	70d	amazonecho	fuzzrabbit	1
03-May-2023	70d	amazonecho	SureshRamamoorthy	1
03-May-2023	70d	amazonecho	Free_Refrigerator371	1
03-May-2023	70d	amazonecho	SiliconDiver	1
03-May-2023	70d	amazonecho	condensationxpert	1
03-May-2023	70d	amazonecho	drgncabe	1
03-May-2023	70d	amazonecho	honestFeedback	1
03-May-2023	70d	amazonecho	TheNorthernMunky	1
03-May-2023	70d	amazonecho	sarhoshamiral	1
03-May-2023	70d	amazonecho	ferrundibus	1
03-May-2023	70d	amazonecho	WEugeneSmith	1
03-May-2023	70d	amazonecho	1224rockton	1
03-May-2023	70d	amazonecho	thisisnotjulia	1
03-May-2023	70d	amazonecho	rockytfs1	1
03-May-2023	70d	amazonecho	Fingercult	1
03-May-2023	70d	amazonecho	aclays	1
03-May-2023	70d	amazonecho	pumpkinfarts123321	1
03-May-2023	70d	amazonecho	gpb500	1
03-May-2023	70d	amazonecho	koman90	1
03-May-2023	70d	amazonecho	plastigoop	1
03-May-2023	70d	amazonecho	Lilywace	1
03-May-2023	70d	amazonecho	EvanMcD3	1
03-May-2023	70d	amazonecho	bartturner	1
03-May-2023	70d	amazonecho	gocard	1
03-May-2023	70d	amazonecho	Its_apparent	1
03-May-2023	70d	amazonecho	CurvePuzzleheaded361	1
03-May-2023	70d	amazonecho	FlightBunny	1
03-May-2023	70d	amazonecho	See_Ya_Suckaz	1
03-May-2023	70d	amazonecho	AFMFTW	1
03-May-2023	70d	amazonecho	Opening_Situation_47	1
03-May-2023	70d	amazonecho	keffordt	1
03-May-2023	70d	amazonecho	theyellowtiredone	1
03-May-2023	70d	amazonecho	TrustLeft	1
03-May-2023	70d	amazonecho	Enschede2	1
03-May-2023	70d	amazonecho	Different_Suspect758	1
03-May-2023	70d	amazonecho	MaryS8921	1
03-May-2023	70d	amazonecho	uponapyre	1
03-May-2023	70d	amazonecho	AndyPryceManUtd	1
03-May-2023	70d	amazonecho	cryptochigga	1
03-May-2023	70d	amazonecho	Aegir2122	1
03-May-2023	70d	amazonecho	Vlad_the_Homeowner	1
03-May-2023	70d	amazonecho	rosquo2810	1
03-May-2023	70d	amazonecho	Cooballz	1
