query_date,before_date,subreddit,comment_author,comment_frequency
17-Apr-2023,0d,amazonprime,SirSlenderPhoenix,32
17-Apr-2023,0d,amazonprime,Throwingshead,29
17-Apr-2023,0d,amazonprime,tserv95,26
17-Apr-2023,0d,amazonprime,2Adude,26
17-Apr-2023,0d,amazonprime,AutoModerator,20
17-Apr-2023,0d,amazonprime,sibman,19
17-Apr-2023,0d,amazonprime,Mundane_Woodpecker33,17
17-Apr-2023,0d,amazonprime,OneShot_Absolute,16
17-Apr-2023,0d,amazonprime,IndiaEvans,14
17-Apr-2023,0d,amazonprime,Alkohal,13
17-Apr-2023,0d,amazonprime,Fabulous_RedHead84,12
17-Apr-2023,0d,amazonprime,Nickvetitoe,12
17-Apr-2023,0d,amazonprime,NashNobley,11
17-Apr-2023,0d,amazonprime,Famous-Perspective-3,11
17-Apr-2023,0d,amazonprime,neonturbo,11
17-Apr-2023,0d,amazonprime,dnehiba3,10
17-Apr-2023,0d,amazonprime,thesurfer_s,10
17-Apr-2023,0d,amazonprime,RedMapleBat,9
17-Apr-2023,0d,amazonprime,DonCBurr,8
17-Apr-2023,0d,amazonprime,antwonlevee,8
17-Apr-2023,0d,amazonprime,Doghouse6924,7
17-Apr-2023,0d,amazonprime,InsertBluescreenHere,7
17-Apr-2023,0d,amazonprime,SaturnMoloch,7
17-Apr-2023,0d,amazonprime,AW2B,7
17-Apr-2023,0d,amazonprime,unbreco,7
17-Apr-2023,0d,amazonprime,Lauty_6,6
17-Apr-2023,0d,amazonprime,buxzythebeeeeeeee,6
17-Apr-2023,0d,amazonprime,Fun-Yak1271,6
17-Apr-2023,0d,amazonprime,joannew99,6
17-Apr-2023,0d,amazonprime,leftcoast-usa,6
17-Apr-2023,0d,amazonprime,spisHjerner,6
17-Apr-2023,0d,amazonprime,noneintherub,6
17-Apr-2023,0d,amazonprime,FluffyBwear,6
17-Apr-2023,0d,amazonprime,Mea0521,5
17-Apr-2023,0d,amazonprime,mariaehs83,5
17-Apr-2023,0d,amazonprime,RandomChurn,5
17-Apr-2023,0d,amazonprime,BurntOrange101,5
17-Apr-2023,0d,amazonprime,DaPearl3131,5
17-Apr-2023,0d,amazonprime,kgiann,5
17-Apr-2023,0d,amazonprime,HueLight_Enthusiasm,5
17-Apr-2023,0d,amazonprime,Alex_Biega,5
17-Apr-2023,0d,amazonprime,InlineSkateAdventure,5
17-Apr-2023,0d,amazonprime,Zealousideal_Cry_896,5
17-Apr-2023,0d,amazonprime,Alastair_G,5
17-Apr-2023,0d,amazonprime,Laura9624,4
17-Apr-2023,0d,amazonprime,Geadz,4
17-Apr-2023,0d,amazonprime,jerryhou85,4
17-Apr-2023,0d,amazonprime,TeamStark31,4
17-Apr-2023,0d,amazonprime,[deleted],4
17-Apr-2023,0d,amazonprime,stickysamosa,4
17-Apr-2023,0d,amazonprime,Rogue_Expression,4
17-Apr-2023,0d,amazonprime,ChevChance,4
17-Apr-2023,0d,amazonprime,katehenry4133,4
17-Apr-2023,0d,amazonprime,Bill_r_i,4
17-Apr-2023,0d,amazonprime,Aymbition,4
17-Apr-2023,0d,amazonprime,Maximum_Employer5580,4
17-Apr-2023,0d,amazonprime,AmnesiaInnocent,3
17-Apr-2023,0d,amazonprime,Izzaeh,3
17-Apr-2023,0d,amazonprime,Rando631,3
17-Apr-2023,0d,amazonprime,Shakyshane23,3
17-Apr-2023,0d,amazonprime,Pagan_Owl,3
17-Apr-2023,0d,amazonprime,Poulito,3
17-Apr-2023,0d,amazonprime,overdoing_it,3
17-Apr-2023,0d,amazonprime,Black64,3
17-Apr-2023,0d,amazonprime,Just_Low_1294,3
17-Apr-2023,0d,amazonprime,neverfailstodeliver,3
17-Apr-2023,0d,amazonprime,TheGermanMarshal,3
17-Apr-2023,0d,amazonprime,BadWulfGamer,3
17-Apr-2023,0d,amazonprime,orangeg8,3
17-Apr-2023,0d,amazonprime,yeswayvouvray,3
17-Apr-2023,0d,amazonprime,Fabulous-History-111,3
17-Apr-2023,0d,amazonprime,OleRoy2023,3
17-Apr-2023,0d,amazonprime,Confident_Maximum_51,3
17-Apr-2023,0d,amazonprime,PotentialEssay9747,3
17-Apr-2023,0d,amazonprime,LucyMor,3
17-Apr-2023,0d,amazonprime,mkdota,3
17-Apr-2023,0d,amazonprime,drm200,3
17-Apr-2023,0d,amazonprime,Interesting_Chip8065,3
17-Apr-2023,0d,amazonprime,Roz_420,3
17-Apr-2023,0d,amazonprime,HyperExp,3
17-Apr-2023,0d,amazonprime,matsuya,3
17-Apr-2023,0d,amazonprime,mygirltien,3
17-Apr-2023,0d,amazonprime,Wills4291,3
17-Apr-2023,0d,amazonprime,ButIDontKnowWhereTo,3
17-Apr-2023,0d,amazonprime,CptHammer_,3
17-Apr-2023,0d,amazonprime,just-kath,3
17-Apr-2023,0d,amazonprime,Zen-smith,3
17-Apr-2023,0d,amazonprime,frozenthorn,2
17-Apr-2023,0d,amazonprime,Sufficient-Formal292,2
17-Apr-2023,0d,amazonprime,Paddington_Fear,2
17-Apr-2023,0d,amazonprime,Global-Yak6159,2
17-Apr-2023,0d,amazonprime,woodchuckernj,2
17-Apr-2023,0d,amazonprime,i_am_tyler_man,2
17-Apr-2023,0d,amazonprime,iizakill,2
17-Apr-2023,0d,amazonprime,azewonder,2
17-Apr-2023,0d,amazonprime,JLSaun,2
17-Apr-2023,0d,amazonprime,Mthrfckr19,2
17-Apr-2023,0d,amazonprime,kishi5,2
17-Apr-2023,0d,amazonprime,Carcrasher89,2
17-Apr-2023,0d,amazonprime,inakarmacoma,2
17-Apr-2023,0d,amazonprime,Quantum168,2
17-Apr-2023,0d,amazonprime,mike_oxlong88888888,2
17-Apr-2023,0d,amazonprime,ButterflyInfinite746,2
17-Apr-2023,0d,amazonprime,Letterhead882,2
17-Apr-2023,0d,amazonprime,SurveySaysX,2
17-Apr-2023,0d,amazonprime,Tankgirl1999,2
17-Apr-2023,0d,amazonprime,bluezap2020,2
17-Apr-2023,0d,amazonprime,Last_In,2
17-Apr-2023,0d,amazonprime,Worldismine303,2
17-Apr-2023,0d,amazonprime,Run-when-chased,2
17-Apr-2023,0d,amazonprime,NiceGiraffes,2
17-Apr-2023,0d,amazonprime,Sea_Two6214,2
17-Apr-2023,0d,amazonprime,cottercutie,2
17-Apr-2023,0d,amazonprime,FFX-2,2
17-Apr-2023,0d,amazonprime,Blueeee119,2
17-Apr-2023,0d,amazonprime,4566nb,2
17-Apr-2023,0d,amazonprime,Bass27,2
17-Apr-2023,0d,amazonprime,OutinDaBarn,2
17-Apr-2023,0d,amazonprime,Ornery_Mix_2628,2
17-Apr-2023,0d,amazonprime,shitpplsay,2
17-Apr-2023,0d,amazonprime,mamma-chaos2,2
17-Apr-2023,0d,amazonprime,Sharksrmydrug,2
17-Apr-2023,0d,amazonprime,Admirable_Nothing,2
17-Apr-2023,0d,amazonprime,Sighwtfman,2
17-Apr-2023,0d,amazonprime,PapaDoupa,2
17-Apr-2023,0d,amazonprime,Dune_Caladin,2
17-Apr-2023,0d,amazonprime,DoAndroidsDrmOfSheep,2
17-Apr-2023,0d,amazonprime,albussyburgers65,2
17-Apr-2023,0d,amazonprime,Stromberg-Carlson,2
17-Apr-2023,0d,amazonprime,TardyBacardi,2
17-Apr-2023,0d,amazonprime,cherriesandmilk,2
17-Apr-2023,0d,amazonprime,AlmostRandomName,2
17-Apr-2023,0d,amazonprime,Rude_Willingness5088,2
17-Apr-2023,0d,amazonprime,jerlwe,2
17-Apr-2023,0d,amazonprime,Dangerous-Ad3651,2
17-Apr-2023,0d,amazonprime,Professor_squirrelz,2
17-Apr-2023,0d,amazonprime,hello_alikittty,2
17-Apr-2023,0d,amazonprime,onlygoesup2503,2
17-Apr-2023,0d,amazonprime,Ray186,2
17-Apr-2023,0d,amazonprime,amerifolklegend,2
17-Apr-2023,0d,amazonprime,Procrastinating_Kar,2
17-Apr-2023,0d,amazonprime,knuckboy,2
17-Apr-2023,0d,amazonprime,Sernas7,2
17-Apr-2023,0d,amazonprime,Fancy-Half8,2
17-Apr-2023,0d,amazonprime,julesallen,2
17-Apr-2023,0d,amazonprime,moonbeam127,2
17-Apr-2023,0d,amazonprime,glbltvlr,2
17-Apr-2023,0d,amazonprime,daleybread,2
17-Apr-2023,0d,amazonprime,lordnecro,2
17-Apr-2023,0d,amazonprime,ZaftigFeline,2
17-Apr-2023,0d,amazonprime,bitcoins,2
17-Apr-2023,0d,amazonprime,dusty1015,2
17-Apr-2023,0d,amazonprime,CMic_,2
17-Apr-2023,0d,amazonprime,vegas_gal,2
17-Apr-2023,0d,amazonprime,dimonoid123,2
17-Apr-2023,0d,amazonprime,me0ww00f,2
17-Apr-2023,0d,amazonprime,scrapqueen,1
17-Apr-2023,0d,amazonprime,apricotkilla,1
17-Apr-2023,0d,amazonprime,love_you_more_,1
17-Apr-2023,0d,amazonprime,curlyredss,1
17-Apr-2023,0d,amazonprime,Beans650,1
17-Apr-2023,0d,amazonprime,ForeverStraight4443,1
17-Apr-2023,0d,amazonprime,Jennrrrs,1
17-Apr-2023,0d,amazonprime,Bruins37FTW,1
17-Apr-2023,0d,amazonprime,justhere2getadvice92,1
17-Apr-2023,0d,amazonprime,420partybus420,1
17-Apr-2023,0d,amazonprime,jpconard,1
17-Apr-2023,0d,amazonprime,Clark_n_gable,1
17-Apr-2023,0d,amazonprime,PitifulConsequence32,1
17-Apr-2023,0d,amazonprime,bootsand,1
17-Apr-2023,0d,amazonprime,addlefield,1
17-Apr-2023,0d,amazonprime,SnooKiwis4827,1
17-Apr-2023,0d,amazonprime,TokenGrowNutes,1
17-Apr-2023,0d,amazonprime,sbjkt,1
17-Apr-2023,0d,amazonprime,DiligentLibra,1
17-Apr-2023,0d,amazonprime,RawScallop,1
17-Apr-2023,0d,amazonprime,MrPineApples420,1
17-Apr-2023,0d,amazonprime,ar2d266,1
17-Apr-2023,0d,amazonprime,Brilliant_Point2810,1
17-Apr-2023,0d,amazonprime,PoliticalNerd87,1
17-Apr-2023,0d,amazonprime,Calvinsky,1
17-Apr-2023,0d,amazonprime,Fluffer_Wuffer,1
17-Apr-2023,0d,amazonprime,BrandonKetcha,1
17-Apr-2023,0d,amazonprime,Moctezuma1,1
17-Apr-2023,0d,amazonprime,fadedpunk,1
17-Apr-2023,0d,amazonprime,purplepelly,1
17-Apr-2023,0d,amazonprime,paulsmt,1
17-Apr-2023,0d,amazonprime,notarealgrownup,1
17-Apr-2023,0d,amazonprime,Star13104,1
17-Apr-2023,0d,amazonprime,nekowa88,1
17-Apr-2023,0d,amazonprime,crazy7rob,1
17-Apr-2023,0d,amazonprime,tritron,1
17-Apr-2023,0d,amazonprime,ProbablyAnAlt003,1
17-Apr-2023,0d,amazonprime,Solidux,1
17-Apr-2023,0d,amazonprime,Nikurou,1
17-Apr-2023,0d,amazonprime,cubeeless,1
17-Apr-2023,0d,amazonprime,webbrewers,1
17-Apr-2023,0d,amazonprime,AxelrodRanger,1
17-Apr-2023,0d,amazonprime,akzj,1
17-Apr-2023,0d,amazonprime,dukesinatra,1
17-Apr-2023,0d,amazonprime,Cheezewiz239,1
17-Apr-2023,0d,amazonprime,Fearless-Animator-16,1
17-Apr-2023,0d,amazonprime,QuirkyRefrigerator56,1
17-Apr-2023,0d,amazonprime,Select-Weekend-1549,1
17-Apr-2023,0d,amazonprime,dangel84,1
17-Apr-2023,0d,amazonprime,Wild_Mountain1780,1
17-Apr-2023,0d,amazonprime,Special-Resolve-7667,1
17-Apr-2023,0d,amazonprime,Hangry_lemon,1
17-Apr-2023,0d,amazonprime,nosleepbrooklynn,1
17-Apr-2023,0d,amazonprime,judyw2009,1
17-Apr-2023,0d,amazonprime,Adventurous_Essay763,1
17-Apr-2023,0d,amazonprime,fallowdeer,1
17-Apr-2023,0d,amazonprime,SnarfinUSA,1
17-Apr-2023,0d,amazonprime,ahabthecrusader,1
17-Apr-2023,0d,amazonprime,Xaoso99,1
17-Apr-2023,0d,amazonprime,SendPie42069,1
17-Apr-2023,0d,amazonprime,mfthrowaway4444,1
17-Apr-2023,0d,amazonprime,CobaltForest,1
17-Apr-2023,0d,amazonprime,josemartinlopez,1
17-Apr-2023,0d,amazonprime,ArmchairFilosopher,1
17-Apr-2023,0d,amazonprime,Unusual-Jury-1516,1
17-Apr-2023,0d,amazonprime,Rc30stm,1
17-Apr-2023,0d,amazonprime,Vilkath,1
17-Apr-2023,0d,amazonprime,ExcitementLegal3093,1
17-Apr-2023,0d,amazonprime,Helpful_Maize1308,1
17-Apr-2023,0d,amazonprime,ComputerRound3376,1
17-Apr-2023,0d,amazonprime,haiggy,1
17-Apr-2023,0d,amazonprime,tktrugby,1
17-Apr-2023,0d,amazonprime,ZootedZombie5,1
17-Apr-2023,0d,amazonprime,DeliciousMidnight3,1
17-Apr-2023,0d,amazonprime,wehadatime,1
17-Apr-2023,0d,amazonprime,ScarecrowSoze,1
17-Apr-2023,0d,amazonprime,BigMacRedneck,1
17-Apr-2023,0d,amazonprime,travelBandita,1
17-Apr-2023,0d,amazonprime,Blondie71511,1
17-Apr-2023,0d,amazonprime,grave2smoke,1
17-Apr-2023,0d,amazonprime,AnacharsisIV,1
17-Apr-2023,0d,amazonprime,NikeSwoosh24,1
17-Apr-2023,0d,amazonprime,mreed911,1
17-Apr-2023,0d,amazonprime,Usual_West_5945,1
17-Apr-2023,0d,amazonprime,Separate_Mushroom828,1
17-Apr-2023,0d,amazonprime,diezel_dave,1
17-Apr-2023,0d,amazonprime,crankyanker638,1
17-Apr-2023,0d,amazonprime,Animal-Crackers,1
17-Apr-2023,0d,amazonprime,Hotwifeobsessed,1
17-Apr-2023,0d,amazonprime,Zmitebambino,1
17-Apr-2023,0d,amazonprime,AostaV,1
17-Apr-2023,0d,amazonprime,Coliver1991,1
17-Apr-2023,0d,amazonprime,danielkotkk,1
17-Apr-2023,0d,amazonprime,Regal_Begal_100,1
17-Apr-2023,0d,amazonprime,BananaKuma,1
17-Apr-2023,0d,amazonprime,flipped__,1
17-Apr-2023,0d,amazonprime,ReturnedSword,1
17-Apr-2023,0d,amazonprime,Nervous_Ad_5583,1
17-Apr-2023,0d,amazonprime,EarlOfFunk,1
17-Apr-2023,0d,amazonprime,junz415,1
17-Apr-2023,0d,amazonprime,reddit12jo,1
17-Apr-2023,0d,amazonprime,weedandbombs,1
17-Apr-2023,0d,amazonprime,kpcloud,1
17-Apr-2023,0d,amazonprime,server_maintenance,1
17-Apr-2023,0d,amazonprime,Rdguillen23,1
17-Apr-2023,0d,amazonprime,daveygeek,1
17-Apr-2023,0d,amazonprime,WATOCATOWA,1
17-Apr-2023,0d,amazonprime,BatFastardRedditor,1
17-Apr-2023,0d,amazonprime,UOLZEPHYR,1
17-Apr-2023,0d,amazonprime,DogloverinBC,1
17-Apr-2023,0d,amazonprime,C_A_Willis,1
17-Apr-2023,0d,amazonprime,LincolnshireSausage,1
17-Apr-2023,0d,amazonprime,NotAnActualEmu,1
17-Apr-2023,0d,amazonprime,LessonNyne,1
17-Apr-2023,0d,amazonprime,CreativismUK,1
17-Apr-2023,0d,amazonprime,Dulce_Sirena,1
17-Apr-2023,0d,amazonprime,OnionTruck,1
17-Apr-2023,0d,amazonprime,Le_Epic_GodGamer,1
17-Apr-2023,0d,amazonprime,smlenewbie,1
17-Apr-2023,0d,amazonprime,InsaniD69,1
17-Apr-2023,0d,amazonprime,TechnicalRow9892,1
17-Apr-2023,0d,amazonprime,Brisketta,1
17-Apr-2023,0d,amazonprime,ProcedureThink9800,1
17-Apr-2023,0d,amazonprime,ObviouslyNoBot,1
17-Apr-2023,0d,amazonprime,StellaKreuz,1
17-Apr-2023,0d,amazonprime,IHate2ChooseUserName,1
17-Apr-2023,0d,amazonprime,unsullied65,1
17-Apr-2023,0d,amazonprime,Full_Working_883,1
17-Apr-2023,0d,amazonprime,Prestigious-Zebra871,1
17-Apr-2023,0d,amazonprime,WaffleBot626,1
17-Apr-2023,0d,amazonprime,ExRousseauScholar,1
17-Apr-2023,0d,amazonprime,Few-Ad-4666,1
17-Apr-2023,0d,amazonprime,BucketOfYourBrother,1
17-Apr-2023,0d,amazonprime,Shadymouse,1
17-Apr-2023,0d,amazonprime,-Mr_Rogers_II,1
17-Apr-2023,0d,amazonprime,Denny_Crane_007,1
17-Apr-2023,0d,amazonprime,exclaim_bot,1
17-Apr-2023,0d,amazonprime,whizewhan,1
17-Apr-2023,0d,amazonprime,Philepay,1
17-Apr-2023,0d,amazonprime,Prof_Labcoat,1
17-Apr-2023,0d,amazonprime,bynobodyspecial,1
17-Apr-2023,0d,amazonprime,MrGrumpy252,1
17-Apr-2023,0d,amazonprime,spacewalk__,1
17-Apr-2023,0d,amazonprime,BoostedBill96,1
17-Apr-2023,0d,amazonprime,Puzzleheaded-Hope821,1
17-Apr-2023,0d,amazonprime,5oLiTu2e,1
17-Apr-2023,0d,amazonprime,Advanced-Cow-8190,1
17-Apr-2023,0d,amazonprime,DryTransportation294,1
17-Apr-2023,0d,amazonprime,Zorgsmom,1
17-Apr-2023,0d,amazonprime,Electronic-Fix2851,1
17-Apr-2023,0d,amazonprime,Womeisyourfwiend,1
17-Apr-2023,0d,amazonprime,Beautiful_Log_1191,1
17-Apr-2023,0d,amazonprime,MinerAlum,1
17-Apr-2023,0d,amazonprime,jwolthuis,1
17-Apr-2023,0d,amazonprime,unnamed_elder_entity,1
17-Apr-2023,0d,amazonprime,vinnie5451,1
17-Apr-2023,0d,amazonprime,rgvtim,1
17-Apr-2023,0d,amazonprime,rmzalbar,1
17-Apr-2023,0d,amazonprime,tigerlily38,1
17-Apr-2023,0d,amazonprime,axionic,1
17-Apr-2023,0d,amazonprime,Iworshipokkoto,1
17-Apr-2023,0d,amazonprime,bigbabytdot,1
17-Apr-2023,0d,amazonprime,LightningTF2,1
17-Apr-2023,0d,amazonprime,kimblem,1
17-Apr-2023,0d,amazonprime,ThurstonHowell3rd,1
17-Apr-2023,0d,amazonprime,LongjumpingTicket798,1
17-Apr-2023,0d,amazonprime,Lexistarlight,1
17-Apr-2023,0d,amazonprime,AKHwyJunkie,1
17-Apr-2023,0d,amazonprime,jallenclark,1
17-Apr-2023,0d,amazonprime,Agent_Smith_345,1
17-Apr-2023,0d,amazonprime,DlnnerTable,1
17-Apr-2023,0d,amazonprime,AFlockofLizards,1
17-Apr-2023,0d,amazonprime,shadowseeker3658,1
17-Apr-2023,0d,amazonprime,Big-Sea-7348,1
17-Apr-2023,0d,amazonprime,Bumble-Bee17,1
17-Apr-2023,0d,amazonprime,wewillseetoday,1
17-Apr-2023,0d,amazonprime,mereikat,1
17-Apr-2023,0d,amazonprime,hawaiidesperado,1
17-Apr-2023,0d,amazonprime,Tenn_Tux,1
17-Apr-2023,0d,amazonprime,Sniperman,1
17-Apr-2023,0d,amazonprime,okeanosreddit,1
17-Apr-2023,0d,amazonprime,possiblycrazy79,1
17-Apr-2023,0d,amazonprime,NemoJones,1
17-Apr-2023,0d,amazonprime,Unykorn,1
17-Apr-2023,0d,amazonprime,burnt_out_dev,1
17-Apr-2023,0d,amazonprime,rinpun,1
17-Apr-2023,0d,amazonprime,UtimiUtimi,1
17-Apr-2023,0d,amazonprime,aeradicate,1
17-Apr-2023,0d,amazonprime,psycho_koala123,1
17-Apr-2023,0d,amazonprime,ajsuperparty,1
17-Apr-2023,0d,amazonprime,iilordd,1
17-Apr-2023,0d,amazonprime,Siigari,1
17-Apr-2023,0d,amazonprime,bobbytwenty,1
17-Apr-2023,0d,amazonprime,SIMCARUS,1
17-Apr-2023,0d,amazonprime,TomatoEagle,1
17-Apr-2023,0d,amazonprime,jbrasco,1
17-Apr-2023,0d,amazonprime,bolapara,1
17-Apr-2023,0d,amazonprime,erniebanksgocubbies,1
17-Apr-2023,0d,amazonprime,BlueSlipperDaughter,1
17-Apr-2023,0d,amazonprime,zuluzzz,1
17-Apr-2023,0d,amazonprime,Teanaway99,1
17-Apr-2023,0d,amazonprime,isthatyouSanta,1
17-Apr-2023,0d,amazonprime,ZeceleOnReddit,1
17-Apr-2023,0d,amazonprime,DesignHead9206,1
17-Apr-2023,0d,amazonprime,CraftFeeling12345,1
17-Apr-2023,0d,amazonprime,sellittotheMAX12,1
17-Apr-2023,0d,amazonprime,T_bunn,1
17-Apr-2023,0d,amazonprime,corndog819,1
17-Apr-2023,0d,amazonprime,Cantbearsedman,1
17-Apr-2023,0d,amazonprime,Prestigious_Milk8178,1
17-Apr-2023,0d,amazonprime,urmum1239,1
17-Apr-2023,0d,amazonprime,TheNotBlindman,1
17-Apr-2023,0d,amazonprime,Ilovelegs723,1
17-Apr-2023,0d,amazonprime,steven82792,1
17-Apr-2023,0d,amazonprime,soccermom545,1
17-Apr-2023,0d,amazonprime,CampbellArmada,1
17-Apr-2023,0d,amazonprime,South_Couple_2500,1
17-Apr-2023,0d,amazonprime,strawberrispaghetti,1
17-Apr-2023,0d,amazonprime,StWens,1
17-Apr-2023,0d,amazonprime,FollowingAromatic,1
17-Apr-2023,0d,amazonprime,Past-Option2702,1
17-Apr-2023,0d,amazonprime,Rhinozip,1
17-Apr-2023,0d,amazonprime,Puzzleheaded_Year_24,1
17-Apr-2023,0d,amazonprime,Low_Pirate8760,1
17-Apr-2023,0d,amazonprime,KoexD,1
17-Apr-2023,0d,amazonprime,Turbulent-Try-393,1
17-Apr-2023,0d,amazonprime,bubbamike1,1
17-Apr-2023,0d,amazonprime,safetaco,1
17-Apr-2023,0d,amazonprime,whyareyouaskingmeme,1
17-Apr-2023,0d,amazonprime,TheMcDeal,1
17-Apr-2023,0d,amazonprime,DesertStorm480,1
17-Apr-2023,0d,amazonprime,Longtime_Noob,1
17-Apr-2023,0d,amazonprime,dopest_dope,1
17-Apr-2023,0d,amazonprime,jtbis,1
17-Apr-2023,0d,amazonprime,TrollLolLol1,1
17-Apr-2023,0d,amazonprime,omeow,1
17-Apr-2023,0d,amazonprime,DependentSelection51,1
17-Apr-2023,0d,amazonprime,Vanny__DeVito,1
17-Apr-2023,0d,amazonprime,chnky18,1
17-Apr-2023,0d,amazonprime,Funmibablo,1
17-Apr-2023,0d,amazonprime,Sugarshaney,1
17-Apr-2023,0d,amazonprime,cheezerman,1
17-Apr-2023,0d,amazonprime,xnaveedhassan,1
17-Apr-2023,0d,amazonprime,raquel8822,1
17-Apr-2023,0d,amazonprime,IronFlight7,1
17-Apr-2023,0d,amazonprime,Lyingmeteor9179,1
17-Apr-2023,0d,amazonprime,Squzzlebuttt,1
17-Apr-2023,0d,amazonprime,fingerscrossedcoup,1
17-Apr-2023,0d,amazonprime,Infamous_Ad8238,1
17-Apr-2023,0d,amazonprime,Investinging,1
17-Apr-2023,0d,amazonprime,cooldude9112001,1
17-Apr-2023,0d,amazonprime,18gr,1
17-Apr-2023,0d,amazonprime,Ramone-7,1
17-Apr-2023,0d,amazonprime,Restless__Dreamer,1
17-Apr-2023,0d,amazonprime,DeterminedArrow,1
17-Apr-2023,0d,amazonprime,Reasonable_Ad6407,1
17-Apr-2023,0d,amazonprime,Far_Fennel_7557,1
17-Apr-2023,0d,amazonprime,mysweettoaster,1
17-Apr-2023,0d,amazonprime,Puzzletron,1
17-Apr-2023,0d,amazonprime,AskMeAboutAmway,1
17-Apr-2023,0d,amazonprime,mno86,1
17-Apr-2023,0d,amazonprime,Most_Analysis4037,1
17-Apr-2023,0d,amazonprime,bizob2828,1
17-Apr-2023,0d,amazonprime,DimeCom,1
17-Apr-2023,0d,amazonprime,Neat-Analysis-1214,1
17-Apr-2023,0d,amazonprime,azmom3,1
