query_date,before_date,subreddit,comment_author,comment_frequency
17-Feb-2023,10d,kindlefire,Fr0gm4n,58
17-Feb-2023,10d,kindlefire,Champion-Racer12,32
17-Feb-2023,10d,kindlefire,[deleted],29
17-Feb-2023,10d,kindlefire,scorpycoby,27
17-Feb-2023,10d,kindlefire,AutoModerator,25
17-Feb-2023,10d,kindlefire,tombunyon0,20
17-Feb-2023,10d,kindlefire,bballfan86,16
17-Feb-2023,10d,kindlefire,er101plus,13
17-Feb-2023,10d,kindlefire,TicFan67,12
17-Feb-2023,10d,kindlefire,kresbok,12
17-Feb-2023,10d,kindlefire,kschang,11
17-Feb-2023,10d,kindlefire,MarknDC,10
17-Feb-2023,10d,kindlefire,U8dcN7vx,10
17-Feb-2023,10d,kindlefire,Long_Cartoonist_3992,9
17-Feb-2023,10d,kindlefire,sparker2000,9
17-Feb-2023,10d,kindlefire,jolo2,9
17-Feb-2023,10d,kindlefire,Tigershawk,8
17-Feb-2023,10d,kindlefire,NCResident5,8
17-Feb-2023,10d,kindlefire,rlowens,7
17-Feb-2023,10d,kindlefire,flphotog35,7
17-Feb-2023,10d,kindlefire,EdzyFPS,7
17-Feb-2023,10d,kindlefire,uniquemobildevicefan,7
17-Feb-2023,10d,kindlefire,grantdb,6
17-Feb-2023,10d,kindlefire,ccbbb23,6
17-Feb-2023,10d,kindlefire,e650man,6
17-Feb-2023,10d,kindlefire,jacle2210,6
17-Feb-2023,10d,kindlefire,Icy-Book2999,6
17-Feb-2023,10d,kindlefire,Ok-Comparison-1717,6
17-Feb-2023,10d,kindlefire,bryiewes,5
17-Feb-2023,10d,kindlefire,Gomphos,5
17-Feb-2023,10d,kindlefire,theinternt,5
17-Feb-2023,10d,kindlefire,bridgehockey,5
17-Feb-2023,10d,kindlefire,RedMapleBat,5
17-Feb-2023,10d,kindlefire,stone5522,5
17-Feb-2023,10d,kindlefire,KScriber,5
17-Feb-2023,10d,kindlefire,bust4cap,5
17-Feb-2023,10d,kindlefire,citizenhagen,5
17-Feb-2023,10d,kindlefire,sunrisedown,5
17-Feb-2023,10d,kindlefire,nemoyakkula,5
17-Feb-2023,10d,kindlefire,locolyric1983,4
17-Feb-2023,10d,kindlefire,Ansomat,4
17-Feb-2023,10d,kindlefire,Makefreemunny,4
17-Feb-2023,10d,kindlefire,Markaes4,4
17-Feb-2023,10d,kindlefire,Key-Aide-2620,4
17-Feb-2023,10d,kindlefire,JohKohLoh,4
17-Feb-2023,10d,kindlefire,katehenry4133,4
17-Feb-2023,10d,kindlefire,Sp00kbee,4
17-Feb-2023,10d,kindlefire,goldalex00,4
17-Feb-2023,10d,kindlefire,crkdopn,4
17-Feb-2023,10d,kindlefire,T3RHS4,4
17-Feb-2023,10d,kindlefire,MacAndCheese_User,4
17-Feb-2023,10d,kindlefire,Konarkanuck,4
17-Feb-2023,10d,kindlefire,victor86vazquez,4
17-Feb-2023,10d,kindlefire,No-Explanation-7348,4
17-Feb-2023,10d,kindlefire,Dunda,4
17-Feb-2023,10d,kindlefire,FalseVeterinarian881,4
17-Feb-2023,10d,kindlefire,Chok3U,4
17-Feb-2023,10d,kindlefire,philmeehog,4
17-Feb-2023,10d,kindlefire,AdNew8205,4
17-Feb-2023,10d,kindlefire,TobiasBloyd,4
17-Feb-2023,10d,kindlefire,Shaydu,4
17-Feb-2023,10d,kindlefire,penniesmammy,4
17-Feb-2023,10d,kindlefire,G3nesis331,4
17-Feb-2023,10d,kindlefire,Late_Experience5044,3
17-Feb-2023,10d,kindlefire,banko--,3
17-Feb-2023,10d,kindlefire,rxman2011,3
17-Feb-2023,10d,kindlefire,willwar63,3
17-Feb-2023,10d,kindlefire,jnubianyc,3
17-Feb-2023,10d,kindlefire,Garagairas,3
17-Feb-2023,10d,kindlefire,joesmith127_reddit,3
17-Feb-2023,10d,kindlefire,Guyver2077,3
17-Feb-2023,10d,kindlefire,Generic_userxx,3
17-Feb-2023,10d,kindlefire,rutlander,3
17-Feb-2023,10d,kindlefire,GirrisPhan,3
17-Feb-2023,10d,kindlefire,Robse85,3
17-Feb-2023,10d,kindlefire,Dry_Coat_7580,3
17-Feb-2023,10d,kindlefire,OreJen,3
17-Feb-2023,10d,kindlefire,SanAequitas,3
17-Feb-2023,10d,kindlefire,Mission-Definition12,3
17-Feb-2023,10d,kindlefire,ukiukimidnite,3
17-Feb-2023,10d,kindlefire,Total_Connection9879,3
17-Feb-2023,10d,kindlefire,Elegant-Sleep3849,3
17-Feb-2023,10d,kindlefire,brassmonkey26,3
17-Feb-2023,10d,kindlefire,Gustavomcr,3
17-Feb-2023,10d,kindlefire,Calcidiol,3
17-Feb-2023,10d,kindlefire,Automatic-Budget-644,2
17-Feb-2023,10d,kindlefire,Working-Upstairs8727,2
17-Feb-2023,10d,kindlefire,MessyKing,2
17-Feb-2023,10d,kindlefire,KVA1,2
17-Feb-2023,10d,kindlefire,Duganinja,2
17-Feb-2023,10d,kindlefire,Joemaher2,2
17-Feb-2023,10d,kindlefire,Trick-Two497,2
17-Feb-2023,10d,kindlefire,Amisherjoe,2
17-Feb-2023,10d,kindlefire,ManufacturerWeird499,2
17-Feb-2023,10d,kindlefire,emeraldgirl08,2
17-Feb-2023,10d,kindlefire,FF_Ninja,2
17-Feb-2023,10d,kindlefire,GeeLee80,2
17-Feb-2023,10d,kindlefire,Bumataur,2
17-Feb-2023,10d,kindlefire,SuppressionRecords,2
17-Feb-2023,10d,kindlefire,Relative_Location_65,2
17-Feb-2023,10d,kindlefire,StarlightSunshine7,2
17-Feb-2023,10d,kindlefire,Historical_Luck7375,2
17-Feb-2023,10d,kindlefire,luisrivera_co,2
17-Feb-2023,10d,kindlefire,Olson_Duck,2
17-Feb-2023,10d,kindlefire,Robotic8040,2
17-Feb-2023,10d,kindlefire,zitsky,2
17-Feb-2023,10d,kindlefire,BigDaddyBano,2
17-Feb-2023,10d,kindlefire,barbatos86,2
17-Feb-2023,10d,kindlefire,McCullersGuy,2
17-Feb-2023,10d,kindlefire,JBsoundCHK,2
17-Feb-2023,10d,kindlefire,GuanoLoopy,2
17-Feb-2023,10d,kindlefire,velo443,2
17-Feb-2023,10d,kindlefire,cnwinger,2
17-Feb-2023,10d,kindlefire,voyager106,2
17-Feb-2023,10d,kindlefire,OofTurkey,2
17-Feb-2023,10d,kindlefire,GordonBennett2000,2
17-Feb-2023,10d,kindlefire,fiasko82,2
17-Feb-2023,10d,kindlefire,calculon68,2
17-Feb-2023,10d,kindlefire,pjjiveturkey,2
17-Feb-2023,10d,kindlefire,RedPlammer,2
17-Feb-2023,10d,kindlefire,crepuscularcunt,2
17-Feb-2023,10d,kindlefire,daposs,2
17-Feb-2023,10d,kindlefire,grif_0,2
17-Feb-2023,10d,kindlefire,LGAMER3412,2
17-Feb-2023,10d,kindlefire,Zeldakina,2
17-Feb-2023,10d,kindlefire,rockknocker,2
17-Feb-2023,10d,kindlefire,wdroark,2
17-Feb-2023,10d,kindlefire,beautypopper101,2
17-Feb-2023,10d,kindlefire,Zoopenblopper,2
17-Feb-2023,10d,kindlefire,hagstatus,2
17-Feb-2023,10d,kindlefire,funkture,2
17-Feb-2023,10d,kindlefire,Ok_Zucchini2777,2
17-Feb-2023,10d,kindlefire,claatra,2
17-Feb-2023,10d,kindlefire,joeyl7,2
17-Feb-2023,10d,kindlefire,Personal_Farm_4391,2
17-Feb-2023,10d,kindlefire,autobulb,2
17-Feb-2023,10d,kindlefire,RetroPottle,2
17-Feb-2023,10d,kindlefire,Nekima,2
17-Feb-2023,10d,kindlefire,BDThrills,2
17-Feb-2023,10d,kindlefire,Alwaysd23,2
17-Feb-2023,10d,kindlefire,AffectionateZombie66,2
17-Feb-2023,10d,kindlefire,rttnmnna,2
17-Feb-2023,10d,kindlefire,chengjih,2
17-Feb-2023,10d,kindlefire,GibsonMaestro,2
17-Feb-2023,10d,kindlefire,iamacea,2
17-Feb-2023,10d,kindlefire,cait_mack15,2
17-Feb-2023,10d,kindlefire,paul92849,2
17-Feb-2023,10d,kindlefire,IamTedE,2
17-Feb-2023,10d,kindlefire,conqug,2
17-Feb-2023,10d,kindlefire,PopeSluggies,2
17-Feb-2023,10d,kindlefire,bluepond20,2
17-Feb-2023,10d,kindlefire,jennylee232,2
17-Feb-2023,10d,kindlefire,theMillen,2
17-Feb-2023,10d,kindlefire,2manyiterations,2
17-Feb-2023,10d,kindlefire,irish56_ak,2
17-Feb-2023,10d,kindlefire,Mellowmews,2
17-Feb-2023,10d,kindlefire,pcolmer,2
17-Feb-2023,10d,kindlefire,TheMilsons,1
17-Feb-2023,10d,kindlefire,killword-noot,1
17-Feb-2023,10d,kindlefire,Coolyfett,1
17-Feb-2023,10d,kindlefire,SymSoa,1
17-Feb-2023,10d,kindlefire,Lieuallen,1
17-Feb-2023,10d,kindlefire,Specialist_Fondant_9,1
17-Feb-2023,10d,kindlefire,rpcinfo,1
17-Feb-2023,10d,kindlefire,Twigling,1
17-Feb-2023,10d,kindlefire,humble48,1
17-Feb-2023,10d,kindlefire,Eric38,1
17-Feb-2023,10d,kindlefire,DrDrEvil,1
17-Feb-2023,10d,kindlefire,chriswhinds,1
17-Feb-2023,10d,kindlefire,cuttervic,1
17-Feb-2023,10d,kindlefire,kittydoc12,1
17-Feb-2023,10d,kindlefire,CommodoreKrusty,1
17-Feb-2023,10d,kindlefire,Professional_Count85,1
17-Feb-2023,10d,kindlefire,spiritualengr,1
17-Feb-2023,10d,kindlefire,The-Damage-Done,1
17-Feb-2023,10d,kindlefire,TakenGiny,1
17-Feb-2023,10d,kindlefire,404invalid-user,1
17-Feb-2023,10d,kindlefire,ExperienceSad4375,1
17-Feb-2023,10d,kindlefire,EssexPriest88,1
17-Feb-2023,10d,kindlefire,borgib,1
17-Feb-2023,10d,kindlefire,Large_Operation_3130,1
17-Feb-2023,10d,kindlefire,PolishGirlfriendUSA,1
17-Feb-2023,10d,kindlefire,JamesMattDillon,1
17-Feb-2023,10d,kindlefire,Current-Mud-3362,1
17-Feb-2023,10d,kindlefire,Kieran_Mc,1
17-Feb-2023,10d,kindlefire,franharrington,1
17-Feb-2023,10d,kindlefire,derekmski,1
17-Feb-2023,10d,kindlefire,darkside__07,1
17-Feb-2023,10d,kindlefire,Vecsan381,1
17-Feb-2023,10d,kindlefire,Skavis,1
17-Feb-2023,10d,kindlefire,option_unpossible,1
17-Feb-2023,10d,kindlefire,Successful-Half3606,1
17-Feb-2023,10d,kindlefire,meglyn11,1
17-Feb-2023,10d,kindlefire,TheFoolishCrow,1
17-Feb-2023,10d,kindlefire,mikerapegoobies,1
17-Feb-2023,10d,kindlefire,krustywazoo,1
17-Feb-2023,10d,kindlefire,itskaizad,1
17-Feb-2023,10d,kindlefire,Barchetta67,1
17-Feb-2023,10d,kindlefire,Prize-Accountant-874,1
17-Feb-2023,10d,kindlefire,peteyjlawson,1
17-Feb-2023,10d,kindlefire,fml5578,1
17-Feb-2023,10d,kindlefire,vmxcd,1
17-Feb-2023,10d,kindlefire,ItsThreesomeThen,1
17-Feb-2023,10d,kindlefire,LocalMain4677,1
17-Feb-2023,10d,kindlefire,ryanpm40,1
17-Feb-2023,10d,kindlefire,HalNicci,1
17-Feb-2023,10d,kindlefire,devorixs,1
17-Feb-2023,10d,kindlefire,ratzekind,1
17-Feb-2023,10d,kindlefire,bootstr8,1
17-Feb-2023,10d,kindlefire,Skooter_McGaven,1
17-Feb-2023,10d,kindlefire,Appropriate_Simple44,1
17-Feb-2023,10d,kindlefire,s1arita,1
17-Feb-2023,10d,kindlefire,trigrex,1
17-Feb-2023,10d,kindlefire,wimpergs,1
17-Feb-2023,10d,kindlefire,NomNomInMyTumTum,1
17-Feb-2023,10d,kindlefire,hi_internet_friend,1
17-Feb-2023,10d,kindlefire,Zealousideal-Ad6438,1
17-Feb-2023,10d,kindlefire,Girliemedic,1
17-Feb-2023,10d,kindlefire,PlainSpader,1
17-Feb-2023,10d,kindlefire,SetProfessional526,1
17-Feb-2023,10d,kindlefire,Sadgorl710,1
17-Feb-2023,10d,kindlefire,palmworks,1
17-Feb-2023,10d,kindlefire,AmbushBugged,1
17-Feb-2023,10d,kindlefire,qwertyuiopa69,1
17-Feb-2023,10d,kindlefire,Safe-Meeting9561,1
17-Feb-2023,10d,kindlefire,Anbuweezy00,1
17-Feb-2023,10d,kindlefire,Maltempest,1
17-Feb-2023,10d,kindlefire,Doktorvxu,1
17-Feb-2023,10d,kindlefire,Telepwnsauce,1
17-Feb-2023,10d,kindlefire,ihatethisusernametoo,1
17-Feb-2023,10d,kindlefire,The_Magnificent_Ace,1
17-Feb-2023,10d,kindlefire,Nemacolin,1
17-Feb-2023,10d,kindlefire,Cakemoney08,1
17-Feb-2023,10d,kindlefire,ChampionshipUpset874,1
17-Feb-2023,10d,kindlefire,Comfortable-Bar6577,1
17-Feb-2023,10d,kindlefire,NewZookeepergame4781,1
17-Feb-2023,10d,kindlefire,RudyHernandez1-,1
17-Feb-2023,10d,kindlefire,manys,1
17-Feb-2023,10d,kindlefire,greenhumanbean,1
17-Feb-2023,10d,kindlefire,jottrn2,1
17-Feb-2023,10d,kindlefire,MouseR4T,1
17-Feb-2023,10d,kindlefire,aardy,1
17-Feb-2023,10d,kindlefire,Responsible_Brush_24,1
17-Feb-2023,10d,kindlefire,MagnoliaProse,1
17-Feb-2023,10d,kindlefire,Ballesteros81,1
17-Feb-2023,10d,kindlefire,Any-Egg9079,1
17-Feb-2023,10d,kindlefire,virgin_goat,1
17-Feb-2023,10d,kindlefire,AvengeThe90s,1
17-Feb-2023,10d,kindlefire,Historical-Bunch4401,1
17-Feb-2023,10d,kindlefire,littlebarque,1
17-Feb-2023,10d,kindlefire,ihavenoideathankyou,1
17-Feb-2023,10d,kindlefire,fashionablykate,1
17-Feb-2023,10d,kindlefire,Fungi14051,1
17-Feb-2023,10d,kindlefire,Alabatman,1
17-Feb-2023,10d,kindlefire,starsupinthesky22,1
17-Feb-2023,10d,kindlefire,CorkScrew222,1
17-Feb-2023,10d,kindlefire,IronicSciFiFan,1
17-Feb-2023,10d,kindlefire,stedgyson,1
17-Feb-2023,10d,kindlefire,cnfcomps,1
17-Feb-2023,10d,kindlefire,WrightTech_2817,1
17-Feb-2023,10d,kindlefire,xdozex,1
17-Feb-2023,10d,kindlefire,emelem66,1
17-Feb-2023,10d,kindlefire,SimilarRevolution276,1
17-Feb-2023,10d,kindlefire,huebramble,1
17-Feb-2023,10d,kindlefire,Ok-Falcon1966,1
17-Feb-2023,10d,kindlefire,ClearReputation7,1
17-Feb-2023,10d,kindlefire,tonz0fun,1
17-Feb-2023,10d,kindlefire,mrdaveboi,1
17-Feb-2023,10d,kindlefire,Accomplished_Wolf,1
17-Feb-2023,10d,kindlefire,Bearnadette,1
17-Feb-2023,10d,kindlefire,DasNiche,1
17-Feb-2023,10d,kindlefire,Palindrome-pancake,1
17-Feb-2023,10d,kindlefire,Linclin,1
17-Feb-2023,10d,kindlefire,OmniRocknRoll,1
17-Feb-2023,10d,kindlefire,jb197174,1
17-Feb-2023,10d,kindlefire,j2bv16,1
17-Feb-2023,10d,kindlefire,Juju43445,1
17-Feb-2023,10d,kindlefire,rwallaceva,1
17-Feb-2023,10d,kindlefire,reamski,1
17-Feb-2023,10d,kindlefire,Caesar_The_Mighty,1
17-Feb-2023,10d,kindlefire,Xintus1765,1
17-Feb-2023,10d,kindlefire,dontbeglad,1
17-Feb-2023,10d,kindlefire,Helpful-Idea5056,1
17-Feb-2023,10d,kindlefire,allegedly_anonymous,1
17-Feb-2023,10d,kindlefire,Ret-Hap-2021,1
17-Feb-2023,10d,kindlefire,the_atmosphere,1
17-Feb-2023,10d,kindlefire,donkeyfart,1
17-Feb-2023,10d,kindlefire,jacrys,1
17-Feb-2023,10d,kindlefire,XhaleBtw,1
17-Feb-2023,10d,kindlefire,sunshine___riptide,1
17-Feb-2023,10d,kindlefire,Edco1234,1
17-Feb-2023,10d,kindlefire,darkmoon3d,1
17-Feb-2023,10d,kindlefire,Connect_Bill2729,1
17-Feb-2023,10d,kindlefire,lichenihil,1
17-Feb-2023,10d,kindlefire,M3L0n_64,1
17-Feb-2023,10d,kindlefire,TheLinuxNative,1
17-Feb-2023,10d,kindlefire,Jazzlike_Steak_6031,1
17-Feb-2023,10d,kindlefire,hambugbento,1
17-Feb-2023,10d,kindlefire,Rabadash8820,1
17-Feb-2023,10d,kindlefire,Langsdorf,1
17-Feb-2023,10d,kindlefire,purpan-,1
17-Feb-2023,10d,kindlefire,MezzoRomano,1
17-Feb-2023,10d,kindlefire,Short_Couple9371,1
17-Feb-2023,10d,kindlefire,atdotdavid,1
17-Feb-2023,10d,kindlefire,ActHaru,1
17-Feb-2023,10d,kindlefire,ProfessionalDad50,1
17-Feb-2023,10d,kindlefire,JoB_NSFW,1
17-Feb-2023,10d,kindlefire,jg0199,1
17-Feb-2023,10d,kindlefire,st1tchy,1
17-Feb-2023,10d,kindlefire,Sunfried,1
17-Feb-2023,10d,kindlefire,Relevant-Reach-1985,1
17-Feb-2023,10d,kindlefire,Un4seenCircumstance,1
17-Feb-2023,10d,kindlefire,spartans6,1
17-Feb-2023,10d,kindlefire,Repulsive_Move3932,1
17-Feb-2023,10d,kindlefire,JamesofBerkeley,1
17-Feb-2023,10d,kindlefire,_biggerthanthesound_,1
17-Feb-2023,10d,kindlefire,NycTony,1
17-Feb-2023,10d,kindlefire,Bhaelros,1
17-Feb-2023,10d,kindlefire,ClaireManx,1
17-Feb-2023,10d,kindlefire,CuvisTheConqueror,1
17-Feb-2023,10d,kindlefire,dragonick1982,1
17-Feb-2023,10d,kindlefire,TGRRAG81,1
17-Feb-2023,10d,kindlefire,javornelas,1
17-Feb-2023,10d,kindlefire,duncantuna,1
17-Feb-2023,10d,kindlefire,HarleyTG_Official,1
17-Feb-2023,10d,kindlefire,Gary_Owhere,1
17-Feb-2023,10d,kindlefire,deltafridge,1
17-Feb-2023,10d,kindlefire,jamxil,1
17-Feb-2023,10d,kindlefire,dkoucky,1
17-Feb-2023,10d,kindlefire,AvonBarksdale666,1
17-Feb-2023,10d,kindlefire,ellejaysea,1
17-Feb-2023,10d,kindlefire,Kgirl703,1
17-Feb-2023,10d,kindlefire,Falkeliehaber,1
17-Feb-2023,10d,kindlefire,why_wilson,1
17-Feb-2023,10d,kindlefire,jQam,1
17-Feb-2023,10d,kindlefire,m2slam,1
17-Feb-2023,10d,kindlefire,SatisfactionDue4508,1
17-Feb-2023,10d,kindlefire,joshwgaming,1
17-Feb-2023,10d,kindlefire,Infinite_Advance_450,1
17-Feb-2023,10d,kindlefire,Live_Example1454,1
17-Feb-2023,10d,kindlefire,heysavnac,1
17-Feb-2023,10d,kindlefire,th3j0k3rj03,1
17-Feb-2023,10d,kindlefire,leebon427,1
17-Feb-2023,10d,kindlefire,loganosness,1
17-Feb-2023,10d,kindlefire,jmp4me444,1
17-Feb-2023,10d,kindlefire,booklovinggal19,1
17-Feb-2023,10d,kindlefire,karaczaet,1
17-Feb-2023,10d,kindlefire,ChikaraFan,1
17-Feb-2023,10d,kindlefire,Worried-Atmosphere-3,1
17-Feb-2023,10d,kindlefire,Maleficent-Radish261,1
17-Feb-2023,10d,kindlefire,Gold_Rule7973,1
17-Feb-2023,10d,kindlefire,darvin1295,1
17-Feb-2023,10d,kindlefire,No-Ad-7252,1
17-Feb-2023,10d,kindlefire,nabbyadams,1
17-Feb-2023,10d,kindlefire,x-sus,1
17-Feb-2023,10d,kindlefire,Declue1973,1
17-Feb-2023,10d,kindlefire,amadaeus-,1
17-Feb-2023,10d,kindlefire,Appropriate_Credit83,1
17-Feb-2023,10d,kindlefire,Narrow_Salamander521,1
17-Feb-2023,10d,kindlefire,larry2300,1
17-Feb-2023,10d,kindlefire,dpatreexm,1
17-Feb-2023,10d,kindlefire,Character-Relief2809,1
17-Feb-2023,10d,kindlefire,SaskatchewanFuckinEh,1
17-Feb-2023,10d,kindlefire,alazar14,1
17-Feb-2023,10d,kindlefire,Emlerith,1
17-Feb-2023,10d,kindlefire,MoorSoul,1
17-Feb-2023,10d,kindlefire,OldButStillFat,1
17-Feb-2023,10d,kindlefire,FakespotAnalysisBot,1
17-Feb-2023,10d,kindlefire,AmputatorBot,1
17-Feb-2023,10d,kindlefire,Aware_Hat9370,1
17-Feb-2023,10d,kindlefire,upsetjackson,1
17-Feb-2023,10d,kindlefire,TufTed2003,1
17-Feb-2023,10d,kindlefire,bz922x,1
17-Feb-2023,10d,kindlefire,Pleasant_Meal_2030,1
17-Feb-2023,10d,kindlefire,dragonsamus,1
17-Feb-2023,10d,kindlefire,Max_Rower,1
17-Feb-2023,10d,kindlefire,Vlowman,1
17-Feb-2023,10d,kindlefire,HiiipowerBass,1
17-Feb-2023,10d,kindlefire,substitutewithpizza,1
17-Feb-2023,10d,kindlefire,kpikid3,1
17-Feb-2023,10d,kindlefire,Incin1225,1
17-Feb-2023,10d,kindlefire,nishidake,1
17-Feb-2023,10d,kindlefire,Loveyourwifenow,1
17-Feb-2023,10d,kindlefire,Fortherubofgod,1
17-Feb-2023,10d,kindlefire,marteque-me,1
17-Feb-2023,10d,kindlefire,Zanki,1
17-Feb-2023,10d,kindlefire,NefariousnessHot7883,1
17-Feb-2023,10d,kindlefire,Border_Relevant,1
17-Feb-2023,10d,kindlefire,ohmyashleyy,1
17-Feb-2023,10d,kindlefire,elizabethvde,1
17-Feb-2023,10d,kindlefire,ThaddeusJP,1
17-Feb-2023,10d,kindlefire,mhoner,1
17-Feb-2023,10d,kindlefire,drg267,1
17-Feb-2023,10d,kindlefire,boondoggle_king,1
17-Feb-2023,10d,kindlefire,Skele11,1
17-Feb-2023,10d,kindlefire,Unikornus,1
17-Feb-2023,10d,kindlefire,PlentyOfKiwi,1
17-Feb-2023,10d,kindlefire,jai_hanyo,1
17-Feb-2023,10d,kindlefire,Core-8,1
17-Feb-2023,10d,kindlefire,Jester_Pug,1
17-Feb-2023,10d,kindlefire,ericabridget,1
17-Feb-2023,10d,kindlefire,niceguyjin,1
17-Feb-2023,10d,kindlefire,Putrid_Style2,1
17-Feb-2023,10d,kindlefire,BrowniesNCheese,1
17-Feb-2023,10d,kindlefire,Mike20878,1
17-Feb-2023,10d,kindlefire,dopaminenotyours,1
17-Feb-2023,10d,kindlefire,Working_Artist7201,1
17-Feb-2023,10d,kindlefire,trevb1983,1
17-Feb-2023,10d,kindlefire,EarlyList,1
17-Feb-2023,10d,kindlefire,Paid-Not-Payed-Bot,1
17-Feb-2023,10d,kindlefire,Several-Act-8430,1
17-Feb-2023,10d,kindlefire,Alternative-Farmer98,1
17-Feb-2023,10d,kindlefire,nutrigrain,1
17-Feb-2023,10d,kindlefire,Foxxi-Moxxi,1
