query_date,before_date,subreddit,comment_author,comment_frequency
17-Feb-2023,80d,kindlefire,Fr0gm4n,54
17-Feb-2023,80d,kindlefire,tombunyon0,22
17-Feb-2023,80d,kindlefire,zitsky,22
17-Feb-2023,80d,kindlefire,[deleted],19
17-Feb-2023,80d,kindlefire,TicFan67,18
17-Feb-2023,80d,kindlefire,AutoModerator,17
17-Feb-2023,80d,kindlefire,ccbbb23,17
17-Feb-2023,80d,kindlefire,U8dcN7vx,16
17-Feb-2023,80d,kindlefire,rlowens,16
17-Feb-2023,80d,kindlefire,RedMapleBat,13
17-Feb-2023,80d,kindlefire,GuanoLoopy,12
17-Feb-2023,80d,kindlefire,OldButStillFat,11
17-Feb-2023,80d,kindlefire,bluepond20,11
17-Feb-2023,80d,kindlefire,emeraldgirl08,9
17-Feb-2023,80d,kindlefire,xangkory,9
17-Feb-2023,80d,kindlefire,Affectionate_Try_836,9
17-Feb-2023,80d,kindlefire,NCResident5,8
17-Feb-2023,80d,kindlefire,lichenihil,8
17-Feb-2023,80d,kindlefire,Arnas_Z,7
17-Feb-2023,80d,kindlefire,cabell88,7
17-Feb-2023,80d,kindlefire,Ansomat,7
17-Feb-2023,80d,kindlefire,calculon68,7
17-Feb-2023,80d,kindlefire,locolyric1983,6
17-Feb-2023,80d,kindlefire,therealjerrystaute,6
17-Feb-2023,80d,kindlefire,ToflixGamer,6
17-Feb-2023,80d,kindlefire,PigmeatMadness,6
17-Feb-2023,80d,kindlefire,willwar63,6
17-Feb-2023,80d,kindlefire,SilverHornet,6
17-Feb-2023,80d,kindlefire,Chok3U,5
17-Feb-2023,80d,kindlefire,kresbok,5
17-Feb-2023,80d,kindlefire,Champion-Racer12,5
17-Feb-2023,80d,kindlefire,Cycode,5
17-Feb-2023,80d,kindlefire,Gammarevived,5
17-Feb-2023,80d,kindlefire,FamiliarAura,5
17-Feb-2023,80d,kindlefire,GrassGreen983,5
17-Feb-2023,80d,kindlefire,Brooklyngal10,5
17-Feb-2023,80d,kindlefire,Careless-Wonder7886,5
17-Feb-2023,80d,kindlefire,GibsonMaestro,5
17-Feb-2023,80d,kindlefire,Alkyrian,5
17-Feb-2023,80d,kindlefire,AGKQ45,5
17-Feb-2023,80d,kindlefire,Linclin,5
17-Feb-2023,80d,kindlefire,aleking101,5
17-Feb-2023,80d,kindlefire,longernohuman,5
17-Feb-2023,80d,kindlefire,rice_rice_maybe,5
17-Feb-2023,80d,kindlefire,webbasica,4
17-Feb-2023,80d,kindlefire,JoyfulPlantLady,4
17-Feb-2023,80d,kindlefire,chrstn43,4
17-Feb-2023,80d,kindlefire,Alabatman,4
17-Feb-2023,80d,kindlefire,jimonabike,4
17-Feb-2023,80d,kindlefire,ashraf_r,4
17-Feb-2023,80d,kindlefire,Identd,4
17-Feb-2023,80d,kindlefire,Gomphos,4
17-Feb-2023,80d,kindlefire,Significant_Ad_1269,4
17-Feb-2023,80d,kindlefire,epictetusdouglas,4
17-Feb-2023,80d,kindlefire,jesthere,4
17-Feb-2023,80d,kindlefire,Icy-Book2999,4
17-Feb-2023,80d,kindlefire,monitoringaspects,4
17-Feb-2023,80d,kindlefire,Zerosaber071,4
17-Feb-2023,80d,kindlefire,apocalypsesurvival,4
17-Feb-2023,80d,kindlefire,nishidake,4
17-Feb-2023,80d,kindlefire,david2descent,4
17-Feb-2023,80d,kindlefire,ClassicSpookMovieFan,4
17-Feb-2023,80d,kindlefire,Agitated-Structure45,4
17-Feb-2023,80d,kindlefire,DJCPT,3
17-Feb-2023,80d,kindlefire,travism2013,3
17-Feb-2023,80d,kindlefire,Goge97,3
17-Feb-2023,80d,kindlefire,Fluffy_Candle_9434,3
17-Feb-2023,80d,kindlefire,bust4cap,3
17-Feb-2023,80d,kindlefire,Infamous_Memory_129,3
17-Feb-2023,80d,kindlefire,MollyPuddleDuck,3
17-Feb-2023,80d,kindlefire,Top-Dimension863,3
17-Feb-2023,80d,kindlefire,TrollundrtehMountain,3
17-Feb-2023,80d,kindlefire,Expo737,3
17-Feb-2023,80d,kindlefire,rock4us2,3
17-Feb-2023,80d,kindlefire,Zeldakina,3
17-Feb-2023,80d,kindlefire,themonkisthirsty,3
17-Feb-2023,80d,kindlefire,chrsmrrtt,3
17-Feb-2023,80d,kindlefire,camtdio,3
17-Feb-2023,80d,kindlefire,Swelter-Action2148,3
17-Feb-2023,80d,kindlefire,artsj,3
17-Feb-2023,80d,kindlefire,EmoStomper,3
17-Feb-2023,80d,kindlefire,LGAMER3412,3
17-Feb-2023,80d,kindlefire,MedusaMyReflection,3
17-Feb-2023,80d,kindlefire,InteractionFancy3747,3
17-Feb-2023,80d,kindlefire,aLTRo0,3
17-Feb-2023,80d,kindlefire,johnmadden18,3
17-Feb-2023,80d,kindlefire,iPhoneMiniWHITE,3
17-Feb-2023,80d,kindlefire,PopeSluggies,3
17-Feb-2023,80d,kindlefire,sstinkstink,3
17-Feb-2023,80d,kindlefire,rpgedgar,3
17-Feb-2023,80d,kindlefire,m2slam,3
17-Feb-2023,80d,kindlefire,CraigInDaVille,3
17-Feb-2023,80d,kindlefire,the_atmosphere,3
17-Feb-2023,80d,kindlefire,jlaux42,3
17-Feb-2023,80d,kindlefire,NotSoRichieRich,3
17-Feb-2023,80d,kindlefire,pomip71550,3
17-Feb-2023,80d,kindlefire,Up_and_ATEM,2
17-Feb-2023,80d,kindlefire,trigrex,2
17-Feb-2023,80d,kindlefire,nickyve09,2
17-Feb-2023,80d,kindlefire,carolineecouture,2
17-Feb-2023,80d,kindlefire,LeiLaniGranny,2
17-Feb-2023,80d,kindlefire,Konarkanuck,2
17-Feb-2023,80d,kindlefire,404invalid-user,2
17-Feb-2023,80d,kindlefire,dguy101,2
17-Feb-2023,80d,kindlefire,rwallaceva,2
17-Feb-2023,80d,kindlefire,jacle2210,2
17-Feb-2023,80d,kindlefire,HarryWiz,2
17-Feb-2023,80d,kindlefire,sunshine___riptide,2
17-Feb-2023,80d,kindlefire,Beardharmonica,2
17-Feb-2023,80d,kindlefire,reallionkiller,2
17-Feb-2023,80d,kindlefire,jolo2,2
17-Feb-2023,80d,kindlefire,readthinksurvive,2
17-Feb-2023,80d,kindlefire,DeltaNu1142,2
17-Feb-2023,80d,kindlefire,marcos19833333,2
17-Feb-2023,80d,kindlefire,jpt19,2
17-Feb-2023,80d,kindlefire,-Column-,2
17-Feb-2023,80d,kindlefire,nobullshitebrewing,2
17-Feb-2023,80d,kindlefire,Scarlizz,2
17-Feb-2023,80d,kindlefire,BRAIN_JAR_thesecond,2
17-Feb-2023,80d,kindlefire,therealjoemontana,2
17-Feb-2023,80d,kindlefire,FocusWise4112,2
17-Feb-2023,80d,kindlefire,Stormlover247,2
17-Feb-2023,80d,kindlefire,AuroraSmile26,2
17-Feb-2023,80d,kindlefire,martinbaines,2
17-Feb-2023,80d,kindlefire,Main-Craft5634,2
17-Feb-2023,80d,kindlefire,redditcantcount,2
17-Feb-2023,80d,kindlefire,Frazzledsoul,2
17-Feb-2023,80d,kindlefire,R4reCandy,2
17-Feb-2023,80d,kindlefire,cryingandlying,2
17-Feb-2023,80d,kindlefire,XC3LL1UM,2
17-Feb-2023,80d,kindlefire,P3nguLGOG,2
17-Feb-2023,80d,kindlefire,heutecdw,2
17-Feb-2023,80d,kindlefire,Level_University_696,2
17-Feb-2023,80d,kindlefire,JessicaTucker08,2
17-Feb-2023,80d,kindlefire,DDS-029,2
17-Feb-2023,80d,kindlefire,Peach_MacabreLer,2
17-Feb-2023,80d,kindlefire,xtravbx,2
17-Feb-2023,80d,kindlefire,MonsterBongos,2
17-Feb-2023,80d,kindlefire,McSmarfy,2
17-Feb-2023,80d,kindlefire,Connect-Type493,2
17-Feb-2023,80d,kindlefire,SeriouslyFishyOk,2
17-Feb-2023,80d,kindlefire,RudyHernandez1-,2
17-Feb-2023,80d,kindlefire,chelsiewizper1,2
17-Feb-2023,80d,kindlefire,cerebasan,2
17-Feb-2023,80d,kindlefire,ThePhantasm,2
17-Feb-2023,80d,kindlefire,StillLearning2,2
17-Feb-2023,80d,kindlefire,change2288,2
17-Feb-2023,80d,kindlefire,frugalacademic,2
17-Feb-2023,80d,kindlefire,Next_Initiative_1246,2
17-Feb-2023,80d,kindlefire,garfnodie,2
17-Feb-2023,80d,kindlefire,undednubz,2
17-Feb-2023,80d,kindlefire,NishaDaPooh,2
17-Feb-2023,80d,kindlefire,boredatwork813,2
17-Feb-2023,80d,kindlefire,joetekcor,2
17-Feb-2023,80d,kindlefire,katehenry4133,2
17-Feb-2023,80d,kindlefire,Tigershawk,2
17-Feb-2023,80d,kindlefire,sparker2000,2
17-Feb-2023,80d,kindlefire,I_am_Wojo,2
17-Feb-2023,80d,kindlefire,GeeLee80,2
17-Feb-2023,80d,kindlefire,sadandsapphicc,2
17-Feb-2023,80d,kindlefire,er101plus,2
17-Feb-2023,80d,kindlefire,029DDS,2
17-Feb-2023,80d,kindlefire,icelax99,2
17-Feb-2023,80d,kindlefire,jsmith1300,2
17-Feb-2023,80d,kindlefire,Legal_Examination238,2
17-Feb-2023,80d,kindlefire,Middle_Avocado,2
17-Feb-2023,80d,kindlefire,Kamwind,2
17-Feb-2023,80d,kindlefire,swissarmy914,2
17-Feb-2023,80d,kindlefire,Academic-Surprise736,2
17-Feb-2023,80d,kindlefire,GlayNation,2
17-Feb-2023,80d,kindlefire,teoweald,2
17-Feb-2023,80d,kindlefire,BEEDELLROKEJULIANLOC,2
17-Feb-2023,80d,kindlefire,Russkafin,2
17-Feb-2023,80d,kindlefire,Tailte,2
17-Feb-2023,80d,kindlefire,throwawaybear_,2
17-Feb-2023,80d,kindlefire,FarmboyJustice,2
17-Feb-2023,80d,kindlefire,donkitch,2
17-Feb-2023,80d,kindlefire,Daveddozey,2
17-Feb-2023,80d,kindlefire,obiwanjakobi257,2
17-Feb-2023,80d,kindlefire,TheUsualOne123,1
17-Feb-2023,80d,kindlefire,StimulisRK,1
17-Feb-2023,80d,kindlefire,arcticpelago,1
17-Feb-2023,80d,kindlefire,Senseikkid,1
17-Feb-2023,80d,kindlefire,flankspankrank,1
17-Feb-2023,80d,kindlefire,nshah1998,1
17-Feb-2023,80d,kindlefire,No_Lie_2099,1
17-Feb-2023,80d,kindlefire,Mundane-Wishbone-778,1
17-Feb-2023,80d,kindlefire,Tired8281,1
17-Feb-2023,80d,kindlefire,jose51197,1
17-Feb-2023,80d,kindlefire,BiologyNerdLife,1
17-Feb-2023,80d,kindlefire,Ladelnutts,1
17-Feb-2023,80d,kindlefire,king_victarion,1
17-Feb-2023,80d,kindlefire,Previous_Tennis,1
17-Feb-2023,80d,kindlefire,TheLinuxNative,1
17-Feb-2023,80d,kindlefire,brundmc2k,1
17-Feb-2023,80d,kindlefire,No-Explanation-7348,1
17-Feb-2023,80d,kindlefire,boondoggle_king,1
17-Feb-2023,80d,kindlefire,koreanfertilityrate,1
17-Feb-2023,80d,kindlefire,Intelligent-Wave-130,1
17-Feb-2023,80d,kindlefire,gobi13,1
17-Feb-2023,80d,kindlefire,rpcinfo,1
17-Feb-2023,80d,kindlefire,UnDiaCadaVez,1
17-Feb-2023,80d,kindlefire,finnicanfoxTDM,1
17-Feb-2023,80d,kindlefire,rsf0626,1
17-Feb-2023,80d,kindlefire,Alekib,1
17-Feb-2023,80d,kindlefire,stedgyson,1
17-Feb-2023,80d,kindlefire,StacyStearns,1
17-Feb-2023,80d,kindlefire,Time_Word_9130,1
17-Feb-2023,80d,kindlefire,brooklynite1,1
17-Feb-2023,80d,kindlefire,redbeard1083,1
17-Feb-2023,80d,kindlefire,Blezley,1
17-Feb-2023,80d,kindlefire,thenexus6,1
17-Feb-2023,80d,kindlefire,Explodey_Wolf,1
17-Feb-2023,80d,kindlefire,i_like_to_hike_,1
17-Feb-2023,80d,kindlefire,JamesofBerkeley,1
17-Feb-2023,80d,kindlefire,fujisan0388,1
17-Feb-2023,80d,kindlefire,the_harakiwi,1
17-Feb-2023,80d,kindlefire,strikers84,1
17-Feb-2023,80d,kindlefire,weirdkid71,1
17-Feb-2023,80d,kindlefire,rsrrll,1
17-Feb-2023,80d,kindlefire,BlurredSight,1
17-Feb-2023,80d,kindlefire,stupidendous,1
17-Feb-2023,80d,kindlefire,bryiewes,1
17-Feb-2023,80d,kindlefire,MessyGrape,1
17-Feb-2023,80d,kindlefire,ChampionshipUpset874,1
17-Feb-2023,80d,kindlefire,criticalthinker225,1
17-Feb-2023,80d,kindlefire,remargable,1
17-Feb-2023,80d,kindlefire,uwoer11,1
17-Feb-2023,80d,kindlefire,AmputatorBot,1
17-Feb-2023,80d,kindlefire,shammon5,1
17-Feb-2023,80d,kindlefire,juliebuckley,1
17-Feb-2023,80d,kindlefire,flochiskingfrfr,1
17-Feb-2023,80d,kindlefire,HustlersPosterchild,1
17-Feb-2023,80d,kindlefire,kai333,1
17-Feb-2023,80d,kindlefire,45356675467789988,1
17-Feb-2023,80d,kindlefire,IlookeditupIswear,1
17-Feb-2023,80d,kindlefire,tab87vn,1
17-Feb-2023,80d,kindlefire,importedexport,1
17-Feb-2023,80d,kindlefire,banko--,1
17-Feb-2023,80d,kindlefire,EvflEm_023,1
17-Feb-2023,80d,kindlefire,stegg88,1
17-Feb-2023,80d,kindlefire,Over_Pop_8378,1
17-Feb-2023,80d,kindlefire,BoeBusA747,1
17-Feb-2023,80d,kindlefire,s7v7nvii,1
17-Feb-2023,80d,kindlefire,Jboiwastaken,1
17-Feb-2023,80d,kindlefire,Spurs_Kreep,1
17-Feb-2023,80d,kindlefire,TFFTN,1
17-Feb-2023,80d,kindlefire,methfreak69,1
17-Feb-2023,80d,kindlefire,godvirus,1
17-Feb-2023,80d,kindlefire,Grimskull-42,1
17-Feb-2023,80d,kindlefire,No-Satisfaction-3140,1
17-Feb-2023,80d,kindlefire,gowahoo,1
17-Feb-2023,80d,kindlefire,AniDadron,1
17-Feb-2023,80d,kindlefire,smartiphone7,1
17-Feb-2023,80d,kindlefire,GerardDiedOfFlu,1
17-Feb-2023,80d,kindlefire,Conmaxanhle123,1
17-Feb-2023,80d,kindlefire,Terrible_Ad_4678,1
17-Feb-2023,80d,kindlefire,Stank22,1
17-Feb-2023,80d,kindlefire,betterinfiction1,1
17-Feb-2023,80d,kindlefire,Mr-Stumble,1
17-Feb-2023,80d,kindlefire,Sensitive-Fuel-2616,1
17-Feb-2023,80d,kindlefire,CryptographerOk419,1
17-Feb-2023,80d,kindlefire,KeepPounding86,1
17-Feb-2023,80d,kindlefire,jeekue,1
17-Feb-2023,80d,kindlefire,selfishgecko,1
17-Feb-2023,80d,kindlefire,stupornatural,1
17-Feb-2023,80d,kindlefire,Tenn_Tux,1
17-Feb-2023,80d,kindlefire,Dividand,1
17-Feb-2023,80d,kindlefire,Stressed_Out_Life,1
17-Feb-2023,80d,kindlefire,choosinghappinessnow,1
17-Feb-2023,80d,kindlefire,whitesocksflipflops,1
17-Feb-2023,80d,kindlefire,shiris,1
17-Feb-2023,80d,kindlefire,nooutlaw4me,1
17-Feb-2023,80d,kindlefire,player50077,1
17-Feb-2023,80d,kindlefire,motherofcyn,1
17-Feb-2023,80d,kindlefire,ludditetechnician,1
17-Feb-2023,80d,kindlefire,Vibroverbb,1
17-Feb-2023,80d,kindlefire,richietee757,1
17-Feb-2023,80d,kindlefire,fluffbutt6,1
17-Feb-2023,80d,kindlefire,Daniel15,1
17-Feb-2023,80d,kindlefire,sj68z,1
17-Feb-2023,80d,kindlefire,booklovinggal19,1
17-Feb-2023,80d,kindlefire,jiml777,1
17-Feb-2023,80d,kindlefire,kschang,1
17-Feb-2023,80d,kindlefire,JorgeMSU1978,1
17-Feb-2023,80d,kindlefire,elmurdoc,1
17-Feb-2023,80d,kindlefire,Dapper_Cellist3130,1
17-Feb-2023,80d,kindlefire,Any-Egg9079,1
17-Feb-2023,80d,kindlefire,droopie,1
17-Feb-2023,80d,kindlefire,derekmski,1
17-Feb-2023,80d,kindlefire,methodangel,1
17-Feb-2023,80d,kindlefire,Olson_Duck,1
17-Feb-2023,80d,kindlefire,drahhen,1
17-Feb-2023,80d,kindlefire,BesterLurnham,1
17-Feb-2023,80d,kindlefire,cronuss,1
17-Feb-2023,80d,kindlefire,funndasun01,1
17-Feb-2023,80d,kindlefire,prantoinfo,1
17-Feb-2023,80d,kindlefire,mi7chy,1
17-Feb-2023,80d,kindlefire,snake7da,1
17-Feb-2023,80d,kindlefire,GreatRelubbus,1
17-Feb-2023,80d,kindlefire,Total_Bookkeeper4237,1
17-Feb-2023,80d,kindlefire,tleung927,1
17-Feb-2023,80d,kindlefire,psnbuser,1
17-Feb-2023,80d,kindlefire,ZiggiSpaceface,1
17-Feb-2023,80d,kindlefire,Vegetable_Variety_54,1
17-Feb-2023,80d,kindlefire,calamitykate220,1
17-Feb-2023,80d,kindlefire,dragonick1982,1
17-Feb-2023,80d,kindlefire,FalseVeterinarian881,1
17-Feb-2023,80d,kindlefire,Understanding18,1
17-Feb-2023,80d,kindlefire,158234,1
17-Feb-2023,80d,kindlefire,Id_be_a_squib,1
17-Feb-2023,80d,kindlefire,djcamera,1
17-Feb-2023,80d,kindlefire,matatunos,1
17-Feb-2023,80d,kindlefire,TheCotillion,1
17-Feb-2023,80d,kindlefire,gclintj,1
17-Feb-2023,80d,kindlefire,dg-08,1
17-Feb-2023,80d,kindlefire,Specialist_Growth703,1
17-Feb-2023,80d,kindlefire,CampMain,1
17-Feb-2023,80d,kindlefire,Mrlate420,1
17-Feb-2023,80d,kindlefire,ryanpm40,1
17-Feb-2023,80d,kindlefire,AnxiousPirate,1
17-Feb-2023,80d,kindlefire,Bboy486,1
17-Feb-2023,80d,kindlefire,sutkus85,1
17-Feb-2023,80d,kindlefire,Shimi-Jimi,1
17-Feb-2023,80d,kindlefire,JQuim,1
17-Feb-2023,80d,kindlefire,Significant-Tiger531,1
17-Feb-2023,80d,kindlefire,Calpaca__,1
17-Feb-2023,80d,kindlefire,Repulsive_Move3932,1
17-Feb-2023,80d,kindlefire,No_Active_1867,1
17-Feb-2023,80d,kindlefire,justcrazytalk,1
17-Feb-2023,80d,kindlefire,riverajerry4,1
17-Feb-2023,80d,kindlefire,bliskin1,1
17-Feb-2023,80d,kindlefire,The_Hash_Slinger,1
17-Feb-2023,80d,kindlefire,Zanki,1
17-Feb-2023,80d,kindlefire,ChemiluminescentAshe,1
17-Feb-2023,80d,kindlefire,spacebass,1
17-Feb-2023,80d,kindlefire,B0tRank,1
17-Feb-2023,80d,kindlefire,ZacBobisKing,1
17-Feb-2023,80d,kindlefire,DanielDKitteringham,1
17-Feb-2023,80d,kindlefire,3rdIQ,1
17-Feb-2023,80d,kindlefire,5eeek1ngAn5werz,1
17-Feb-2023,80d,kindlefire,CurtainTrayMigraine,1
17-Feb-2023,80d,kindlefire,gsearle,1
17-Feb-2023,80d,kindlefire,agentwayward,1
17-Feb-2023,80d,kindlefire,ElkAccomplished8605,1
17-Feb-2023,80d,kindlefire,craigevil2021,1
17-Feb-2023,80d,kindlefire,Wiebenor,1
17-Feb-2023,80d,kindlefire,CSwork1,1
17-Feb-2023,80d,kindlefire,the_nanuk,1
17-Feb-2023,80d,kindlefire,BreakfastSevere7684,1
17-Feb-2023,80d,kindlefire,lennyuk,1
17-Feb-2023,80d,kindlefire,PrettyHappyAndGay,1
17-Feb-2023,80d,kindlefire,Fr33d0m10,1
17-Feb-2023,80d,kindlefire,franciobr,1
17-Feb-2023,80d,kindlefire,velo443,1
17-Feb-2023,80d,kindlefire,creatureshock,1
17-Feb-2023,80d,kindlefire,BigPecker4u,1
17-Feb-2023,80d,kindlefire,DonJimmyQuixote,1
17-Feb-2023,80d,kindlefire,rahhra,1
17-Feb-2023,80d,kindlefire,DrDrEvil,1
17-Feb-2023,80d,kindlefire,huygens2,1
17-Feb-2023,80d,kindlefire,cybergee,1
17-Feb-2023,80d,kindlefire,DryCombination8882,1
17-Feb-2023,80d,kindlefire,Cold-Ad9550,1
17-Feb-2023,80d,kindlefire,DPAmes1,1
17-Feb-2023,80d,kindlefire,Aware-Check832,1
17-Feb-2023,80d,kindlefire,Enog,1
17-Feb-2023,80d,kindlefire,guantanton,1
17-Feb-2023,80d,kindlefire,Much-Breadfruit-4845,1
17-Feb-2023,80d,kindlefire,MRRman89,1
17-Feb-2023,80d,kindlefire,Sensitive_Horse_5766,1
17-Feb-2023,80d,kindlefire,houselouie,1
17-Feb-2023,80d,kindlefire,speedplayfrog,1
17-Feb-2023,80d,kindlefire,Hamsterbonesdaddy89,1
17-Feb-2023,80d,kindlefire,cabbagepatchkid,1
17-Feb-2023,80d,kindlefire,stogle1,1
17-Feb-2023,80d,kindlefire,TroutforPrez,1
17-Feb-2023,80d,kindlefire,mextem,1
17-Feb-2023,80d,kindlefire,Top_Print4500,1
17-Feb-2023,80d,kindlefire,wkomorow,1
17-Feb-2023,80d,kindlefire,corbango17,1
17-Feb-2023,80d,kindlefire,Idk_About_Life_Dude,1
17-Feb-2023,80d,kindlefire,phonebatterylevelbot,1
17-Feb-2023,80d,kindlefire,swaggboi_,1
17-Feb-2023,80d,kindlefire,Dr_Peter_Tinkleton,1
17-Feb-2023,80d,kindlefire,leesusmusic,1
17-Feb-2023,80d,kindlefire,disty1,1
17-Feb-2023,80d,kindlefire,ProfitOneX,1
17-Feb-2023,80d,kindlefire,Redangle11,1
17-Feb-2023,80d,kindlefire,Big_Restaurant_6844,1
17-Feb-2023,80d,kindlefire,fromthefuture2141,1
17-Feb-2023,80d,kindlefire,LupitaRomero,1
17-Feb-2023,80d,kindlefire,Cactuscat007,1
17-Feb-2023,80d,kindlefire,salgak,1
17-Feb-2023,80d,kindlefire,crazyleg,1
17-Feb-2023,80d,kindlefire,wichopunkass,1
17-Feb-2023,80d,kindlefire,HeroicMyth,1
17-Feb-2023,80d,kindlefire,amberstorm2265,1
17-Feb-2023,80d,kindlefire,Meyerson,1
17-Feb-2023,80d,kindlefire,vth2,1
17-Feb-2023,80d,kindlefire,Electronic_Brush_137,1
17-Feb-2023,80d,kindlefire,Foxy-Knoxy,1
17-Feb-2023,80d,kindlefire,theguy512345,1
