query_date,before_date,subreddit,comment_author,comment_frequency
17-Feb-2023,60d,kindlefire,Fr0gm4n,55
17-Feb-2023,60d,kindlefire,AutoModerator,21
17-Feb-2023,60d,kindlefire,cabell88,18
17-Feb-2023,60d,kindlefire,tombunyon0,18
17-Feb-2023,60d,kindlefire,[deleted],17
17-Feb-2023,60d,kindlefire,TicFan67,16
17-Feb-2023,60d,kindlefire,zitsky,15
17-Feb-2023,60d,kindlefire,ccbbb23,14
17-Feb-2023,60d,kindlefire,RedMapleBat,14
17-Feb-2023,60d,kindlefire,U8dcN7vx,13
17-Feb-2023,60d,kindlefire,jolo2,13
17-Feb-2023,60d,kindlefire,willwar63,12
17-Feb-2023,60d,kindlefire,NCResident5,10
17-Feb-2023,60d,kindlefire,OldButStillFat,10
17-Feb-2023,60d,kindlefire,GuanoLoopy,9
17-Feb-2023,60d,kindlefire,Automatic-Budget-644,8
17-Feb-2023,60d,kindlefire,locolyric1983,8
17-Feb-2023,60d,kindlefire,emeraldgirl08,8
17-Feb-2023,60d,kindlefire,lichenihil,8
17-Feb-2023,60d,kindlefire,ToflixGamer,7
17-Feb-2023,60d,kindlefire,Taxit0m,7
17-Feb-2023,60d,kindlefire,FastED_88,7
17-Feb-2023,60d,kindlefire,bluepond20,7
17-Feb-2023,60d,kindlefire,Gold_Rule7973,6
17-Feb-2023,60d,kindlefire,Champion-Racer12,6
17-Feb-2023,60d,kindlefire,Alabatman,6
17-Feb-2023,60d,kindlefire,Arnas_Z,6
17-Feb-2023,60d,kindlefire,AGKQ45,6
17-Feb-2023,60d,kindlefire,Chok3U,6
17-Feb-2023,60d,kindlefire,Gomphos,6
17-Feb-2023,60d,kindlefire,brassmonkey26,6
17-Feb-2023,60d,kindlefire,e650man,6
17-Feb-2023,60d,kindlefire,Careless-Wonder7886,6
17-Feb-2023,60d,kindlefire,webbasica,6
17-Feb-2023,60d,kindlefire,Gammarevived,6
17-Feb-2023,60d,kindlefire,xangkory,6
17-Feb-2023,60d,kindlefire,rlowens,6
17-Feb-2023,60d,kindlefire,kschang,5
17-Feb-2023,60d,kindlefire,regressive12,5
17-Feb-2023,60d,kindlefire,Present-Nobody-5661,5
17-Feb-2023,60d,kindlefire,Ansomat,5
17-Feb-2023,60d,kindlefire,Cycode,5
17-Feb-2023,60d,kindlefire,therealjerrystaute,5
17-Feb-2023,60d,kindlefire,FamiliarAura,5
17-Feb-2023,60d,kindlefire,GrassGreen983,5
17-Feb-2023,60d,kindlefire,TeflonGoon,4
17-Feb-2023,60d,kindlefire,colorsfillthesky,4
17-Feb-2023,60d,kindlefire,JoyfulPlantLady,4
17-Feb-2023,60d,kindlefire,d1sxeyes,4
17-Feb-2023,60d,kindlefire,Next_Initiative_1246,4
17-Feb-2023,60d,kindlefire,jimonabike,4
17-Feb-2023,60d,kindlefire,bust4cap,4
17-Feb-2023,60d,kindlefire,kresbok,4
17-Feb-2023,60d,kindlefire,ashraf_r,4
17-Feb-2023,60d,kindlefire,Brooklyngal10,4
17-Feb-2023,60d,kindlefire,monitoringaspects,4
17-Feb-2023,60d,kindlefire,Zerosaber071,4
17-Feb-2023,60d,kindlefire,katehenry4133,3
17-Feb-2023,60d,kindlefire,XRaiderV1,3
17-Feb-2023,60d,kindlefire,Tigershawk,3
17-Feb-2023,60d,kindlefire,Orfus5,3
17-Feb-2023,60d,kindlefire,HulaDanger,3
17-Feb-2023,60d,kindlefire,WoodenDoe,3
17-Feb-2023,60d,kindlefire,readthinksurvive,3
17-Feb-2023,60d,kindlefire,Juju43445,3
17-Feb-2023,60d,kindlefire,myviolinsings,3
17-Feb-2023,60d,kindlefire,StimulisRK,3
17-Feb-2023,60d,kindlefire,longernohuman,3
17-Feb-2023,60d,kindlefire,korafotomorgana,3
17-Feb-2023,60d,kindlefire,Connect-Type493,3
17-Feb-2023,60d,kindlefire,DJCPT,3
17-Feb-2023,60d,kindlefire,travism2013,3
17-Feb-2023,60d,kindlefire,Fluffy_Candle_9434,3
17-Feb-2023,60d,kindlefire,Infamous_Memory_129,3
17-Feb-2023,60d,kindlefire,Top-Dimension863,3
17-Feb-2023,60d,kindlefire,TrollundrtehMountain,3
17-Feb-2023,60d,kindlefire,Expo737,3
17-Feb-2023,60d,kindlefire,Identd,3
17-Feb-2023,60d,kindlefire,calculon68,3
17-Feb-2023,60d,kindlefire,rock4us2,3
17-Feb-2023,60d,kindlefire,Significant_Ad_1269,3
17-Feb-2023,60d,kindlefire,themonkisthirsty,3
17-Feb-2023,60d,kindlefire,PigmeatMadness,3
17-Feb-2023,60d,kindlefire,chrsmrrtt,3
17-Feb-2023,60d,kindlefire,camtdio,3
17-Feb-2023,60d,kindlefire,Swelter-Action2148,3
17-Feb-2023,60d,kindlefire,Affectionate_Try_836,3
17-Feb-2023,60d,kindlefire,artsj,3
17-Feb-2023,60d,kindlefire,jesthere,3
17-Feb-2023,60d,kindlefire,GibsonMaestro,3
17-Feb-2023,60d,kindlefire,EmoStomper,3
17-Feb-2023,60d,kindlefire,MedusaMyReflection,3
17-Feb-2023,60d,kindlefire,Alkyrian,3
17-Feb-2023,60d,kindlefire,InteractionFancy3747,3
17-Feb-2023,60d,kindlefire,Linclin,3
17-Feb-2023,60d,kindlefire,aleking101,3
17-Feb-2023,60d,kindlefire,the_atmosphere,2
17-Feb-2023,60d,kindlefire,TheLinuxNative,2
17-Feb-2023,60d,kindlefire,No-Explanation-7348,2
17-Feb-2023,60d,kindlefire,Gustavomcr,2
17-Feb-2023,60d,kindlefire,Really420,2
17-Feb-2023,60d,kindlefire,Mike20878,2
17-Feb-2023,60d,kindlefire,Sp00kbee,2
17-Feb-2023,60d,kindlefire,Kamwind,2
17-Feb-2023,60d,kindlefire,DylanAceV,2
17-Feb-2023,60d,kindlefire,crkdopn,2
17-Feb-2023,60d,kindlefire,Brother_Monkieus,2
17-Feb-2023,60d,kindlefire,vampir3aut0psy,2
17-Feb-2023,60d,kindlefire,epictetusdouglas,2
17-Feb-2023,60d,kindlefire,myseriouspineapple,2
17-Feb-2023,60d,kindlefire,pcolmer,2
17-Feb-2023,60d,kindlefire,alazar14,2
17-Feb-2023,60d,kindlefire,rexamous,2
17-Feb-2023,60d,kindlefire,fenway33,2
17-Feb-2023,60d,kindlefire,swissarmy914,2
17-Feb-2023,60d,kindlefire,nobullshitebrewing,2
17-Feb-2023,60d,kindlefire,No_Lie_2099,2
17-Feb-2023,60d,kindlefire,Randolph_Carter_666,2
17-Feb-2023,60d,kindlefire,sparkktv,2
17-Feb-2023,60d,kindlefire,allennathan,2
17-Feb-2023,60d,kindlefire,jimbobgeo,2
17-Feb-2023,60d,kindlefire,VersatileGuru,2
17-Feb-2023,60d,kindlefire,Jass_167,2
17-Feb-2023,60d,kindlefire,derekmski,2
17-Feb-2023,60d,kindlefire,dragonick1982,2
17-Feb-2023,60d,kindlefire,Laptop_Ninja,2
17-Feb-2023,60d,kindlefire,LatterBack8265,2
17-Feb-2023,60d,kindlefire,Up_and_ATEM,2
17-Feb-2023,60d,kindlefire,nickyve09,2
17-Feb-2023,60d,kindlefire,LeiLaniGranny,2
17-Feb-2023,60d,kindlefire,Konarkanuck,2
17-Feb-2023,60d,kindlefire,chrstn43,2
17-Feb-2023,60d,kindlefire,404invalid-user,2
17-Feb-2023,60d,kindlefire,dguy101,2
17-Feb-2023,60d,kindlefire,rwallaceva,2
17-Feb-2023,60d,kindlefire,HarryWiz,2
17-Feb-2023,60d,kindlefire,Beardharmonica,2
17-Feb-2023,60d,kindlefire,reallionkiller,2
17-Feb-2023,60d,kindlefire,DeltaNu1142,2
17-Feb-2023,60d,kindlefire,marcos19833333,2
17-Feb-2023,60d,kindlefire,-Column-,2
17-Feb-2023,60d,kindlefire,Scarlizz,2
17-Feb-2023,60d,kindlefire,BRAIN_JAR_thesecond,2
17-Feb-2023,60d,kindlefire,Zeldakina,2
17-Feb-2023,60d,kindlefire,therealjoemontana,2
17-Feb-2023,60d,kindlefire,FocusWise4112,2
17-Feb-2023,60d,kindlefire,Stormlover247,2
17-Feb-2023,60d,kindlefire,AuroraSmile26,2
17-Feb-2023,60d,kindlefire,martinbaines,2
17-Feb-2023,60d,kindlefire,Main-Craft5634,2
17-Feb-2023,60d,kindlefire,redditcantcount,2
17-Feb-2023,60d,kindlefire,Frazzledsoul,2
17-Feb-2023,60d,kindlefire,R4reCandy,2
17-Feb-2023,60d,kindlefire,cryingandlying,2
17-Feb-2023,60d,kindlefire,XC3LL1UM,2
17-Feb-2023,60d,kindlefire,P3nguLGOG,2
17-Feb-2023,60d,kindlefire,heutecdw,2
17-Feb-2023,60d,kindlefire,Level_University_696,2
17-Feb-2023,60d,kindlefire,JessicaTucker08,2
17-Feb-2023,60d,kindlefire,Peach_MacabreLer,2
17-Feb-2023,60d,kindlefire,xtravbx,2
17-Feb-2023,60d,kindlefire,MonsterBongos,2
17-Feb-2023,60d,kindlefire,McSmarfy,2
17-Feb-2023,60d,kindlefire,SeriouslyFishyOk,2
17-Feb-2023,60d,kindlefire,chelsiewizper1,2
17-Feb-2023,60d,kindlefire,Icy-Book2999,2
17-Feb-2023,60d,kindlefire,ThePhantasm,2
17-Feb-2023,60d,kindlefire,StillLearning2,2
17-Feb-2023,60d,kindlefire,change2288,2
17-Feb-2023,60d,kindlefire,frugalacademic,2
17-Feb-2023,60d,kindlefire,garfnodie,2
17-Feb-2023,60d,kindlefire,undednubz,2
17-Feb-2023,60d,kindlefire,NishaDaPooh,2
17-Feb-2023,60d,kindlefire,boredatwork813,2
17-Feb-2023,60d,kindlefire,aLTRo0,2
17-Feb-2023,60d,kindlefire,joetekcor,2
17-Feb-2023,60d,kindlefire,johnmadden18,2
17-Feb-2023,60d,kindlefire,apocalypsesurvival,2
17-Feb-2023,60d,kindlefire,I_am_Wojo,2
17-Feb-2023,60d,kindlefire,GeeLee80,2
17-Feb-2023,60d,kindlefire,chambrot,1
17-Feb-2023,60d,kindlefire,Unhappy-Maybe2606,1
17-Feb-2023,60d,kindlefire,Fogger-3,1
17-Feb-2023,60d,kindlefire,NastySpitGobbler,1
17-Feb-2023,60d,kindlefire,flappui-xp,1
17-Feb-2023,60d,kindlefire,eat-the-stars,1
17-Feb-2023,60d,kindlefire,GrvyrdGhst,1
17-Feb-2023,60d,kindlefire,trailruns,1
17-Feb-2023,60d,kindlefire,justin6942069-,1
17-Feb-2023,60d,kindlefire,Rumblarr,1
17-Feb-2023,60d,kindlefire,Consistent_Use4520,1
17-Feb-2023,60d,kindlefire,krustywazoo,1
17-Feb-2023,60d,kindlefire,Vast-Mathematician50,1
17-Feb-2023,60d,kindlefire,Ok_Zucchini2777,1
17-Feb-2023,60d,kindlefire,noknotz,1
17-Feb-2023,60d,kindlefire,ComfortableHost7481,1
17-Feb-2023,60d,kindlefire,bcookieb,1
17-Feb-2023,60d,kindlefire,akaExposed,1
17-Feb-2023,60d,kindlefire,Comrade_agent,1
17-Feb-2023,60d,kindlefire,jgtokyo2020,1
17-Feb-2023,60d,kindlefire,piratequeenzee,1
17-Feb-2023,60d,kindlefire,Mintakastar,1
17-Feb-2023,60d,kindlefire,Opagamagnet,1
17-Feb-2023,60d,kindlefire,virtueofsilence,1
17-Feb-2023,60d,kindlefire,steevgg,1
17-Feb-2023,60d,kindlefire,Badcatalex,1
17-Feb-2023,60d,kindlefire,Tristen895,1
17-Feb-2023,60d,kindlefire,paul92849,1
17-Feb-2023,60d,kindlefire,AVTimothy123,1
17-Feb-2023,60d,kindlefire,SsgtMcNasty,1
17-Feb-2023,60d,kindlefire,st1tchy,1
17-Feb-2023,60d,kindlefire,Russkafin,1
17-Feb-2023,60d,kindlefire,DamageBetter8462,1
17-Feb-2023,60d,kindlefire,westtxfun,1
17-Feb-2023,60d,kindlefire,paxtonwonderz,1
17-Feb-2023,60d,kindlefire,TheButchPrincess,1
17-Feb-2023,60d,kindlefire,tobasco_max,1
17-Feb-2023,60d,kindlefire,theBurrFactor14,1
17-Feb-2023,60d,kindlefire,nononsensevictoria,1
17-Feb-2023,60d,kindlefire,BeckyAKALoufubu7,1
17-Feb-2023,60d,kindlefire,axman1971,1
17-Feb-2023,60d,kindlefire,Chrislk1986,1
17-Feb-2023,60d,kindlefire,BrowniesNCheese,1
17-Feb-2023,60d,kindlefire,Korgrah,1
17-Feb-2023,60d,kindlefire,material-thea,1
17-Feb-2023,60d,kindlefire,th3j0k3rj03,1
17-Feb-2023,60d,kindlefire,DesperateEngineer451,1
17-Feb-2023,60d,kindlefire,Northerntwilight,1
17-Feb-2023,60d,kindlefire,Mister-Walkway,1
17-Feb-2023,60d,kindlefire,johnr588,1
17-Feb-2023,60d,kindlefire,civbat,1
17-Feb-2023,60d,kindlefire,maisykatee,1
17-Feb-2023,60d,kindlefire,RaplhKramden,1
17-Feb-2023,60d,kindlefire,hdcantona937,1
17-Feb-2023,60d,kindlefire,warriors_03,1
17-Feb-2023,60d,kindlefire,jaxheather,1
17-Feb-2023,60d,kindlefire,Sad-Text-1876,1
17-Feb-2023,60d,kindlefire,deevandiacle,1
17-Feb-2023,60d,kindlefire,aaacostaaa,1
17-Feb-2023,60d,kindlefire,jlaux42,1
17-Feb-2023,60d,kindlefire,Every_Platform_7986,1
17-Feb-2023,60d,kindlefire,CoffayKranzen,1
17-Feb-2023,60d,kindlefire,LongUsername,1
17-Feb-2023,60d,kindlefire,paperfaced,1
17-Feb-2023,60d,kindlefire,whythehellnote,1
17-Feb-2023,60d,kindlefire,folksnake,1
17-Feb-2023,60d,kindlefire,sonofdisaster,1
17-Feb-2023,60d,kindlefire,selfobsessedandsexee,1
17-Feb-2023,60d,kindlefire,Hot-Cell9631,1
17-Feb-2023,60d,kindlefire,sidarous,1
17-Feb-2023,60d,kindlefire,Trobed18,1
17-Feb-2023,60d,kindlefire,bkdredditYO,1
17-Feb-2023,60d,kindlefire,Paridoth,1
17-Feb-2023,60d,kindlefire,AmbushBugged,1
17-Feb-2023,60d,kindlefire,gmgajh,1
17-Feb-2023,60d,kindlefire,MRRman89,1
17-Feb-2023,60d,kindlefire,LC21CXY,1
17-Feb-2023,60d,kindlefire,kholdstayr,1
17-Feb-2023,60d,kindlefire,twd000,1
17-Feb-2023,60d,kindlefire,newnemo,1
17-Feb-2023,60d,kindlefire,KitWat,1
17-Feb-2023,60d,kindlefire,Producing_It,1
17-Feb-2023,60d,kindlefire,h-o-l,1
17-Feb-2023,60d,kindlefire,Thecompromisev,1
17-Feb-2023,60d,kindlefire,BDThrills,1
17-Feb-2023,60d,kindlefire,purplegrog,1
17-Feb-2023,60d,kindlefire,axcraig,1
17-Feb-2023,60d,kindlefire,TheUsualOne123,1
17-Feb-2023,60d,kindlefire,arcticpelago,1
17-Feb-2023,60d,kindlefire,Senseikkid,1
17-Feb-2023,60d,kindlefire,flankspankrank,1
17-Feb-2023,60d,kindlefire,nshah1998,1
17-Feb-2023,60d,kindlefire,trigrex,1
17-Feb-2023,60d,kindlefire,Mundane-Wishbone-778,1
17-Feb-2023,60d,kindlefire,Tired8281,1
17-Feb-2023,60d,kindlefire,jose51197,1
17-Feb-2023,60d,kindlefire,BiologyNerdLife,1
17-Feb-2023,60d,kindlefire,Ladelnutts,1
17-Feb-2023,60d,kindlefire,king_victarion,1
17-Feb-2023,60d,kindlefire,Previous_Tennis,1
17-Feb-2023,60d,kindlefire,carolineecouture,1
17-Feb-2023,60d,kindlefire,brundmc2k,1
17-Feb-2023,60d,kindlefire,boondoggle_king,1
17-Feb-2023,60d,kindlefire,koreanfertilityrate,1
17-Feb-2023,60d,kindlefire,Goge97,1
17-Feb-2023,60d,kindlefire,jacle2210,1
17-Feb-2023,60d,kindlefire,Intelligent-Wave-130,1
17-Feb-2023,60d,kindlefire,gobi13,1
17-Feb-2023,60d,kindlefire,rpcinfo,1
17-Feb-2023,60d,kindlefire,UnDiaCadaVez,1
17-Feb-2023,60d,kindlefire,finnicanfoxTDM,1
17-Feb-2023,60d,kindlefire,rsf0626,1
17-Feb-2023,60d,kindlefire,Alekib,1
17-Feb-2023,60d,kindlefire,stedgyson,1
17-Feb-2023,60d,kindlefire,StacyStearns,1
17-Feb-2023,60d,kindlefire,Time_Word_9130,1
17-Feb-2023,60d,kindlefire,brooklynite1,1
17-Feb-2023,60d,kindlefire,MollyPuddleDuck,1
17-Feb-2023,60d,kindlefire,redbeard1083,1
17-Feb-2023,60d,kindlefire,Blezley,1
17-Feb-2023,60d,kindlefire,thenexus6,1
17-Feb-2023,60d,kindlefire,Explodey_Wolf,1
17-Feb-2023,60d,kindlefire,i_like_to_hike_,1
17-Feb-2023,60d,kindlefire,JamesofBerkeley,1
17-Feb-2023,60d,kindlefire,fujisan0388,1
17-Feb-2023,60d,kindlefire,sunshine___riptide,1
17-Feb-2023,60d,kindlefire,the_harakiwi,1
17-Feb-2023,60d,kindlefire,strikers84,1
17-Feb-2023,60d,kindlefire,weirdkid71,1
17-Feb-2023,60d,kindlefire,rsrrll,1
17-Feb-2023,60d,kindlefire,BlurredSight,1
17-Feb-2023,60d,kindlefire,stupidendous,1
17-Feb-2023,60d,kindlefire,bryiewes,1
17-Feb-2023,60d,kindlefire,MessyGrape,1
17-Feb-2023,60d,kindlefire,ChampionshipUpset874,1
17-Feb-2023,60d,kindlefire,criticalthinker225,1
17-Feb-2023,60d,kindlefire,remargable,1
17-Feb-2023,60d,kindlefire,uwoer11,1
17-Feb-2023,60d,kindlefire,AmputatorBot,1
17-Feb-2023,60d,kindlefire,shammon5,1
17-Feb-2023,60d,kindlefire,juliebuckley,1
17-Feb-2023,60d,kindlefire,jpt19,1
17-Feb-2023,60d,kindlefire,flochiskingfrfr,1
17-Feb-2023,60d,kindlefire,HustlersPosterchild,1
17-Feb-2023,60d,kindlefire,kai333,1
17-Feb-2023,60d,kindlefire,45356675467789988,1
17-Feb-2023,60d,kindlefire,IlookeditupIswear,1
17-Feb-2023,60d,kindlefire,tab87vn,1
17-Feb-2023,60d,kindlefire,importedexport,1
17-Feb-2023,60d,kindlefire,banko--,1
17-Feb-2023,60d,kindlefire,EvflEm_023,1
17-Feb-2023,60d,kindlefire,stegg88,1
17-Feb-2023,60d,kindlefire,Over_Pop_8378,1
17-Feb-2023,60d,kindlefire,BoeBusA747,1
17-Feb-2023,60d,kindlefire,s7v7nvii,1
17-Feb-2023,60d,kindlefire,Jboiwastaken,1
17-Feb-2023,60d,kindlefire,Spurs_Kreep,1
17-Feb-2023,60d,kindlefire,TFFTN,1
17-Feb-2023,60d,kindlefire,methfreak69,1
17-Feb-2023,60d,kindlefire,godvirus,1
17-Feb-2023,60d,kindlefire,Grimskull-42,1
17-Feb-2023,60d,kindlefire,No-Satisfaction-3140,1
17-Feb-2023,60d,kindlefire,gowahoo,1
17-Feb-2023,60d,kindlefire,AniDadron,1
17-Feb-2023,60d,kindlefire,smartiphone7,1
17-Feb-2023,60d,kindlefire,GerardDiedOfFlu,1
17-Feb-2023,60d,kindlefire,Conmaxanhle123,1
17-Feb-2023,60d,kindlefire,Terrible_Ad_4678,1
17-Feb-2023,60d,kindlefire,Stank22,1
17-Feb-2023,60d,kindlefire,betterinfiction1,1
17-Feb-2023,60d,kindlefire,DDS-029,1
17-Feb-2023,60d,kindlefire,Mr-Stumble,1
17-Feb-2023,60d,kindlefire,Sensitive-Fuel-2616,1
17-Feb-2023,60d,kindlefire,CryptographerOk419,1
17-Feb-2023,60d,kindlefire,KeepPounding86,1
17-Feb-2023,60d,kindlefire,jeekue,1
17-Feb-2023,60d,kindlefire,selfishgecko,1
17-Feb-2023,60d,kindlefire,stupornatural,1
17-Feb-2023,60d,kindlefire,Tenn_Tux,1
17-Feb-2023,60d,kindlefire,Dividand,1
17-Feb-2023,60d,kindlefire,Stressed_Out_Life,1
17-Feb-2023,60d,kindlefire,choosinghappinessnow,1
17-Feb-2023,60d,kindlefire,whitesocksflipflops,1
17-Feb-2023,60d,kindlefire,shiris,1
17-Feb-2023,60d,kindlefire,nooutlaw4me,1
17-Feb-2023,60d,kindlefire,player50077,1
17-Feb-2023,60d,kindlefire,motherofcyn,1
17-Feb-2023,60d,kindlefire,RudyHernandez1-,1
17-Feb-2023,60d,kindlefire,ludditetechnician,1
17-Feb-2023,60d,kindlefire,Vibroverbb,1
17-Feb-2023,60d,kindlefire,richietee757,1
17-Feb-2023,60d,kindlefire,fluffbutt6,1
17-Feb-2023,60d,kindlefire,Daniel15,1
17-Feb-2023,60d,kindlefire,sj68z,1
17-Feb-2023,60d,kindlefire,cerebasan,1
17-Feb-2023,60d,kindlefire,LGAMER3412,1
17-Feb-2023,60d,kindlefire,booklovinggal19,1
17-Feb-2023,60d,kindlefire,jiml777,1
17-Feb-2023,60d,kindlefire,JorgeMSU1978,1
17-Feb-2023,60d,kindlefire,elmurdoc,1
17-Feb-2023,60d,kindlefire,Dapper_Cellist3130,1
17-Feb-2023,60d,kindlefire,Any-Egg9079,1
17-Feb-2023,60d,kindlefire,droopie,1
17-Feb-2023,60d,kindlefire,methodangel,1
17-Feb-2023,60d,kindlefire,Olson_Duck,1
17-Feb-2023,60d,kindlefire,drahhen,1
17-Feb-2023,60d,kindlefire,BesterLurnham,1
17-Feb-2023,60d,kindlefire,cronuss,1
17-Feb-2023,60d,kindlefire,funndasun01,1
17-Feb-2023,60d,kindlefire,prantoinfo,1
17-Feb-2023,60d,kindlefire,mi7chy,1
17-Feb-2023,60d,kindlefire,snake7da,1
17-Feb-2023,60d,kindlefire,GreatRelubbus,1
17-Feb-2023,60d,kindlefire,Total_Bookkeeper4237,1
17-Feb-2023,60d,kindlefire,tleung927,1
17-Feb-2023,60d,kindlefire,psnbuser,1
17-Feb-2023,60d,kindlefire,ZiggiSpaceface,1
17-Feb-2023,60d,kindlefire,Vegetable_Variety_54,1
17-Feb-2023,60d,kindlefire,calamitykate220,1
17-Feb-2023,60d,kindlefire,FalseVeterinarian881,1
17-Feb-2023,60d,kindlefire,Understanding18,1
17-Feb-2023,60d,kindlefire,158234,1
17-Feb-2023,60d,kindlefire,Id_be_a_squib,1
17-Feb-2023,60d,kindlefire,sparker2000,1
17-Feb-2023,60d,kindlefire,djcamera,1
17-Feb-2023,60d,kindlefire,matatunos,1
17-Feb-2023,60d,kindlefire,sadandsapphicc,1
17-Feb-2023,60d,kindlefire,er101plus,1
