query_date,before_date,subreddit,submission_author,submission_frequency
17-Feb-2023,100d,kindlefire,ThePhantasm,1
17-Feb-2023,100d,kindlefire,monitoringaspects,1
17-Feb-2023,100d,kindlefire,leaving_again,1
17-Feb-2023,100d,kindlefire,change2288,1
17-Feb-2023,100d,kindlefire,JorgeMSU1978,1
17-Feb-2023,100d,kindlefire,elmurdoc,1
17-Feb-2023,100d,kindlefire,nishidake,1
17-Feb-2023,100d,kindlefire,AGKQ45,1
17-Feb-2023,100d,kindlefire,cakeresurfacer,1
17-Feb-2023,100d,kindlefire,quemotiso,1
17-Feb-2023,100d,kindlefire,Dapper_Cellist3130,1
17-Feb-2023,100d,kindlefire,frugalacademic,1
17-Feb-2023,100d,kindlefire,NishaDaPooh,1
17-Feb-2023,100d,kindlefire,Nightshade_Iris,1
17-Feb-2023,100d,kindlefire,iPhoneMiniWHITE,1
17-Feb-2023,100d,kindlefire,Stellarisk,1
17-Feb-2023,100d,kindlefire,saaspiration,1
17-Feb-2023,100d,kindlefire,psnbuser,1
17-Feb-2023,100d,kindlefire,johnmadden18,1
17-Feb-2023,100d,kindlefire,Airricklam,1
17-Feb-2023,100d,kindlefire,InteractionFancy3747,1
17-Feb-2023,100d,kindlefire,lichenihil,1
17-Feb-2023,100d,kindlefire,Zerosaber071,1
