query_date,before_date,subreddit,comment_author,comment_frequency
17-Feb-2023,50d,kindlefire,Fr0gm4n,58
17-Feb-2023,50d,kindlefire,AutoModerator,27
17-Feb-2023,50d,kindlefire,tombunyon0,25
17-Feb-2023,50d,kindlefire,[deleted],24
17-Feb-2023,50d,kindlefire,jolo2,20
17-Feb-2023,50d,kindlefire,cabell88,18
17-Feb-2023,50d,kindlefire,scorpycoby,16
17-Feb-2023,50d,kindlefire,U8dcN7vx,15
17-Feb-2023,50d,kindlefire,TicFan67,14
17-Feb-2023,50d,kindlefire,RedMapleBat,12
17-Feb-2023,50d,kindlefire,ccbbb23,12
17-Feb-2023,50d,kindlefire,Alabatman,11
17-Feb-2023,50d,kindlefire,willwar63,11
17-Feb-2023,50d,kindlefire,rlowens,10
17-Feb-2023,50d,kindlefire,kschang,10
17-Feb-2023,50d,kindlefire,brassmonkey26,9
17-Feb-2023,50d,kindlefire,penniesmammy,9
17-Feb-2023,50d,kindlefire,Automatic-Budget-644,9
17-Feb-2023,50d,kindlefire,XRaiderV1,9
17-Feb-2023,50d,kindlefire,NCResident5,8
17-Feb-2023,50d,kindlefire,locolyric1983,8
17-Feb-2023,50d,kindlefire,e650man,7
17-Feb-2023,50d,kindlefire,Gold_Rule7973,7
17-Feb-2023,50d,kindlefire,ToflixGamer,7
17-Feb-2023,50d,kindlefire,Taxit0m,7
17-Feb-2023,50d,kindlefire,FastED_88,7
17-Feb-2023,50d,kindlefire,emeraldgirl08,7
17-Feb-2023,50d,kindlefire,zitsky,7
17-Feb-2023,50d,kindlefire,Present-Nobody-5661,6
17-Feb-2023,50d,kindlefire,Champion-Racer12,6
17-Feb-2023,50d,kindlefire,Chok3U,6
17-Feb-2023,50d,kindlefire,webbasica,6
17-Feb-2023,50d,kindlefire,OldButStillFat,6
17-Feb-2023,50d,kindlefire,lichenihil,6
17-Feb-2023,50d,kindlefire,sunrisedown,5
17-Feb-2023,50d,kindlefire,nemoyakkula,5
17-Feb-2023,50d,kindlefire,Gomphos,5
17-Feb-2023,50d,kindlefire,Gustavomcr,5
17-Feb-2023,50d,kindlefire,bust4cap,5
17-Feb-2023,50d,kindlefire,Aymon_official,5
17-Feb-2023,50d,kindlefire,calculon68,5
17-Feb-2023,50d,kindlefire,regressive12,5
17-Feb-2023,50d,kindlefire,Arnas_Z,5
17-Feb-2023,50d,kindlefire,Gammarevived,5
17-Feb-2023,50d,kindlefire,Cycode,5
17-Feb-2023,50d,kindlefire,G3nesis331,4
17-Feb-2023,50d,kindlefire,bryiewes,4
17-Feb-2023,50d,kindlefire,jacle2210,4
17-Feb-2023,50d,kindlefire,kresbok,4
17-Feb-2023,50d,kindlefire,pcolmer,4
17-Feb-2023,50d,kindlefire,Ok-Comparison-1717,4
17-Feb-2023,50d,kindlefire,swissarmy914,4
17-Feb-2023,50d,kindlefire,TeflonGoon,4
17-Feb-2023,50d,kindlefire,colorsfillthesky,4
17-Feb-2023,50d,kindlefire,d1sxeyes,4
17-Feb-2023,50d,kindlefire,jimonabike,4
17-Feb-2023,50d,kindlefire,Ansomat,4
17-Feb-2023,50d,kindlefire,Shaydu,3
17-Feb-2023,50d,kindlefire,bluepond20,3
17-Feb-2023,50d,kindlefire,GuanoLoopy,3
17-Feb-2023,50d,kindlefire,Calcidiol,3
17-Feb-2023,50d,kindlefire,Mike20878,3
17-Feb-2023,50d,kindlefire,zachzweig,3
17-Feb-2023,50d,kindlefire,TheLinuxNative,3
17-Feb-2023,50d,kindlefire,No-Explanation-7348,3
17-Feb-2023,50d,kindlefire,Orfus5,3
17-Feb-2023,50d,kindlefire,HulaDanger,3
17-Feb-2023,50d,kindlefire,JoyfulPlantLady,3
17-Feb-2023,50d,kindlefire,WoodenDoe,3
17-Feb-2023,50d,kindlefire,Juju43445,3
17-Feb-2023,50d,kindlefire,myviolinsings,3
17-Feb-2023,50d,kindlefire,StimulisRK,3
17-Feb-2023,50d,kindlefire,korafotomorgana,3
17-Feb-2023,50d,kindlefire,DJCPT,3
17-Feb-2023,50d,kindlefire,travism2013,3
17-Feb-2023,50d,kindlefire,Fluffy_Candle_9434,3
17-Feb-2023,50d,kindlefire,Infamous_Memory_129,3
17-Feb-2023,50d,kindlefire,therealjerrystaute,3
17-Feb-2023,50d,kindlefire,Top-Dimension863,3
17-Feb-2023,50d,kindlefire,TrollundrtehMountain,3
17-Feb-2023,50d,kindlefire,Expo737,3
17-Feb-2023,50d,kindlefire,ashraf_r,3
17-Feb-2023,50d,kindlefire,Identd,3
17-Feb-2023,50d,kindlefire,rock4us2,3
17-Feb-2023,50d,kindlefire,themonkisthirsty,3
17-Feb-2023,50d,kindlefire,chrsmrrtt,3
17-Feb-2023,50d,kindlefire,paul92849,2
17-Feb-2023,50d,kindlefire,IamTedE,2
17-Feb-2023,50d,kindlefire,conqug,2
17-Feb-2023,50d,kindlefire,PopeSluggies,2
17-Feb-2023,50d,kindlefire,jennylee232,2
17-Feb-2023,50d,kindlefire,theMillen,2
17-Feb-2023,50d,kindlefire,boondoggle_king,2
17-Feb-2023,50d,kindlefire,2manyiterations,2
17-Feb-2023,50d,kindlefire,BrowniesNCheese,2
17-Feb-2023,50d,kindlefire,irish56_ak,2
17-Feb-2023,50d,kindlefire,Mellowmews,2
17-Feb-2023,50d,kindlefire,AmbushBugged,2
17-Feb-2023,50d,kindlefire,phanngoctri,2
17-Feb-2023,50d,kindlefire,Mj111213,2
17-Feb-2023,50d,kindlefire,Marko_Vityk,2
17-Feb-2023,50d,kindlefire,AmputatorBot,2
17-Feb-2023,50d,kindlefire,Iceghostfox44,2
17-Feb-2023,50d,kindlefire,PitRejection2359,2
17-Feb-2023,50d,kindlefire,Hades-Arcadius,2
17-Feb-2023,50d,kindlefire,camcabbit,2
17-Feb-2023,50d,kindlefire,SyndraMew,2
17-Feb-2023,50d,kindlefire,Affectionate-Site235,2
17-Feb-2023,50d,kindlefire,the_atmosphere,2
17-Feb-2023,50d,kindlefire,Really420,2
17-Feb-2023,50d,kindlefire,Sp00kbee,2
17-Feb-2023,50d,kindlefire,Kamwind,2
17-Feb-2023,50d,kindlefire,Tigershawk,2
17-Feb-2023,50d,kindlefire,DylanAceV,2
17-Feb-2023,50d,kindlefire,crkdopn,2
17-Feb-2023,50d,kindlefire,Brother_Monkieus,2
17-Feb-2023,50d,kindlefire,vampir3aut0psy,2
17-Feb-2023,50d,kindlefire,epictetusdouglas,2
17-Feb-2023,50d,kindlefire,myseriouspineapple,2
17-Feb-2023,50d,kindlefire,alazar14,2
17-Feb-2023,50d,kindlefire,rexamous,2
17-Feb-2023,50d,kindlefire,fenway33,2
17-Feb-2023,50d,kindlefire,readthinksurvive,2
17-Feb-2023,50d,kindlefire,Next_Initiative_1246,2
17-Feb-2023,50d,kindlefire,nobullshitebrewing,2
17-Feb-2023,50d,kindlefire,No_Lie_2099,2
17-Feb-2023,50d,kindlefire,Randolph_Carter_666,2
17-Feb-2023,50d,kindlefire,sparkktv,2
17-Feb-2023,50d,kindlefire,allennathan,2
17-Feb-2023,50d,kindlefire,jimbobgeo,2
17-Feb-2023,50d,kindlefire,VersatileGuru,2
17-Feb-2023,50d,kindlefire,longernohuman,2
17-Feb-2023,50d,kindlefire,Jass_167,2
17-Feb-2023,50d,kindlefire,Laptop_Ninja,2
17-Feb-2023,50d,kindlefire,LatterBack8265,2
17-Feb-2023,50d,kindlefire,Up_and_ATEM,2
17-Feb-2023,50d,kindlefire,nickyve09,2
17-Feb-2023,50d,kindlefire,404invalid-user,2
17-Feb-2023,50d,kindlefire,dguy101,2
17-Feb-2023,50d,kindlefire,rwallaceva,2
17-Feb-2023,50d,kindlefire,HarryWiz,2
17-Feb-2023,50d,kindlefire,Beardharmonica,2
17-Feb-2023,50d,kindlefire,reallionkiller,2
17-Feb-2023,50d,kindlefire,DeltaNu1142,2
17-Feb-2023,50d,kindlefire,marcos19833333,2
17-Feb-2023,50d,kindlefire,-Column-,2
17-Feb-2023,50d,kindlefire,Scarlizz,2
17-Feb-2023,50d,kindlefire,BRAIN_JAR_thesecond,2
17-Feb-2023,50d,kindlefire,therealjoemontana,2
17-Feb-2023,50d,kindlefire,FocusWise4112,2
17-Feb-2023,50d,kindlefire,Stormlover247,2
17-Feb-2023,50d,kindlefire,AuroraSmile26,2
17-Feb-2023,50d,kindlefire,martinbaines,2
17-Feb-2023,50d,kindlefire,Main-Craft5634,2
17-Feb-2023,50d,kindlefire,redditcantcount,2
17-Feb-2023,50d,kindlefire,Swelter-Action2148,2
17-Feb-2023,50d,kindlefire,FamiliarAura,2
17-Feb-2023,50d,kindlefire,upsetjackson,1
17-Feb-2023,50d,kindlefire,Icy-Book2999,1
17-Feb-2023,50d,kindlefire,TufTed2003,1
17-Feb-2023,50d,kindlefire,bz922x,1
17-Feb-2023,50d,kindlefire,Pleasant_Meal_2030,1
17-Feb-2023,50d,kindlefire,FalseVeterinarian881,1
17-Feb-2023,50d,kindlefire,dragonsamus,1
17-Feb-2023,50d,kindlefire,victor86vazquez,1
17-Feb-2023,50d,kindlefire,Max_Rower,1
17-Feb-2023,50d,kindlefire,Vlowman,1
17-Feb-2023,50d,kindlefire,funkture,1
17-Feb-2023,50d,kindlefire,sparker2000,1
17-Feb-2023,50d,kindlefire,Mission-Definition12,1
17-Feb-2023,50d,kindlefire,HiiipowerBass,1
17-Feb-2023,50d,kindlefire,substitutewithpizza,1
17-Feb-2023,50d,kindlefire,kpikid3,1
17-Feb-2023,50d,kindlefire,Incin1225,1
17-Feb-2023,50d,kindlefire,nishidake,1
17-Feb-2023,50d,kindlefire,Loveyourwifenow,1
17-Feb-2023,50d,kindlefire,Fortherubofgod,1
17-Feb-2023,50d,kindlefire,marteque-me,1
17-Feb-2023,50d,kindlefire,Zanki,1
17-Feb-2023,50d,kindlefire,NefariousnessHot7883,1
17-Feb-2023,50d,kindlefire,grif_0,1
17-Feb-2023,50d,kindlefire,Markaes4,1
17-Feb-2023,50d,kindlefire,Border_Relevant,1
17-Feb-2023,50d,kindlefire,ohmyashleyy,1
17-Feb-2023,50d,kindlefire,elizabethvde,1
17-Feb-2023,50d,kindlefire,ThaddeusJP,1
17-Feb-2023,50d,kindlefire,mhoner,1
17-Feb-2023,50d,kindlefire,drg267,1
17-Feb-2023,50d,kindlefire,Skele11,1
17-Feb-2023,50d,kindlefire,velo443,1
17-Feb-2023,50d,kindlefire,joeyl7,1
17-Feb-2023,50d,kindlefire,Unikornus,1
17-Feb-2023,50d,kindlefire,PlentyOfKiwi,1
17-Feb-2023,50d,kindlefire,jai_hanyo,1
17-Feb-2023,50d,kindlefire,OreJen,1
17-Feb-2023,50d,kindlefire,Core-8,1
17-Feb-2023,50d,kindlefire,Jester_Pug,1
17-Feb-2023,50d,kindlefire,RedPlammer,1
17-Feb-2023,50d,kindlefire,ericabridget,1
17-Feb-2023,50d,kindlefire,niceguyjin,1
17-Feb-2023,50d,kindlefire,Putrid_Style2,1
17-Feb-2023,50d,kindlefire,dopaminenotyours,1
17-Feb-2023,50d,kindlefire,Working_Artist7201,1
17-Feb-2023,50d,kindlefire,trevb1983,1
17-Feb-2023,50d,kindlefire,EarlyList,1
17-Feb-2023,50d,kindlefire,Paid-Not-Payed-Bot,1
17-Feb-2023,50d,kindlefire,Several-Act-8430,1
17-Feb-2023,50d,kindlefire,Alternative-Farmer98,1
17-Feb-2023,50d,kindlefire,nutrigrain,1
17-Feb-2023,50d,kindlefire,Dry_Coat_7580,1
17-Feb-2023,50d,kindlefire,Foxxi-Moxxi,1
17-Feb-2023,50d,kindlefire,Disk-Intrepid,1
17-Feb-2023,50d,kindlefire,Toben-,1
17-Feb-2023,50d,kindlefire,voyager106,1
17-Feb-2023,50d,kindlefire,xotmatrix,1
17-Feb-2023,50d,kindlefire,ExperienceSad4375,1
17-Feb-2023,50d,kindlefire,-SpaghettiCat-,1
17-Feb-2023,50d,kindlefire,Dangerous-Ant-4292,1
17-Feb-2023,50d,kindlefire,Aware_Hat9370,1
17-Feb-2023,50d,kindlefire,Zynn3d,1
17-Feb-2023,50d,kindlefire,SixManager62O7,1
17-Feb-2023,50d,kindlefire,niccotaglia,1
17-Feb-2023,50d,kindlefire,bocephus_huxtable,1
17-Feb-2023,50d,kindlefire,Adorable_Car_3255,1
17-Feb-2023,50d,kindlefire,Bobb_o,1
17-Feb-2023,50d,kindlefire,FaeFollette,1
17-Feb-2023,50d,kindlefire,suddencompetition600,1
17-Feb-2023,50d,kindlefire,richietee757,1
17-Feb-2023,50d,kindlefire,SwampFink,1
17-Feb-2023,50d,kindlefire,chambrot,1
17-Feb-2023,50d,kindlefire,Unhappy-Maybe2606,1
17-Feb-2023,50d,kindlefire,Fogger-3,1
17-Feb-2023,50d,kindlefire,NastySpitGobbler,1
17-Feb-2023,50d,kindlefire,katehenry4133,1
17-Feb-2023,50d,kindlefire,flappui-xp,1
17-Feb-2023,50d,kindlefire,eat-the-stars,1
17-Feb-2023,50d,kindlefire,GrvyrdGhst,1
17-Feb-2023,50d,kindlefire,trailruns,1
17-Feb-2023,50d,kindlefire,justin6942069-,1
17-Feb-2023,50d,kindlefire,Rumblarr,1
17-Feb-2023,50d,kindlefire,Consistent_Use4520,1
17-Feb-2023,50d,kindlefire,krustywazoo,1
17-Feb-2023,50d,kindlefire,Vast-Mathematician50,1
17-Feb-2023,50d,kindlefire,Ok_Zucchini2777,1
17-Feb-2023,50d,kindlefire,noknotz,1
17-Feb-2023,50d,kindlefire,ComfortableHost7481,1
17-Feb-2023,50d,kindlefire,bcookieb,1
17-Feb-2023,50d,kindlefire,akaExposed,1
17-Feb-2023,50d,kindlefire,Comrade_agent,1
17-Feb-2023,50d,kindlefire,jgtokyo2020,1
17-Feb-2023,50d,kindlefire,piratequeenzee,1
17-Feb-2023,50d,kindlefire,Mintakastar,1
17-Feb-2023,50d,kindlefire,Opagamagnet,1
17-Feb-2023,50d,kindlefire,virtueofsilence,1
17-Feb-2023,50d,kindlefire,steevgg,1
17-Feb-2023,50d,kindlefire,Badcatalex,1
17-Feb-2023,50d,kindlefire,Tristen895,1
17-Feb-2023,50d,kindlefire,AVTimothy123,1
17-Feb-2023,50d,kindlefire,SsgtMcNasty,1
17-Feb-2023,50d,kindlefire,st1tchy,1
17-Feb-2023,50d,kindlefire,Russkafin,1
17-Feb-2023,50d,kindlefire,AGKQ45,1
17-Feb-2023,50d,kindlefire,DamageBetter8462,1
17-Feb-2023,50d,kindlefire,westtxfun,1
17-Feb-2023,50d,kindlefire,paxtonwonderz,1
17-Feb-2023,50d,kindlefire,TheButchPrincess,1
17-Feb-2023,50d,kindlefire,tobasco_max,1
17-Feb-2023,50d,kindlefire,theBurrFactor14,1
17-Feb-2023,50d,kindlefire,nononsensevictoria,1
17-Feb-2023,50d,kindlefire,BeckyAKALoufubu7,1
17-Feb-2023,50d,kindlefire,axman1971,1
17-Feb-2023,50d,kindlefire,Chrislk1986,1
17-Feb-2023,50d,kindlefire,Korgrah,1
17-Feb-2023,50d,kindlefire,material-thea,1
17-Feb-2023,50d,kindlefire,th3j0k3rj03,1
17-Feb-2023,50d,kindlefire,DesperateEngineer451,1
17-Feb-2023,50d,kindlefire,Northerntwilight,1
17-Feb-2023,50d,kindlefire,Mister-Walkway,1
17-Feb-2023,50d,kindlefire,johnr588,1
17-Feb-2023,50d,kindlefire,civbat,1
17-Feb-2023,50d,kindlefire,maisykatee,1
17-Feb-2023,50d,kindlefire,RaplhKramden,1
17-Feb-2023,50d,kindlefire,hdcantona937,1
17-Feb-2023,50d,kindlefire,Careless-Wonder7886,1
17-Feb-2023,50d,kindlefire,warriors_03,1
17-Feb-2023,50d,kindlefire,jaxheather,1
17-Feb-2023,50d,kindlefire,Sad-Text-1876,1
17-Feb-2023,50d,kindlefire,deevandiacle,1
17-Feb-2023,50d,kindlefire,aaacostaaa,1
17-Feb-2023,50d,kindlefire,jlaux42,1
17-Feb-2023,50d,kindlefire,Every_Platform_7986,1
17-Feb-2023,50d,kindlefire,CoffayKranzen,1
17-Feb-2023,50d,kindlefire,LongUsername,1
17-Feb-2023,50d,kindlefire,paperfaced,1
17-Feb-2023,50d,kindlefire,whythehellnote,1
17-Feb-2023,50d,kindlefire,folksnake,1
17-Feb-2023,50d,kindlefire,sonofdisaster,1
17-Feb-2023,50d,kindlefire,selfobsessedandsexee,1
17-Feb-2023,50d,kindlefire,Hot-Cell9631,1
17-Feb-2023,50d,kindlefire,sidarous,1
17-Feb-2023,50d,kindlefire,Trobed18,1
17-Feb-2023,50d,kindlefire,bkdredditYO,1
17-Feb-2023,50d,kindlefire,Paridoth,1
17-Feb-2023,50d,kindlefire,gmgajh,1
17-Feb-2023,50d,kindlefire,derekmski,1
17-Feb-2023,50d,kindlefire,dragonick1982,1
17-Feb-2023,50d,kindlefire,MRRman89,1
17-Feb-2023,50d,kindlefire,LC21CXY,1
17-Feb-2023,50d,kindlefire,kholdstayr,1
17-Feb-2023,50d,kindlefire,twd000,1
17-Feb-2023,50d,kindlefire,newnemo,1
17-Feb-2023,50d,kindlefire,Connect-Type493,1
17-Feb-2023,50d,kindlefire,KitWat,1
17-Feb-2023,50d,kindlefire,Producing_It,1
17-Feb-2023,50d,kindlefire,h-o-l,1
17-Feb-2023,50d,kindlefire,Thecompromisev,1
17-Feb-2023,50d,kindlefire,BDThrills,1
17-Feb-2023,50d,kindlefire,purplegrog,1
17-Feb-2023,50d,kindlefire,axcraig,1
17-Feb-2023,50d,kindlefire,TheUsualOne123,1
17-Feb-2023,50d,kindlefire,arcticpelago,1
17-Feb-2023,50d,kindlefire,Senseikkid,1
17-Feb-2023,50d,kindlefire,flankspankrank,1
17-Feb-2023,50d,kindlefire,nshah1998,1
17-Feb-2023,50d,kindlefire,trigrex,1
17-Feb-2023,50d,kindlefire,Mundane-Wishbone-778,1
17-Feb-2023,50d,kindlefire,Tired8281,1
17-Feb-2023,50d,kindlefire,jose51197,1
17-Feb-2023,50d,kindlefire,BiologyNerdLife,1
17-Feb-2023,50d,kindlefire,Ladelnutts,1
17-Feb-2023,50d,kindlefire,king_victarion,1
17-Feb-2023,50d,kindlefire,Previous_Tennis,1
17-Feb-2023,50d,kindlefire,carolineecouture,1
17-Feb-2023,50d,kindlefire,LeiLaniGranny,1
17-Feb-2023,50d,kindlefire,Konarkanuck,1
17-Feb-2023,50d,kindlefire,xangkory,1
17-Feb-2023,50d,kindlefire,brundmc2k,1
17-Feb-2023,50d,kindlefire,chrstn43,1
17-Feb-2023,50d,kindlefire,koreanfertilityrate,1
17-Feb-2023,50d,kindlefire,Goge97,1
17-Feb-2023,50d,kindlefire,Intelligent-Wave-130,1
17-Feb-2023,50d,kindlefire,gobi13,1
17-Feb-2023,50d,kindlefire,rpcinfo,1
17-Feb-2023,50d,kindlefire,UnDiaCadaVez,1
17-Feb-2023,50d,kindlefire,finnicanfoxTDM,1
17-Feb-2023,50d,kindlefire,rsf0626,1
17-Feb-2023,50d,kindlefire,Alekib,1
17-Feb-2023,50d,kindlefire,stedgyson,1
17-Feb-2023,50d,kindlefire,StacyStearns,1
17-Feb-2023,50d,kindlefire,Time_Word_9130,1
17-Feb-2023,50d,kindlefire,brooklynite1,1
17-Feb-2023,50d,kindlefire,MollyPuddleDuck,1
17-Feb-2023,50d,kindlefire,redbeard1083,1
17-Feb-2023,50d,kindlefire,Blezley,1
17-Feb-2023,50d,kindlefire,thenexus6,1
17-Feb-2023,50d,kindlefire,Explodey_Wolf,1
17-Feb-2023,50d,kindlefire,i_like_to_hike_,1
17-Feb-2023,50d,kindlefire,JamesofBerkeley,1
17-Feb-2023,50d,kindlefire,fujisan0388,1
17-Feb-2023,50d,kindlefire,sunshine___riptide,1
17-Feb-2023,50d,kindlefire,the_harakiwi,1
17-Feb-2023,50d,kindlefire,strikers84,1
17-Feb-2023,50d,kindlefire,weirdkid71,1
17-Feb-2023,50d,kindlefire,rsrrll,1
17-Feb-2023,50d,kindlefire,BlurredSight,1
17-Feb-2023,50d,kindlefire,stupidendous,1
17-Feb-2023,50d,kindlefire,MessyGrape,1
17-Feb-2023,50d,kindlefire,ChampionshipUpset874,1
17-Feb-2023,50d,kindlefire,criticalthinker225,1
17-Feb-2023,50d,kindlefire,remargable,1
17-Feb-2023,50d,kindlefire,uwoer11,1
17-Feb-2023,50d,kindlefire,shammon5,1
17-Feb-2023,50d,kindlefire,juliebuckley,1
17-Feb-2023,50d,kindlefire,jpt19,1
17-Feb-2023,50d,kindlefire,flochiskingfrfr,1
17-Feb-2023,50d,kindlefire,HustlersPosterchild,1
17-Feb-2023,50d,kindlefire,kai333,1
17-Feb-2023,50d,kindlefire,45356675467789988,1
17-Feb-2023,50d,kindlefire,IlookeditupIswear,1
17-Feb-2023,50d,kindlefire,Zeldakina,1
17-Feb-2023,50d,kindlefire,tab87vn,1
17-Feb-2023,50d,kindlefire,importedexport,1
17-Feb-2023,50d,kindlefire,Significant_Ad_1269,1
17-Feb-2023,50d,kindlefire,banko--,1
17-Feb-2023,50d,kindlefire,EvflEm_023,1
17-Feb-2023,50d,kindlefire,stegg88,1
17-Feb-2023,50d,kindlefire,Over_Pop_8378,1
17-Feb-2023,50d,kindlefire,BoeBusA747,1
17-Feb-2023,50d,kindlefire,s7v7nvii,1
17-Feb-2023,50d,kindlefire,Jboiwastaken,1
17-Feb-2023,50d,kindlefire,Spurs_Kreep,1
17-Feb-2023,50d,kindlefire,PigmeatMadness,1
17-Feb-2023,50d,kindlefire,TFFTN,1
17-Feb-2023,50d,kindlefire,methfreak69,1
17-Feb-2023,50d,kindlefire,godvirus,1
17-Feb-2023,50d,kindlefire,Grimskull-42,1
17-Feb-2023,50d,kindlefire,Frazzledsoul,1
17-Feb-2023,50d,kindlefire,No-Satisfaction-3140,1
17-Feb-2023,50d,kindlefire,camtdio,1
17-Feb-2023,50d,kindlefire,gowahoo,1
17-Feb-2023,50d,kindlefire,AniDadron,1
17-Feb-2023,50d,kindlefire,R4reCandy,1
17-Feb-2023,50d,kindlefire,smartiphone7,1
17-Feb-2023,50d,kindlefire,GerardDiedOfFlu,1
17-Feb-2023,50d,kindlefire,Conmaxanhle123,1
