query_date,before_date,subreddit,comment_author,comment_frequency
17-Feb-2023,40d,kindlefire,Fr0gm4n,57
17-Feb-2023,40d,kindlefire,[deleted],28
17-Feb-2023,40d,kindlefire,AutoModerator,28
17-Feb-2023,40d,kindlefire,tombunyon0,25
17-Feb-2023,40d,kindlefire,jolo2,23
17-Feb-2023,40d,kindlefire,Champion-Racer12,18
17-Feb-2023,40d,kindlefire,scorpycoby,18
17-Feb-2023,40d,kindlefire,TicFan67,16
17-Feb-2023,40d,kindlefire,cabell88,14
17-Feb-2023,40d,kindlefire,willwar63,13
17-Feb-2023,40d,kindlefire,ccbbb23,13
17-Feb-2023,40d,kindlefire,er101plus,11
17-Feb-2023,40d,kindlefire,U8dcN7vx,10
17-Feb-2023,40d,kindlefire,kschang,10
17-Feb-2023,40d,kindlefire,NCResident5,9
17-Feb-2023,40d,kindlefire,sparker2000,9
17-Feb-2023,40d,kindlefire,kresbok,9
17-Feb-2023,40d,kindlefire,e650man,9
17-Feb-2023,40d,kindlefire,brassmonkey26,9
17-Feb-2023,40d,kindlefire,penniesmammy,9
17-Feb-2023,40d,kindlefire,Automatic-Budget-644,9
17-Feb-2023,40d,kindlefire,XRaiderV1,9
17-Feb-2023,40d,kindlefire,Chok3U,8
17-Feb-2023,40d,kindlefire,Gold_Rule7973,8
17-Feb-2023,40d,kindlefire,Ok-Comparison-1717,7
17-Feb-2023,40d,kindlefire,Alabatman,7
17-Feb-2023,40d,kindlefire,Taxit0m,7
17-Feb-2023,40d,kindlefire,FastED_88,7
17-Feb-2023,40d,kindlefire,RedMapleBat,6
17-Feb-2023,40d,kindlefire,bust4cap,6
17-Feb-2023,40d,kindlefire,jacle2210,6
17-Feb-2023,40d,kindlefire,EdzyFPS,6
17-Feb-2023,40d,kindlefire,Present-Nobody-5661,6
17-Feb-2023,40d,kindlefire,Sp00kbee,5
17-Feb-2023,40d,kindlefire,citizenhagen,5
17-Feb-2023,40d,kindlefire,Gomphos,5
17-Feb-2023,40d,kindlefire,sunrisedown,5
17-Feb-2023,40d,kindlefire,nemoyakkula,5
17-Feb-2023,40d,kindlefire,Gustavomcr,5
17-Feb-2023,40d,kindlefire,Aymon_official,5
17-Feb-2023,40d,kindlefire,regressive12,5
17-Feb-2023,40d,kindlefire,crkdopn,4
17-Feb-2023,40d,kindlefire,FalseVeterinarian881,4
17-Feb-2023,40d,kindlefire,Tigershawk,4
17-Feb-2023,40d,kindlefire,philmeehog,4
17-Feb-2023,40d,kindlefire,AdNew8205,4
17-Feb-2023,40d,kindlefire,TobiasBloyd,4
17-Feb-2023,40d,kindlefire,No-Explanation-7348,4
17-Feb-2023,40d,kindlefire,bryiewes,4
17-Feb-2023,40d,kindlefire,Shaydu,4
17-Feb-2023,40d,kindlefire,G3nesis331,4
17-Feb-2023,40d,kindlefire,rlowens,4
17-Feb-2023,40d,kindlefire,pcolmer,4
17-Feb-2023,40d,kindlefire,swissarmy914,4
17-Feb-2023,40d,kindlefire,TeflonGoon,4
17-Feb-2023,40d,kindlefire,colorsfillthesky,4
17-Feb-2023,40d,kindlefire,d1sxeyes,4
17-Feb-2023,40d,kindlefire,Icy-Book2999,3
17-Feb-2023,40d,kindlefire,Ok_Zucchini2777,3
17-Feb-2023,40d,kindlefire,BDThrills,3
17-Feb-2023,40d,kindlefire,Dry_Coat_7580,3
17-Feb-2023,40d,kindlefire,OreJen,3
17-Feb-2023,40d,kindlefire,SanAequitas,3
17-Feb-2023,40d,kindlefire,Mission-Definition12,3
17-Feb-2023,40d,kindlefire,ukiukimidnite,3
17-Feb-2023,40d,kindlefire,Total_Connection9879,3
17-Feb-2023,40d,kindlefire,Konarkanuck,3
17-Feb-2023,40d,kindlefire,Elegant-Sleep3849,3
17-Feb-2023,40d,kindlefire,alazar14,3
17-Feb-2023,40d,kindlefire,paul92849,3
17-Feb-2023,40d,kindlefire,Calcidiol,3
17-Feb-2023,40d,kindlefire,Mike20878,3
17-Feb-2023,40d,kindlefire,zachzweig,3
17-Feb-2023,40d,kindlefire,calculon68,3
17-Feb-2023,40d,kindlefire,TheLinuxNative,3
17-Feb-2023,40d,kindlefire,Orfus5,3
17-Feb-2023,40d,kindlefire,HulaDanger,3
17-Feb-2023,40d,kindlefire,WoodenDoe,3
17-Feb-2023,40d,kindlefire,Arnas_Z,3
17-Feb-2023,40d,kindlefire,Juju43445,3
17-Feb-2023,40d,kindlefire,myviolinsings,3
17-Feb-2023,40d,kindlefire,StimulisRK,3
17-Feb-2023,40d,kindlefire,korafotomorgana,3
17-Feb-2023,40d,kindlefire,webbasica,3
17-Feb-2023,40d,kindlefire,rutlander,2
17-Feb-2023,40d,kindlefire,wdroark,2
17-Feb-2023,40d,kindlefire,beautypopper101,2
17-Feb-2023,40d,kindlefire,Zoopenblopper,2
17-Feb-2023,40d,kindlefire,hagstatus,2
17-Feb-2023,40d,kindlefire,st1tchy,2
17-Feb-2023,40d,kindlefire,funkture,2
17-Feb-2023,40d,kindlefire,flphotog35,2
17-Feb-2023,40d,kindlefire,claatra,2
17-Feb-2023,40d,kindlefire,joeyl7,2
17-Feb-2023,40d,kindlefire,stone5522,2
17-Feb-2023,40d,kindlefire,Personal_Farm_4391,2
17-Feb-2023,40d,kindlefire,autobulb,2
17-Feb-2023,40d,kindlefire,RetroPottle,2
17-Feb-2023,40d,kindlefire,Nekima,2
17-Feb-2023,40d,kindlefire,dragonick1982,2
17-Feb-2023,40d,kindlefire,Alwaysd23,2
17-Feb-2023,40d,kindlefire,MarknDC,2
17-Feb-2023,40d,kindlefire,JohKohLoh,2
17-Feb-2023,40d,kindlefire,AffectionateZombie66,2
17-Feb-2023,40d,kindlefire,th3j0k3rj03,2
17-Feb-2023,40d,kindlefire,rttnmnna,2
17-Feb-2023,40d,kindlefire,chengjih,2
17-Feb-2023,40d,kindlefire,GibsonMaestro,2
17-Feb-2023,40d,kindlefire,iamacea,2
17-Feb-2023,40d,kindlefire,cait_mack15,2
17-Feb-2023,40d,kindlefire,AmputatorBot,2
17-Feb-2023,40d,kindlefire,Aware_Hat9370,2
17-Feb-2023,40d,kindlefire,IamTedE,2
17-Feb-2023,40d,kindlefire,conqug,2
17-Feb-2023,40d,kindlefire,PopeSluggies,2
17-Feb-2023,40d,kindlefire,bluepond20,2
17-Feb-2023,40d,kindlefire,jennylee232,2
17-Feb-2023,40d,kindlefire,theMillen,2
17-Feb-2023,40d,kindlefire,2manyiterations,2
17-Feb-2023,40d,kindlefire,BrowniesNCheese,2
17-Feb-2023,40d,kindlefire,irish56_ak,2
17-Feb-2023,40d,kindlefire,Mellowmews,2
17-Feb-2023,40d,kindlefire,AmbushBugged,2
17-Feb-2023,40d,kindlefire,phanngoctri,2
17-Feb-2023,40d,kindlefire,Mj111213,2
17-Feb-2023,40d,kindlefire,Marko_Vityk,2
17-Feb-2023,40d,kindlefire,Iceghostfox44,2
17-Feb-2023,40d,kindlefire,PitRejection2359,2
17-Feb-2023,40d,kindlefire,Hades-Arcadius,2
17-Feb-2023,40d,kindlefire,camcabbit,2
17-Feb-2023,40d,kindlefire,SyndraMew,2
17-Feb-2023,40d,kindlefire,Affectionate-Site235,2
17-Feb-2023,40d,kindlefire,the_atmosphere,2
17-Feb-2023,40d,kindlefire,Really420,2
17-Feb-2023,40d,kindlefire,Kamwind,2
17-Feb-2023,40d,kindlefire,DylanAceV,2
17-Feb-2023,40d,kindlefire,Brother_Monkieus,2
17-Feb-2023,40d,kindlefire,JoyfulPlantLady,2
17-Feb-2023,40d,kindlefire,vampir3aut0psy,2
17-Feb-2023,40d,kindlefire,myseriouspineapple,2
17-Feb-2023,40d,kindlefire,rexamous,2
17-Feb-2023,40d,kindlefire,fenway33,2
17-Feb-2023,40d,kindlefire,Next_Initiative_1246,2
17-Feb-2023,40d,kindlefire,No_Lie_2099,2
17-Feb-2023,40d,kindlefire,Randolph_Carter_666,2
17-Feb-2023,40d,kindlefire,sparkktv,2
17-Feb-2023,40d,kindlefire,allennathan,2
17-Feb-2023,40d,kindlefire,jimbobgeo,2
17-Feb-2023,40d,kindlefire,VersatileGuru,2
17-Feb-2023,40d,kindlefire,longernohuman,2
17-Feb-2023,40d,kindlefire,Jass_167,2
17-Feb-2023,40d,kindlefire,locolyric1983,2
17-Feb-2023,40d,kindlefire,Ansomat,2
17-Feb-2023,40d,kindlefire,Laptop_Ninja,2
17-Feb-2023,40d,kindlefire,LatterBack8265,2
17-Feb-2023,40d,kindlefire,Up_and_ATEM,2
17-Feb-2023,40d,kindlefire,nickyve09,2
17-Feb-2023,40d,kindlefire,Short_Couple9371,1
17-Feb-2023,40d,kindlefire,Olson_Duck,1
17-Feb-2023,40d,kindlefire,atdotdavid,1
17-Feb-2023,40d,kindlefire,ActHaru,1
17-Feb-2023,40d,kindlefire,ProfessionalDad50,1
17-Feb-2023,40d,kindlefire,JoB_NSFW,1
17-Feb-2023,40d,kindlefire,jg0199,1
17-Feb-2023,40d,kindlefire,Sunfried,1
17-Feb-2023,40d,kindlefire,Relevant-Reach-1985,1
17-Feb-2023,40d,kindlefire,Un4seenCircumstance,1
17-Feb-2023,40d,kindlefire,spartans6,1
17-Feb-2023,40d,kindlefire,Repulsive_Move3932,1
17-Feb-2023,40d,kindlefire,JamesofBerkeley,1
17-Feb-2023,40d,kindlefire,_biggerthanthesound_,1
17-Feb-2023,40d,kindlefire,NycTony,1
17-Feb-2023,40d,kindlefire,Bhaelros,1
17-Feb-2023,40d,kindlefire,ClaireManx,1
17-Feb-2023,40d,kindlefire,CuvisTheConqueror,1
17-Feb-2023,40d,kindlefire,TGRRAG81,1
17-Feb-2023,40d,kindlefire,javornelas,1
17-Feb-2023,40d,kindlefire,duncantuna,1
17-Feb-2023,40d,kindlefire,HarleyTG_Official,1
17-Feb-2023,40d,kindlefire,Gary_Owhere,1
17-Feb-2023,40d,kindlefire,deltafridge,1
17-Feb-2023,40d,kindlefire,jnubianyc,1
17-Feb-2023,40d,kindlefire,jamxil,1
17-Feb-2023,40d,kindlefire,dkoucky,1
17-Feb-2023,40d,kindlefire,AvonBarksdale666,1
17-Feb-2023,40d,kindlefire,ellejaysea,1
17-Feb-2023,40d,kindlefire,Kgirl703,1
17-Feb-2023,40d,kindlefire,Falkeliehaber,1
17-Feb-2023,40d,kindlefire,why_wilson,1
17-Feb-2023,40d,kindlefire,jQam,1
17-Feb-2023,40d,kindlefire,m2slam,1
17-Feb-2023,40d,kindlefire,SatisfactionDue4508,1
17-Feb-2023,40d,kindlefire,joshwgaming,1
17-Feb-2023,40d,kindlefire,Infinite_Advance_450,1
17-Feb-2023,40d,kindlefire,Live_Example1454,1
17-Feb-2023,40d,kindlefire,heysavnac,1
17-Feb-2023,40d,kindlefire,leebon427,1
17-Feb-2023,40d,kindlefire,loganosness,1
17-Feb-2023,40d,kindlefire,jmp4me444,1
17-Feb-2023,40d,kindlefire,barbatos86,1
17-Feb-2023,40d,kindlefire,booklovinggal19,1
17-Feb-2023,40d,kindlefire,grantdb,1
17-Feb-2023,40d,kindlefire,karaczaet,1
17-Feb-2023,40d,kindlefire,ChikaraFan,1
17-Feb-2023,40d,kindlefire,Worried-Atmosphere-3,1
17-Feb-2023,40d,kindlefire,Maleficent-Radish261,1
17-Feb-2023,40d,kindlefire,darvin1295,1
17-Feb-2023,40d,kindlefire,No-Ad-7252,1
17-Feb-2023,40d,kindlefire,nabbyadams,1
17-Feb-2023,40d,kindlefire,GeeLee80,1
17-Feb-2023,40d,kindlefire,x-sus,1
17-Feb-2023,40d,kindlefire,Key-Aide-2620,1
17-Feb-2023,40d,kindlefire,luisrivera_co,1
17-Feb-2023,40d,kindlefire,Declue1973,1
17-Feb-2023,40d,kindlefire,amadaeus-,1
17-Feb-2023,40d,kindlefire,Appropriate_Credit83,1
17-Feb-2023,40d,kindlefire,Narrow_Salamander521,1
17-Feb-2023,40d,kindlefire,larry2300,1
17-Feb-2023,40d,kindlefire,dpatreexm,1
17-Feb-2023,40d,kindlefire,Character-Relief2809,1
17-Feb-2023,40d,kindlefire,SaskatchewanFuckinEh,1
17-Feb-2023,40d,kindlefire,Emlerith,1
17-Feb-2023,40d,kindlefire,MoorSoul,1
17-Feb-2023,40d,kindlefire,OldButStillFat,1
17-Feb-2023,40d,kindlefire,FakespotAnalysisBot,1
17-Feb-2023,40d,kindlefire,upsetjackson,1
17-Feb-2023,40d,kindlefire,TufTed2003,1
17-Feb-2023,40d,kindlefire,bz922x,1
17-Feb-2023,40d,kindlefire,Pleasant_Meal_2030,1
17-Feb-2023,40d,kindlefire,dragonsamus,1
17-Feb-2023,40d,kindlefire,victor86vazquez,1
17-Feb-2023,40d,kindlefire,Max_Rower,1
17-Feb-2023,40d,kindlefire,Vlowman,1
17-Feb-2023,40d,kindlefire,HiiipowerBass,1
17-Feb-2023,40d,kindlefire,substitutewithpizza,1
17-Feb-2023,40d,kindlefire,kpikid3,1
17-Feb-2023,40d,kindlefire,Incin1225,1
17-Feb-2023,40d,kindlefire,nishidake,1
17-Feb-2023,40d,kindlefire,Loveyourwifenow,1
17-Feb-2023,40d,kindlefire,Fortherubofgod,1
17-Feb-2023,40d,kindlefire,marteque-me,1
17-Feb-2023,40d,kindlefire,GuanoLoopy,1
17-Feb-2023,40d,kindlefire,Zanki,1
17-Feb-2023,40d,kindlefire,NefariousnessHot7883,1
17-Feb-2023,40d,kindlefire,grif_0,1
17-Feb-2023,40d,kindlefire,Markaes4,1
17-Feb-2023,40d,kindlefire,Border_Relevant,1
17-Feb-2023,40d,kindlefire,ohmyashleyy,1
17-Feb-2023,40d,kindlefire,elizabethvde,1
17-Feb-2023,40d,kindlefire,ThaddeusJP,1
17-Feb-2023,40d,kindlefire,mhoner,1
17-Feb-2023,40d,kindlefire,drg267,1
17-Feb-2023,40d,kindlefire,boondoggle_king,1
17-Feb-2023,40d,kindlefire,Skele11,1
17-Feb-2023,40d,kindlefire,velo443,1
17-Feb-2023,40d,kindlefire,Unikornus,1
17-Feb-2023,40d,kindlefire,PlentyOfKiwi,1
17-Feb-2023,40d,kindlefire,jai_hanyo,1
17-Feb-2023,40d,kindlefire,Core-8,1
17-Feb-2023,40d,kindlefire,Jester_Pug,1
17-Feb-2023,40d,kindlefire,RedPlammer,1
17-Feb-2023,40d,kindlefire,ericabridget,1
17-Feb-2023,40d,kindlefire,niceguyjin,1
17-Feb-2023,40d,kindlefire,Putrid_Style2,1
17-Feb-2023,40d,kindlefire,dopaminenotyours,1
17-Feb-2023,40d,kindlefire,Working_Artist7201,1
17-Feb-2023,40d,kindlefire,trevb1983,1
17-Feb-2023,40d,kindlefire,EarlyList,1
17-Feb-2023,40d,kindlefire,Paid-Not-Payed-Bot,1
17-Feb-2023,40d,kindlefire,Several-Act-8430,1
17-Feb-2023,40d,kindlefire,Alternative-Farmer98,1
17-Feb-2023,40d,kindlefire,nutrigrain,1
17-Feb-2023,40d,kindlefire,Foxxi-Moxxi,1
17-Feb-2023,40d,kindlefire,Disk-Intrepid,1
17-Feb-2023,40d,kindlefire,Toben-,1
17-Feb-2023,40d,kindlefire,voyager106,1
17-Feb-2023,40d,kindlefire,xotmatrix,1
17-Feb-2023,40d,kindlefire,ExperienceSad4375,1
17-Feb-2023,40d,kindlefire,-SpaghettiCat-,1
17-Feb-2023,40d,kindlefire,Dangerous-Ant-4292,1
17-Feb-2023,40d,kindlefire,Zynn3d,1
17-Feb-2023,40d,kindlefire,SixManager62O7,1
17-Feb-2023,40d,kindlefire,niccotaglia,1
17-Feb-2023,40d,kindlefire,bocephus_huxtable,1
17-Feb-2023,40d,kindlefire,Adorable_Car_3255,1
17-Feb-2023,40d,kindlefire,Bobb_o,1
17-Feb-2023,40d,kindlefire,FaeFollette,1
17-Feb-2023,40d,kindlefire,suddencompetition600,1
17-Feb-2023,40d,kindlefire,richietee757,1
17-Feb-2023,40d,kindlefire,SwampFink,1
17-Feb-2023,40d,kindlefire,chambrot,1
17-Feb-2023,40d,kindlefire,Unhappy-Maybe2606,1
17-Feb-2023,40d,kindlefire,Fogger-3,1
17-Feb-2023,40d,kindlefire,NastySpitGobbler,1
17-Feb-2023,40d,kindlefire,katehenry4133,1
17-Feb-2023,40d,kindlefire,flappui-xp,1
17-Feb-2023,40d,kindlefire,eat-the-stars,1
17-Feb-2023,40d,kindlefire,GrvyrdGhst,1
17-Feb-2023,40d,kindlefire,trailruns,1
17-Feb-2023,40d,kindlefire,justin6942069-,1
17-Feb-2023,40d,kindlefire,ToflixGamer,1
17-Feb-2023,40d,kindlefire,Rumblarr,1
17-Feb-2023,40d,kindlefire,Consistent_Use4520,1
17-Feb-2023,40d,kindlefire,krustywazoo,1
17-Feb-2023,40d,kindlefire,Vast-Mathematician50,1
17-Feb-2023,40d,kindlefire,noknotz,1
17-Feb-2023,40d,kindlefire,ComfortableHost7481,1
17-Feb-2023,40d,kindlefire,bcookieb,1
17-Feb-2023,40d,kindlefire,akaExposed,1
17-Feb-2023,40d,kindlefire,Comrade_agent,1
17-Feb-2023,40d,kindlefire,jgtokyo2020,1
17-Feb-2023,40d,kindlefire,piratequeenzee,1
17-Feb-2023,40d,kindlefire,Mintakastar,1
17-Feb-2023,40d,kindlefire,epictetusdouglas,1
17-Feb-2023,40d,kindlefire,Opagamagnet,1
17-Feb-2023,40d,kindlefire,virtueofsilence,1
17-Feb-2023,40d,kindlefire,steevgg,1
17-Feb-2023,40d,kindlefire,Badcatalex,1
17-Feb-2023,40d,kindlefire,Tristen895,1
17-Feb-2023,40d,kindlefire,AVTimothy123,1
17-Feb-2023,40d,kindlefire,SsgtMcNasty,1
17-Feb-2023,40d,kindlefire,Russkafin,1
17-Feb-2023,40d,kindlefire,AGKQ45,1
17-Feb-2023,40d,kindlefire,DamageBetter8462,1
17-Feb-2023,40d,kindlefire,westtxfun,1
17-Feb-2023,40d,kindlefire,paxtonwonderz,1
17-Feb-2023,40d,kindlefire,TheButchPrincess,1
17-Feb-2023,40d,kindlefire,tobasco_max,1
17-Feb-2023,40d,kindlefire,theBurrFactor14,1
17-Feb-2023,40d,kindlefire,nononsensevictoria,1
17-Feb-2023,40d,kindlefire,BeckyAKALoufubu7,1
17-Feb-2023,40d,kindlefire,axman1971,1
17-Feb-2023,40d,kindlefire,Chrislk1986,1
17-Feb-2023,40d,kindlefire,Korgrah,1
17-Feb-2023,40d,kindlefire,material-thea,1
17-Feb-2023,40d,kindlefire,DesperateEngineer451,1
17-Feb-2023,40d,kindlefire,Northerntwilight,1
17-Feb-2023,40d,kindlefire,Mister-Walkway,1
17-Feb-2023,40d,kindlefire,readthinksurvive,1
17-Feb-2023,40d,kindlefire,johnr588,1
17-Feb-2023,40d,kindlefire,civbat,1
17-Feb-2023,40d,kindlefire,maisykatee,1
17-Feb-2023,40d,kindlefire,nobullshitebrewing,1
17-Feb-2023,40d,kindlefire,RaplhKramden,1
17-Feb-2023,40d,kindlefire,hdcantona937,1
17-Feb-2023,40d,kindlefire,Careless-Wonder7886,1
17-Feb-2023,40d,kindlefire,warriors_03,1
17-Feb-2023,40d,kindlefire,jaxheather,1
17-Feb-2023,40d,kindlefire,Sad-Text-1876,1
17-Feb-2023,40d,kindlefire,deevandiacle,1
17-Feb-2023,40d,kindlefire,aaacostaaa,1
17-Feb-2023,40d,kindlefire,jlaux42,1
17-Feb-2023,40d,kindlefire,Every_Platform_7986,1
17-Feb-2023,40d,kindlefire,CoffayKranzen,1
17-Feb-2023,40d,kindlefire,LongUsername,1
17-Feb-2023,40d,kindlefire,paperfaced,1
17-Feb-2023,40d,kindlefire,jimonabike,1
17-Feb-2023,40d,kindlefire,whythehellnote,1
17-Feb-2023,40d,kindlefire,folksnake,1
17-Feb-2023,40d,kindlefire,sonofdisaster,1
17-Feb-2023,40d,kindlefire,selfobsessedandsexee,1
17-Feb-2023,40d,kindlefire,Hot-Cell9631,1
17-Feb-2023,40d,kindlefire,sidarous,1
17-Feb-2023,40d,kindlefire,Trobed18,1
17-Feb-2023,40d,kindlefire,bkdredditYO,1
17-Feb-2023,40d,kindlefire,Paridoth,1
17-Feb-2023,40d,kindlefire,gmgajh,1
17-Feb-2023,40d,kindlefire,derekmski,1
17-Feb-2023,40d,kindlefire,MRRman89,1
17-Feb-2023,40d,kindlefire,LC21CXY,1
17-Feb-2023,40d,kindlefire,kholdstayr,1
17-Feb-2023,40d,kindlefire,twd000,1
17-Feb-2023,40d,kindlefire,newnemo,1
17-Feb-2023,40d,kindlefire,Gammarevived,1
17-Feb-2023,40d,kindlefire,Connect-Type493,1
17-Feb-2023,40d,kindlefire,KitWat,1
17-Feb-2023,40d,kindlefire,Producing_It,1
17-Feb-2023,40d,kindlefire,h-o-l,1
17-Feb-2023,40d,kindlefire,Thecompromisev,1
17-Feb-2023,40d,kindlefire,purplegrog,1
17-Feb-2023,40d,kindlefire,axcraig,1
17-Feb-2023,40d,kindlefire,TheUsualOne123,1
17-Feb-2023,40d,kindlefire,arcticpelago,1
17-Feb-2023,40d,kindlefire,Senseikkid,1
17-Feb-2023,40d,kindlefire,flankspankrank,1
17-Feb-2023,40d,kindlefire,nshah1998,1
17-Feb-2023,40d,kindlefire,trigrex,1
17-Feb-2023,40d,kindlefire,emeraldgirl08,1
17-Feb-2023,40d,kindlefire,Mundane-Wishbone-778,1
17-Feb-2023,40d,kindlefire,Tired8281,1
17-Feb-2023,40d,kindlefire,jose51197,1
17-Feb-2023,40d,kindlefire,BiologyNerdLife,1
17-Feb-2023,40d,kindlefire,Ladelnutts,1
17-Feb-2023,40d,kindlefire,king_victarion,1
17-Feb-2023,40d,kindlefire,Previous_Tennis,1
17-Feb-2023,40d,kindlefire,carolineecouture,1
