query_date,before_date,subreddit,submission_author,submission_frequency
17-Feb-2023,40d,kindlefire,Ok-Comparison-1717,4
17-Feb-2023,40d,kindlefire,Alabatman,3
17-Feb-2023,40d,kindlefire,paul92849,3
17-Feb-2023,40d,kindlefire,jamxil,2
17-Feb-2023,40d,kindlefire,Chok3U,2
17-Feb-2023,40d,kindlefire,JulianOxford,2
17-Feb-2023,40d,kindlefire,Difficult-Hat6393,2
17-Feb-2023,40d,kindlefire,jmp4me444,2
17-Feb-2023,40d,kindlefire,nemoyakkula,2
17-Feb-2023,40d,kindlefire,HobbyistAccount,2
17-Feb-2023,40d,kindlefire,penniesmammy,2
17-Feb-2023,40d,kindlefire,Agitated-Structure45,2
17-Feb-2023,40d,kindlefire,DJCPT,2
17-Feb-2023,40d,kindlefire,Emotional_Original50,2
17-Feb-2023,40d,kindlefire,lichenihil,2
17-Feb-2023,40d,kindlefire,Juju43445,2
17-Feb-2023,40d,kindlefire,FamiliarAura,2
17-Feb-2023,40d,kindlefire,Sky-Toad1979,1
17-Feb-2023,40d,kindlefire,stone5522,1
17-Feb-2023,40d,kindlefire,beautypopper101,1
17-Feb-2023,40d,kindlefire,squirellputkin,1
17-Feb-2023,40d,kindlefire,dmullaney,1
17-Feb-2023,40d,kindlefire,Bearnadette,1
17-Feb-2023,40d,kindlefire,Passerby_07,1
17-Feb-2023,40d,kindlefire,flphotog35,1
17-Feb-2023,40d,kindlefire,CrazyDragonThief,1
17-Feb-2023,40d,kindlefire,GamersPlane,1
17-Feb-2023,40d,kindlefire,jameskiddo,1
17-Feb-2023,40d,kindlefire,Personal_Farm_4391,1
17-Feb-2023,40d,kindlefire,citizenhagen,1
17-Feb-2023,40d,kindlefire,er101plus,1
17-Feb-2023,40d,kindlefire,fluorescentpopsicle,1
17-Feb-2023,40d,kindlefire,MezzoRomano,1
17-Feb-2023,40d,kindlefire,dontcallmelaterlv,1
17-Feb-2023,40d,kindlefire,JBsoundCHK,1
17-Feb-2023,40d,kindlefire,Alwaysd23,1
17-Feb-2023,40d,kindlefire,Timequake-Droid,1
17-Feb-2023,40d,kindlefire,Dry_Coat_7580,1
17-Feb-2023,40d,kindlefire,FrankenWaifu,1
17-Feb-2023,40d,kindlefire,deltafridge,1
17-Feb-2023,40d,kindlefire,Green-Conference-740,1
17-Feb-2023,40d,kindlefire,Trick_Look4649,1
17-Feb-2023,40d,kindlefire,AvonBarksdale666,1
17-Feb-2023,40d,kindlefire,reverend_dr_cuddles,1
17-Feb-2023,40d,kindlefire,Reighna1,1
17-Feb-2023,40d,kindlefire,joshwgaming,1
17-Feb-2023,40d,kindlefire,SatisfactionDue4508,1
17-Feb-2023,40d,kindlefire,leebon427,1
17-Feb-2023,40d,kindlefire,ukiukimidnite,1
17-Feb-2023,40d,kindlefire,Total_Connection9879,1
17-Feb-2023,40d,kindlefire,TheBigBelly01,1
17-Feb-2023,40d,kindlefire,TobiasBloyd,1
17-Feb-2023,40d,kindlefire,MalachiConstant7,1
17-Feb-2023,40d,kindlefire,Sad-Flan6696,1
17-Feb-2023,40d,kindlefire,scorpycoby,1
17-Feb-2023,40d,kindlefire,Lavvendera,1
17-Feb-2023,40d,kindlefire,AJigsawnHalo,1
17-Feb-2023,40d,kindlefire,niccc28,1
17-Feb-2023,40d,kindlefire,_Aleos_,1
17-Feb-2023,40d,kindlefire,DoYaThang_Owl,1
17-Feb-2023,40d,kindlefire,funkture,1
17-Feb-2023,40d,kindlefire,Vlowman,1
17-Feb-2023,40d,kindlefire,PopeSluggies,1
17-Feb-2023,40d,kindlefire,_biggerthanthesound_,1
17-Feb-2023,40d,kindlefire,jennylee232,1
17-Feb-2023,40d,kindlefire,M3L0n_64,1
17-Feb-2023,40d,kindlefire,C0c0156,1
17-Feb-2023,40d,kindlefire,nimrodhellfire,1
17-Feb-2023,40d,kindlefire,jordaynium,1
17-Feb-2023,40d,kindlefire,grif_0,1
17-Feb-2023,40d,kindlefire,Waramir-mx,1
17-Feb-2023,40d,kindlefire,Splatoonfan1125,1
17-Feb-2023,40d,kindlefire,drg267,1
17-Feb-2023,40d,kindlefire,xBender7,1
17-Feb-2023,40d,kindlefire,dmheaberlin,1
17-Feb-2023,40d,kindlefire,Icy-Book2999,1
17-Feb-2023,40d,kindlefire,IamTedE,1
17-Feb-2023,40d,kindlefire,KingKaido,1
17-Feb-2023,40d,kindlefire,joeyl7,1
17-Feb-2023,40d,kindlefire,2manyiterations,1
17-Feb-2023,40d,kindlefire,dills84,1
17-Feb-2023,40d,kindlefire,Narrow_Salamander521,1
17-Feb-2023,40d,kindlefire,jai_hanyo,1
17-Feb-2023,40d,kindlefire,OreJen,1
17-Feb-2023,40d,kindlefire,ForumsStinkzYT,1
17-Feb-2023,40d,kindlefire,Unikornus,1
17-Feb-2023,40d,kindlefire,Jester_Pug,1
17-Feb-2023,40d,kindlefire,sunrisedown,1
17-Feb-2023,40d,kindlefire,trevb1983,1
17-Feb-2023,40d,kindlefire,nutrigrain,1
17-Feb-2023,40d,kindlefire,phanngoctri,1
17-Feb-2023,40d,kindlefire,jonwcode,1
17-Feb-2023,40d,kindlefire,zachzweig,1
17-Feb-2023,40d,kindlefire,substitutewithpizza,1
17-Feb-2023,40d,kindlefire,PitRejection2359,1
17-Feb-2023,40d,kindlefire,SyndraMew,1
17-Feb-2023,40d,kindlefire,Iceghostfox44,1
17-Feb-2023,40d,kindlefire,SwampFink,1
17-Feb-2023,40d,kindlefire,suddencompetition600,1
17-Feb-2023,40d,kindlefire,MaskedSnarker,1
17-Feb-2023,40d,kindlefire,chambrot,1
17-Feb-2023,40d,kindlefire,meltingmary,1
17-Feb-2023,40d,kindlefire,TeflonGoon,1
17-Feb-2023,40d,kindlefire,Mike20878,1
17-Feb-2023,40d,kindlefire,Gold_Rule7973,1
17-Feb-2023,40d,kindlefire,justin6942069-,1
17-Feb-2023,40d,kindlefire,palmworks,1
17-Feb-2023,40d,kindlefire,XRaiderV1,1
17-Feb-2023,40d,kindlefire,XCVA3,1
17-Feb-2023,40d,kindlefire,Delicious-List-156,1
17-Feb-2023,40d,kindlefire,HulaDanger,1
17-Feb-2023,40d,kindlefire,Orfus5,1
17-Feb-2023,40d,kindlefire,vampir3aut0psy,1
17-Feb-2023,40d,kindlefire,Taxit0m,1
17-Feb-2023,40d,kindlefire,Opagamagnet,1
17-Feb-2023,40d,kindlefire,voyager106,1
17-Feb-2023,40d,kindlefire,Unhappy-Maybe2606,1
17-Feb-2023,40d,kindlefire,mike_from_uni,1
17-Feb-2023,40d,kindlefire,kiriloves_anime,1
17-Feb-2023,40d,kindlefire,AmazonMRA,1
17-Feb-2023,40d,kindlefire,WoodenDoe,1
17-Feb-2023,40d,kindlefire,hippohettie,1
17-Feb-2023,40d,kindlefire,Sky_B1ue,1
17-Feb-2023,40d,kindlefire,trailruns,1
17-Feb-2023,40d,kindlefire,Forestpilgrim,1
17-Feb-2023,40d,kindlefire,ololadeimmanuel,1
17-Feb-2023,40d,kindlefire,therearefivethings,1
17-Feb-2023,40d,kindlefire,Blessedest,1
17-Feb-2023,40d,kindlefire,alazar14,1
17-Feb-2023,40d,kindlefire,Xalgel,1
17-Feb-2023,40d,kindlefire,brassmonkey26,1
17-Feb-2023,40d,kindlefire,johnr588,1
17-Feb-2023,40d,kindlefire,Mister-Walkway,1
17-Feb-2023,40d,kindlefire,rexamous,1
17-Feb-2023,40d,kindlefire,DesperateEngineer451,1
17-Feb-2023,40d,kindlefire,maisykatee,1
17-Feb-2023,40d,kindlefire,e650man,1
17-Feb-2023,40d,kindlefire,Present-Nobody-5661,1
17-Feb-2023,40d,kindlefire,Whizzle93,1
17-Feb-2023,40d,kindlefire,hdcantona937,1
17-Feb-2023,40d,kindlefire,FastED_88,1
17-Feb-2023,40d,kindlefire,Sea_Finish_3937,1
17-Feb-2023,40d,kindlefire,allennathan,1
17-Feb-2023,40d,kindlefire,paperfaced,1
17-Feb-2023,40d,kindlefire,unluckymadcat,1
17-Feb-2023,40d,kindlefire,folksnake,1
17-Feb-2023,40d,kindlefire,axman1971,1
17-Feb-2023,40d,kindlefire,imthenachoman,1
17-Feb-2023,40d,kindlefire,material-thea,1
17-Feb-2023,40d,kindlefire,FewTheory2491,1
17-Feb-2023,40d,kindlefire,audioaxes,1
17-Feb-2023,40d,kindlefire,eat-the-stars,1
17-Feb-2023,40d,kindlefire,TrustfulSource,1
17-Feb-2023,40d,kindlefire,WoodpeckerMiddle8133,1
17-Feb-2023,40d,kindlefire,Paridoth,1
17-Feb-2023,40d,kindlefire,13saqqaw,1
17-Feb-2023,40d,kindlefire,amanda_o11,1
17-Feb-2023,40d,kindlefire,InsigniaVortex12,1
17-Feb-2023,40d,kindlefire,UndeadSaltyAmerican,1
17-Feb-2023,40d,kindlefire,twd000,1
17-Feb-2023,40d,kindlefire,h-o-l,1
17-Feb-2023,40d,kindlefire,Cultural_Tooth_6305,1
17-Feb-2023,40d,kindlefire,StimulisRK,1
17-Feb-2023,40d,kindlefire,m1stak3,1
17-Feb-2023,40d,kindlefire,Wanyou900,1
17-Feb-2023,40d,kindlefire,arcticpelago,1
17-Feb-2023,40d,kindlefire,everythingsalie91,1
17-Feb-2023,40d,kindlefire,ZaviaGenX,1
17-Feb-2023,40d,kindlefire,Seanthezon7,1
17-Feb-2023,40d,kindlefire,Up_and_ATEM,1
17-Feb-2023,40d,kindlefire,travism2013,1
17-Feb-2023,40d,kindlefire,dguy101,1
17-Feb-2023,40d,kindlefire,FireHazardTK,1
17-Feb-2023,40d,kindlefire,BiologyNerdLife,1
17-Feb-2023,40d,kindlefire,hughes__20,1
17-Feb-2023,40d,kindlefire,IamFabianPlayz,1
17-Feb-2023,40d,kindlefire,rainbowtoucan1992,1
17-Feb-2023,40d,kindlefire,101100101000100101,1
17-Feb-2023,40d,kindlefire,camcabbit,1
17-Feb-2023,40d,kindlefire,Lmseaquest21,1
17-Feb-2023,40d,kindlefire,mase7286,1
17-Feb-2023,40d,kindlefire,Expo737,1
17-Feb-2023,40d,kindlefire,stupidendous,1
17-Feb-2023,40d,kindlefire,Top-Dimension863,1
17-Feb-2023,40d,kindlefire,marcos19833333,1
17-Feb-2023,40d,kindlefire,Ansomat,1
17-Feb-2023,40d,kindlefire,model3113,1
17-Feb-2023,40d,kindlefire,flochiskingfrfr,1
17-Feb-2023,40d,kindlefire,DeltaNu1142,1
17-Feb-2023,40d,kindlefire,-Column-,1
17-Feb-2023,40d,kindlefire,ToflixGamer,1
17-Feb-2023,40d,kindlefire,zitsky,1
17-Feb-2023,40d,kindlefire,importedexport,1
17-Feb-2023,40d,kindlefire,therealjoemontana,1
17-Feb-2023,40d,kindlefire,rock4us2,1
17-Feb-2023,40d,kindlefire,MUM_WHYDOIHAVEALIFE,1
17-Feb-2023,40d,kindlefire,webbasica,1
17-Feb-2023,40d,kindlefire,rnw10va,1
17-Feb-2023,40d,kindlefire,criticalthinker225,1
17-Feb-2023,40d,kindlefire,Jboiwastaken,1
17-Feb-2023,40d,kindlefire,s7v7nvii,1
17-Feb-2023,40d,kindlefire,Stormlover247,1
17-Feb-2023,40d,kindlefire,themonkisthirsty,1
17-Feb-2023,40d,kindlefire,ghiste,1
17-Feb-2023,40d,kindlefire,AuroraSmile26,1
17-Feb-2023,40d,kindlefire,Jojo_Padfoot,1
17-Feb-2023,40d,kindlefire,chrsmrrtt,1
17-Feb-2023,40d,kindlefire,coldcanyon1633,1
17-Feb-2023,40d,kindlefire,gowahoo,1
17-Feb-2023,40d,kindlefire,cryingandlying,1
17-Feb-2023,40d,kindlefire,R4reCandy,1
17-Feb-2023,40d,kindlefire,GrassGreen983,1
17-Feb-2023,40d,kindlefire,Peach_MacabreLer,1
17-Feb-2023,40d,kindlefire,P3nguLGOG,1
17-Feb-2023,40d,kindlefire,camtdio,1
17-Feb-2023,40d,kindlefire,Mr-Stumble,1
17-Feb-2023,40d,kindlefire,Careless-Wonder7886,1
17-Feb-2023,40d,kindlefire,SeriouslyFishyOk,1
17-Feb-2023,40d,kindlefire,OofTurkey,1
17-Feb-2023,40d,kindlefire,sticckyslowed,1
17-Feb-2023,40d,kindlefire,ludditetechnician,1
17-Feb-2023,40d,kindlefire,Lucky-Tumbleweed2006,1
17-Feb-2023,40d,kindlefire,Level_University_696,1
17-Feb-2023,40d,kindlefire,_NonExisting_,1
17-Feb-2023,40d,kindlefire,ccgthh,1
17-Feb-2023,40d,kindlefire,Refuggee,1
17-Feb-2023,40d,kindlefire,nyakafk,1
17-Feb-2023,40d,kindlefire,ThePhantasm,1
17-Feb-2023,40d,kindlefire,monitoringaspects,1
17-Feb-2023,40d,kindlefire,leaving_again,1
17-Feb-2023,40d,kindlefire,change2288,1
17-Feb-2023,40d,kindlefire,JorgeMSU1978,1
17-Feb-2023,40d,kindlefire,elmurdoc,1
17-Feb-2023,40d,kindlefire,nishidake,1
17-Feb-2023,40d,kindlefire,AGKQ45,1
17-Feb-2023,40d,kindlefire,cakeresurfacer,1
17-Feb-2023,40d,kindlefire,quemotiso,1
17-Feb-2023,40d,kindlefire,Dapper_Cellist3130,1
17-Feb-2023,40d,kindlefire,frugalacademic,1
17-Feb-2023,40d,kindlefire,NishaDaPooh,1
17-Feb-2023,40d,kindlefire,Nightshade_Iris,1
17-Feb-2023,40d,kindlefire,iPhoneMiniWHITE,1
17-Feb-2023,40d,kindlefire,Stellarisk,1
17-Feb-2023,40d,kindlefire,saaspiration,1
17-Feb-2023,40d,kindlefire,psnbuser,1
17-Feb-2023,40d,kindlefire,johnmadden18,1
17-Feb-2023,40d,kindlefire,Airricklam,1
17-Feb-2023,40d,kindlefire,InteractionFancy3747,1
17-Feb-2023,40d,kindlefire,Zerosaber071,1
