query_date,before_date,subreddit,comment_author,comment_frequency
17-Feb-2023,100d,kindlefire,Fr0gm4n,70
17-Feb-2023,100d,kindlefire,[deleted],26
17-Feb-2023,100d,kindlefire,rlowens,22
17-Feb-2023,100d,kindlefire,bluepond20,20
17-Feb-2023,100d,kindlefire,Affectionate_Try_836,20
17-Feb-2023,100d,kindlefire,zitsky,18
17-Feb-2023,100d,kindlefire,AutoModerator,18
17-Feb-2023,100d,kindlefire,tombunyon0,18
17-Feb-2023,100d,kindlefire,TicFan67,16
17-Feb-2023,100d,kindlefire,Icy-Book2999,15
17-Feb-2023,100d,kindlefire,cabell88,15
17-Feb-2023,100d,kindlefire,Tigershawk,13
17-Feb-2023,100d,kindlefire,m2slam,13
17-Feb-2023,100d,kindlefire,U8dcN7vx,11
17-Feb-2023,100d,kindlefire,GuanoLoopy,10
17-Feb-2023,100d,kindlefire,nishidake,10
17-Feb-2023,100d,kindlefire,ccbbb23,10
17-Feb-2023,100d,kindlefire,Arnas_Z,10
17-Feb-2023,100d,kindlefire,willwar63,9
17-Feb-2023,100d,kindlefire,sparker2000,9
17-Feb-2023,100d,kindlefire,xangkory,7
17-Feb-2023,100d,kindlefire,Linclin,6
17-Feb-2023,100d,kindlefire,er101plus,6
17-Feb-2023,100d,kindlefire,calculon68,6
17-Feb-2023,100d,kindlefire,SilverHornet,6
17-Feb-2023,100d,kindlefire,emeraldgirl08,6
17-Feb-2023,100d,kindlefire,jobardu,6
17-Feb-2023,100d,kindlefire,4AMaverick,6
17-Feb-2023,100d,kindlefire,PatriarchysConcubine,6
17-Feb-2023,100d,kindlefire,Alkyrian,5
17-Feb-2023,100d,kindlefire,AGKQ45,5
17-Feb-2023,100d,kindlefire,NCResident5,5
17-Feb-2023,100d,kindlefire,Next_Initiative_1246,5
17-Feb-2023,100d,kindlefire,kresbok,5
17-Feb-2023,100d,kindlefire,Ansomat,5
17-Feb-2023,100d,kindlefire,aleking101,5
17-Feb-2023,100d,kindlefire,longernohuman,5
17-Feb-2023,100d,kindlefire,jacle2210,5
17-Feb-2023,100d,kindlefire,rice_rice_maybe,5
17-Feb-2023,100d,kindlefire,Daveddozey,5
17-Feb-2023,100d,kindlefire,phommt,5
17-Feb-2023,100d,kindlefire,Big_Display238,5
17-Feb-2023,100d,kindlefire,AOL_Casaniva,5
17-Feb-2023,100d,kindlefire,kiwiboyus,5
17-Feb-2023,100d,kindlefire,ZeljeznicarSampion,5
17-Feb-2023,100d,kindlefire,monitoringaspects,4
17-Feb-2023,100d,kindlefire,Zerosaber071,4
17-Feb-2023,100d,kindlefire,chrstn43,4
17-Feb-2023,100d,kindlefire,funndasun01,4
17-Feb-2023,100d,kindlefire,GibsonMaestro,4
17-Feb-2023,100d,kindlefire,therealjerrystaute,4
17-Feb-2023,100d,kindlefire,apocalypsesurvival,4
17-Feb-2023,100d,kindlefire,OldButStillFat,4
17-Feb-2023,100d,kindlefire,katehenry4133,4
17-Feb-2023,100d,kindlefire,Brooklyngal10,4
17-Feb-2023,100d,kindlefire,david2descent,4
17-Feb-2023,100d,kindlefire,iPhoneMiniWHITE,4
17-Feb-2023,100d,kindlefire,riverajerry4,4
17-Feb-2023,100d,kindlefire,ClassicSpookMovieFan,4
17-Feb-2023,100d,kindlefire,jlaux42,4
17-Feb-2023,100d,kindlefire,epictetusdouglas,4
17-Feb-2023,100d,kindlefire,Agitated-Structure45,4
17-Feb-2023,100d,kindlefire,Conmaxanhle123,4
17-Feb-2023,100d,kindlefire,Present-Ad-5222,4
17-Feb-2023,100d,kindlefire,StillLearning2,3
17-Feb-2023,100d,kindlefire,InteractionFancy3747,3
17-Feb-2023,100d,kindlefire,Significant_Ad_1269,3
17-Feb-2023,100d,kindlefire,JoyfulPlantLady,3
17-Feb-2023,100d,kindlefire,aLTRo0,3
17-Feb-2023,100d,kindlefire,johnmadden18,3
17-Feb-2023,100d,kindlefire,PopeSluggies,3
17-Feb-2023,100d,kindlefire,PigmeatMadness,3
17-Feb-2023,100d,kindlefire,swissarmy914,3
17-Feb-2023,100d,kindlefire,sstinkstink,3
17-Feb-2023,100d,kindlefire,rpgedgar,3
17-Feb-2023,100d,kindlefire,CraigInDaVille,3
17-Feb-2023,100d,kindlefire,the_atmosphere,3
17-Feb-2023,100d,kindlefire,NotSoRichieRich,3
17-Feb-2023,100d,kindlefire,pomip71550,3
17-Feb-2023,100d,kindlefire,xtravbx,3
17-Feb-2023,100d,kindlefire,GratuitousAlgorithm,3
17-Feb-2023,100d,kindlefire,Theegravedigger,3
17-Feb-2023,100d,kindlefire,ThaneOfCawdorrr,3
17-Feb-2023,100d,kindlefire,TollboothPuppy,3
17-Feb-2023,100d,kindlefire,eyewoo,3
17-Feb-2023,100d,kindlefire,ChampionshipUpset874,3
17-Feb-2023,100d,kindlefire,Hard_We_Know,3
17-Feb-2023,100d,kindlefire,ludditetechnician,3
17-Feb-2023,100d,kindlefire,-Thalas-,3
17-Feb-2023,100d,kindlefire,camtdio,3
17-Feb-2023,100d,kindlefire,visiongalaxy,3
17-Feb-2023,100d,kindlefire,Dhorlin,3
17-Feb-2023,100d,kindlefire,kschang,2
17-Feb-2023,100d,kindlefire,change2288,2
17-Feb-2023,100d,kindlefire,frugalacademic,2
17-Feb-2023,100d,kindlefire,McSmarfy,2
17-Feb-2023,100d,kindlefire,garfnodie,2
17-Feb-2023,100d,kindlefire,undednubz,2
17-Feb-2023,100d,kindlefire,NishaDaPooh,2
17-Feb-2023,100d,kindlefire,boredatwork813,2
17-Feb-2023,100d,kindlefire,lichenihil,2
17-Feb-2023,100d,kindlefire,joetekcor,2
17-Feb-2023,100d,kindlefire,jesthere,2
17-Feb-2023,100d,kindlefire,I_am_Wojo,2
17-Feb-2023,100d,kindlefire,GeeLee80,2
17-Feb-2023,100d,kindlefire,sadandsapphicc,2
17-Feb-2023,100d,kindlefire,029DDS,2
17-Feb-2023,100d,kindlefire,icelax99,2
17-Feb-2023,100d,kindlefire,jsmith1300,2
17-Feb-2023,100d,kindlefire,Legal_Examination238,2
17-Feb-2023,100d,kindlefire,Middle_Avocado,2
17-Feb-2023,100d,kindlefire,Kamwind,2
17-Feb-2023,100d,kindlefire,MollyPuddleDuck,2
17-Feb-2023,100d,kindlefire,Academic-Surprise736,2
17-Feb-2023,100d,kindlefire,Zeldakina,2
17-Feb-2023,100d,kindlefire,GlayNation,2
17-Feb-2023,100d,kindlefire,teoweald,2
17-Feb-2023,100d,kindlefire,LGAMER3412,2
17-Feb-2023,100d,kindlefire,BEEDELLROKEJULIANLOC,2
17-Feb-2023,100d,kindlefire,Russkafin,2
17-Feb-2023,100d,kindlefire,Tailte,2
17-Feb-2023,100d,kindlefire,Goge97,2
17-Feb-2023,100d,kindlefire,throwawaybear_,2
17-Feb-2023,100d,kindlefire,FarmboyJustice,2
17-Feb-2023,100d,kindlefire,donkitch,2
17-Feb-2023,100d,kindlefire,Cactuscat007,2
17-Feb-2023,100d,kindlefire,salgak,2
17-Feb-2023,100d,kindlefire,obiwanjakobi257,2
17-Feb-2023,100d,kindlefire,kazmeyer23,2
17-Feb-2023,100d,kindlefire,myelodysplasto,2
17-Feb-2023,100d,kindlefire,RalekBasa,2
17-Feb-2023,100d,kindlefire,whythehellnote,2
17-Feb-2023,100d,kindlefire,warriors_03,2
17-Feb-2023,100d,kindlefire,TeleCompter,2
17-Feb-2023,100d,kindlefire,MetroPolice3,2
17-Feb-2023,100d,kindlefire,PaleontologistOwn962,2
17-Feb-2023,100d,kindlefire,forgiuse,2
17-Feb-2023,100d,kindlefire,Common-Ad-933,2
17-Feb-2023,100d,kindlefire,cymrufollies,2
17-Feb-2023,100d,kindlefire,Annelid2968,2
17-Feb-2023,100d,kindlefire,E-Man-86,2
17-Feb-2023,100d,kindlefire,J--Dizzle,2
17-Feb-2023,100d,kindlefire,Osiride,2
17-Feb-2023,100d,kindlefire,OddEar1529,2
17-Feb-2023,100d,kindlefire,chelsiewizper1,1
17-Feb-2023,100d,kindlefire,JorgeMSU1978,1
17-Feb-2023,100d,kindlefire,readthinksurvive,1
17-Feb-2023,100d,kindlefire,Careless-Wonder7886,1
17-Feb-2023,100d,kindlefire,elmurdoc,1
17-Feb-2023,100d,kindlefire,Dapper_Cellist3130,1
17-Feb-2023,100d,kindlefire,Any-Egg9079,1
17-Feb-2023,100d,kindlefire,droopie,1
17-Feb-2023,100d,kindlefire,derekmski,1
17-Feb-2023,100d,kindlefire,methodangel,1
17-Feb-2023,100d,kindlefire,Olson_Duck,1
17-Feb-2023,100d,kindlefire,drahhen,1
17-Feb-2023,100d,kindlefire,BesterLurnham,1
17-Feb-2023,100d,kindlefire,cronuss,1
17-Feb-2023,100d,kindlefire,prantoinfo,1
17-Feb-2023,100d,kindlefire,mi7chy,1
17-Feb-2023,100d,kindlefire,snake7da,1
17-Feb-2023,100d,kindlefire,GreatRelubbus,1
17-Feb-2023,100d,kindlefire,Total_Bookkeeper4237,1
17-Feb-2023,100d,kindlefire,tleung927,1
17-Feb-2023,100d,kindlefire,psnbuser,1
17-Feb-2023,100d,kindlefire,ZiggiSpaceface,1
17-Feb-2023,100d,kindlefire,Vegetable_Variety_54,1
17-Feb-2023,100d,kindlefire,calamitykate220,1
17-Feb-2023,100d,kindlefire,Konarkanuck,1
17-Feb-2023,100d,kindlefire,dragonick1982,1
17-Feb-2023,100d,kindlefire,FalseVeterinarian881,1
17-Feb-2023,100d,kindlefire,Understanding18,1
17-Feb-2023,100d,kindlefire,158234,1
17-Feb-2023,100d,kindlefire,Id_be_a_squib,1
17-Feb-2023,100d,kindlefire,djcamera,1
17-Feb-2023,100d,kindlefire,matatunos,1
17-Feb-2023,100d,kindlefire,TheCotillion,1
17-Feb-2023,100d,kindlefire,gclintj,1
17-Feb-2023,100d,kindlefire,dg-08,1
17-Feb-2023,100d,kindlefire,Specialist_Growth703,1
17-Feb-2023,100d,kindlefire,Gomphos,1
17-Feb-2023,100d,kindlefire,CampMain,1
17-Feb-2023,100d,kindlefire,Mrlate420,1
17-Feb-2023,100d,kindlefire,ryanpm40,1
17-Feb-2023,100d,kindlefire,AnxiousPirate,1
17-Feb-2023,100d,kindlefire,Bboy486,1
17-Feb-2023,100d,kindlefire,RudyHernandez1-,1
17-Feb-2023,100d,kindlefire,sutkus85,1
17-Feb-2023,100d,kindlefire,Shimi-Jimi,1
17-Feb-2023,100d,kindlefire,JQuim,1
17-Feb-2023,100d,kindlefire,Significant-Tiger531,1
17-Feb-2023,100d,kindlefire,Calpaca__,1
17-Feb-2023,100d,kindlefire,Repulsive_Move3932,1
17-Feb-2023,100d,kindlefire,No_Active_1867,1
17-Feb-2023,100d,kindlefire,DDS-029,1
17-Feb-2023,100d,kindlefire,justcrazytalk,1
17-Feb-2023,100d,kindlefire,bliskin1,1
17-Feb-2023,100d,kindlefire,The_Hash_Slinger,1
17-Feb-2023,100d,kindlefire,Zanki,1
17-Feb-2023,100d,kindlefire,ChemiluminescentAshe,1
17-Feb-2023,100d,kindlefire,spacebass,1
17-Feb-2023,100d,kindlefire,B0tRank,1
17-Feb-2023,100d,kindlefire,ZacBobisKing,1
17-Feb-2023,100d,kindlefire,DanielDKitteringham,1
17-Feb-2023,100d,kindlefire,3rdIQ,1
17-Feb-2023,100d,kindlefire,5eeek1ngAn5werz,1
17-Feb-2023,100d,kindlefire,CurtainTrayMigraine,1
17-Feb-2023,100d,kindlefire,gsearle,1
17-Feb-2023,100d,kindlefire,agentwayward,1
17-Feb-2023,100d,kindlefire,ElkAccomplished8605,1
17-Feb-2023,100d,kindlefire,craigevil2021,1
17-Feb-2023,100d,kindlefire,Wiebenor,1
17-Feb-2023,100d,kindlefire,Identd,1
17-Feb-2023,100d,kindlefire,CSwork1,1
17-Feb-2023,100d,kindlefire,the_nanuk,1
17-Feb-2023,100d,kindlefire,BreakfastSevere7684,1
17-Feb-2023,100d,kindlefire,carolineecouture,1
17-Feb-2023,100d,kindlefire,lennyuk,1
17-Feb-2023,100d,kindlefire,PrettyHappyAndGay,1
17-Feb-2023,100d,kindlefire,Fr33d0m10,1
17-Feb-2023,100d,kindlefire,franciobr,1
17-Feb-2023,100d,kindlefire,velo443,1
17-Feb-2023,100d,kindlefire,nobullshitebrewing,1
17-Feb-2023,100d,kindlefire,creatureshock,1
17-Feb-2023,100d,kindlefire,BigPecker4u,1
17-Feb-2023,100d,kindlefire,DonJimmyQuixote,1
17-Feb-2023,100d,kindlefire,rahhra,1
17-Feb-2023,100d,kindlefire,DrDrEvil,1
17-Feb-2023,100d,kindlefire,huygens2,1
17-Feb-2023,100d,kindlefire,cybergee,1
17-Feb-2023,100d,kindlefire,DryCombination8882,1
17-Feb-2023,100d,kindlefire,Cold-Ad9550,1
17-Feb-2023,100d,kindlefire,DPAmes1,1
17-Feb-2023,100d,kindlefire,Aware-Check832,1
17-Feb-2023,100d,kindlefire,Enog,1
17-Feb-2023,100d,kindlefire,guantanton,1
17-Feb-2023,100d,kindlefire,Much-Breadfruit-4845,1
17-Feb-2023,100d,kindlefire,MRRman89,1
17-Feb-2023,100d,kindlefire,jpt19,1
17-Feb-2023,100d,kindlefire,trigrex,1
17-Feb-2023,100d,kindlefire,Sensitive_Horse_5766,1
17-Feb-2023,100d,kindlefire,houselouie,1
17-Feb-2023,100d,kindlefire,speedplayfrog,1
17-Feb-2023,100d,kindlefire,Hamsterbonesdaddy89,1
17-Feb-2023,100d,kindlefire,cabbagepatchkid,1
17-Feb-2023,100d,kindlefire,stogle1,1
17-Feb-2023,100d,kindlefire,TroutforPrez,1
17-Feb-2023,100d,kindlefire,mextem,1
17-Feb-2023,100d,kindlefire,Top_Print4500,1
17-Feb-2023,100d,kindlefire,wkomorow,1
17-Feb-2023,100d,kindlefire,corbango17,1
17-Feb-2023,100d,kindlefire,Idk_About_Life_Dude,1
17-Feb-2023,100d,kindlefire,phonebatterylevelbot,1
17-Feb-2023,100d,kindlefire,sunshine___riptide,1
17-Feb-2023,100d,kindlefire,swaggboi_,1
17-Feb-2023,100d,kindlefire,Dr_Peter_Tinkleton,1
17-Feb-2023,100d,kindlefire,cerebasan,1
17-Feb-2023,100d,kindlefire,leesusmusic,1
17-Feb-2023,100d,kindlefire,disty1,1
17-Feb-2023,100d,kindlefire,ProfitOneX,1
17-Feb-2023,100d,kindlefire,Redangle11,1
17-Feb-2023,100d,kindlefire,Big_Restaurant_6844,1
17-Feb-2023,100d,kindlefire,jimonabike,1
17-Feb-2023,100d,kindlefire,fromthefuture2141,1
17-Feb-2023,100d,kindlefire,LupitaRomero,1
17-Feb-2023,100d,kindlefire,crazyleg,1
17-Feb-2023,100d,kindlefire,wichopunkass,1
17-Feb-2023,100d,kindlefire,HeroicMyth,1
17-Feb-2023,100d,kindlefire,amberstorm2265,1
17-Feb-2023,100d,kindlefire,Meyerson,1
17-Feb-2023,100d,kindlefire,vth2,1
17-Feb-2023,100d,kindlefire,Electronic_Brush_137,1
17-Feb-2023,100d,kindlefire,Foxy-Knoxy,1
17-Feb-2023,100d,kindlefire,theguy512345,1
17-Feb-2023,100d,kindlefire,pjjiveturkey,1
17-Feb-2023,100d,kindlefire,rimeswithburple,1
17-Feb-2023,100d,kindlefire,EitherBarracuda1057,1
17-Feb-2023,100d,kindlefire,lucklesspedestrian,1
17-Feb-2023,100d,kindlefire,weirdwidow,1
17-Feb-2023,100d,kindlefire,reptilexcq,1
17-Feb-2023,100d,kindlefire,WCHighfill,1
17-Feb-2023,100d,kindlefire,Connect_Bill2729,1
17-Feb-2023,100d,kindlefire,aaryavarman,1
17-Feb-2023,100d,kindlefire,BillfredL,1
17-Feb-2023,100d,kindlefire,BigJ2280,1
17-Feb-2023,100d,kindlefire,JstDS,1
17-Feb-2023,100d,kindlefire,Ethical_Slutt,1
17-Feb-2023,100d,kindlefire,dopaminenotyours,1
17-Feb-2023,100d,kindlefire,blizzardblaise,1
17-Feb-2023,100d,kindlefire,Fancy-Positive1047,1
17-Feb-2023,100d,kindlefire,purpan-,1
17-Feb-2023,100d,kindlefire,Paid-Not-Payed-Bot,1
17-Feb-2023,100d,kindlefire,No-Explanation-7348,1
17-Feb-2023,100d,kindlefire,franharrington,1
17-Feb-2023,100d,kindlefire,Stingray34,1
17-Feb-2023,100d,kindlefire,mrfrownieface,1
17-Feb-2023,100d,kindlefire,miiMike,1
17-Feb-2023,100d,kindlefire,ajaman2006,1
17-Feb-2023,100d,kindlefire,HelpfulShopping8075,1
17-Feb-2023,100d,kindlefire,dghirsh19,1
17-Feb-2023,100d,kindlefire,ColinMansfield,1
17-Feb-2023,100d,kindlefire,howie6791,1
17-Feb-2023,100d,kindlefire,lastWallE,1
17-Feb-2023,100d,kindlefire,XRaiderV1,1
17-Feb-2023,100d,kindlefire,XDomGaming1FTW,1
17-Feb-2023,100d,kindlefire,thenexus6,1
17-Feb-2023,100d,kindlefire,Prevolition,1
17-Feb-2023,100d,kindlefire,MamabearFl,1
17-Feb-2023,100d,kindlefire,koreanfertilityrate,1
17-Feb-2023,100d,kindlefire,spyder728,1
17-Feb-2023,100d,kindlefire,bestgamer26,1
17-Feb-2023,100d,kindlefire,kattz6666,1
17-Feb-2023,100d,kindlefire,basunky,1
17-Feb-2023,100d,kindlefire,PookMePlz,1
17-Feb-2023,100d,kindlefire,LiteratureCurious752,1
17-Feb-2023,100d,kindlefire,tomcam,1
17-Feb-2023,100d,kindlefire,dontautotuneme,1
17-Feb-2023,100d,kindlefire,Adorable_Car_3255,1
17-Feb-2023,100d,kindlefire,emyeutech,1
17-Feb-2023,100d,kindlefire,bubblyvase,1
17-Feb-2023,100d,kindlefire,niceguyjin,1
17-Feb-2023,100d,kindlefire,mirano,1
17-Feb-2023,100d,kindlefire,Gregels223,1
17-Feb-2023,100d,kindlefire,meatyVisions,1
17-Feb-2023,100d,kindlefire,ForAQuietLife,1
17-Feb-2023,100d,kindlefire,Realistic_Ad3516,1
17-Feb-2023,100d,kindlefire,Markaes4,1
17-Feb-2023,100d,kindlefire,e650man,1
17-Feb-2023,100d,kindlefire,Only_Jump,1
17-Feb-2023,100d,kindlefire,Clear-Big7261,1
17-Feb-2023,100d,kindlefire,bvav22,1
17-Feb-2023,100d,kindlefire,TopMagician460,1
17-Feb-2023,100d,kindlefire,Garagairas,1
17-Feb-2023,100d,kindlefire,Xzi_HoB,1
17-Feb-2023,100d,kindlefire,rtp80,1
17-Feb-2023,100d,kindlefire,bjornbard,1
17-Feb-2023,100d,kindlefire,BrassUnicorn87,1
17-Feb-2023,100d,kindlefire,eranimluf,1
17-Feb-2023,100d,kindlefire,mrmustachesir,1
17-Feb-2023,100d,kindlefire,JayTholen,1
17-Feb-2023,100d,kindlefire,rmtidder,1
17-Feb-2023,100d,kindlefire,mc__cris,1
17-Feb-2023,100d,kindlefire,paul345,1
17-Feb-2023,100d,kindlefire,nakeynerd,1
17-Feb-2023,100d,kindlefire,FallenRook17,1
17-Feb-2023,100d,kindlefire,ololadeimmanuel,1
17-Feb-2023,100d,kindlefire,greenbaybud,1
17-Feb-2023,100d,kindlefire,leeswervino,1
17-Feb-2023,100d,kindlefire,SgtBoaty,1
17-Feb-2023,100d,kindlefire,hodorhodor12,1
17-Feb-2023,100d,kindlefire,Justadivorcee,1
17-Feb-2023,100d,kindlefire,following_eyes,1
17-Feb-2023,100d,kindlefire,jellydonut1492,1
17-Feb-2023,100d,kindlefire,wretchednessinside,1
17-Feb-2023,100d,kindlefire,DTGStress,1
17-Feb-2023,100d,kindlefire,CeleryStickBeating,1
17-Feb-2023,100d,kindlefire,LetsencrypTITok911,1
17-Feb-2023,100d,kindlefire,brufflesprouts,1
17-Feb-2023,100d,kindlefire,velligoose,1
17-Feb-2023,100d,kindlefire,stedgyson,1
17-Feb-2023,100d,kindlefire,Juju43445,1
17-Feb-2023,100d,kindlefire,WiolOno_,1
17-Feb-2023,100d,kindlefire,Superstroeh,1
17-Feb-2023,100d,kindlefire,PropaneSalesMen,1
17-Feb-2023,100d,kindlefire,plutozxd3,1
17-Feb-2023,100d,kindlefire,tarealsink,1
17-Feb-2023,100d,kindlefire,ignatiusjreillyreak,1
17-Feb-2023,100d,kindlefire,Kv603,1
17-Feb-2023,100d,kindlefire,MikeyToo,1
17-Feb-2023,100d,kindlefire,the-bearded-lady,1
17-Feb-2023,100d,kindlefire,Boardindundee,1
17-Feb-2023,100d,kindlefire,iguessimbritishnow,1
17-Feb-2023,100d,kindlefire,hiljusti,1
17-Feb-2023,100d,kindlefire,Flip86,1
17-Feb-2023,100d,kindlefire,donboop,1
17-Feb-2023,100d,kindlefire,Ceriden,1
17-Feb-2023,100d,kindlefire,OmegaXesis,1
17-Feb-2023,100d,kindlefire,No-Most-3939,1
17-Feb-2023,100d,kindlefire,huxtable555,1
17-Feb-2023,100d,kindlefire,fjfp,1
17-Feb-2023,100d,kindlefire,itachi737,1
17-Feb-2023,100d,kindlefire,Rendered_Plate72,1
17-Feb-2023,100d,kindlefire,Elegant-Sympathy-421,1
17-Feb-2023,100d,kindlefire,Alex79uk,1
17-Feb-2023,100d,kindlefire,avionicstek,1
17-Feb-2023,100d,kindlefire,Brooklyn_Cactus-1280,1
17-Feb-2023,100d,kindlefire,jetlifevic,1
17-Feb-2023,100d,kindlefire,qagir,1
17-Feb-2023,100d,kindlefire,civbat,1
17-Feb-2023,100d,kindlefire,Minute_Emu6090,1
17-Feb-2023,100d,kindlefire,trustkillkid,1
17-Feb-2023,100d,kindlefire,fumo7887,1
