query_date	before_date	subreddit	comment_author	comment_frequency
11-May-2023	0d	amazonprime	Nickvetitoe	41
11-May-2023	0d	amazonprime	DonCBurr	39
11-May-2023	0d	amazonprime	Throwingshead	29
11-May-2023	0d	amazonprime	AutoModerator	25
11-May-2023	0d	amazonprime	2Adude	23
11-May-2023	0d	amazonprime	gr8teeth	23
11-May-2023	0d	amazonprime	Animal-Crackers	17
11-May-2023	0d	amazonprime	ElectricalGear9942	16
11-May-2023	0d	amazonprime	mreed911	16
11-May-2023	0d	amazonprime	xnaveedhassan	12
11-May-2023	0d	amazonprime	treebranch__	10
11-May-2023	0d	amazonprime	buxzythebeeeeeeee	10
11-May-2023	0d	amazonprime	Old_Assignment_5334	9
11-May-2023	0d	amazonprime	sibman	8
11-May-2023	0d	amazonprime	InlineSkateAdventure	8
11-May-2023	0d	amazonprime	LoisZ63	8
11-May-2023	0d	amazonprime	Aggravating-Sea2981	8
11-May-2023	0d	amazonprime	mariaehs83	8
11-May-2023	0d	amazonprime	katehenry4133	8
11-May-2023	0d	amazonprime	IndiaEvans	8
11-May-2023	0d	amazonprime	MisterBaku	8
11-May-2023	0d	amazonprime	Famous-Perspective-3	8
11-May-2023	0d	amazonprime	InsertBluescreenHere	7
11-May-2023	0d	amazonprime	BELOVED1209	7
11-May-2023	0d	amazonprime	[deleted]	7
11-May-2023	0d	amazonprime	HueLight_Enthusiasm	7
11-May-2023	0d	amazonprime	recklessmoonlight	7
11-May-2023	0d	amazonprime	Sea_Two6214	6
11-May-2023	0d	amazonprime	Double-Abalone7052	6
11-May-2023	0d	amazonprime	thesurfer_s	6
11-May-2023	0d	amazonprime	zmdht	6
11-May-2023	0d	amazonprime	CreeperChief	6
11-May-2023	0d	amazonprime	dnehiba3	6
11-May-2023	0d	amazonprime	zwomt	5
11-May-2023	0d	amazonprime	ddmeightball	5
11-May-2023	0d	amazonprime	BrockPlaysFortniteYT	5
11-May-2023	0d	amazonprime	MathGeneral5725	5
11-May-2023	0d	amazonprime	yuffie12	5
11-May-2023	0d	amazonprime	Aymbition	5
11-May-2023	0d	amazonprime	Vendicated	5
11-May-2023	0d	amazonprime	constantly-confused9	5
11-May-2023	0d	amazonprime	troublemakerX999	5
11-May-2023	0d	amazonprime	ParkingInstruction62	4
11-May-2023	0d	amazonprime	AlmostRandomName	4
11-May-2023	0d	amazonprime	PheonixKernow	4
11-May-2023	0d	amazonprime	jerryhou85	4
11-May-2023	0d	amazonprime	Fabulous_RedHead84	4
11-May-2023	0d	amazonprime	onlinealias350	4
11-May-2023	0d	amazonprime	turtlehead357	4
11-May-2023	0d	amazonprime	Landiago	4
11-May-2023	0d	amazonprime	missx0xdelaney	4
11-May-2023	0d	amazonprime	TeamStark31	4
11-May-2023	0d	amazonprime	kgiann	4
11-May-2023	0d	amazonprime	LetsGoBohs	4
11-May-2023	0d	amazonprime	theYtheorist	4
11-May-2023	0d	amazonprime	MerleChloe	4
11-May-2023	0d	amazonprime	Boz6	4
11-May-2023	0d	amazonprime	LieSudden1073	3
11-May-2023	0d	amazonprime	perfectfate	3
11-May-2023	0d	amazonprime	CuddlesRequired	3
11-May-2023	0d	amazonprime	FXLRDude	3
11-May-2023	0d	amazonprime	I-Am_9	3
11-May-2023	0d	amazonprime	middleCman	3
11-May-2023	0d	amazonprime	misterjive	3
11-May-2023	0d	amazonprime	Acrobatic-Ad-4148	3
11-May-2023	0d	amazonprime	Ordinary_Ad5825	3
11-May-2023	0d	amazonprime	Weltkunstxk	3
11-May-2023	0d	amazonprime	KelMHill	3
11-May-2023	0d	amazonprime	Shoddy-Initiative313	3
11-May-2023	0d	amazonprime	thisiswhyiamfat	3
11-May-2023	0d	amazonprime	mremrez	3
11-May-2023	0d	amazonprime	IncapableOfLaughing	3
11-May-2023	0d	amazonprime	Full-Perception-4889	3
11-May-2023	0d	amazonprime	purplepissplop	3
11-May-2023	0d	amazonprime	infinityandbeyond75	3
11-May-2023	0d	amazonprime	unbreco	3
11-May-2023	0d	amazonprime	xXindiePressantXx	3
11-May-2023	0d	amazonprime	h1r0ll3r	3
11-May-2023	0d	amazonprime	hotfistdotcom	3
11-May-2023	0d	amazonprime	jpporcaro	3
11-May-2023	0d	amazonprime	JoePikesbro	3
11-May-2023	0d	amazonprime	AbhiAKA	3
11-May-2023	0d	amazonprime	PleasantCurrant-FAT1	3
11-May-2023	0d	amazonprime	Jose_daScientist409	3
11-May-2023	0d	amazonprime	lol10lol10lol	2
11-May-2023	0d	amazonprime	Cookster997	2
11-May-2023	0d	amazonprime	Candid-Sherbert3318	2
11-May-2023	0d	amazonprime	MiserableAd7331	2
11-May-2023	0d	amazonprime	Cool-Possibility-823	2
11-May-2023	0d	amazonprime	Ill_Significance3019	2
11-May-2023	0d	amazonprime	AW2B	2
11-May-2023	0d	amazonprime	LaxHnl	2
11-May-2023	0d	amazonprime	LessCartographer875	2
11-May-2023	0d	amazonprime	brandonleemann87	2
11-May-2023	0d	amazonprime	TriggiredSnowflake	2
11-May-2023	0d	amazonprime	MsNamkhaSaldron	2
11-May-2023	0d	amazonprime	Zen-smith	2
11-May-2023	0d	amazonprime	Coliver1991	2
11-May-2023	0d	amazonprime	snarkysammie	2
11-May-2023	0d	amazonprime	tip723	2
11-May-2023	0d	amazonprime	iCumWhenIdownvote	2
11-May-2023	0d	amazonprime	UpstairsDelivery4	2
11-May-2023	0d	amazonprime	Sandy-Anne	2
11-May-2023	0d	amazonprime	Username-dumb75	2
11-May-2023	0d	amazonprime	ScarecrowSoze	2
11-May-2023	0d	amazonprime	andrewta	2
11-May-2023	0d	amazonprime	lester537	2
11-May-2023	0d	amazonprime	BlackFanNextToMe	2
11-May-2023	0d	amazonprime	DeDeDe_Main_2	2
11-May-2023	0d	amazonprime	diezel_dave	2
11-May-2023	0d	amazonprime	Jennrrrs	2
11-May-2023	0d	amazonprime	therealestrealist420	2
11-May-2023	0d	amazonprime	Left-Watercress	2
11-May-2023	0d	amazonprime	Virtual-Tea-9409	2
11-May-2023	0d	amazonprime	Spicymimi42	2
11-May-2023	0d	amazonprime	nosleepbrooklynn	2
11-May-2023	0d	amazonprime	yarual	2
11-May-2023	0d	amazonprime	Supermomknows	2
11-May-2023	0d	amazonprime	hybrid889	2
11-May-2023	0d	amazonprime	PlantResponsible4993	2
11-May-2023	0d	amazonprime	Odd_Wonder_6341	2
11-May-2023	0d	amazonprime	zoomiepaws	2
11-May-2023	0d	amazonprime	galacticjuggernaut	2
11-May-2023	0d	amazonprime	Astrono-mee	2
11-May-2023	0d	amazonprime	Makeupaholicx	2
11-May-2023	0d	amazonprime	kaotikuk	2
11-May-2023	0d	amazonprime	leftcoast-usa	2
11-May-2023	0d	amazonprime	RubAnADUB	2
11-May-2023	0d	amazonprime	PotentialEssay9747	2
11-May-2023	0d	amazonprime	AnalogTV	2
11-May-2023	0d	amazonprime	HindSiteIs2021	2
11-May-2023	0d	amazonprime	therealgamingcat	2
11-May-2023	0d	amazonprime	Grievus23	2
11-May-2023	0d	amazonprime	NotChristina	2
11-May-2023	0d	amazonprime	ElegantYellow933	2
11-May-2023	0d	amazonprime	evils_twin	2
11-May-2023	0d	amazonprime	BlueberryNo5849	2
11-May-2023	0d	amazonprime	zereldalee	2
11-May-2023	0d	amazonprime	WillGrindForXP	2
11-May-2023	0d	amazonprime	YTA_83	2
11-May-2023	0d	amazonprime	MarcusAreYouReallyUs	2
11-May-2023	0d	amazonprime	TheAvocadoSlayer	2
11-May-2023	0d	amazonprime	KnotYourAverageRider	2
11-May-2023	0d	amazonprime	Glum_Fill7490	2
11-May-2023	0d	amazonprime	CadoganWest	2
11-May-2023	0d	amazonprime	MindOfAWin	2
11-May-2023	0d	amazonprime	literallytwisted	2
11-May-2023	0d	amazonprime	PitifulConsequence32	2
11-May-2023	0d	amazonprime	Office_Zombie	1
11-May-2023	0d	amazonprime	ExplanationDull5984	1
11-May-2023	0d	amazonprime	Brilliant-Mud4877	1
11-May-2023	0d	amazonprime	flphotog35	1
11-May-2023	0d	amazonprime	alexisoliviaemerson	1
11-May-2023	0d	amazonprime	GoodRead89	1
11-May-2023	0d	amazonprime	secretninja2	1
11-May-2023	0d	amazonprime	dailyPraise	1
11-May-2023	0d	amazonprime	moonbeam127	1
11-May-2023	0d	amazonprime	Unique_Pear	1
11-May-2023	0d	amazonprime	Mortianna	1
11-May-2023	0d	amazonprime	Acrobatic_Bison610	1
11-May-2023	0d	amazonprime	SnowyLeopardGecko1	1
11-May-2023	0d	amazonprime	FavoriteAuntL	1
11-May-2023	0d	amazonprime	JesterTheZeroSet	1
11-May-2023	0d	amazonprime	Hopefulbeauty86	1
11-May-2023	0d	amazonprime	down_with_the_cistem	1
11-May-2023	0d	amazonprime	Javier169	1
11-May-2023	0d	amazonprime	Teejay717	1
11-May-2023	0d	amazonprime	DMvsPC	1
11-May-2023	0d	amazonprime	Timbo303	1
11-May-2023	0d	amazonprime	LightningTF2	1
11-May-2023	0d	amazonprime	Beaudeye	1
11-May-2023	0d	amazonprime	Key_Investment_1297	1
11-May-2023	0d	amazonprime	boozcruz81	1
11-May-2023	0d	amazonprime	bbra1n	1
11-May-2023	0d	amazonprime	Rukongai	1
11-May-2023	0d	amazonprime	Cobil78	1
11-May-2023	0d	amazonprime	jozay222	1
11-May-2023	0d	amazonprime	n8te85	1
11-May-2023	0d	amazonprime	CyberbrainGaming	1
11-May-2023	0d	amazonprime	SurveySaysX	1
11-May-2023	0d	amazonprime	CaptainPorkFriedRice	1
11-May-2023	0d	amazonprime	mrcheaptimes	1
11-May-2023	0d	amazonprime	RealOstrich1	1
11-May-2023	0d	amazonprime	treaZon66	1
11-May-2023	0d	amazonprime	ImportantVery007	1
11-May-2023	0d	amazonprime	g33kp0w3r	1
11-May-2023	0d	amazonprime	DXS110	1
11-May-2023	0d	amazonprime	nandobro	1
11-May-2023	0d	amazonprime	lostinmyanxiety	1
11-May-2023	0d	amazonprime	Infamous_Low5077	1
11-May-2023	0d	amazonprime	AC20212020	1
11-May-2023	0d	amazonprime	No-Platform-6844	1
11-May-2023	0d	amazonprime	Hollywoodlivin	1
11-May-2023	0d	amazonprime	Transformers4Sale	1
11-May-2023	0d	amazonprime	classycatman	1
11-May-2023	0d	amazonprime	FascinatingGarden	1
11-May-2023	0d	amazonprime	Focusun	1
11-May-2023	0d	amazonprime	TheRagingRapids	1
11-May-2023	0d	amazonprime	aruzinsky	1
11-May-2023	0d	amazonprime	icecap1	1
11-May-2023	0d	amazonprime	Summerlove120	1
11-May-2023	0d	amazonprime	dciocoiu	1
11-May-2023	0d	amazonprime	damnthistrafficjam	1
11-May-2023	0d	amazonprime	tworule	1
11-May-2023	0d	amazonprime	beanweeny	1
11-May-2023	0d	amazonprime	--Nyxed--	1
11-May-2023	0d	amazonprime	redpandabear77	1
11-May-2023	0d	amazonprime	Rjs095	1
11-May-2023	0d	amazonprime	oerouen	1
11-May-2023	0d	amazonprime	Judy-may	1
11-May-2023	0d	amazonprime	holy666diver	1
11-May-2023	0d	amazonprime	Pup5432	1
11-May-2023	0d	amazonprime	SpellMyNames	1
11-May-2023	0d	amazonprime	Darkpunchedstars	1
11-May-2023	0d	amazonprime	doguer26	1
11-May-2023	0d	amazonprime	LarryPer123	1
11-May-2023	0d	amazonprime	zoo1514	1
11-May-2023	0d	amazonprime	Geadz	1
11-May-2023	0d	amazonprime	Lubie6	1
11-May-2023	0d	amazonprime	larrysilvey	1
11-May-2023	0d	amazonprime	kgpaxx	1
11-May-2023	0d	amazonprime	Sighwtfman	1
11-May-2023	0d	amazonprime	aciara	1
11-May-2023	0d	amazonprime	stufforstuff	1
11-May-2023	0d	amazonprime	HellElectricChair	1
11-May-2023	0d	amazonprime	GuyoFromOhio	1
11-May-2023	0d	amazonprime	Jealous_Knee8198	1
11-May-2023	0d	amazonprime	Etharpee	1
11-May-2023	0d	amazonprime	Consistent-Fish3316	1
11-May-2023	0d	amazonprime	AutisticInspector	1
11-May-2023	0d	amazonprime	guava_dog	1
11-May-2023	0d	amazonprime	TheJeffnos	1
11-May-2023	0d	amazonprime	BurntOrange101	1
11-May-2023	0d	amazonprime	Few-Balance9420	1
11-May-2023	0d	amazonprime	wikipedia_answer_bot	1
11-May-2023	0d	amazonprime	greenteaandbook	1
11-May-2023	0d	amazonprime	Els_	1
11-May-2023	0d	amazonprime	dudesekp	1
11-May-2023	0d	amazonprime	luxurynerd	1
11-May-2023	0d	amazonprime	Nomar116	1
11-May-2023	0d	amazonprime	ChefCarpaccio	1
11-May-2023	0d	amazonprime	Zorbithia	1
11-May-2023	0d	amazonprime	Zorgsmom	1
11-May-2023	0d	amazonprime	Fair-Cap7023	1
11-May-2023	0d	amazonprime	Pcos_autistic	1
11-May-2023	0d	amazonprime	jonescm12	1
11-May-2023	0d	amazonprime	LyNx_Op_11	1
11-May-2023	0d	amazonprime	mlsto	1
11-May-2023	0d	amazonprime	Obi2	1
11-May-2023	0d	amazonprime	Funmibablo	1
11-May-2023	0d	amazonprime	redditupf2	1
11-May-2023	0d	amazonprime	Animosity000	1
11-May-2023	0d	amazonprime	llmercll	1
11-May-2023	0d	amazonprime	microg-o-meter	1
11-May-2023	0d	amazonprime	misscreativegal86	1
11-May-2023	0d	amazonprime	HamEvery	1
11-May-2023	0d	amazonprime	mattzuba	1
11-May-2023	0d	amazonprime	AmateurDon	1
11-May-2023	0d	amazonprime	arpatil1	1
11-May-2023	0d	amazonprime	OCBrad85	1
11-May-2023	0d	amazonprime	Shot_Distribution382	1
11-May-2023	0d	amazonprime	ParadoxUnited79	1
11-May-2023	0d	amazonprime	Nice_Firefighter8551	1
11-May-2023	0d	amazonprime	Doghouse6924	1
11-May-2023	0d	amazonprime	R_Meyer1	1
11-May-2023	0d	amazonprime	trust_in-him	1
11-May-2023	0d	amazonprime	darkchocolatecoconut	1
11-May-2023	0d	amazonprime	IHaveAnOpinionSueMe	1
11-May-2023	0d	amazonprime	mikeb1477	1
11-May-2023	0d	amazonprime	Training_Ad_4162	1
11-May-2023	0d	amazonprime	nycmaxima	1
11-May-2023	0d	amazonprime	PapaBePreachin	1
11-May-2023	0d	amazonprime	alyk0503	1
11-May-2023	0d	amazonprime	NiceGiraffes	1
11-May-2023	0d	amazonprime	known_starfield	1
11-May-2023	0d	amazonprime	IndighostMD	1
11-May-2023	0d	amazonprime	bootsand	1
11-May-2023	0d	amazonprime	lorelaimsmith	1
11-May-2023	0d	amazonprime	meatandcookies	1
11-May-2023	0d	amazonprime	Workeatnsleep	1
11-May-2023	0d	amazonprime	No-Zookeepergame7877	1
11-May-2023	0d	amazonprime	Backtrace1970	1
11-May-2023	0d	amazonprime	cheezerman	1
11-May-2023	0d	amazonprime	DannyBeech1988	1
11-May-2023	0d	amazonprime	nymphaetamine	1
11-May-2023	0d	amazonprime	SamaroR	1
11-May-2023	0d	amazonprime	cjj1222	1
11-May-2023	0d	amazonprime	LengthinessOk3396	1
11-May-2023	0d	amazonprime	Prussia-C-Ball	1
11-May-2023	0d	amazonprime	realitycheckers4u	1
11-May-2023	0d	amazonprime	rmzalbar	1
11-May-2023	0d	amazonprime	didihill	1
11-May-2023	0d	amazonprime	AccidicOne	1
11-May-2023	0d	amazonprime	OpenEnigma	1
11-May-2023	0d	amazonprime	bbytater	1
11-May-2023	0d	amazonprime	peppermint_snowwolf	1
11-May-2023	0d	amazonprime	Nouns_2023	1
11-May-2023	0d	amazonprime	mechclan	1
11-May-2023	0d	amazonprime	glbltvlr	1
11-May-2023	0d	amazonprime	kan5187	1
11-May-2023	0d	amazonprime	nikkococo1998	1
11-May-2023	0d	amazonprime	lleeppp	1
11-May-2023	0d	amazonprime	JonnyMac1982	1
11-May-2023	0d	amazonprime	BravoA777	1
11-May-2023	0d	amazonprime	RetardPatrol1	1
11-May-2023	0d	amazonprime	flyboy0727	1
11-May-2023	0d	amazonprime	Vixen22213	1
11-May-2023	0d	amazonprime	austinalexan	1
11-May-2023	0d	amazonprime	iplayonreddit	1
11-May-2023	0d	amazonprime	ellebee9617	1
11-May-2023	0d	amazonprime	talster71	1
11-May-2023	0d	amazonprime	schiffbruechige	1
11-May-2023	0d	amazonprime	Fatbitch42	1
11-May-2023	0d	amazonprime	TheCrowWhispererX	1
11-May-2023	0d	amazonprime	TILLAE	1
11-May-2023	0d	amazonprime	lillz2000	1
11-May-2023	0d	amazonprime	ApprehensiveStand456	1
11-May-2023	0d	amazonprime	khmara9	1
11-May-2023	0d	amazonprime	tr3yza	1
11-May-2023	0d	amazonprime	Slow-Doctor9227	1
11-May-2023	0d	amazonprime	DHG603	1
11-May-2023	0d	amazonprime	imnotoxic33	1
11-May-2023	0d	amazonprime	Street-Opposite-4576	1
11-May-2023	0d	amazonprime	Confident_Maximum_51	1
11-May-2023	0d	amazonprime	texasgalincali62	1
11-May-2023	0d	amazonprime	norse_torious	1
11-May-2023	0d	amazonprime	networktech916	1
11-May-2023	0d	amazonprime	Lazy-Floridian	1
11-May-2023	0d	amazonprime	joannew99	1
11-May-2023	0d	amazonprime	Aceboy2005	1
11-May-2023	0d	amazonprime	binnedPixel	1
11-May-2023	0d	amazonprime	OKlav	1
11-May-2023	0d	amazonprime	Mysterious_Ad1164	1
11-May-2023	0d	amazonprime	GlitteringLake5486	1
11-May-2023	0d	amazonprime	TabulaRasa5678	1
11-May-2023	0d	amazonprime	Turbulent-Try-393	1
11-May-2023	0d	amazonprime	Garfliedluver76	1
11-May-2023	0d	amazonprime	C4ptainchr0nic	1
11-May-2023	0d	amazonprime	bt2009	1
11-May-2023	0d	amazonprime	Brisketta	1
11-May-2023	0d	amazonprime	danielkotkk	1
11-May-2023	0d	amazonprime	Se7enLC	1
11-May-2023	0d	amazonprime	darkmaster990	1
11-May-2023	0d	amazonprime	memog1	1
11-May-2023	0d	amazonprime	AmnesiaInnocent	1
11-May-2023	0d	amazonprime	THE_GR8_MIKE	1
11-May-2023	0d	amazonprime	PintSizedKitsune	1
11-May-2023	0d	amazonprime	yasmeennaa	1
11-May-2023	0d	amazonprime	Advanced-Cow-8190	1
11-May-2023	0d	amazonprime	opq8	1
11-May-2023	0d	amazonprime	CowsWillEatYou	1
11-May-2023	0d	amazonprime	IdiotsSayLiterally	1
11-May-2023	0d	amazonprime	softriceking001	1
11-May-2023	0d	amazonprime	bynobodyspecial	1
11-May-2023	0d	amazonprime	Pyhol	1
11-May-2023	0d	amazonprime	JackyPop	1
11-May-2023	0d	amazonprime	Mammoth_Plan_3867	1
11-May-2023	0d	amazonprime	emilio911	1
11-May-2023	0d	amazonprime	Beneficial-Winner-90	1
11-May-2023	0d	amazonprime	Muted_Map_122	1
11-May-2023	0d	amazonprime	ExplanationFew2864	1
11-May-2023	0d	amazonprime	Electronic-Fix2851	1
11-May-2023	0d	amazonprime	tst212	1
11-May-2023	0d	amazonprime	420partybus420	1
11-May-2023	0d	amazonprime	ArtofStorytelling	1
11-May-2023	0d	amazonprime	JcWyatt01	1
11-May-2023	0d	amazonprime	whollybananas	1
11-May-2023	0d	amazonprime	CecilioSoto	1
11-May-2023	0d	amazonprime	Opus-the-Penguin	1
11-May-2023	0d	amazonprime	aoethrowaway	1
11-May-2023	0d	amazonprime	ChiChiHaw	1
11-May-2023	0d	amazonprime	jinksphoton	1
11-May-2023	0d	amazonprime	DivineDeath10	1
11-May-2023	0d	amazonprime	NoBasket1111	1
11-May-2023	0d	amazonprime	Daddygamer84	1
11-May-2023	0d	amazonprime	Fibro86	1
11-May-2023	0d	amazonprime	Admirable_Nothing	1
11-May-2023	0d	amazonprime	ReliefCreepy8397	1
11-May-2023	0d	amazonprime	PollutionEuphoric824	1
11-May-2023	0d	amazonprime	mattumbo	1
11-May-2023	0d	amazonprime	Synchronous_Failure	1
11-May-2023	0d	amazonprime	BeenTooNice	1
11-May-2023	0d	amazonprime	Unchayned	1
11-May-2023	0d	amazonprime	KabobHope	1
11-May-2023	0d	amazonprime	Void-kun	1
11-May-2023	0d	amazonprime	morenito222	1
11-May-2023	0d	amazonprime	Bikes2Brews2	1
11-May-2023	0d	amazonprime	terrymr	1
11-May-2023	0d	amazonprime	Unbound96	1
11-May-2023	0d	amazonprime	mikeinmass	1
11-May-2023	0d	amazonprime	frainkey	1
11-May-2023	0d	amazonprime	CHIEFxBONE	1
11-May-2023	0d	amazonprime	DontGetItConfused	1
11-May-2023	0d	amazonprime	Outrageous-Board-556	1
11-May-2023	0d	amazonprime	SirSlenderPhoenix	1
11-May-2023	0d	amazonprime	knuckboy	1
11-May-2023	0d	amazonprime	MargiePal	1
11-May-2023	0d	amazonprime	pdaphone	1
11-May-2023	0d	amazonprime	Sea_Survey6580	1
11-May-2023	0d	amazonprime	marie-_	1
11-May-2023	0d	amazonprime	jaytoons	1
11-May-2023	0d	amazonprime	LilNigherBoy	1
11-May-2023	0d	amazonprime	gatsu33	1
11-May-2023	0d	amazonprime	TheFaceStuffer	1
11-May-2023	0d	amazonprime	ngo_life	1
11-May-2023	0d	amazonprime	Dry-Obligation-7318	1
11-May-2023	0d	amazonprime	justhavingfunyea	1
11-May-2023	0d	amazonprime	papa-hare	1
11-May-2023	0d	amazonprime	14th_Mango	1
11-May-2023	0d	amazonprime	cloverlief	1
11-May-2023	0d	amazonprime	scalptradr	1
11-May-2023	0d	amazonprime	UtimiUtimi	1
11-May-2023	0d	amazonprime	ashkanblue	1
11-May-2023	0d	amazonprime	julieisarockstar	1
11-May-2023	0d	amazonprime	GivenName9	1
11-May-2023	0d	amazonprime	NashNobley	1
